,Pclass,Sex,Age,SibSp,Parch,Fare,Embarked,FamilySize,IsAlone,Survived
1,3,male,21.4,2,0,157.46,C,3,0,1
5,1,female,31.4,4,4,6.09,C,9,0,0
14,3,male,35.3,5,0,26.15,C,6,0,0
15,3,female,22.5,2,1,15.27,C,4,0,0
24,1,female,33.8,1,2,33.67,C,4,0,0
30,3,male,29.0,1,3,53.14,C,5,0,0
34,3,female,30.6,4,0,66.72,C,5,0,1
37,3,male,31.5,0,4,28.43,C,5,0,0
39,2,male,29.1,5,3,9.41,C,9,0,0
40,3,male,30.9,4,3,52.11,C,8,0,0
41,1,male,11.9,4,0,22.86,C,5,0,0
43,3,male,8.7,1,2,104.72,C,4,0,1
48,2,male,32.8,3,2,1.8,C,6,0,0
49,3,female,24.5,4,4,77.9,C,9,0,0
52,1,male,24.8,5,0,44.62,C,6,0,1
57,3,male,36.8,4,1,3.01,C,6,0,0
66,1,male,34.0,2,0,53.55,C,3,0,0
76,1,male,30.8,5,4,46.77,C,10,0,1
83,1,male,28.2,3,3,0.08,C,7,0,0
86,3,female,35.5,2,1,82.38,C,4,0,1
88,3,female,16.1,2,4,37.33,C,7,0,1
99,1,female,30.3,3,0,33.76,C,4,0,0
109,1,male,44.2,3,4,20.19,C,8,0,0
110,3,male,34.7,0,2,58.81,C,3,0,0
113,1,male,5.0,3,4,75.95,C,8,0,1
124,1,female,47.5,3,3,99.6,C,7,0,0
131,3,male,25.3,4,3,6.15,C,8,0,0
144,3,female,42.6,1,0,27.19,C,2,0,0
159,2,male,20.5,3,3,13.5,C,7,0,1
166,1,female,63.7,3,3,23.94,C,7,0,0
177,2,male,36.2,3,2,2.0,C,6,0,0
186,2,male,13.5,0,2,17.29,C,3,0,1
190,3,male,21.5,0,4,18.51,C,5,0,0
194,2,female,36.1,5,0,17.3,C,6,0,0
204,3,female,0.0,1,2,28.15,C,4,0,0
217,1,male,50.8,0,1,5.97,C,2,0,1
225,1,male,42.7,3,3,17.07,C,7,0,0
233,3,male,38.5,5,3,29.47,C,9,0,0
237,3,male,36.2,2,0,49.54,C,3,0,0
247,2,male,34.8,2,1,13.44,C,4,0,1
254,3,female,36.2,2,2,14.1,C,5,0,0
255,3,male,13.8,0,3,22.51,C,4,0,0
262,3,female,45.6,0,4,11.83,C,5,0,0
263,3,male,7.5,3,3,12.89,C,7,0,0
269,1,male,29.7,1,0,12.42,C,2,0,0
271,3,male,39.1,2,3,11.22,C,6,0,1
274,2,male,29.9,4,2,24.72,C,7,0,0
276,2,male,40.4,1,4,3.84,C,6,0,1
285,3,male,47.0,5,2,19.0,C,8,0,0
286,3,male,14.6,4,1,29.76,C,6,0,0
290,2,male,47.3,2,2,48.41,C,5,0,0
300,3,female,6.8,1,1,78.9,C,3,0,0
301,3,male,23.1,1,3,9.89,C,5,0,0
303,2,male,55.3,5,4,117.94,C,10,0,1
304,3,female,26.1,4,2,23.79,C,7,0,1
306,3,male,40.0,0,2,10.36,C,3,0,0
310,3,male,37.6,0,0,23.65,C,1,1,0
317,1,male,40.2,1,4,128.94,C,6,0,0
329,3,male,37.1,4,2,96.6,C,7,0,0
331,3,male,31.4,4,2,34.21,C,7,0,1
339,1,male,10.9,1,2,13.4,C,4,0,0
346,2,male,32.6,5,3,103.26,C,9,0,1
348,1,male,52.9,4,3,34.52,C,8,0,0
356,3,male,34.4,1,2,25.4,C,4,0,0
357,3,male,20.1,3,3,58.45,C,7,0,0
365,1,male,31.0,4,0,10.27,C,5,0,0
366,3,male,28.2,2,4,12.8,C,7,0,1
367,3,female,29.4,5,4,107.45,C,10,0,1
376,3,male,17.6,3,4,16.42,C,8,0,1
382,1,female,25.7,3,2,29.54,C,6,0,1
386,1,male,31.1,2,4,31.82,C,7,0,0
404,3,female,26.7,5,1,60.95,C,7,0,0
411,3,male,13.4,1,4,8.46,C,6,0,1
412,3,female,25.3,4,0,0.9,C,5,0,1
439,1,male,39.8,4,1,79.82,C,6,0,0
462,2,male,31.7,4,3,22.73,C,8,0,1
468,3,male,13.9,4,4,56.4,C,9,0,0
484,3,male,26.3,1,2,15.15,C,4,0,0
498,1,male,46.4,2,0,32.29,C,3,0,1
509,1,male,2.0,4,3,66.36,C,8,0,1
510,2,male,40.6,1,0,46.2,C,2,0,0
511,3,male,14.2,4,4,5.36,C,9,0,0
518,3,male,27.5,3,0,0.43,C,4,0,1
519,3,male,37.9,4,4,97.69,C,9,0,0
521,3,male,31.2,0,2,11.24,C,3,0,0
531,3,male,23.6,0,2,18.67,C,3,0,1
542,1,female,20.4,2,0,27.0,C,3,0,0
546,3,male,9.9,3,2,56.13,C,6,0,0
548,1,male,25.3,5,0,49.12,C,6,0,0
549,3,female,35.5,3,1,7.42,C,5,0,1
552,1,male,13.1,1,4,26.55,C,6,0,0
553,1,female,24.4,2,4,17.1,C,7,0,0
562,3,male,43.2,3,0,5.07,C,4,0,0
563,1,female,9.3,3,1,31.66,C,5,0,0
565,1,male,31.8,3,0,31.11,C,4,0,0
569,3,female,42.6,5,4,64.32,C,10,0,0
572,3,female,28.3,1,0,5.02,C,2,0,0
575,3,female,45.4,0,3,49.78,C,4,0,1
588,1,female,30.1,5,3,7.1,C,9,0,0
592,3,male,56.5,3,1,52.58,C,5,0,0
594,1,female,39.3,3,1,47.82,C,5,0,1
604,2,male,30.5,0,3,147.52,C,4,0,0
606,3,female,22.2,5,3,1.27,C,9,0,0
610,3,female,36.6,4,3,14.81,C,8,0,0
616,3,male,46.9,1,2,5.03,C,4,0,0
634,2,male,36.9,2,1,7.55,C,4,0,0
635,1,female,26.8,4,2,23.23,C,7,0,0
637,1,male,33.9,1,3,52.06,C,5,0,0
641,2,male,54.4,1,0,14.79,C,2,0,0
646,3,male,30.4,3,1,49.41,C,5,0,0
648,1,male,46.4,1,4,23.09,C,6,0,1
649,1,male,47.1,2,4,94.98,C,7,0,0
653,2,male,43.9,4,3,35.77,C,8,0,1
657,3,male,13.5,5,1,4.19,C,7,0,0
658,2,female,31.7,2,2,1.45,C,5,0,1
659,2,male,37.7,1,1,40.09,C,3,0,0
665,3,female,35.1,1,0,23.52,C,2,0,0
666,3,male,28.0,4,0,5.33,C,5,0,0
671,3,male,29.3,1,1,11.8,C,3,0,1
674,3,male,35.9,1,1,18.12,C,3,0,0
675,3,male,24.7,2,0,75.34,C,3,0,1
681,1,male,25.6,3,2,5.6,C,6,0,0
687,1,female,46.5,5,4,7.01,C,10,0,0
688,1,male,29.1,1,2,31.3,C,4,0,1
697,3,male,23.8,2,0,7.6,C,3,0,0
698,3,male,37.0,1,1,21.78,C,3,0,0
702,2,female,27.5,0,4,3.41,C,5,0,0
703,1,male,41.7,4,2,2.46,C,7,0,0
707,1,male,8.9,3,0,34.21,C,4,0,1
715,3,female,28.9,2,1,69.85,C,4,0,1
716,1,male,23.7,5,0,11.84,C,6,0,1
717,3,male,18.6,3,3,36.89,C,7,0,1
720,2,male,21.6,3,3,28.24,C,7,0,1
721,1,male,27.2,3,3,21.7,C,7,0,0
722,3,male,48.9,5,3,53.16,C,9,0,0
724,3,female,23.5,4,1,10.81,C,6,0,0
732,3,female,21.1,4,1,21.97,C,6,0,1
738,2,male,30.7,1,2,16.48,C,4,0,0
742,3,male,25.8,3,4,130.3,C,8,0,1
749,1,male,33.9,2,2,79.05,C,5,0,1
753,2,male,13.4,2,4,3.7,C,7,0,0
761,2,male,24.1,1,1,16.7,C,3,0,0
765,1,female,20.6,5,3,24.54,C,9,0,0
769,2,male,10.0,1,3,4.82,C,5,0,1
770,2,male,32.0,1,1,16.91,C,3,0,0
772,1,male,17.3,3,4,9.72,C,8,0,0
773,3,male,21.8,1,0,31.11,C,2,0,0
774,3,male,50.3,4,0,2.93,C,5,0,1
783,2,male,40.4,1,3,25.55,C,5,0,0
784,3,male,32.4,5,0,84.81,C,6,0,0
785,2,male,22.6,5,4,110.2,C,10,0,1
796,2,male,32.6,2,2,0.32,C,5,0,1
804,2,female,13.4,0,2,9.5,C,3,0,0
819,1,male,19.8,2,4,13.64,C,7,0,0
822,3,male,19.5,3,2,5.05,C,6,0,0
826,2,male,0.5,5,3,0.21,C,9,0,0
835,3,male,13.4,1,3,3.03,C,5,0,0
837,3,female,31.3,1,3,12.91,C,5,0,0
843,2,male,22.7,5,4,2.1,C,10,0,1
847,3,male,22.3,5,4,126.8,C,10,0,1
849,2,male,57.0,0,0,9.17,C,1,1,0
852,1,female,39.3,4,2,7.13,C,7,0,0
860,1,male,4.7,4,3,49.72,C,8,0,1
862,3,male,28.5,5,0,91.72,C,6,0,0
866,3,female,41.9,2,1,6.33,C,4,0,0
870,2,male,43.2,1,2,35.29,C,4,0,0
872,3,female,35.1,2,1,2.08,C,4,0,1
873,3,female,33.7,3,3,71.52,C,7,0,0
881,3,female,18.2,1,3,0.75,C,5,0,1
886,3,female,23.9,2,0,14.4,C,3,0,1
887,2,female,10.3,4,3,12.25,C,8,0,0
893,3,male,30.6,5,0,86.76,C,6,0,0
894,2,female,32.3,0,0,1.78,C,1,1,1
900,2,female,19.3,5,1,98.73,C,7,0,0
901,1,male,15.9,5,3,25.85,C,9,0,0
902,2,male,5.4,1,2,5.37,C,4,0,0
906,3,male,28.5,1,3,8.71,C,5,0,1
913,1,female,46.4,1,2,12.92,C,4,0,0
920,3,male,20.4,1,1,25.11,C,3,0,1
927,3,male,36.8,3,3,0.21,C,7,0,0
933,1,male,37.5,0,2,26.84,C,3,0,0
936,2,male,21.1,3,4,1.85,C,8,0,0
939,3,male,17.3,3,2,20.88,C,6,0,0
942,3,female,15.7,4,3,72.38,C,8,0,1
949,3,male,11.7,2,0,4.09,C,3,0,0
956,3,male,16.4,2,1,36.16,C,4,0,0
967,3,male,20.7,0,3,3.31,C,4,0,0
968,2,male,42.7,2,0,41.01,C,3,0,0
979,1,female,5.7,0,0,15.62,C,1,1,0
981,3,female,48.6,2,2,37.0,C,5,0,1
987,2,male,10.6,0,4,13.82,C,5,0,0
996,3,female,18.6,3,2,16.51,C,6,0,1
1000,1,male,58.5,2,3,15.23,C,6,0,0
1005,1,male,28.7,5,3,11.39,C,9,0,1
1009,2,male,14.4,1,4,40.76,C,6,0,0
1013,3,male,15.1,5,4,2.13,C,10,0,0
1018,3,male,12.4,3,0,66.15,C,4,0,1
1028,2,female,64.5,3,2,14.41,C,6,0,0
1030,3,male,24.0,0,0,28.92,C,1,1,0
1031,1,female,24.6,2,1,65.09,C,4,0,0
1033,2,male,39.2,1,0,7.92,C,2,0,0
1042,1,female,63.5,2,1,16.01,C,4,0,0
1045,3,female,13.7,3,4,4.87,C,8,0,0
1051,3,male,28.8,4,0,14.46,C,5,0,0
1054,3,male,35.2,2,4,22.74,C,7,0,1
1060,2,male,9.8,5,2,34.48,C,8,0,1
1063,2,male,33.4,1,4,8.82,C,6,0,0
1065,3,female,68.7,1,1,41.86,C,3,0,1
1072,3,male,28.3,2,2,31.44,C,5,0,0
1078,3,female,20.4,2,0,53.44,C,3,0,0
1080,3,female,24.7,3,0,23.64,C,4,0,1
1083,3,male,19.3,4,2,20.99,C,7,0,1
1086,3,female,39.5,0,1,8.58,C,2,0,0
1097,2,male,7.8,0,4,1.26,C,5,0,0
1098,3,male,24.4,4,4,1.08,C,9,0,1
1099,3,male,14.9,0,2,5.39,C,3,0,0
1104,3,male,22.6,2,1,21.99,C,4,0,1
1108,1,male,34.2,2,0,36.94,C,3,0,1
1111,1,female,36.2,2,2,1.5,C,5,0,0
1117,2,female,43.7,1,2,2.19,C,4,0,1
1124,3,female,37.2,4,4,1.73,C,9,0,1
1128,3,male,23.8,0,4,72.69,C,5,0,0
1144,3,female,26.7,4,0,16.56,C,5,0,0
1149,3,male,17.4,0,0,13.52,C,1,1,1
1167,3,male,5.3,2,3,35.42,C,6,0,0
1170,1,male,25.0,5,1,27.46,C,7,0,0
1174,3,male,28.3,2,0,60.84,C,3,0,1
1179,1,female,38.7,5,3,34.66,C,9,0,0
1182,2,male,39.1,3,4,12.82,C,8,0,1
1186,2,female,19.8,1,1,64.72,C,3,0,1
1190,3,male,31.0,0,3,4.02,C,4,0,0
1191,1,male,23.7,2,2,4.53,C,5,0,0
1193,3,female,42.8,1,0,3.97,C,2,0,1
1196,3,female,38.4,4,0,10.18,C,5,0,1
1201,3,male,29.9,0,1,147.93,C,2,0,0
1203,3,female,32.3,2,1,37.74,C,4,0,0
1206,3,male,21.2,0,3,8.23,C,4,0,1
1209,2,male,34.5,1,3,64.6,C,5,0,1
1216,1,male,27.7,1,3,0.77,C,5,0,0
1222,2,female,10.7,1,1,20.89,C,3,0,0
1225,3,male,39.5,0,0,8.64,C,1,1,1
1226,1,male,19.5,5,0,27.94,C,6,0,0
1228,1,female,15.9,3,3,16.59,C,7,0,1
1231,1,male,27.3,3,2,56.55,C,6,0,0
1233,2,female,13.3,0,0,64.99,C,1,1,0
1238,3,male,20.7,4,3,25.68,C,8,0,1
1241,3,male,34.2,5,0,47.24,C,6,0,1
1253,1,male,13.6,0,1,46.75,C,2,0,0
1255,3,male,29.6,5,4,23.64,C,10,0,0
1258,1,male,41.6,1,2,104.86,C,4,0,0
1263,3,female,5.2,3,1,13.86,C,5,0,0
1271,3,male,38.7,2,2,28.71,C,5,0,1
1280,2,male,36.0,4,3,46.14,C,8,0,0
1287,3,female,11.9,2,3,25.2,C,6,0,0
1291,1,female,43.3,2,2,29.02,C,5,0,0
1293,3,female,23.6,1,4,24.33,C,6,0,1
1299,3,male,22.0,1,2,3.29,C,4,0,1
1301,3,female,29.9,4,4,2.09,C,9,0,1
1302,2,male,23.9,2,2,55.26,C,5,0,0
1303,2,female,32.0,0,0,6.11,C,1,1,0
1311,3,female,54.3,0,0,15.45,C,1,1,1
1312,1,male,37.0,2,4,8.74,C,7,0,0
1317,3,female,28.3,2,1,25.56,C,4,0,1
1322,3,male,32.0,3,3,1.77,C,7,0,1
1326,1,male,13.0,4,0,11.41,C,5,0,0
1329,3,male,41.9,2,2,108.65,C,5,0,0
1331,3,female,45.0,4,2,1.91,C,7,0,1
1345,3,male,12.3,3,1,36.04,C,5,0,0
1346,2,male,27.0,1,0,15.52,C,2,0,0
1347,1,male,24.3,5,1,25.5,C,7,0,0
1349,1,female,42.0,4,4,24.77,C,9,0,0
1372,2,male,32.0,3,4,59.99,C,8,0,1
1382,3,female,22.4,1,2,29.95,C,4,0,1
1389,1,female,37.8,0,4,30.37,C,5,0,0
1391,2,male,25.3,2,2,0.96,C,5,0,0
1393,1,female,41.6,0,2,20.22,C,3,0,0
1400,3,male,4.7,5,0,9.08,C,6,0,0
1411,3,male,46.3,1,3,30.59,C,5,0,0
1412,3,male,40.2,0,4,14.47,C,5,0,0
1421,2,female,11.7,5,3,45.86,C,9,0,0
1431,3,male,31.8,3,2,2.86,C,6,0,0
1435,3,male,41.4,2,3,36.95,C,6,0,0
1439,2,male,27.4,3,2,6.65,C,6,0,1
1445,3,male,36.3,3,3,8.08,C,7,0,0
1453,3,male,37.5,5,1,6.37,C,7,0,0
1466,3,female,22.9,0,3,1.11,C,4,0,1
1467,1,female,26.9,0,2,13.04,C,3,0,0
1469,1,male,14.4,4,1,29.43,C,6,0,1
1473,2,female,34.8,3,2,7.84,C,6,0,0
1476,1,female,44.8,4,2,151.57,C,7,0,1
1481,3,female,14.9,2,0,34.22,C,3,0,0
1491,1,male,27.2,2,1,53.39,C,4,0,0
1494,1,male,35.4,2,3,4.9,C,6,0,0
1502,3,male,35.9,3,1,43.99,C,5,0,0
1503,2,male,46.4,2,0,14.99,C,3,0,0
1507,2,male,18.7,5,4,12.63,C,10,0,0
1515,3,male,43.3,2,1,24.33,C,4,0,0
1520,1,female,48.4,0,0,5.06,C,1,1,0
1521,3,male,20.8,2,1,2.64,C,4,0,1
1531,3,male,18.5,2,2,30.52,C,5,0,0
1534,2,female,28.6,2,3,9.71,C,6,0,0
1537,2,female,18.2,5,4,12.7,C,10,0,1
1543,3,female,29.3,4,3,78.04,C,8,0,0
1558,3,male,41.7,2,0,26.98,C,3,0,1
1574,1,female,0.0,5,2,16.88,C,8,0,0
1575,3,male,17.2,5,2,66.23,C,8,0,0
1580,3,female,31.9,0,3,77.75,C,4,0,0
1583,3,female,39.3,2,4,37.9,C,7,0,0
1589,2,female,41.8,4,0,41.6,C,5,0,1
1598,3,male,0.0,2,2,10.96,C,5,0,0
1600,2,male,40.0,3,4,1.36,C,8,0,0
1601,3,male,12.2,1,0,57.51,C,2,0,0
1604,1,female,36.0,1,4,23.77,C,6,0,0
1606,3,male,27.4,5,2,9.37,C,8,0,0
1607,3,male,19.8,3,1,26.21,C,5,0,1
1608,1,male,13.9,3,2,29.54,C,6,0,0
1610,2,female,42.1,2,3,32.1,C,6,0,1
1614,3,male,36.4,4,1,14.68,C,6,0,0
1620,3,male,11.7,2,4,7.56,C,7,0,0
1627,3,male,25.8,1,1,3.89,C,3,0,0
1634,2,female,12.3,1,1,45.66,C,3,0,1
1638,2,female,43.8,0,2,10.15,C,3,0,1
1644,3,male,23.4,0,2,11.74,C,3,0,0
1647,2,female,21.7,5,3,52.31,C,9,0,1
1648,1,female,53.1,2,3,12.62,C,6,0,1
1653,3,female,8.4,2,0,20.31,C,3,0,0
1658,1,male,34.8,0,4,2.46,C,5,0,0
1662,3,male,23.6,3,1,11.57,C,5,0,1
1667,3,female,7.2,4,3,23.34,C,8,0,1
1673,3,male,32.0,1,3,3.31,C,5,0,1
1677,2,female,19.8,4,0,112.78,C,5,0,0
1682,1,female,10.1,5,1,3.66,C,7,0,1
1688,3,male,41.3,1,1,11.15,C,3,0,0
1695,3,male,23.9,0,2,4.16,C,3,0,0
1708,3,male,26.8,3,0,17.47,C,4,0,0
1713,3,female,37.6,1,0,38.06,C,2,0,0
1732,2,male,22.2,0,4,50.21,C,5,0,0
1737,3,male,5.4,2,0,15.58,C,3,0,0
1743,3,female,19.7,1,3,3.1,C,5,0,0
1754,3,male,27.4,5,3,2.48,C,9,0,1
1757,3,male,45.6,5,3,9.95,C,9,0,0
1763,3,female,15.3,2,3,11.05,C,6,0,0
1780,2,female,27.4,4,2,3.29,C,7,0,0
1788,3,female,28.9,1,1,15.11,C,3,0,0
1791,1,male,25.0,4,3,17.98,C,8,0,1
1796,1,female,46.4,4,1,45.94,C,6,0,1
1803,3,male,14.0,1,0,6.65,C,2,0,0
1807,3,female,25.7,3,0,30.54,C,4,0,0
1820,1,male,22.6,2,4,17.98,C,7,0,0
1828,1,male,22.4,5,3,50.2,C,9,0,1
1830,3,male,11.9,5,2,13.12,C,8,0,1
1832,3,female,5.4,3,1,62.87,C,5,0,0
1833,3,female,20.2,0,1,6.53,C,2,0,1
1837,3,female,32.9,2,4,9.09,C,7,0,0
1839,3,male,45.4,0,4,11.97,C,5,0,0
1842,3,female,33.8,5,0,3.22,C,6,0,0
1856,3,male,22.2,3,4,0.95,C,8,0,1
1867,2,male,36.8,2,0,0.5,C,3,0,0
1876,1,female,30.7,2,1,39.62,C,4,0,0
1877,2,male,11.7,5,3,109.56,C,9,0,0
1880,3,male,34.1,5,0,5.84,C,6,0,1
1888,2,male,24.3,2,0,3.95,C,3,0,1
1897,2,male,28.5,5,2,111.59,C,8,0,0
1904,3,male,41.3,1,2,52.03,C,4,0,1
1905,3,male,61.3,4,0,30.52,C,5,0,0
1908,3,male,19.3,3,0,10.28,C,4,0,0
1915,3,male,3.9,4,0,4.78,C,5,0,1
1922,3,male,32.3,2,1,8.78,C,4,0,0
1927,2,female,50.4,2,4,31.73,C,7,0,0
1930,3,male,22.4,1,1,49.39,C,3,0,0
1932,1,male,28.8,3,2,27.51,C,6,0,0
1942,2,male,39.0,2,1,20.81,C,4,0,1
1945,1,male,35.6,3,4,50.28,C,8,0,0
1952,3,male,25.6,2,0,30.57,C,3,0,0
1954,3,male,28.9,1,1,44.74,C,3,0,1
1964,3,female,31.5,0,0,3.01,C,1,1,0
1967,1,female,20.3,3,0,1.57,C,4,0,0
1968,3,female,41.7,2,2,8.51,C,5,0,0
1970,2,female,33.4,4,4,24.97,C,9,0,0
1973,3,male,42.6,4,0,20.15,C,5,0,0
1974,1,female,37.0,3,4,32.45,C,8,0,0
1975,3,male,20.1,2,4,0.99,C,7,0,1
1987,2,female,38.7,1,4,2.8,C,6,0,0
1992,3,male,35.3,1,2,106.89,C,4,0,0
1993,1,male,50.6,5,4,70.95,C,10,0,0
1999,1,male,32.4,1,2,38.93,C,4,0,0
2000,3,male,23.9,0,3,92.12,C,4,0,0
2007,2,female,27.2,1,0,37.53,C,2,0,1
2022,3,male,19.3,5,1,45.35,C,7,0,1
2023,1,female,26.0,4,2,32.97,C,7,0,0
2026,3,male,19.3,4,3,71.51,C,8,0,1
2027,3,male,37.2,2,2,11.31,C,5,0,1
2032,2,male,33.1,5,2,50.77,C,8,0,0
2033,3,male,25.7,5,0,2.62,C,6,0,1
2044,1,female,18.9,2,1,36.96,C,4,0,1
2048,3,female,32.6,1,3,24.68,C,5,0,0
2051,1,male,23.7,5,0,23.64,C,6,0,0
2057,3,male,22.8,4,2,48.57,C,7,0,0
2064,3,male,32.7,1,2,5.22,C,4,0,0
2065,3,male,34.4,1,1,13.62,C,3,0,1
2071,3,male,43.7,2,2,35.95,C,5,0,0
2077,2,female,35.6,4,3,8.0,C,8,0,0
2087,2,female,27.6,3,1,31.31,C,5,0,1
2088,3,female,34.8,0,3,17.59,C,4,0,1
2089,3,male,32.4,4,0,18.49,C,5,0,0
2105,3,male,13.8,1,0,2.11,C,2,0,0
2106,3,male,3.9,4,3,19.74,C,8,0,1
2108,3,male,11.5,0,4,9.36,C,5,0,0
2114,3,female,29.7,1,1,8.01,C,3,0,1
2126,1,male,63.8,3,1,53.94,C,5,0,1
2128,2,male,23.5,4,0,7.76,C,5,0,1
2131,1,male,35.9,2,0,11.19,C,3,0,0
2143,3,female,33.4,1,3,47.36,C,5,0,0
2147,1,male,32.2,5,2,0.85,C,8,0,0
2154,3,male,19.5,2,2,94.55,C,5,0,0
2157,3,male,35.7,1,4,63.23,C,6,0,0
2158,3,male,22.1,3,3,98.04,C,7,0,0
2160,3,male,29.7,2,2,23.21,C,5,0,1
2163,3,male,22.1,2,3,4.12,C,6,0,1
2167,3,female,6.5,2,0,19.27,C,3,0,0
2168,3,male,34.2,1,1,28.69,C,3,0,1
2179,3,female,34.4,4,1,5.61,C,6,0,0
2182,3,female,28.7,5,0,18.81,C,6,0,0
2184,1,female,31.5,5,2,33.4,C,8,0,1
2190,1,male,15.5,2,0,24.46,C,3,0,0
2192,2,male,20.8,4,3,39.41,C,8,0,1
2200,3,female,55.4,1,1,6.11,C,3,0,1
2207,3,male,53.6,2,3,3.31,C,6,0,1
2209,3,male,19.5,1,0,2.01,C,2,0,1
2213,1,male,20.6,4,1,96.38,C,6,0,1
2214,3,male,47.8,1,2,8.86,C,4,0,1
2218,3,female,41.5,0,4,9.9,C,5,0,1
2228,3,female,1.4,2,2,21.03,C,5,0,0
2249,3,male,41.5,5,2,35.06,C,8,0,0
2257,3,male,3.2,3,4,20.86,C,8,0,0
2259,3,male,22.7,3,3,13.34,C,7,0,0
2267,3,male,49.0,3,3,6.89,C,7,0,1
2272,3,female,31.5,4,0,42.02,C,5,0,0
2274,2,male,41.4,0,2,7.24,C,3,0,1
2277,3,male,52.3,3,2,37.19,C,6,0,0
2280,2,male,0.0,4,2,10.92,C,7,0,0
2283,3,female,43.4,3,3,5.49,C,7,0,0
2296,3,male,46.2,1,1,56.88,C,3,0,0
2298,3,male,40.0,4,3,4.87,C,8,0,0
2302,1,female,48.7,5,1,18.37,C,7,0,0
2304,3,female,21.3,1,1,0.23,C,3,0,1
2325,3,male,29.7,1,1,26.85,C,3,0,1
2327,2,male,18.3,2,0,28.01,C,3,0,0
2336,1,female,22.3,3,0,25.6,C,4,0,0
2337,2,female,14.9,3,4,84.04,C,8,0,0
2342,3,male,38.1,3,2,6.52,C,6,0,0
2344,2,female,22.5,4,3,23.69,C,8,0,1
2348,3,female,23.9,4,4,3.43,C,9,0,0
2354,2,male,22.5,2,3,17.17,C,6,0,1
2359,3,female,35.5,5,1,13.21,C,7,0,0
2360,3,female,39.1,3,2,130.33,C,6,0,0
2361,1,male,14.8,3,1,17.56,C,5,0,0
2363,1,male,21.5,3,2,1.14,C,6,0,0
2364,3,male,16.9,0,4,48.16,C,5,0,0
2370,1,male,9.9,3,2,15.61,C,6,0,1
2383,3,male,18.2,1,1,6.69,C,3,0,0
2391,3,male,30.4,3,1,40.33,C,5,0,0
2392,3,female,6.2,5,3,57.55,C,9,0,0
2395,3,male,38.1,0,3,29.28,C,4,0,0
2399,3,male,50.9,5,0,0.91,C,6,0,1
2401,3,female,38.8,4,4,1.66,C,9,0,0
2407,3,female,30.8,2,0,8.21,C,3,0,0
2413,1,female,26.4,1,3,3.59,C,5,0,0
2414,1,female,42.0,1,0,62.59,C,2,0,0
2415,3,male,14.4,3,0,38.82,C,4,0,1
2430,3,male,0.7,5,1,2.94,C,7,0,0
2436,2,male,6.7,0,3,56.75,C,4,0,0
2439,3,male,25.8,0,2,58.04,C,3,0,0
2444,1,female,33.0,5,1,18.09,C,7,0,0
2448,2,male,47.0,3,1,13.48,C,5,0,0
2454,2,male,11.9,0,0,11.14,C,1,1,0
2457,2,female,44.4,2,2,104.18,C,5,0,1
2460,1,female,18.5,4,0,99.96,C,5,0,1
2462,3,male,23.4,1,1,3.46,C,3,0,1
2472,3,female,27.0,4,3,34.93,C,8,0,1
2479,1,male,37.7,3,0,9.18,C,4,0,1
2480,3,male,15.5,5,0,27.22,C,6,0,0
2486,3,male,16.1,5,3,30.99,C,9,0,0
2489,3,male,12.0,5,2,66.63,C,8,0,0
2498,3,female,7.4,1,2,4.78,C,4,0,1
2501,2,male,15.6,1,4,0.65,C,6,0,1
2502,3,female,25.3,5,0,85.32,C,6,0,0
2505,3,male,23.0,5,1,3.39,C,7,0,0
2509,3,male,38.6,1,4,4.46,C,6,0,1
2515,3,male,50.4,3,4,106.96,C,8,0,1
2533,3,female,21.2,4,1,69.15,C,6,0,0
2544,3,male,39.0,0,1,6.08,C,2,0,0
2549,3,female,7.6,4,0,4.04,C,5,0,0
2554,3,male,33.5,2,4,2.06,C,7,0,0
2563,1,female,27.4,5,4,6.59,C,10,0,0
2579,3,male,47.6,3,2,6.49,C,6,0,1
2582,1,male,38.4,5,1,3.14,C,7,0,0
2584,2,male,18.6,4,4,4.24,C,9,0,0
2587,3,female,45.7,4,1,38.32,C,6,0,1
2589,3,male,12.0,2,1,15.42,C,4,0,1
2592,1,female,28.4,2,2,21.26,C,5,0,0
2593,1,male,48.8,0,3,6.44,C,4,0,0
2594,3,male,12.1,3,4,70.79,C,8,0,0
2615,2,female,27.1,0,4,22.05,C,5,0,0
2618,3,male,28.1,0,0,64.59,C,1,1,1
2622,3,male,33.4,2,2,6.52,C,5,0,0
2623,3,female,29.2,3,3,25.95,C,7,0,1
2624,3,female,23.8,5,0,65.41,C,6,0,0
2636,1,male,15.9,1,0,13.24,C,2,0,1
2637,1,female,41.7,3,1,14.14,C,5,0,1
2643,1,female,20.0,2,2,35.16,C,5,0,1
2645,3,female,21.7,2,4,12.18,C,7,0,0
2647,3,male,17.4,4,0,12.68,C,5,0,0
2651,1,male,40.9,4,4,6.3,C,9,0,0
2658,1,male,16.2,2,2,6.59,C,5,0,0
2659,3,male,0.3,4,0,25.99,C,5,0,1
2663,3,male,32.8,5,2,152.92,C,8,0,1
2665,1,female,36.9,1,0,115.22,C,2,0,0
2666,3,female,30.0,0,4,33.27,C,5,0,0
2672,3,male,27.5,4,0,21.25,C,5,0,1
2674,3,male,26.0,2,3,26.12,C,6,0,1
2676,3,male,44.8,2,4,0.87,C,7,0,0
2683,1,male,27.3,2,2,24.72,C,5,0,0
2686,1,male,39.9,0,0,62.58,C,1,1,0
2702,2,female,48.6,1,4,23.16,C,6,0,0
2705,3,male,40.1,1,2,28.22,C,4,0,1
2717,2,male,49.8,0,4,22.87,C,5,0,1
2719,3,male,34.5,0,1,23.64,C,2,0,0
2725,3,male,26.6,1,4,58.13,C,6,0,0
2727,1,male,21.6,3,0,28.35,C,4,0,0
2750,3,male,20.2,3,3,0.39,C,7,0,0
2758,1,female,50.1,1,0,18.27,C,2,0,1
2759,1,female,38.1,5,2,21.37,C,8,0,0
2764,1,male,17.8,2,0,26.32,C,3,0,0
2768,2,female,42.8,2,3,34.77,C,6,0,0
2771,3,female,43.5,0,1,4.05,C,2,0,0
2775,3,female,35.1,0,2,7.35,C,3,0,0
2780,1,male,31.9,0,2,74.23,C,3,0,0
2785,2,male,43.8,3,4,27.13,C,8,0,0
2789,2,female,43.4,2,2,53.16,C,5,0,1
2792,2,male,22.6,0,3,2.27,C,4,0,0
2793,3,female,34.5,2,0,25.93,C,3,0,0
2795,1,female,38.8,2,4,74.55,C,7,0,0
2832,1,male,31.9,0,4,23.98,C,5,0,0
2833,3,female,0.0,5,4,7.45,C,10,0,0
2834,2,male,13.4,1,4,21.5,C,6,0,0
2836,1,male,20.0,1,0,13.84,C,2,0,1
2843,2,female,40.3,1,0,14.22,C,2,0,1
2844,3,female,12.3,4,4,19.7,C,9,0,0
2850,3,male,21.2,2,4,82.9,C,7,0,1
2851,3,male,26.3,5,4,1.0,C,10,0,0
2852,3,male,38.6,5,2,68.13,C,8,0,0
2854,1,female,16.2,3,0,120.19,C,4,0,0
2855,3,female,28.2,3,4,0.36,C,8,0,0
2878,3,male,0.0,2,3,59.29,C,6,0,0
2891,3,male,64.0,2,3,17.75,C,6,0,1
2907,2,male,39.8,0,0,41.17,C,1,1,0
2909,3,female,10.2,2,1,9.94,C,4,0,0
2911,1,female,28.7,5,1,16.89,C,7,0,0
2913,3,male,0.0,0,1,17.04,C,2,0,1
2919,3,male,47.4,5,3,33.89,C,9,0,0
2923,3,male,14.6,4,2,72.87,C,7,0,0
2924,2,male,45.2,3,3,22.93,C,7,0,0
2926,1,female,29.5,1,1,13.04,C,3,0,1
2928,2,male,24.6,3,0,95.81,C,4,0,1
2936,3,male,31.1,5,4,61.82,C,10,0,1
2962,2,female,4.4,3,4,43.86,C,8,0,0
2964,3,female,17.6,5,3,36.4,C,9,0,1
2967,2,female,27.5,0,0,52.9,C,1,1,0
2973,3,male,42.8,5,0,55.89,C,6,0,1
2979,3,male,18.1,0,4,6.51,C,5,0,1
2980,3,male,22.7,0,4,8.84,C,5,0,0
2984,3,female,26.2,2,1,33.68,C,4,0,0
2993,3,male,17.7,3,0,1.13,C,4,0,0
2998,3,female,19.6,0,1,45.26,C,2,0,0
3001,2,male,22.0,2,2,92.57,C,5,0,1
3003,3,male,23.6,4,1,70.68,C,6,0,1
3009,1,male,31.9,3,2,21.6,C,6,0,0
3011,3,female,47.6,1,0,6.0,C,2,0,0
3013,3,male,11.5,0,3,139.63,C,4,0,0
3015,3,male,11.3,3,4,2.22,C,8,0,0
3019,1,male,18.4,3,2,27.12,C,6,0,1
3027,3,male,20.2,3,1,64.5,C,5,0,1
3038,3,male,44.6,2,0,4.24,C,3,0,0
3048,1,female,13.7,3,2,14.73,C,6,0,0
3051,3,male,18.1,0,1,16.8,C,2,0,0
3055,3,female,34.5,5,1,23.16,C,7,0,1
3061,3,male,16.9,4,2,66.41,C,7,0,0
3070,3,male,1.7,4,3,34.32,C,8,0,1
3080,2,female,30.9,3,4,17.56,C,8,0,1
3082,3,male,21.2,1,2,20.25,C,4,0,0
3083,3,male,18.4,4,3,39.2,C,8,0,0
3084,3,male,38.7,5,4,18.38,C,10,0,1
3090,3,female,17.4,2,2,70.02,C,5,0,0
3095,3,female,46.0,5,2,63.46,C,8,0,1
3107,2,female,22.5,4,0,11.73,C,5,0,0
3112,1,male,43.3,2,2,2.47,C,5,0,1
3113,3,female,27.0,5,2,14.41,C,8,0,0
3115,1,male,48.6,4,3,63.96,C,8,0,1
3126,3,female,43.8,4,2,39.88,C,7,0,1
3127,3,male,33.7,5,4,1.88,C,10,0,0
3128,3,female,36.1,0,1,22.8,C,2,0,1
3129,3,female,24.8,0,3,19.06,C,4,0,1
3131,2,male,35.9,3,4,4.34,C,8,0,1
3137,3,female,57.5,1,0,1.16,C,2,0,1
3146,3,male,67.4,3,4,31.92,C,8,0,1
3150,3,male,0.0,3,0,44.95,C,4,0,1
3154,2,female,0.0,1,3,13.63,C,5,0,0
3161,3,male,31.9,2,1,26.32,C,4,0,0
3175,3,male,23.0,3,2,0.0,C,6,0,0
3195,3,female,0.0,5,0,2.86,C,6,0,0
3201,3,male,38.5,4,3,27.26,C,8,0,0
3217,1,male,8.1,5,0,53.09,C,6,0,0
3227,3,female,36.0,1,3,30.74,C,5,0,0
3228,3,male,19.4,3,2,23.26,C,6,0,0
3230,1,male,41.1,1,1,98.44,C,3,0,0
3239,2,male,36.1,2,3,57.27,C,6,0,0
3240,3,female,18.0,1,2,66.08,C,4,0,0
3244,2,male,21.5,0,0,4.9,C,1,1,1
3254,3,male,0.0,0,3,43.32,C,4,0,0
3267,3,female,57.3,1,3,32.77,C,5,0,0
3269,3,male,32.9,1,0,11.18,C,2,0,1
3278,1,female,36.1,5,3,14.83,C,9,0,0
3280,3,male,39.8,2,0,38.99,C,3,0,0
3281,2,female,29.0,2,3,6.96,C,6,0,0
3284,3,male,18.0,1,0,0.75,C,2,0,0
3289,1,male,29.7,1,1,17.47,C,3,0,0
3294,3,female,31.7,0,3,12.84,C,4,0,1
3296,1,male,39.2,2,2,42.84,C,5,0,1
3300,3,male,3.2,3,1,15.12,C,5,0,0
3306,3,female,36.1,3,2,32.16,C,6,0,0
3309,2,male,24.5,0,3,59.84,C,4,0,0
3311,3,male,17.1,4,2,13.29,C,7,0,1
3316,1,male,31.2,2,3,6.49,C,6,0,0
3323,1,male,28.5,3,2,87.49,C,6,0,0
3324,2,male,20.7,1,3,25.58,C,5,0,1
3329,3,male,36.3,1,4,31.54,C,6,0,1
3331,3,female,10.7,5,2,32.67,C,8,0,1
3333,2,male,38.1,5,1,44.13,C,7,0,0
3350,2,male,20.9,0,4,18.82,C,5,0,0
3351,3,male,23.4,3,3,76.6,C,7,0,0
3353,3,male,30.9,2,2,21.53,C,5,0,0
3359,1,male,38.5,1,1,8.55,C,3,0,1
3360,1,male,61.9,4,0,19.87,C,5,0,1
3375,3,female,20.5,0,1,77.17,C,2,0,1
3379,3,male,53.0,4,0,87.01,C,5,0,1
3385,3,male,36.5,1,3,15.37,C,5,0,1
3389,3,female,30.4,5,3,11.08,C,9,0,1
3392,1,female,4.2,0,1,4.77,C,2,0,1
3396,2,female,34.5,4,4,19.34,C,9,0,1
3409,3,female,26.9,4,0,20.97,C,5,0,0
3411,3,female,51.0,1,0,11.67,C,2,0,0
3412,3,male,56.3,5,1,30.39,C,7,0,0
3414,3,male,38.0,3,4,51.66,C,8,0,1
3417,3,female,13.4,4,1,88.15,C,6,0,1
3422,3,female,40.9,3,3,26.1,C,7,0,1
3428,2,male,26.6,0,3,19.36,C,4,0,1
3430,3,male,57.0,0,0,72.99,C,1,1,0
3434,3,female,35.9,3,0,36.38,C,4,0,1
3439,3,male,47.0,4,4,15.26,C,9,0,1
3440,2,female,22.3,3,3,25.9,C,7,0,0
3441,1,male,28.8,5,2,3.65,C,8,0,0
3450,1,female,44.2,0,0,44.77,C,1,1,0
3464,2,male,58.4,0,3,44.77,C,4,0,0
3465,3,male,27.0,0,2,30.69,C,3,0,1
3466,3,male,45.9,5,0,142.55,C,6,0,0
3475,3,female,30.3,5,3,5.55,C,9,0,1
3483,3,male,33.3,2,4,65.5,C,7,0,1
3488,3,male,44.6,3,0,81.32,C,4,0,0
3496,3,female,28.0,4,2,31.53,C,7,0,1
3506,3,male,17.5,0,2,35.81,C,3,0,1
3510,3,male,41.9,3,0,25.81,C,4,0,0
3512,3,male,16.5,3,0,10.22,C,4,0,1
3515,2,male,32.0,5,1,19.45,C,7,0,1
3520,1,female,32.3,1,1,29.04,C,3,0,0
3537,3,male,25.9,3,3,118.84,C,7,0,0
3542,3,male,17.6,0,4,28.06,C,5,0,0
3543,3,male,43.5,5,3,45.89,C,9,0,0
3544,2,male,46.6,5,1,25.99,C,7,0,1
3552,3,female,51.1,4,0,47.55,C,5,0,0
3565,3,male,18.4,0,1,57.4,C,2,0,1
3573,3,male,37.4,3,4,27.91,C,8,0,1
3574,1,female,12.3,1,3,35.03,C,5,0,1
3575,3,male,15.8,1,4,97.57,C,6,0,0
3580,2,male,31.7,1,3,7.43,C,5,0,0
3586,3,male,46.1,4,1,6.05,C,6,0,0
3596,1,male,21.8,2,0,43.86,C,3,0,0
3598,3,male,17.7,2,3,3.02,C,6,0,0
3603,3,male,27.8,2,4,41.67,C,7,0,0
3604,2,male,18.4,1,2,61.51,C,4,0,0
3607,1,female,43.1,4,2,64.16,C,7,0,0
3612,3,male,45.6,3,1,55.37,C,5,0,0
3613,2,male,34.5,4,1,4.64,C,6,0,1
3615,3,male,36.8,3,1,17.65,C,5,0,0
3618,2,male,19.9,4,0,50.97,C,5,0,1
3628,3,female,33.2,0,0,35.58,C,1,1,1
3630,3,male,12.2,2,0,93.93,C,3,0,1
3639,3,female,39.5,0,3,15.18,C,4,0,0
3640,3,male,36.8,2,2,5.13,C,5,0,0
3641,3,male,34.3,4,4,10.24,C,9,0,1
3642,3,male,20.8,2,0,12.93,C,3,0,0
3644,3,female,23.8,2,3,53.6,C,6,0,1
3647,3,male,21.6,5,0,4.39,C,6,0,0
3656,3,male,30.8,1,3,13.12,C,5,0,0
3657,3,female,31.1,5,1,53.07,C,7,0,0
3664,1,male,8.9,4,4,1.0,C,9,0,0
3668,3,female,25.5,3,4,14.48,C,8,0,0
3677,3,male,50.7,5,2,69.51,C,8,0,0
3683,1,female,18.5,4,3,39.83,C,8,0,0
3693,3,male,47.3,0,1,9.04,C,2,0,0
3694,3,male,16.2,5,1,2.09,C,7,0,0
3696,3,male,44.1,2,0,27.46,C,3,0,1
3705,2,male,11.2,5,4,3.35,C,10,0,1
3719,3,male,17.4,3,3,22.53,C,7,0,0
3720,3,male,28.2,2,2,8.8,C,5,0,0
3723,3,female,8.8,4,2,34.35,C,7,0,0
3732,3,male,13.3,4,3,81.94,C,8,0,0
3740,3,male,25.1,2,0,9.73,C,3,0,1
3741,2,female,71.0,0,2,5.92,C,3,0,1
3746,1,female,42.6,0,3,2.69,C,4,0,1
3749,3,male,30.2,3,4,74.08,C,8,0,1
3752,2,male,20.9,3,0,14.97,C,4,0,0
3753,1,female,30.7,0,4,20.87,C,5,0,1
3758,3,male,6.5,5,3,91.47,C,9,0,0
3759,3,female,39.4,4,2,11.8,C,7,0,1
3761,2,male,31.6,1,3,114.31,C,5,0,1
3764,3,male,44.1,2,0,12.76,C,3,0,0
3771,3,male,13.2,5,4,39.93,C,10,0,1
3777,3,female,44.4,3,0,138.3,C,4,0,0
3786,1,female,39.6,4,4,40.88,C,9,0,0
3789,2,male,40.4,0,2,10.94,C,3,0,1
3790,3,male,37.4,2,2,25.2,C,5,0,0
3791,3,male,19.2,4,4,4.13,C,9,0,0
3792,3,male,25.9,1,2,99.93,C,4,0,0
3797,3,male,37.7,2,1,1.12,C,4,0,0
3799,3,male,19.4,0,4,22.33,C,5,0,0
3808,1,female,20.8,2,1,10.87,C,4,0,0
3810,3,female,0.0,3,3,77.5,C,7,0,1
3829,3,male,42.2,1,3,9.21,C,5,0,0
3838,3,male,48.5,5,2,6.85,C,8,0,1
3861,3,male,17.5,5,0,140.39,C,6,0,0
3863,1,female,25.1,5,2,2.78,C,8,0,0
3871,2,male,30.2,1,4,22.39,C,6,0,0
3876,1,female,46.9,1,3,33.98,C,5,0,0
3882,3,male,6.8,5,0,56.3,C,6,0,1
3884,3,male,31.1,5,0,110.52,C,6,0,1
3890,2,male,35.0,5,4,103.3,C,10,0,1
3899,3,male,57.2,2,4,32.49,C,7,0,1
3904,1,female,20.0,3,1,20.56,C,5,0,1
3911,3,male,43.0,1,0,34.29,C,2,0,0
3915,3,female,33.0,1,0,8.38,C,2,0,0
3918,3,female,15.1,2,0,1.36,C,3,0,1
3920,3,female,35.0,0,3,9.45,C,4,0,1
3936,3,male,54.0,3,2,58.58,C,6,0,0
3939,2,female,17.5,0,2,8.61,C,3,0,0
3941,1,female,13.1,3,2,11.4,C,6,0,1
3949,3,male,20.4,3,4,68.65,C,8,0,0
3952,3,female,47.5,4,2,1.03,C,7,0,1
3958,2,female,43.2,1,0,4.17,C,2,0,0
3960,3,male,24.2,2,0,14.45,C,3,0,0
3962,3,female,10.7,0,4,9.27,C,5,0,0
3967,1,male,42.8,5,1,41.64,C,7,0,0
3969,3,male,22.4,3,4,44.42,C,8,0,0
3971,2,male,1.2,2,0,14.79,C,3,0,0
3980,3,female,50.7,5,1,7.83,C,7,0,1
3981,3,male,16.2,3,1,0.6,C,5,0,1
3984,3,male,47.8,0,1,12.36,C,2,0,1
3992,3,female,25.3,0,4,23.25,C,5,0,1
4000,2,male,26.7,0,2,67.63,C,3,0,0
4004,3,male,33.0,0,0,18.43,C,1,1,0
4018,2,female,0.0,2,3,2.69,C,6,0,0
4023,3,male,31.2,3,0,5.75,C,4,0,1
4038,3,male,38.1,4,2,5.6,C,7,0,1
4041,2,female,22.5,0,4,40.69,C,5,0,0
4056,3,male,12.5,1,2,45.36,C,4,0,1
4057,1,male,38.9,3,3,5.89,C,7,0,0
4064,1,male,8.0,2,0,127.33,C,3,0,1
4067,1,female,24.8,2,3,18.32,C,6,0,1
4070,1,female,12.5,0,1,13.99,C,2,0,0
4072,2,male,31.1,1,2,48.39,C,4,0,0
4076,3,male,31.5,4,3,11.72,C,8,0,0
4078,1,male,23.8,0,4,42.67,C,5,0,1
4080,3,female,10.5,2,0,26.68,C,3,0,1
4081,3,male,16.7,3,2,55.19,C,6,0,0
4091,3,male,27.1,1,1,5.25,C,3,0,0
4092,1,female,17.5,5,1,18.83,C,7,0,0
4098,1,female,35.1,5,1,25.02,C,7,0,0
4103,2,female,26.6,1,0,11.66,C,2,0,0
4104,3,male,25.3,1,4,2.14,C,6,0,0
4111,2,female,26.8,3,1,17.3,C,5,0,0
4115,3,male,23.0,5,0,26.4,C,6,0,0
4116,2,female,27.3,2,1,62.67,C,4,0,1
4123,3,male,46.2,5,3,33.01,C,9,0,1
4128,3,male,36.0,3,3,1.44,C,7,0,0
4131,3,male,12.8,3,3,9.38,C,7,0,0
4136,2,male,21.8,0,4,65.29,C,5,0,1
4137,1,male,40.7,0,3,17.82,C,4,0,0
4139,3,male,20.3,2,1,4.32,C,4,0,0
4146,2,female,10.6,4,0,1.49,C,5,0,0
4148,1,female,32.0,0,0,74.21,C,1,1,1
4154,3,male,33.0,3,4,17.64,C,8,0,0
4157,1,male,39.3,2,3,8.14,C,6,0,1
4171,3,male,19.5,0,2,38.24,C,3,0,1
4183,3,male,12.9,4,4,27.85,C,9,0,0
4189,3,female,18.6,3,0,95.66,C,4,0,1
4198,3,male,32.1,0,0,49.0,C,1,1,0
4203,1,male,26.1,3,1,0.56,C,5,0,1
4208,2,male,39.4,5,3,8.53,C,9,0,0
4216,3,male,24.9,0,3,135.91,C,4,0,0
4222,3,male,23.2,2,1,13.66,C,4,0,1
4228,1,male,31.8,0,4,55.72,C,5,0,0
4229,3,male,17.3,3,3,21.39,C,7,0,0
4231,1,male,38.6,4,0,57.46,C,5,0,0
4237,1,male,17.6,2,0,63.35,C,3,0,1
4243,3,male,19.3,5,0,23.63,C,6,0,0
4246,3,female,52.1,5,1,9.47,C,7,0,0
4247,1,male,47.2,1,4,21.09,C,6,0,0
4254,1,male,55.3,5,2,8.84,C,8,0,0
4262,1,male,1.2,0,3,88.6,C,4,0,0
4266,1,male,53.6,4,3,8.44,C,8,0,1
4270,3,male,44.1,5,4,20.64,C,10,0,1
4272,1,female,32.9,2,4,53.84,C,7,0,0
4274,2,male,23.8,3,3,14.73,C,7,0,0
4275,2,male,14.3,5,0,17.39,C,6,0,0
4277,3,male,7.0,5,4,42.22,C,10,0,0
4280,2,male,16.1,4,4,3.45,C,9,0,0
4282,3,female,19.0,2,1,11.0,C,4,0,0
4285,3,male,45.6,5,1,11.61,C,7,0,0
4286,3,female,22.9,2,3,11.88,C,6,0,1
4304,3,female,15.7,0,1,49.68,C,2,0,1
4305,3,male,44.9,0,4,25.12,C,5,0,0
4310,3,male,9.4,5,0,4.81,C,6,0,0
4325,3,male,22.9,4,4,63.59,C,9,0,1
4327,3,female,8.1,4,1,33.57,C,6,0,1
4334,3,male,40.6,4,0,116.37,C,5,0,0
4347,3,female,0.0,0,4,0.79,C,5,0,0
4348,3,male,35.3,2,2,85.01,C,5,0,1
4351,1,male,12.5,3,4,37.25,C,8,0,0
4359,1,male,34.0,4,0,87.74,C,5,0,0
4363,3,female,23.7,4,1,32.77,C,6,0,0
4366,3,male,47.1,4,3,5.76,C,8,0,0
4367,1,male,44.6,3,4,15.58,C,8,0,0
4374,3,male,35.0,2,4,72.78,C,7,0,0
4375,3,male,15.6,1,2,16.9,C,4,0,0
4376,3,male,17.1,0,3,43.33,C,4,0,0
4379,3,male,10.4,4,2,19.18,C,7,0,0
4387,3,male,37.7,0,0,47.91,C,1,1,0
4388,2,male,13.7,3,0,13.32,C,4,0,0
4391,3,female,42.2,1,1,29.46,C,3,0,0
4393,3,male,32.8,5,4,18.04,C,10,0,0
4400,3,male,11.0,3,3,34.03,C,7,0,0
4405,2,male,26.4,1,2,19.35,C,4,0,1
4407,2,female,22.5,0,4,69.61,C,5,0,0
4410,3,male,55.3,1,1,13.68,C,3,0,0
4416,2,male,41.7,5,2,3.34,C,8,0,0
4417,3,male,22.1,2,4,9.26,C,7,0,0
4419,3,male,20.7,3,3,21.51,C,7,0,0
4421,3,female,44.8,4,4,90.4,C,9,0,1
4425,3,male,32.0,2,4,6.07,C,7,0,0
4431,1,female,41.9,1,1,34.83,C,3,0,0
4433,2,male,21.5,3,0,77.06,C,4,0,1
4436,2,male,8.5,1,1,39.23,C,3,0,0
4440,3,male,22.2,4,4,1.77,C,9,0,1
4451,3,male,28.6,5,4,5.96,C,10,0,0
4453,2,male,31.4,4,3,10.86,C,8,0,1
4466,3,female,28.0,4,2,38.5,C,7,0,0
4480,2,male,31.1,0,1,10.25,C,2,0,0
4484,1,male,50.2,2,3,30.2,C,6,0,0
4486,3,male,35.4,5,2,16.21,C,8,0,0
4492,3,male,21.9,0,0,10.97,C,1,1,0
4493,2,male,30.3,4,4,26.37,C,9,0,1
4494,2,female,36.1,1,3,22.48,C,5,0,1
4507,3,female,29.6,1,3,63.25,C,5,0,0
4508,3,female,28.6,0,2,70.04,C,3,0,0
4511,2,male,36.4,2,0,35.13,C,3,0,0
4513,3,male,25.5,2,3,52.12,C,6,0,1
4514,3,female,28.3,5,0,17.19,C,6,0,0
4518,1,female,24.8,3,3,21.11,C,7,0,0
4519,3,male,37.5,4,1,32.74,C,6,0,0
4521,3,female,19.3,3,2,10.26,C,6,0,0
4523,2,male,24.8,5,0,57.28,C,6,0,0
4528,3,male,13.2,2,4,1.45,C,7,0,0
4529,3,male,9.2,3,3,16.27,C,7,0,0
4530,3,female,18.6,1,0,186.3,C,2,0,0
4542,1,female,17.4,0,1,11.49,C,2,0,0
4544,3,male,23.7,1,1,101.68,C,3,0,0
4545,1,female,16.4,4,3,85.27,C,8,0,1
4577,1,male,28.7,1,3,100.25,C,5,0,0
4580,3,female,38.1,5,1,13.89,C,7,0,1
4591,1,male,32.6,3,2,12.53,C,6,0,0
4599,3,female,31.4,5,2,21.78,C,8,0,0
4601,1,male,16.4,1,4,1.72,C,6,0,1
4604,3,male,49.6,5,4,23.99,C,10,0,1
4609,3,male,22.2,1,0,7.72,C,2,0,0
4620,3,male,51.8,2,2,33.4,C,5,0,1
4622,2,female,66.9,1,0,19.57,C,2,0,0
4626,1,male,31.2,5,0,15.39,C,6,0,0
4631,1,female,37.6,0,4,2.9,C,5,0,0
4638,2,male,39.0,5,3,12.82,C,9,0,1
4639,1,female,28.2,4,3,4.12,C,8,0,1
4643,3,female,3.4,3,4,13.35,C,8,0,0
4650,2,male,26.3,1,2,28.77,C,4,0,0
4655,3,female,20.9,0,4,0.53,C,5,0,0
4657,3,female,43.1,4,4,23.47,C,9,0,0
4675,2,male,20.1,1,2,37.95,C,4,0,1
4679,3,male,9.4,5,1,47.68,C,7,0,1
4685,3,male,25.3,2,3,8.16,C,6,0,0
4692,1,male,34.9,5,1,19.25,C,7,0,0
4693,2,female,29.0,4,2,53.3,C,7,0,0
4694,3,female,27.0,1,0,11.21,C,2,0,0
4698,2,female,26.0,5,2,21.3,C,8,0,0
4714,2,male,36.3,2,0,6.55,C,3,0,0
4723,2,male,14.2,3,0,74.89,C,4,0,0
4731,3,male,23.6,0,4,9.3,C,5,0,0
4734,2,male,31.6,5,0,31.34,C,6,0,0
4735,3,male,37.1,2,1,15.28,C,4,0,0
4745,3,male,42.9,0,3,7.07,C,4,0,0
4750,3,male,39.3,4,3,5.19,C,8,0,0
4752,1,male,23.0,1,3,5.54,C,5,0,1
4753,3,female,42.8,5,4,2.99,C,10,0,0
4755,2,female,26.8,2,3,4.85,C,6,0,1
4756,1,female,18.0,1,1,31.96,C,3,0,0
4771,3,male,21.7,4,2,52.98,C,7,0,0
4786,2,male,16.5,2,2,53.53,C,5,0,1
4789,3,male,31.5,1,2,20.09,C,4,0,0
4806,3,male,44.9,3,1,6.64,C,5,0,0
4807,1,male,43.3,5,3,1.12,C,9,0,1
4811,3,male,6.7,1,2,94.16,C,4,0,1
4825,3,female,37.7,2,1,14.03,C,4,0,0
4826,2,female,62.3,5,3,23.23,C,9,0,1
4827,2,male,30.9,0,3,7.08,C,4,0,0
4829,3,female,42.5,5,3,23.48,C,9,0,0
4842,3,female,32.3,4,2,45.67,C,7,0,0
4843,3,male,38.4,2,3,45.82,C,6,0,0
4845,1,female,0.8,0,0,4.55,C,1,1,0
4850,2,male,37.1,2,2,40.5,C,5,0,1
4858,3,male,21.3,5,4,48.05,C,10,0,1
4866,2,male,22.9,1,0,15.96,C,2,0,0
4873,2,female,19.0,4,0,19.53,C,5,0,0
4875,1,male,31.0,1,1,4.53,C,3,0,1
4886,3,female,17.5,0,3,8.26,C,4,0,0
4891,1,male,41.5,1,0,7.79,C,2,0,0
4894,1,female,13.2,5,1,1.4,C,7,0,0
4910,3,male,50.8,3,1,17.13,C,5,0,1
4915,3,male,16.5,2,2,23.1,C,5,0,1
4918,3,male,27.6,3,3,1.55,C,7,0,1
4924,1,male,20.8,4,2,13.95,C,7,0,0
4933,3,female,35.5,4,2,8.37,C,7,0,0
4934,3,female,29.4,3,3,50.22,C,7,0,0
4940,1,female,12.9,2,1,21.74,C,4,0,0
4941,3,male,65.0,0,2,70.63,C,3,0,0
4948,3,female,17.5,2,0,10.66,C,3,0,1
4954,1,female,21.1,5,2,23.43,C,8,0,0
4957,3,male,32.1,0,4,40.5,C,5,0,1
4972,3,male,29.4,2,0,10.7,C,3,0,0
4975,3,female,36.3,1,2,18.53,C,4,0,0
4980,3,male,39.7,4,4,40.7,C,9,0,1
4981,3,male,16.5,2,1,21.95,C,4,0,0
4990,3,male,19.0,3,2,19.88,C,6,0,1
4996,1,male,24.6,0,4,25.68,C,5,0,0
4997,2,male,42.7,5,0,8.48,C,6,0,0
4999,1,female,30.2,0,4,11.35,C,5,0,0
5000,3,male,47.6,5,1,17.84,C,7,0,0
5002,2,male,40.0,1,1,12.94,C,3,0,1
5021,2,female,11.0,1,0,29.53,C,2,0,0
5027,1,male,39.7,2,4,11.41,C,7,0,0
5032,3,male,40.5,1,2,7.71,C,4,0,0
5055,3,male,44.0,4,1,8.52,C,6,0,1
5059,3,male,56.5,0,2,5.89,C,3,0,0
5061,3,female,52.1,2,2,31.31,C,5,0,1
5077,2,male,36.0,2,2,1.24,C,5,0,0
5079,2,male,41.6,2,0,19.22,C,3,0,0
5084,1,male,36.8,4,0,47.21,C,5,0,0
5096,2,male,42.3,2,2,23.21,C,5,0,1
5098,3,male,56.7,1,1,72.29,C,3,0,0
5101,1,male,40.9,3,4,83.54,C,8,0,0
5108,3,female,27.8,1,2,19.63,C,4,0,1
5115,3,male,32.9,5,4,7.32,C,10,0,1
5128,2,male,39.3,2,4,4.89,C,7,0,0
5129,3,male,35.5,4,2,11.9,C,7,0,1
5130,2,female,24.4,1,2,0.72,C,4,0,0
5142,3,male,27.2,5,2,3.53,C,8,0,0
5154,2,male,32.8,2,1,5.05,C,4,0,1
5159,2,male,36.0,4,4,0.49,C,9,0,0
5163,3,male,27.2,4,3,18.84,C,8,0,0
5164,2,male,39.8,5,4,34.54,C,10,0,0
5170,3,male,30.0,4,4,20.33,C,9,0,0
5173,1,male,21.0,0,1,182.16,C,2,0,0
5178,2,male,9.6,0,1,39.62,C,2,0,0
5201,2,female,0.0,2,3,99.68,C,6,0,1
5209,1,male,24.3,0,0,5.1,C,1,1,0
5210,1,male,43.8,2,1,4.66,C,4,0,1
5231,2,male,17.0,3,4,62.88,C,8,0,0
5237,3,male,26.1,2,1,12.01,C,4,0,1
5243,3,female,32.6,0,2,13.77,C,3,0,1
5256,1,male,25.7,5,2,3.97,C,8,0,0
5262,3,male,13.5,4,2,41.31,C,7,0,0
5265,1,male,15.3,4,4,27.93,C,9,0,0
5268,3,male,17.5,2,4,51.9,C,7,0,1
5275,2,male,31.6,4,2,112.62,C,7,0,0
5276,2,male,23.4,2,3,4.89,C,6,0,0
5279,1,male,0.0,2,1,50.04,C,4,0,0
5281,3,male,37.6,5,4,3.22,C,10,0,0
5299,1,male,40.8,3,3,70.0,C,7,0,0
5312,2,male,27.9,5,0,14.97,C,6,0,1
5317,3,male,37.1,1,1,25.97,C,3,0,1
5321,3,male,0.0,5,0,76.74,C,6,0,0
5326,1,male,31.2,1,1,0.68,C,3,0,0
5327,3,female,56.7,2,2,10.09,C,5,0,0
5333,2,female,30.2,2,2,18.67,C,5,0,0
5338,3,male,38.4,2,4,17.82,C,7,0,1
5339,3,male,43.5,0,4,1.46,C,5,0,0
5340,3,male,36.1,3,1,15.16,C,5,0,1
5341,2,female,22.9,2,4,65.39,C,7,0,1
5342,2,male,19.7,4,1,48.65,C,6,0,0
5343,1,male,23.3,5,0,52.87,C,6,0,0
5345,3,female,16.8,3,3,7.54,C,7,0,0
5346,2,male,43.8,5,3,34.84,C,9,0,0
5349,3,male,9.4,3,2,40.69,C,6,0,1
5355,3,male,33.6,0,0,73.11,C,1,1,0
5357,3,female,34.0,0,1,17.76,C,2,0,1
5367,3,male,30.8,3,2,14.53,C,6,0,0
5368,1,male,23.6,0,2,3.09,C,3,0,1
5369,2,female,21.2,1,2,26.13,C,4,0,0
5375,3,female,43.5,4,2,51.23,C,7,0,1
5397,2,female,29.6,0,2,58.59,C,3,0,0
5400,3,male,33.7,1,2,4.11,C,4,0,0
5401,2,female,28.4,1,1,9.15,C,3,0,1
5406,3,male,51.6,2,4,1.72,C,7,0,1
5412,3,male,0.0,1,4,51.41,C,6,0,1
5416,3,male,26.7,2,0,49.19,C,3,0,0
5422,3,female,34.4,3,3,0.22,C,7,0,1
5423,3,male,24.7,2,0,8.54,C,3,0,0
5430,3,female,32.3,0,2,30.14,C,3,0,0
5440,1,female,42.7,1,1,141.98,C,3,0,0
5442,2,female,15.0,5,0,69.73,C,6,0,0
5445,3,female,41.4,5,0,32.09,C,6,0,0
5446,1,male,33.5,2,1,78.52,C,4,0,0
5452,3,male,29.4,5,0,50.13,C,6,0,0
5454,3,male,43.2,1,3,42.79,C,5,0,1
5468,3,female,22.4,2,3,40.08,C,6,0,1
5470,2,female,50.2,5,2,39.34,C,8,0,1
5477,3,female,32.8,2,0,9.88,C,3,0,1
5497,1,male,46.7,4,4,37.11,C,9,0,1
5500,2,male,59.7,3,1,9.68,C,5,0,0
5512,3,male,29.8,0,0,1.43,C,1,1,1
5534,2,male,47.4,4,2,4.99,C,7,0,0
5540,3,male,35.6,0,1,10.09,C,2,0,0
5548,3,female,49.0,5,4,2.58,C,10,0,0
5552,1,male,29.8,0,3,68.74,C,4,0,1
5554,2,male,50.7,3,1,45.48,C,5,0,1
5557,3,male,46.2,5,4,172.82,C,10,0,1
5560,1,male,33.9,4,0,29.68,C,5,0,0
5561,1,male,8.3,5,0,19.3,C,6,0,1
5566,3,male,0.0,5,4,29.3,C,10,0,1
5572,1,male,30.5,4,0,23.84,C,5,0,1
5573,3,male,40.8,1,2,32.22,C,4,0,1
5574,3,male,35.5,0,1,7.94,C,2,0,1
5578,3,male,29.0,4,0,5.84,C,5,0,1
5588,3,female,1.4,3,4,111.62,C,8,0,1
5590,3,male,27.8,3,2,37.93,C,6,0,0
5591,3,male,28.3,3,4,43.7,C,8,0,0
5592,3,male,33.2,5,2,2.14,C,8,0,0
5596,2,male,29.6,0,4,77.12,C,5,0,0
5597,3,female,14.5,0,3,47.31,C,4,0,1
5618,2,female,36.7,5,3,0.06,C,9,0,0
5626,3,male,21.8,3,0,40.77,C,4,0,0
5630,3,male,39.7,2,1,5.8,C,4,0,1
5631,3,male,8.2,5,0,34.35,C,6,0,0
5634,1,male,21.0,4,3,30.57,C,8,0,0
5643,1,male,22.5,5,2,14.8,C,8,0,0
5645,3,male,14.7,3,1,4.24,C,5,0,0
5648,1,male,19.2,0,1,37.2,C,2,0,1
5649,3,male,51.3,3,3,148.36,C,7,0,0
5657,3,male,30.4,1,4,9.26,C,6,0,1
5669,2,female,23.9,4,0,1.7,C,5,0,1
5678,2,male,34.4,4,0,30.04,C,5,0,1
5681,2,male,37.3,2,2,1.3,C,5,0,0
5686,3,male,13.3,5,0,59.26,C,6,0,0
5689,3,male,54.2,4,4,45.42,C,9,0,1
5695,2,male,26.1,5,3,8.06,C,9,0,0
5702,2,male,18.3,5,3,1.96,C,9,0,0
5707,2,male,12.3,0,2,19.86,C,3,0,0
5708,3,female,26.3,3,3,4.67,C,7,0,1
5710,3,male,3.3,4,4,37.21,C,9,0,0
5714,1,male,46.4,2,4,13.77,C,7,0,1
5717,2,male,40.9,5,0,45.85,C,6,0,0
5718,3,female,22.1,4,2,10.73,C,7,0,0
5729,3,female,34.3,2,3,7.01,C,6,0,1
5737,1,male,13.8,2,1,128.99,C,4,0,0
5744,3,male,31.3,1,1,8.12,C,3,0,0
5745,3,female,51.9,0,4,35.68,C,5,0,1
5752,2,male,44.9,4,3,1.83,C,8,0,0
5758,3,male,31.5,4,1,17.22,C,6,0,0
5774,3,female,28.4,4,4,112.43,C,9,0,0
5782,1,female,16.8,2,2,40.92,C,5,0,0
5784,3,male,53.1,0,1,10.72,C,2,0,0
5794,3,male,24.6,0,3,19.88,C,4,0,0
5795,3,female,8.6,4,2,2.22,C,7,0,1
5796,3,female,23.0,3,0,33.85,C,4,0,0
5800,3,male,44.2,4,4,48.28,C,9,0,0
5805,1,male,31.3,3,4,62.8,C,8,0,0
5828,3,male,33.0,4,4,2.95,C,9,0,0
5834,1,female,18.6,3,3,2.94,C,7,0,1
5835,2,male,36.1,0,3,10.09,C,4,0,0
5836,2,female,43.1,1,4,3.42,C,6,0,1
5843,3,male,31.2,5,0,34.83,C,6,0,0
5850,2,male,34.0,2,3,9.86,C,6,0,0
5853,3,female,42.8,2,0,9.76,C,3,0,1
5855,2,female,32.4,4,2,120.76,C,7,0,1
5861,2,male,45.3,0,2,24.23,C,3,0,0
5872,1,female,28.9,4,0,29.87,C,5,0,1
5874,1,male,47.5,0,4,19.38,C,5,0,0
5893,3,male,17.5,4,4,5.36,C,9,0,0
5902,3,male,19.0,2,3,21.43,C,6,0,0
5906,3,male,22.2,1,4,67.37,C,6,0,0
5907,3,male,29.4,4,3,5.95,C,8,0,1
5919,1,male,28.6,3,1,57.42,C,5,0,0
5922,1,male,11.4,1,1,76.9,C,3,0,0
5925,3,female,22.5,0,4,6.87,C,5,0,1
5926,2,male,30.0,1,0,10.87,C,2,0,1
5944,3,male,35.8,4,0,72.36,C,5,0,1
5945,2,male,17.7,3,1,2.62,C,5,0,0
5957,3,male,4.0,1,4,18.21,C,6,0,0
5961,1,male,25.6,4,3,10.93,C,8,0,1
5969,3,female,38.9,4,2,119.09,C,7,0,1
5977,3,male,51.6,5,3,42.74,C,9,0,0
5982,1,female,34.0,5,1,35.35,C,7,0,1
5992,3,female,37.6,0,4,31.76,C,5,0,0
5993,1,male,9.0,3,2,9.52,C,6,0,0
6002,3,male,54.7,2,3,18.16,C,6,0,1
6008,1,male,45.7,0,4,19.76,C,5,0,1
6016,3,female,45.5,3,3,2.83,C,7,0,0
6021,3,male,20.4,1,1,40.45,C,3,0,1
6028,2,male,40.7,2,2,57.41,C,5,0,1
6030,2,female,37.5,5,1,69.11,C,7,0,1
6035,1,female,39.2,3,2,13.09,C,6,0,0
6036,3,male,48.1,4,4,3.47,C,9,0,1
6038,3,male,29.8,3,2,15.66,C,6,0,0
6041,3,male,35.7,0,2,21.44,C,3,0,0
6043,3,male,0.0,3,4,16.12,C,8,0,0
6053,3,male,42.8,1,4,36.82,C,6,0,0
6054,3,male,49.7,3,2,10.49,C,6,0,1
6069,3,male,44.6,2,0,64.76,C,3,0,0
6070,1,male,46.5,3,3,23.03,C,7,0,1
6071,2,male,10.0,5,0,48.75,C,6,0,0
6073,1,male,35.1,5,2,66.4,C,8,0,0
6077,3,male,25.2,3,1,2.18,C,5,0,0
6080,3,female,23.5,0,2,40.07,C,3,0,0
6082,2,male,30.8,3,4,1.08,C,8,0,0
6087,3,male,16.1,3,3,9.22,C,7,0,0
6092,1,male,42.0,4,2,99.37,C,7,0,0
6093,3,male,45.5,3,1,38.58,C,5,0,0
6096,3,male,50.3,5,0,25.84,C,6,0,0
6106,3,female,23.4,3,2,53.08,C,6,0,0
6108,1,male,42.0,4,3,14.18,C,8,0,0
6110,3,male,47.4,4,2,15.72,C,7,0,1
6114,1,male,3.3,0,4,3.93,C,5,0,0
6122,3,female,22.2,4,4,49.34,C,9,0,0
6127,3,male,37.6,0,0,38.79,C,1,1,0
6130,3,female,46.6,5,0,12.24,C,6,0,0
6132,2,male,18.6,2,4,27.29,C,7,0,0
6135,1,male,20.3,0,1,35.72,C,2,0,0
6139,1,male,15.7,2,1,24.82,C,4,0,1
6141,1,male,36.3,2,1,9.39,C,4,0,0
6142,1,male,39.1,2,0,12.19,C,3,0,0
6146,2,male,55.6,2,0,57.97,C,3,0,0
6153,3,male,19.4,0,2,13.84,C,3,0,0
6156,3,male,12.9,2,4,5.02,C,7,0,1
6157,3,male,22.6,5,3,11.27,C,9,0,1
6163,1,female,45.5,1,4,99.63,C,6,0,0
6166,3,female,11.5,0,3,23.26,C,4,0,0
6188,2,female,6.9,1,4,15.67,C,6,0,0
6189,3,female,45.9,3,3,45.87,C,7,0,0
6193,3,male,37.1,4,4,25.29,C,9,0,1
6197,3,female,18.4,3,1,48.91,C,5,0,1
6207,3,male,36.7,1,4,3.34,C,6,0,0
6209,1,male,42.8,4,2,26.59,C,7,0,0
6222,3,male,23.3,2,3,28.48,C,6,0,0
6226,3,female,23.4,2,2,38.74,C,5,0,0
6250,3,female,0.0,5,2,19.17,C,8,0,0
6251,1,female,26.8,4,4,27.25,C,9,0,0
6259,3,female,36.1,4,3,28.56,C,8,0,0
6262,3,male,59.3,4,0,21.29,C,5,0,0
6267,3,female,54.7,3,4,3.1,C,8,0,0
6271,1,female,11.2,2,4,8.37,C,7,0,1
6272,3,male,39.7,0,0,37.87,C,1,1,0
6280,2,male,37.8,5,3,22.25,C,9,0,1
6308,3,male,49.1,0,0,9.6,C,1,1,0
6310,3,female,48.6,2,0,83.93,C,3,0,0
6321,2,female,45.0,1,4,80.62,C,6,0,0
6323,3,female,50.3,4,2,10.83,C,7,0,0
6324,3,female,26.8,1,3,97.2,C,5,0,0
6325,3,male,22.1,2,2,7.27,C,5,0,0
6326,3,male,48.0,5,3,7.49,C,9,0,1
6327,3,female,47.5,3,4,3.25,C,8,0,0
6337,1,male,62.8,1,0,3.5,C,2,0,0
6338,1,male,21.2,1,0,12.42,C,2,0,0
6339,3,male,25.0,4,3,30.29,C,8,0,0
6346,3,female,24.5,1,2,4.4,C,4,0,0
6350,1,male,31.5,1,1,18.83,C,3,0,0
6351,3,male,26.7,4,1,13.58,C,6,0,0
6360,3,female,13.7,1,3,51.36,C,5,0,0
6362,2,female,28.9,0,2,22.94,C,3,0,0
6365,2,female,45.5,2,3,50.58,C,6,0,0
6368,3,male,30.8,1,1,3.42,C,3,0,0
6383,3,male,24.2,5,1,24.36,C,7,0,0
6393,3,male,11.8,2,0,37.24,C,3,0,1
6399,3,female,31.1,3,0,57.09,C,4,0,1
6410,3,male,49.2,2,4,23.02,C,7,0,0
6413,3,male,36.6,4,4,26.55,C,9,0,0
6417,3,female,23.0,1,1,33.96,C,3,0,1
6425,3,male,46.2,5,0,26.83,C,6,0,0
6427,1,female,29.1,4,3,57.23,C,8,0,1
6435,2,female,11.1,2,3,7.43,C,6,0,0
6437,3,male,35.0,3,1,57.71,C,5,0,0
6439,1,male,24.2,2,4,38.19,C,7,0,0
6442,3,male,15.5,3,0,54.74,C,4,0,1
6448,3,male,40.3,2,3,28.04,C,6,0,0
6449,2,male,24.6,4,2,28.52,C,7,0,0
6452,1,male,35.8,1,2,20.66,C,4,0,0
6455,1,male,29.4,0,0,34.23,C,1,1,0
6456,1,male,24.1,1,2,31.23,C,4,0,0
6462,3,male,25.8,5,2,82.72,C,8,0,1
6479,2,male,31.0,0,0,38.61,C,1,1,0
6491,3,female,27.0,3,3,23.41,C,7,0,0
6496,2,male,24.1,1,1,21.15,C,3,0,0
6497,3,male,0.0,1,0,47.07,C,2,0,0
6500,2,female,34.4,1,1,10.29,C,3,0,0
6508,3,male,14.6,1,4,58.42,C,6,0,1
6509,2,female,47.1,1,4,64.36,C,6,0,1
6525,1,male,7.6,0,0,13.77,C,1,1,1
6527,3,male,46.8,0,1,5.54,C,2,0,1
6531,1,male,53.6,0,4,27.37,C,5,0,1
6532,1,male,60.4,4,1,6.07,C,6,0,1
6539,3,male,18.9,5,4,10.91,C,10,0,0
6544,3,male,40.6,3,1,55.46,C,5,0,0
6548,3,male,36.8,2,3,33.69,C,6,0,0
6551,2,male,23.3,5,0,27.34,C,6,0,0
6555,2,female,14.9,1,0,1.92,C,2,0,1
6560,3,male,54.0,2,0,3.88,C,3,0,0
6565,3,male,16.5,1,2,5.96,C,4,0,0
6577,2,male,9.2,1,3,12.21,C,5,0,0
6581,3,male,20.5,5,1,50.58,C,7,0,1
6586,3,female,40.8,1,3,6.48,C,5,0,0
6588,3,female,23.4,5,4,35.15,C,10,0,0
6592,3,male,42.9,1,3,17.29,C,5,0,0
6599,3,male,36.6,3,1,47.99,C,5,0,0
6606,3,female,36.7,0,1,49.77,C,2,0,0
6616,2,female,30.5,3,2,26.55,C,6,0,0
6618,1,female,37.5,3,0,69.83,C,4,0,0
6625,1,male,51.9,4,4,0.64,C,9,0,0
6642,1,female,19.3,5,1,142.6,C,7,0,0
6647,1,male,9.5,3,3,41.69,C,7,0,1
6656,3,male,36.5,4,2,33.98,C,7,0,0
6658,3,male,29.2,5,3,0.47,C,9,0,0
6660,1,male,0.0,5,2,38.86,C,8,0,0
6664,1,male,35.6,5,3,23.92,C,9,0,1
6668,1,female,39.0,5,2,17.73,C,8,0,0
6671,3,male,34.1,4,3,56.98,C,8,0,1
6689,2,female,29.8,1,0,123.31,C,2,0,0
6690,3,male,36.9,4,0,51.79,C,5,0,1
6695,3,male,44.6,4,4,1.54,C,9,0,1
6701,3,male,26.1,2,0,49.41,C,3,0,1
6702,3,female,23.4,5,2,28.28,C,8,0,0
6705,3,male,40.7,3,3,57.02,C,7,0,1
6706,3,male,10.8,2,2,19.01,C,5,0,1
6710,3,female,36.0,2,0,18.36,C,3,0,0
6711,2,female,34.6,3,1,35.86,C,5,0,0
6713,1,male,43.9,4,1,7.89,C,6,0,1
6726,3,male,25.5,4,4,51.68,C,9,0,0
6732,3,male,4.1,1,1,34.24,C,3,0,1
6742,2,male,24.7,3,0,8.31,C,4,0,0
6743,3,male,25.3,5,3,5.48,C,9,0,1
6752,3,male,41.1,0,4,4.14,C,5,0,0
6755,1,male,4.8,1,4,7.15,C,6,0,0
6759,2,male,37.9,4,3,23.35,C,8,0,0
6761,2,male,24.5,1,2,14.37,C,4,0,0
6763,2,male,14.7,3,1,10.99,C,5,0,0
6764,3,female,32.6,2,4,6.0,C,7,0,1
6772,3,male,46.8,4,0,19.72,C,5,0,1
6781,3,male,46.5,3,4,60.88,C,8,0,0
6789,2,female,14.3,0,3,69.74,C,4,0,0
6792,2,male,29.8,1,3,4.45,C,5,0,0
6793,3,male,31.7,4,0,36.56,C,5,0,0
6794,3,male,4.5,3,4,6.23,C,8,0,0
6797,3,male,30.4,1,2,69.06,C,4,0,0
6801,2,female,50.9,1,3,18.01,C,5,0,0
6802,3,male,28.1,5,0,44.98,C,6,0,0
6815,3,male,13.1,3,4,92.21,C,8,0,0
6818,3,male,27.2,0,3,17.77,C,4,0,1
6823,1,female,32.1,5,1,4.11,C,7,0,1
6824,2,male,2.3,0,3,18.62,C,4,0,0
6827,3,male,21.0,2,3,3.08,C,6,0,0
6828,3,male,23.1,0,1,37.55,C,2,0,1
6835,3,female,50.8,0,0,25.46,C,1,1,0
6837,2,male,59.7,3,0,35.92,C,4,0,0
6839,3,female,16.6,4,0,8.55,C,5,0,1
6842,3,female,40.7,2,1,1.99,C,4,0,0
6855,3,male,66.8,4,4,11.01,C,9,0,0
6861,3,male,30.3,3,2,31.32,C,6,0,1
6869,1,male,21.9,4,2,37.03,C,7,0,1
6870,3,female,47.8,4,2,60.69,C,7,0,0
6871,3,female,66.4,4,2,75.52,C,7,0,0
6874,3,male,36.0,3,2,34.19,C,6,0,1
6882,3,male,38.9,2,1,42.55,C,4,0,0
6884,1,female,19.3,1,0,1.57,C,2,0,1
6895,3,male,10.1,3,4,21.77,C,8,0,1
6907,2,male,28.7,4,3,41.05,C,8,0,1
6928,3,female,32.0,5,3,4.7,C,9,0,1
6936,3,male,15.1,1,1,14.91,C,3,0,0
6942,3,male,45.9,5,2,8.86,C,8,0,1
6951,3,female,55.5,2,1,8.0,C,4,0,0
6957,3,male,15.1,0,4,23.74,C,5,0,1
6970,2,male,42.1,5,1,36.82,C,7,0,0
6972,3,male,13.4,0,4,36.8,C,5,0,0
6974,3,female,37.2,4,4,9.62,C,9,0,0
6996,3,male,26.4,2,0,37.54,C,3,0,1
7002,3,male,33.9,0,3,11.85,C,4,0,1
7015,3,male,15.3,3,2,92.24,C,6,0,1
7021,2,female,41.8,5,4,126.72,C,10,0,1
7022,3,male,55.4,5,3,39.58,C,9,0,1
7031,3,male,51.1,1,2,2.81,C,4,0,0
7039,3,female,35.6,1,2,41.91,C,4,0,1
7040,3,female,41.0,3,0,56.05,C,4,0,1
7043,2,female,41.7,5,1,2.17,C,7,0,0
7045,1,male,27.9,5,0,18.64,C,6,0,0
7047,1,male,56.0,4,2,24.84,C,7,0,0
7053,3,female,11.3,0,3,14.19,C,4,0,0
7072,1,male,36.8,3,3,26.95,C,7,0,1
7073,1,female,1.5,3,4,44.9,C,8,0,0
7082,3,female,62.3,2,1,34.74,C,4,0,0
7096,3,female,29.6,1,3,0.56,C,5,0,1
7099,2,female,37.8,2,1,4.04,C,4,0,1
7111,3,male,34.2,3,4,10.3,C,8,0,1
7112,2,male,32.4,4,3,7.95,C,8,0,0
7116,3,female,0.6,1,0,29.35,C,2,0,1
7121,1,female,46.7,4,4,48.63,C,9,0,0
7122,3,female,33.9,3,0,34.34,C,4,0,0
7124,3,male,33.0,4,1,66.81,C,6,0,0
7136,1,male,34.6,2,1,52.68,C,4,0,1
7142,1,male,14.2,4,0,31.13,C,5,0,1
7143,3,female,57.8,2,2,118.13,C,5,0,0
7145,2,female,17.6,2,1,39.08,C,4,0,1
7150,3,male,28.7,0,2,27.49,C,3,0,1
7157,3,male,0.8,1,2,47.46,C,4,0,0
7160,2,male,16.2,1,0,16.67,C,2,0,1
7168,1,female,58.1,5,0,18.69,C,6,0,0
7174,3,female,49.6,2,2,98.79,C,5,0,0
7183,3,male,49.1,4,3,10.11,C,8,0,1
7185,2,male,14.5,4,0,20.31,C,5,0,1
7190,2,male,22.1,1,2,13.38,C,4,0,0
7198,3,male,0.0,5,4,19.04,C,10,0,1
7203,3,male,19.1,2,4,44.24,C,7,0,0
7206,2,female,10.0,2,2,42.91,C,5,0,0
7208,3,female,0.0,4,0,12.82,C,5,0,0
7209,3,male,63.5,5,3,7.0,C,9,0,1
7210,3,female,28.1,2,0,20.59,C,3,0,0
7212,1,male,26.5,4,3,30.78,C,8,0,0
7213,3,female,27.0,4,3,26.69,C,8,0,0
7218,3,male,33.3,3,0,0.09,C,4,0,1
7223,3,female,16.7,4,2,16.5,C,7,0,0
7229,1,female,28.3,2,2,24.98,C,5,0,0
7230,2,female,25.9,0,0,104.31,C,1,1,0
7234,1,female,56.9,3,0,39.48,C,4,0,0
7240,3,female,7.2,3,4,13.65,C,8,0,1
7243,3,female,37.6,0,0,17.67,C,1,1,0
7244,3,male,19.5,5,4,66.03,C,10,0,0
7259,3,male,56.0,2,3,4.6,C,6,0,0
7262,1,male,37.1,0,1,11.59,C,2,0,1
7263,1,male,37.6,4,1,18.62,C,6,0,0
7265,3,male,9.5,4,3,9.87,C,8,0,0
7281,2,female,25.7,5,1,12.82,C,7,0,0
7285,3,female,21.7,5,1,5.72,C,7,0,0
7292,3,male,32.2,1,0,9.25,C,2,0,0
7301,3,male,1.6,4,4,16.12,C,9,0,0
7303,3,male,27.9,3,0,1.09,C,4,0,1
7305,2,male,23.2,1,3,31.88,C,5,0,1
7308,3,female,28.5,4,2,88.22,C,7,0,1
7310,2,female,32.8,1,2,2.11,C,4,0,1
7315,1,male,28.5,0,2,14.89,C,3,0,1
7318,3,male,26.7,0,4,24.15,C,5,0,0
7320,3,female,31.3,1,0,16.69,C,2,0,0
7347,2,female,23.1,0,3,23.49,C,4,0,0
7348,2,female,37.3,2,2,55.97,C,5,0,1
7357,1,male,34.0,4,1,13.98,C,6,0,1
7365,3,male,34.4,2,4,6.28,C,7,0,0
7366,3,female,1.2,2,0,5.7,C,3,0,0
7371,3,male,31.5,0,3,10.59,C,4,0,1
7379,3,male,37.5,1,1,7.08,C,3,0,0
7384,1,male,32.7,4,3,70.42,C,8,0,1
7394,3,female,55.8,3,4,7.49,C,8,0,0
7398,3,male,31.2,0,4,77.55,C,5,0,1
7420,1,male,10.6,0,4,87.51,C,5,0,0
7425,1,female,18.9,2,0,66.84,C,3,0,0
7429,2,male,33.8,3,1,34.29,C,5,0,1
7433,2,male,39.7,4,4,36.72,C,9,0,0
7447,3,male,62.0,4,3,6.9,C,8,0,0
7451,2,female,12.6,4,2,10.64,C,7,0,0
7467,3,male,22.3,2,2,23.55,C,5,0,1
7475,2,male,18.4,2,3,36.26,C,6,0,0
7476,1,female,36.2,4,3,9.58,C,8,0,1
7477,2,male,42.2,5,4,58.64,C,10,0,0
7487,3,female,30.0,5,3,51.92,C,9,0,1
7488,3,male,44.8,4,4,18.68,C,9,0,0
7499,2,female,28.7,5,3,12.3,C,9,0,1
7501,1,male,1.1,3,2,31.36,C,6,0,1
7512,3,female,12.4,3,0,104.9,C,4,0,0
7523,2,female,13.4,4,3,15.31,C,8,0,1
7530,1,male,13.0,4,4,6.21,C,9,0,0
7532,3,male,26.9,1,4,34.08,C,6,0,0
7533,3,female,41.8,3,1,54.27,C,5,0,0
7536,2,male,47.2,2,0,12.08,C,3,0,1
7544,3,male,19.5,5,4,42.51,C,10,0,0
7552,3,female,28.7,4,1,26.72,C,6,0,1
7553,3,female,53.6,3,1,111.56,C,5,0,0
7560,3,male,46.2,0,2,114.65,C,3,0,1
7570,1,female,49.6,2,0,8.06,C,3,0,0
7574,2,female,8.4,0,4,31.68,C,5,0,0
7579,3,male,0.2,3,0,4.5,C,4,0,1
7580,3,female,48.5,5,2,6.07,C,8,0,1
7581,3,female,40.2,2,3,1.64,C,6,0,0
7602,2,male,10.9,2,4,61.8,C,7,0,0
7606,3,female,15.0,3,3,64.29,C,7,0,0
7608,3,male,72.9,3,3,53.57,C,7,0,0
7627,2,male,11.3,1,2,85.93,C,4,0,0
7631,3,female,30.9,4,4,81.79,C,9,0,0
7636,3,male,20.1,2,1,19.85,C,4,0,0
7640,3,male,44.6,3,0,64.6,C,4,0,0
7643,1,female,35.3,5,4,20.7,C,10,0,0
7645,1,male,20.8,5,2,126.99,C,8,0,1
7646,3,male,6.8,1,2,28.07,C,4,0,0
7651,3,male,0.5,3,2,2.79,C,6,0,0
7654,3,male,56.9,4,0,7.82,C,5,0,1
7661,3,female,16.5,0,1,86.45,C,2,0,1
7665,1,male,54.1,3,1,17.48,C,5,0,0
7674,2,female,26.5,3,4,65.61,C,8,0,0
7676,2,female,39.1,2,2,11.33,C,5,0,1
7692,3,male,13.5,1,2,14.45,C,4,0,0
7695,3,male,53.1,3,3,11.23,C,7,0,1
7699,3,female,33.7,0,1,24.62,C,2,0,0
7702,3,female,10.3,0,2,17.61,C,3,0,1
7706,3,female,29.7,2,4,26.45,C,7,0,0
7707,2,female,41.5,0,0,42.39,C,1,1,1
7712,3,male,28.2,5,1,15.92,C,7,0,0
7713,3,male,22.3,4,1,34.93,C,6,0,0
7715,1,male,44.8,1,2,24.27,C,4,0,1
7719,2,male,0.0,1,2,18.46,C,4,0,1
7727,1,male,30.0,1,3,4.4,C,5,0,0
7731,1,male,29.8,0,1,12.01,C,2,0,0
7733,1,male,24.1,1,0,49.77,C,2,0,1
7734,3,female,39.8,0,3,38.4,C,4,0,0
7742,3,male,41.1,4,4,14.54,C,9,0,1
7747,2,female,43.1,3,1,39.14,C,5,0,1
7748,2,male,25.5,4,1,1.39,C,6,0,0
7753,3,male,57.9,3,4,2.09,C,8,0,0
7757,3,male,18.1,0,3,10.34,C,4,0,1
7766,1,female,26.1,5,4,12.02,C,10,0,0
7767,1,male,0.0,2,4,25.83,C,7,0,0
7768,3,female,3.4,5,0,3.03,C,6,0,0
7769,2,male,25.6,2,0,81.52,C,3,0,1
7788,3,male,16.4,3,1,10.67,C,5,0,0
7796,3,male,18.7,5,1,48.66,C,7,0,1
7799,2,male,26.0,4,2,8.25,C,7,0,0
7804,3,male,50.1,1,0,29.79,C,2,0,0
7808,2,male,21.8,1,4,21.57,C,6,0,0
7809,3,female,22.9,5,2,3.31,C,8,0,0
7811,1,female,16.7,4,0,24.35,C,5,0,0
7815,3,male,28.9,2,0,62.6,C,3,0,0
7818,3,male,19.1,0,2,1.96,C,3,0,1
7829,3,male,36.8,3,4,46.7,C,8,0,0
7835,3,male,43.6,1,0,59.47,C,2,0,0
7838,3,male,41.3,4,4,49.27,C,9,0,0
7842,3,female,43.6,0,3,5.54,C,4,0,0
7847,1,male,37.7,3,4,14.38,C,8,0,0
7852,2,male,38.9,4,1,42.23,C,6,0,1
7855,3,female,32.5,1,0,6.09,C,2,0,0
7860,3,male,27.3,3,0,32.45,C,4,0,0
7863,2,male,25.5,0,1,8.43,C,2,0,1
7875,3,male,26.7,0,2,37.62,C,3,0,0
7877,3,male,41.4,4,1,6.13,C,6,0,0
7879,3,female,28.3,2,4,11.34,C,7,0,0
7881,3,male,22.6,2,0,2.97,C,3,0,0
7882,3,male,16.2,2,1,8.75,C,4,0,0
7885,3,male,5.0,4,1,86.72,C,6,0,1
7892,3,female,29.2,0,3,31.48,C,4,0,1
7894,3,male,39.3,0,0,8.12,C,1,1,0
7897,2,male,0.0,2,3,49.77,C,6,0,0
7900,1,female,42.9,5,4,14.16,C,10,0,0
7906,2,female,6.2,4,0,43.26,C,5,0,0
7914,3,female,33.8,4,1,31.3,C,6,0,0
7916,3,male,19.4,4,0,21.88,C,5,0,1
7921,3,male,14.7,1,4,9.53,C,6,0,1
7924,2,female,13.0,4,1,0.19,C,6,0,1
7927,3,male,43.3,1,2,51.0,C,4,0,1
7929,3,female,18.1,0,0,34.73,C,1,1,0
7933,3,male,11.6,5,2,44.57,C,8,0,0
7940,2,male,15.2,1,3,22.55,C,5,0,0
7948,2,male,23.8,2,0,14.9,C,3,0,1
7963,3,female,25.2,0,1,33.97,C,2,0,0
7977,2,male,29.7,2,1,25.8,C,4,0,1
7986,2,male,54.1,3,3,109.96,C,7,0,1
7990,1,male,22.1,5,1,38.58,C,7,0,1
7995,1,male,23.5,4,0,40.01,C,5,0,0
7997,3,male,33.7,1,2,105.09,C,4,0,0
7999,2,male,6.2,4,3,8.54,C,8,0,0
8000,3,male,28.3,5,1,9.26,C,7,0,1
8001,1,female,27.9,2,2,54.74,C,5,0,1
8002,2,male,20.0,1,4,2.66,C,6,0,0
8005,1,female,30.9,0,0,77.09,C,1,1,0
8007,3,male,53.3,4,4,1.8,C,9,0,0
8008,2,female,12.8,4,0,72.21,C,5,0,1
8010,3,male,22.7,1,2,25.53,C,4,0,1
8026,3,male,24.5,4,4,4.26,C,9,0,1
8031,2,female,34.6,3,0,61.8,C,4,0,1
8032,1,male,60.6,4,4,84.65,C,9,0,0
8034,1,male,24.5,3,2,40.97,C,6,0,1
8039,3,female,38.3,0,0,15.15,C,1,1,1
8044,3,male,4.1,5,0,34.87,C,6,0,0
8045,2,male,33.7,3,3,20.07,C,7,0,0
8048,2,female,42.1,4,1,57.09,C,6,0,1
8050,3,male,46.4,1,0,7.67,C,2,0,0
8051,2,female,0.0,3,1,42.45,C,5,0,0
8059,1,male,12.1,1,3,14.15,C,5,0,0
8075,3,male,28.2,1,3,4.56,C,5,0,0
8084,3,female,9.3,3,4,62.18,C,8,0,1
8086,2,female,0.0,4,3,22.05,C,8,0,1
8092,3,male,26.7,1,0,14.46,C,2,0,0
8097,3,female,33.9,5,0,75.19,C,6,0,0
8098,3,female,24.4,4,1,19.49,C,6,0,0
8103,1,male,21.9,5,0,59.57,C,6,0,0
8106,3,female,30.6,5,4,63.83,C,10,0,0
8109,2,male,48.2,5,4,50.06,C,10,0,1
8110,1,male,21.4,0,0,4.27,C,1,1,0
8114,3,female,29.1,5,4,37.7,C,10,0,0
8116,3,female,26.6,0,0,35.6,C,1,1,1
8119,3,female,9.2,1,2,155.4,C,4,0,0
8125,2,male,51.5,2,4,4.09,C,7,0,0
8127,2,male,46.0,5,2,2.34,C,8,0,1
8129,3,female,9.0,0,0,61.8,C,1,1,0
8131,2,male,34.1,5,0,28.02,C,6,0,0
8132,1,female,15.9,3,4,5.62,C,8,0,1
8151,2,male,29.9,2,2,8.87,C,5,0,1
8156,3,male,25.9,1,1,20.15,C,3,0,1
8161,2,male,30.6,2,2,2.38,C,5,0,0
8175,2,male,57.8,3,2,63.13,C,6,0,0
8183,1,male,20.7,5,3,7.27,C,9,0,1
8187,1,female,23.3,1,2,65.28,C,4,0,1
8194,2,male,9.7,1,2,21.21,C,4,0,0
8195,1,male,4.3,1,3,43.72,C,5,0,0
8197,3,male,33.5,4,2,8.51,C,7,0,0
8200,3,female,29.6,1,3,44.02,C,5,0,0
8205,3,male,24.9,0,1,8.16,C,2,0,0
8208,3,male,42.8,5,3,9.05,C,9,0,0
8217,3,male,46.8,2,2,73.77,C,5,0,0
8219,3,male,17.6,2,1,44.94,C,4,0,1
8220,2,male,34.0,1,2,44.67,C,4,0,1
8222,1,female,22.8,1,4,11.33,C,6,0,0
8224,1,female,35.4,2,2,2.49,C,5,0,0
8227,1,male,27.3,1,0,1.07,C,2,0,0
8233,2,female,74.1,0,0,11.56,C,1,1,0
8243,3,male,30.9,0,2,23.97,C,3,0,0
8245,3,female,7.8,1,2,52.96,C,4,0,1
8251,1,female,43.9,0,4,65.16,C,5,0,1
8264,3,female,31.4,0,4,47.43,C,5,0,1
8270,3,female,21.7,0,0,4.02,C,1,1,0
8276,1,female,35.8,5,3,16.58,C,9,0,0
8281,2,female,52.6,2,3,4.32,C,6,0,1
8285,3,female,2.3,0,3,13.87,C,4,0,1
8289,2,female,29.4,3,4,2.01,C,8,0,0
8291,2,male,31.4,4,4,22.28,C,9,0,1
8298,2,female,29.7,2,1,24.47,C,4,0,0
8301,2,male,42.6,3,4,20.76,C,8,0,0
8308,3,female,26.6,1,1,0.25,C,3,0,0
8321,2,female,16.8,1,3,23.9,C,5,0,1
8330,2,female,28.8,4,1,9.07,C,6,0,1
8332,3,female,15.5,3,3,53.22,C,7,0,1
8334,3,female,32.1,4,0,65.57,C,5,0,1
8341,3,female,20.5,4,3,76.73,C,8,0,0
8343,3,male,13.1,2,2,0.23,C,5,0,0
8348,2,male,40.0,2,1,29.12,C,4,0,0
8355,3,male,32.6,3,3,53.65,C,7,0,0
8361,1,male,20.4,3,0,12.23,C,4,0,0
8363,3,female,36.3,4,3,26.01,C,8,0,0
8370,1,male,32.3,4,1,6.77,C,6,0,0
8377,3,male,15.5,1,1,44.11,C,3,0,0
8378,3,female,24.2,2,3,3.54,C,6,0,0
8379,1,male,14.9,3,1,11.76,C,5,0,0
8380,3,female,29.1,1,2,26.82,C,4,0,0
8381,3,female,24.2,1,2,32.09,C,4,0,0
8385,1,male,13.8,5,4,57.53,C,10,0,0
8386,1,male,20.6,2,3,131.65,C,6,0,1
8387,3,female,39.5,5,4,10.68,C,10,0,0
8394,3,male,4.0,4,1,1.93,C,6,0,1
8396,2,female,21.3,1,4,106.64,C,6,0,0
8400,3,male,41.6,5,1,2.15,C,7,0,0
8402,3,male,30.3,2,2,1.62,C,5,0,0
8405,1,female,29.4,0,2,3.23,C,3,0,0
8406,3,female,39.4,3,3,28.87,C,7,0,0
8409,3,female,30.0,1,4,36.93,C,6,0,0
8410,1,male,50.1,4,2,10.13,C,7,0,0
8420,2,female,31.3,1,4,119.87,C,6,0,0
8421,1,male,49.7,0,2,9.9,C,3,0,0
8425,3,male,26.7,0,4,43.65,C,5,0,0
8442,3,male,24.9,4,1,16.43,C,6,0,1
8443,3,male,31.8,2,1,33.4,C,4,0,0
8446,3,male,0.0,4,2,18.32,C,7,0,0
8448,3,male,0.0,5,4,9.75,C,10,0,0
8453,3,male,36.6,3,3,0.56,C,7,0,0
8460,3,male,54.6,1,3,75.93,C,5,0,1
8469,2,male,9.5,0,0,14.29,C,1,1,0
8477,1,male,9.5,1,3,110.81,C,5,0,1
8481,3,male,44.6,3,0,3.48,C,4,0,0
8492,3,female,19.2,2,1,9.28,C,4,0,0
8496,3,male,0.0,4,0,53.63,C,5,0,1
8497,3,female,18.6,5,0,40.55,C,6,0,0
8503,3,male,27.4,1,4,25.14,C,6,0,1
8504,1,female,35.5,1,3,4.76,C,5,0,0
8510,1,female,24.0,2,2,34.39,C,5,0,0
8511,2,male,13.8,2,4,38.26,C,7,0,1
8514,1,male,16.3,0,0,27.32,C,1,1,0
8517,1,male,42.4,4,1,0.12,C,6,0,1
8525,3,male,36.1,0,3,69.37,C,4,0,0
8526,3,male,22.1,2,3,12.43,C,6,0,0
8528,2,male,42.4,1,3,2.14,C,5,0,1
8533,3,male,31.6,2,4,65.11,C,7,0,1
8536,1,male,20.1,5,1,38.72,C,7,0,0
8538,1,male,1.0,1,1,29.33,C,3,0,0
8544,3,male,5.7,1,1,7.76,C,3,0,0
8545,2,female,45.7,3,1,22.1,C,5,0,0
8548,3,female,27.7,1,1,98.79,C,3,0,0
8549,2,male,17.0,4,0,55.71,C,5,0,0
8551,2,male,54.2,5,4,5.69,C,10,0,0
8552,2,male,45.5,1,3,38.35,C,5,0,1
8561,3,male,12.0,0,3,102.06,C,4,0,1
8568,3,male,38.3,1,4,3.23,C,6,0,0
8583,2,male,15.2,3,1,15.85,C,5,0,0
8584,3,male,55.4,4,0,28.5,C,5,0,0
8591,3,male,33.0,2,4,9.08,C,7,0,0
8594,3,male,33.2,2,2,7.32,C,5,0,1
8596,1,female,21.4,4,1,52.54,C,6,0,0
8612,3,male,7.2,4,1,19.2,C,6,0,1
8614,3,female,38.3,1,1,1.15,C,3,0,0
8625,3,female,42.3,0,1,2.71,C,2,0,0
8636,3,male,33.8,0,4,86.86,C,5,0,1
8639,1,female,35.7,2,2,23.7,C,5,0,0
8640,1,male,41.4,3,2,86.67,C,6,0,1
8653,3,female,50.6,1,2,15.1,C,4,0,0
8659,3,male,22.4,1,1,12.36,C,3,0,1
8661,1,female,41.4,3,0,6.98,C,4,0,0
8662,3,female,26.8,4,4,32.39,C,9,0,0
8673,3,male,30.6,0,4,38.27,C,5,0,0
8676,2,female,48.3,1,1,36.13,C,3,0,0
8679,1,male,13.8,0,0,25.16,C,1,1,0
8680,3,female,4.4,4,1,28.89,C,6,0,0
8681,3,female,37.3,1,2,17.72,C,4,0,1
8689,3,male,30.0,4,0,53.3,C,5,0,0
8692,3,female,43.2,5,4,6.79,C,10,0,0
8714,3,male,26.1,5,2,84.74,C,8,0,1
8722,2,male,33.9,3,2,32.32,C,6,0,0
8728,2,female,18.2,5,1,16.0,C,7,0,0
8733,3,male,38.8,0,1,20.29,C,2,0,0
8738,2,male,23.6,0,4,0.14,C,5,0,0
8757,1,female,29.6,0,0,9.26,C,1,1,0
8761,2,male,48.5,2,4,18.35,C,7,0,1
8764,1,female,27.3,1,2,7.02,C,4,0,0
8778,3,male,37.0,3,0,17.97,C,4,0,1
8779,3,male,16.6,4,1,6.29,C,6,0,0
8782,3,male,14.1,2,2,58.15,C,5,0,0
8787,3,female,53.1,1,1,54.83,C,3,0,1
8791,2,male,10.4,5,2,6.93,C,8,0,0
8793,3,male,11.0,5,1,41.21,C,7,0,1
8795,3,female,18.0,0,4,7.56,C,5,0,0
8810,2,male,31.1,5,2,2.42,C,8,0,0
8813,3,male,9.7,4,3,11.34,C,8,0,0
8816,2,female,53.5,3,4,25.86,C,8,0,0
8828,3,male,34.5,0,2,4.46,C,3,0,0
8829,3,female,19.5,3,3,21.13,C,7,0,0
8834,2,male,37.8,3,2,85.08,C,6,0,1
8838,3,male,47.3,2,3,40.77,C,6,0,1
8843,3,male,26.9,2,3,15.39,C,6,0,1
8848,3,male,23.9,2,2,0.96,C,5,0,0
8849,2,male,36.6,5,3,15.66,C,9,0,0
8855,3,male,22.6,2,3,10.38,C,6,0,0
8858,1,male,23.8,0,3,21.52,C,4,0,0
8860,1,male,28.3,3,4,50.65,C,8,0,0
8879,3,female,19.4,0,4,9.69,C,5,0,0
8880,3,male,19.3,2,2,8.6,C,5,0,0
8889,2,male,38.1,3,4,15.94,C,8,0,0
8907,3,male,22.0,4,0,35.88,C,5,0,1
8908,3,male,35.1,5,0,19.87,C,6,0,0
8918,1,male,6.6,5,4,9.84,C,10,0,0
8920,3,male,33.8,1,4,4.48,C,6,0,0
8921,1,male,30.0,3,4,29.8,C,8,0,0
8922,2,male,32.5,4,4,37.47,C,9,0,0
8923,3,female,24.9,1,4,3.03,C,6,0,1
8926,2,male,6.3,4,3,29.49,C,8,0,0
8931,2,female,25.5,5,2,98.37,C,8,0,0
8933,3,male,25.7,4,3,71.94,C,8,0,1
8934,1,female,18.1,2,2,27.49,C,5,0,0
8942,2,male,21.1,4,2,1.93,C,7,0,1
8945,3,male,26.7,1,1,51.0,C,3,0,1
8949,3,male,52.9,4,1,33.62,C,6,0,0
8952,3,female,27.7,4,0,55.35,C,5,0,0
8953,2,male,38.0,5,4,9.84,C,10,0,0
8958,3,male,24.3,5,0,7.3,C,6,0,0
8965,3,female,17.4,5,4,21.26,C,10,0,1
8977,3,female,26.2,2,3,2.64,C,6,0,1
8978,3,female,21.9,1,3,34.94,C,5,0,1
8981,2,female,26.2,1,1,58.61,C,3,0,1
9008,2,female,29.1,2,0,1.84,C,3,0,0
9010,3,male,43.5,4,0,38.85,C,5,0,0
9015,1,male,26.6,3,0,32.23,C,4,0,0
9017,3,female,42.1,0,1,15.62,C,2,0,1
9034,1,male,41.4,3,4,23.93,C,8,0,0
9045,2,female,40.3,3,4,28.78,C,8,0,0
9050,1,male,42.5,2,1,1.3,C,4,0,1
9061,3,male,19.4,1,0,64.77,C,2,0,1
9070,3,male,23.8,4,4,25.52,C,9,0,1
9071,1,male,31.7,4,1,16.89,C,6,0,1
9083,2,male,55.1,0,3,3.72,C,4,0,1
9084,3,female,29.6,2,2,10.87,C,5,0,0
9090,1,female,31.5,5,0,17.25,C,6,0,0
9094,3,male,28.6,5,0,38.78,C,6,0,0
9105,3,female,31.4,4,1,51.25,C,6,0,0
9117,3,male,42.7,4,0,31.96,C,5,0,1
9125,3,male,43.9,0,0,12.53,C,1,1,1
9129,3,female,0.0,4,0,14.4,C,5,0,1
9131,3,female,12.5,1,3,0.12,C,5,0,1
9151,2,male,34.3,2,3,40.87,C,6,0,0
9156,3,male,20.0,2,0,43.13,C,3,0,1
9163,1,male,18.9,0,1,7.24,C,2,0,0
9164,3,male,11.2,0,0,2.71,C,1,1,1
9165,1,male,9.8,0,2,20.16,C,3,0,1
9167,3,male,33.4,1,1,65.4,C,3,0,0
9169,3,male,16.9,3,1,112.04,C,5,0,0
9175,3,male,26.7,3,2,31.07,C,6,0,0
9179,3,female,36.0,4,4,10.46,C,9,0,0
9192,2,female,44.8,2,4,4.12,C,7,0,1
9201,1,female,22.9,2,2,15.05,C,5,0,0
9202,3,male,50.9,2,1,18.84,C,4,0,0
9205,3,male,23.1,0,2,12.77,C,3,0,0
9210,3,female,21.1,5,2,2.42,C,8,0,1
9214,3,male,13.1,4,0,18.3,C,5,0,0
9217,1,male,20.6,4,4,6.89,C,9,0,1
9220,3,male,33.4,1,3,46.58,C,5,0,0
9225,1,male,11.7,2,4,27.27,C,7,0,1
9234,2,male,36.8,0,4,5.1,C,5,0,1
9244,2,male,42.0,0,2,19.33,C,3,0,0
9248,2,male,10.6,0,0,9.82,C,1,1,0
9253,3,female,29.6,5,3,41.83,C,9,0,0
9262,2,female,50.4,0,4,5.92,C,5,0,1
9265,3,male,20.1,1,2,0.39,C,4,0,0
9266,3,male,29.3,3,4,8.07,C,8,0,0
9267,3,male,8.9,1,2,14.18,C,4,0,0
9270,3,male,48.7,4,4,14.32,C,9,0,0
9273,1,female,27.4,3,0,1.62,C,4,0,0
9283,1,female,57.6,5,2,139.32,C,8,0,0
9294,2,male,5.6,3,2,34.31,C,6,0,1
9299,3,male,34.8,5,4,70.42,C,10,0,0
9300,3,male,41.5,5,4,33.62,C,10,0,0
9311,3,male,35.3,1,2,52.19,C,4,0,0
9315,2,female,50.6,5,2,5.16,C,8,0,0
9320,3,male,35.8,3,3,6.24,C,7,0,0
9330,2,female,17.9,1,4,23.04,C,6,0,1
9332,3,male,30.4,0,1,41.48,C,2,0,0
9340,3,male,34.2,4,1,13.67,C,6,0,1
9341,2,female,21.6,4,0,39.28,C,5,0,0
9347,1,male,27.8,4,1,16.27,C,6,0,1
9352,3,male,12.4,2,0,14.41,C,3,0,1
9356,3,male,0.0,0,4,0.97,C,5,0,1
9364,3,male,19.7,2,2,171.44,C,5,0,0
9366,1,female,19.5,1,1,18.78,C,3,0,0
9367,3,female,35.2,3,0,3.81,C,4,0,1
9370,3,female,35.7,1,1,2.67,C,3,0,1
9389,3,male,55.9,5,0,99.88,C,6,0,0
9393,1,female,37.5,0,0,62.46,C,1,1,1
9406,3,male,24.5,1,3,27.9,C,5,0,0
9412,3,male,39.5,3,2,18.73,C,6,0,1
9413,3,male,15.1,0,0,48.94,C,1,1,0
9431,2,male,27.9,1,2,7.38,C,4,0,0
9434,2,male,46.3,1,2,7.71,C,4,0,0
9438,1,male,33.6,1,0,0.71,C,2,0,0
9443,1,male,20.6,3,2,15.71,C,6,0,0
9449,2,female,27.0,3,2,32.48,C,6,0,0
9451,2,female,51.3,3,0,73.59,C,4,0,1
9453,2,female,16.4,5,1,64.26,C,7,0,0
9455,1,male,18.9,3,3,32.0,C,7,0,0
9458,1,male,32.0,0,2,8.32,C,3,0,1
9467,1,female,18.0,3,0,52.9,C,4,0,1
9484,3,male,21.5,3,2,4.32,C,6,0,1
9492,1,male,44.6,1,2,2.56,C,4,0,0
9496,1,male,25.7,1,0,11.47,C,2,0,0
9497,3,female,35.7,2,4,14.12,C,7,0,0
9501,3,male,16.6,1,3,11.84,C,5,0,1
9510,2,male,25.2,5,1,3.78,C,7,0,0
9518,3,female,40.8,0,2,20.23,C,3,0,0
9532,3,female,41.7,5,1,54.74,C,7,0,0
9537,3,male,41.0,4,4,23.79,C,9,0,1
9539,3,male,33.9,5,3,9.11,C,9,0,0
9548,3,male,38.3,1,0,67.43,C,2,0,0
9551,3,female,39.9,1,1,12.76,C,3,0,1
9555,1,male,2.2,5,2,21.19,C,8,0,1
9558,3,female,15.8,5,1,6.2,C,7,0,1
9562,2,male,37.7,3,4,15.79,C,8,0,1
9564,3,male,26.7,2,2,15.46,C,5,0,0
9576,2,male,42.7,1,1,18.55,C,3,0,1
9577,3,female,22.6,4,4,45.51,C,9,0,1
9578,1,male,36.8,5,3,5.61,C,9,0,0
9586,2,male,28.1,2,4,18.22,C,7,0,0
9588,3,male,35.0,5,4,72.63,C,10,0,0
9595,3,female,34.3,5,1,0.23,C,7,0,0
9598,3,male,41.2,3,2,133.05,C,6,0,0
9607,3,female,40.2,2,1,17.95,C,4,0,0
9611,2,female,20.9,4,1,1.99,C,6,0,0
9612,3,male,19.9,2,4,60.54,C,7,0,1
9622,2,male,24.4,2,1,12.04,C,4,0,0
9625,1,male,29.1,1,2,11.88,C,4,0,0
9629,1,male,18.9,1,0,17.83,C,2,0,0
9632,2,female,28.0,2,4,20.42,C,7,0,0
9642,2,male,64.0,2,1,73.45,C,4,0,0
9651,1,female,33.9,4,4,10.39,C,9,0,0
9655,1,male,18.4,1,1,79.89,C,3,0,0
9660,3,female,22.0,5,1,66.22,C,7,0,0
9664,2,male,20.0,4,1,39.6,C,6,0,0
9677,3,female,33.0,2,4,34.72,C,7,0,0
9679,3,female,23.0,1,1,40.53,C,3,0,0
9697,3,male,37.6,4,1,58.54,C,6,0,1
9699,1,female,13.3,0,1,28.8,C,2,0,1
9720,3,male,14.2,0,4,0.3,C,5,0,1
9729,1,male,28.6,1,1,34.97,C,3,0,0
9741,2,male,8.2,0,2,12.75,C,3,0,0
9752,2,female,7.6,2,0,0.89,C,3,0,0
9758,1,male,17.7,5,2,30.37,C,8,0,0
9760,1,male,47.0,3,0,2.19,C,4,0,1
9761,2,male,56.4,1,1,27.9,C,3,0,0
9765,3,male,32.0,2,2,16.59,C,5,0,0
9778,3,male,29.1,5,3,17.7,C,9,0,0
9788,2,male,10.2,4,4,57.37,C,9,0,0
9789,1,male,30.1,5,0,0.72,C,6,0,0
9791,1,male,35.7,4,1,37.17,C,6,0,0
9794,3,male,46.0,3,0,85.95,C,4,0,0
9798,3,female,18.7,5,4,106.57,C,10,0,0
9804,3,male,28.4,0,1,36.51,C,2,0,0
9806,3,male,26.0,4,1,11.52,C,6,0,1
9809,3,male,48.3,1,1,99.62,C,3,0,0
9813,2,male,35.9,1,3,26.68,C,5,0,1
9824,3,male,25.2,2,1,25.95,C,4,0,0
9831,3,male,44.3,4,3,8.22,C,8,0,1
9832,3,female,23.5,3,1,1.72,C,5,0,0
9837,3,male,21.6,2,4,68.56,C,7,0,0
9848,1,female,47.4,4,0,19.37,C,5,0,0
9852,3,female,22.6,5,3,19.13,C,9,0,0
9853,3,male,36.6,5,3,6.85,C,9,0,0
9858,3,female,34.4,3,1,57.71,C,5,0,0
9859,3,male,20.7,3,0,4.14,C,4,0,0
9860,1,male,28.3,0,1,42.82,C,2,0,1
9870,3,male,28.7,5,4,54.84,C,10,0,0
9872,1,male,28.1,4,1,42.51,C,6,0,0
9873,2,female,39.0,5,0,54.93,C,6,0,0
9876,3,male,30.0,3,3,19.09,C,7,0,0
9884,3,female,29.5,3,1,19.95,C,5,0,0
9887,1,male,15.0,2,1,139.23,C,4,0,1
9895,2,female,54.6,0,2,92.63,C,3,0,0
9898,1,male,23.6,0,2,27.55,C,3,0,1
9907,2,male,27.9,0,3,1.11,C,4,0,0
9908,3,female,52.8,3,4,45.84,C,8,0,0
9914,3,male,23.5,3,1,0.82,C,5,0,0
9917,3,male,22.3,3,1,33.65,C,5,0,0
9921,3,male,30.5,3,3,27.29,C,7,0,1
9925,3,male,10.3,5,3,54.62,C,9,0,0
9929,2,male,19.4,0,2,25.65,C,3,0,1
9937,3,male,21.9,4,1,136.34,C,6,0,1
9955,2,male,41.8,2,1,2.41,C,4,0,0
9957,3,male,23.9,2,2,72.01,C,5,0,1
9961,3,male,52.6,2,3,37.37,C,6,0,0
9976,1,male,53.5,3,4,17.5,C,8,0,0
9979,3,male,39.6,4,0,0.29,C,5,0,1
9980,3,male,18.7,0,0,64.55,C,1,1,0
9983,3,male,34.4,2,1,34.63,C,4,0,1
9986,3,male,36.7,5,1,22.15,C,7,0,0
9988,3,female,52.3,4,4,4.5,C,9,0,0
9998,3,male,9.3,2,1,7.43,C,4,0,0
10000,1,male,43.1,2,0,1.7,C,3,0,0
10001,1,male,37.5,5,2,9.73,C,8,0,0
10004,3,male,36.4,4,4,22.19,C,9,0,0
10008,2,male,11.2,4,1,210.55,C,6,0,1
10009,1,male,46.3,1,2,37.11,C,4,0,1
10017,3,male,56.5,1,2,28.44,C,4,0,0
10018,3,male,30.4,5,2,33.22,C,8,0,0
10019,3,female,10.2,2,4,9.67,C,7,0,0
10032,3,male,27.7,1,3,7.15,C,5,0,1
10036,1,female,0.0,4,4,12.03,C,9,0,1
10039,3,male,23.2,3,0,17.63,C,4,0,0
10041,3,female,23.9,1,3,15.17,C,5,0,0
10043,1,male,10.8,3,2,53.83,C,6,0,0
10044,1,male,38.3,2,1,36.18,C,4,0,1
10049,3,male,2.0,0,0,15.84,C,1,1,1
10050,3,male,33.1,4,0,10.69,C,5,0,1
10076,3,female,32.4,0,4,20.24,C,5,0,0
10077,2,female,33.7,3,0,48.98,C,4,0,0
10090,3,male,46.7,3,2,5.35,C,6,0,0
10096,3,male,31.3,5,4,67.73,C,10,0,0
10097,3,male,11.6,2,3,51.51,C,6,0,1
10104,3,female,28.4,5,3,3.3,C,9,0,1
10111,3,male,11.3,4,2,5.36,C,7,0,0
10123,3,female,39.1,2,2,21.16,C,5,0,1
10127,2,male,9.4,1,4,22.77,C,6,0,1
10129,1,female,20.0,5,0,9.52,C,6,0,1
10130,3,male,18.6,0,3,2.88,C,4,0,1
10136,3,male,58.2,5,0,9.65,C,6,0,0
10141,3,female,48.5,3,0,5.57,C,4,0,0
10146,1,female,25.2,4,3,49.46,C,8,0,1
10148,1,female,4.1,4,0,42.24,C,5,0,1
10153,3,female,28.7,1,0,45.66,C,2,0,0
10155,3,male,28.6,5,2,19.84,C,8,0,0
10162,2,male,30.5,3,2,48.66,C,6,0,0
10170,2,male,42.8,5,4,16.32,C,10,0,0
10174,3,female,36.3,5,0,2.91,C,6,0,0
10190,3,male,44.7,0,4,29.49,C,5,0,1
10193,1,female,22.7,3,1,23.62,C,5,0,1
10199,3,male,30.5,3,0,21.95,C,4,0,0
10200,3,female,49.6,5,0,2.02,C,6,0,0
10207,2,female,0.0,3,3,14.11,C,7,0,0
10212,2,female,29.0,5,0,12.53,C,6,0,0
10217,3,male,35.5,2,1,75.65,C,4,0,0
10225,3,male,45.0,5,0,6.55,C,6,0,0
10228,3,female,35.1,3,3,2.99,C,7,0,0
10230,3,male,0.0,2,3,29.66,C,6,0,0
10231,2,male,25.7,0,1,3.91,C,2,0,0
10234,3,female,15.0,5,3,28.14,C,9,0,1
10237,3,female,33.2,3,2,6.94,C,6,0,0
10243,2,female,35.8,4,4,49.94,C,9,0,0
10245,2,male,25.6,5,3,9.75,C,9,0,1
10247,3,female,25.9,3,0,62.11,C,4,0,1
10249,1,female,25.1,5,0,4.32,C,6,0,0
10250,3,male,25.5,0,4,11.94,C,5,0,1
10254,2,female,40.0,0,0,13.79,C,1,1,1
10255,3,male,14.7,2,1,90.21,C,4,0,0
10257,3,female,31.4,5,4,7.3,C,10,0,0
10266,3,female,31.5,4,4,19.4,C,9,0,0
10269,3,male,54.3,5,1,27.46,C,7,0,0
10276,2,female,37.8,3,0,64.61,C,4,0,1
10279,3,male,7.3,4,2,41.92,C,7,0,0
10288,2,male,40.1,1,2,47.14,C,4,0,0
10293,3,female,27.0,3,1,5.67,C,5,0,1
10298,2,male,19.7,3,4,14.18,C,8,0,0
10301,3,female,36.2,3,1,13.37,C,5,0,1
10316,1,male,0.0,2,0,28.57,C,3,0,0
10319,3,male,19.5,3,1,5.1,C,5,0,0
10325,3,female,29.5,4,0,50.22,C,5,0,0
10326,1,female,55.2,2,3,63.55,C,6,0,0
10337,3,male,52.7,5,4,30.48,C,10,0,0
10339,3,male,7.4,0,1,89.16,C,2,0,1
10340,2,female,30.8,3,3,19.14,C,7,0,0
10349,2,male,55.0,2,1,1.05,C,4,0,0
10355,1,male,28.3,0,3,14.94,C,4,0,0
10356,1,female,62.5,2,3,15.39,C,6,0,1
10360,3,male,34.4,5,0,43.18,C,6,0,1
10361,3,male,41.4,3,0,34.19,C,4,0,1
10381,3,male,23.0,1,0,17.76,C,2,0,1
10388,3,male,30.9,2,4,80.78,C,7,0,1
10403,3,female,33.1,1,4,8.94,C,6,0,0
10405,2,female,33.4,4,1,20.8,C,6,0,0
10420,3,female,22.3,1,2,13.78,C,4,0,0
10427,1,male,33.0,3,2,28.69,C,6,0,1
10436,1,male,13.9,2,0,47.74,C,3,0,0
10443,2,female,54.3,3,3,43.57,C,7,0,1
10449,3,male,41.7,3,1,18.63,C,5,0,1
10452,2,male,61.8,3,4,23.97,C,8,0,1
10461,1,male,0.0,0,1,66.95,C,2,0,0
10468,3,female,30.1,4,0,2.01,C,5,0,1
10469,3,female,41.3,0,2,14.9,C,3,0,0
10476,1,female,39.2,2,2,132.37,C,5,0,0
10480,1,male,21.3,4,4,10.19,C,9,0,0
10481,1,male,46.4,3,4,32.93,C,8,0,1
10494,1,male,22.2,4,1,30.94,C,6,0,0
10495,3,female,36.6,1,0,96.9,C,2,0,0
10496,3,female,19.9,1,0,140.28,C,2,0,0
10499,3,male,30.7,5,2,13.56,C,8,0,0
10507,1,male,13.0,3,0,23.64,C,4,0,0
10510,2,female,41.3,1,1,36.18,C,3,0,0
10517,3,male,43.5,4,2,6.48,C,7,0,0
10523,2,male,13.0,2,1,36.82,C,4,0,0
10527,3,male,36.2,0,4,20.46,C,5,0,0
10537,3,male,27.3,2,1,12.86,C,4,0,0
10538,3,male,45.1,4,0,23.25,C,5,0,0
10548,3,female,19.6,4,4,1.68,C,9,0,0
10555,3,male,45.8,3,1,0.87,C,5,0,0
10558,3,female,13.9,2,4,9.89,C,7,0,0
10559,3,male,21.7,3,3,25.88,C,7,0,1
10560,3,female,38.8,1,1,18.68,C,3,0,0
10561,1,male,30.5,4,4,14.45,C,9,0,1
10562,2,male,35.7,3,3,7.57,C,7,0,0
10575,1,male,40.9,0,4,39.2,C,5,0,1
10580,1,male,17.1,1,4,15.77,C,6,0,0
10582,1,male,40.5,4,2,21.55,C,7,0,0
10584,3,male,37.9,5,4,27.63,C,10,0,0
10589,2,female,47.6,0,0,5.0,C,1,1,0
10590,3,male,28.3,5,4,36.95,C,10,0,1
10592,3,male,15.9,1,1,23.37,C,3,0,0
10594,3,female,11.5,0,3,18.21,C,4,0,1
10598,2,male,26.0,2,0,11.61,C,3,0,0
10606,3,male,33.1,5,1,9.13,C,7,0,1
10611,2,male,15.1,3,1,11.85,C,5,0,1
10613,1,male,34.8,4,1,9.03,C,6,0,0
10626,3,male,26.9,2,1,18.53,C,4,0,1
10631,3,male,20.7,4,0,66.16,C,5,0,1
10635,3,male,31.0,3,1,35.96,C,5,0,1
10637,3,male,24.3,0,3,11.43,C,4,0,1
10639,1,female,13.5,5,4,8.67,C,10,0,0
10644,3,male,6.9,3,1,21.69,C,5,0,0
10645,3,female,36.3,5,0,63.7,C,6,0,0
10650,3,female,20.4,4,3,6.63,C,8,0,1
10652,1,male,28.9,5,4,39.02,C,10,0,1
10662,3,male,28.6,5,0,99.82,C,6,0,1
10665,3,female,27.9,0,0,4.27,C,1,1,0
10667,3,male,17.6,0,1,17.1,C,2,0,0
10675,3,female,30.0,5,2,39.79,C,8,0,1
10691,3,male,31.1,3,0,28.18,C,4,0,0
10701,1,male,17.3,2,2,25.06,C,5,0,0
10705,3,male,35.6,5,2,48.31,C,8,0,0
10707,1,female,0.0,4,1,60.46,C,6,0,0
10708,2,male,52.2,4,4,80.38,C,9,0,1
10711,1,male,11.4,0,2,34.55,C,3,0,0
10715,3,male,6.0,0,0,55.63,C,1,1,0
10716,1,male,51.6,0,2,9.89,C,3,0,0
10717,2,male,15.2,4,4,14.44,C,9,0,0
10720,1,male,19.4,2,2,21.51,C,5,0,1
10723,3,male,24.6,1,0,30.65,C,2,0,1
10724,3,female,18.4,5,2,59.99,C,8,0,1
10725,1,male,41.1,0,2,61.77,C,3,0,0
10737,1,male,36.9,2,1,1.84,C,4,0,0
10747,3,male,21.8,3,1,4.28,C,5,0,1
10758,2,female,24.7,5,0,27.66,C,6,0,0
10766,1,male,22.7,3,0,91.97,C,4,0,0
10767,3,female,49.6,3,3,47.02,C,7,0,0
10776,3,male,49.5,2,1,43.95,C,4,0,0
10782,1,male,28.9,5,4,12.48,C,10,0,1
10783,3,male,42.5,3,0,13.42,C,4,0,1
10798,1,male,35.6,4,0,32.74,C,5,0,1
10801,3,male,14.0,4,2,13.48,C,7,0,1
10803,3,male,29.6,4,3,20.7,C,8,0,1
10814,3,male,1.4,0,2,17.82,C,3,0,1
10818,3,male,27.3,3,4,53.8,C,8,0,0
10825,3,male,52.2,5,3,9.48,C,9,0,0
10841,3,male,44.0,2,3,8.69,C,6,0,0
10842,3,female,44.8,5,1,1.32,C,7,0,1
10856,3,female,31.8,3,3,2.96,C,7,0,1
10863,1,male,9.2,3,0,71.4,C,4,0,0
10866,1,male,38.8,1,4,4.06,C,6,0,0
10871,3,male,44.5,3,1,26.63,C,5,0,1
10879,3,male,27.9,1,2,7.83,C,4,0,1
10882,3,male,29.5,0,1,27.59,C,2,0,0
10890,3,male,40.6,1,0,26.75,C,2,0,1
10899,1,male,37.1,5,0,46.78,C,6,0,0
10901,2,male,12.7,0,2,120.66,C,3,0,0
10906,3,male,25.9,3,0,4.93,C,4,0,0
10911,1,female,19.4,4,2,67.72,C,7,0,1
10912,1,male,39.5,2,1,52.1,C,4,0,0
10914,3,male,16.8,1,4,49.54,C,6,0,1
10919,3,male,23.4,0,0,86.21,C,1,1,0
10922,1,male,36.4,5,4,47.72,C,10,0,0
10933,3,male,39.4,2,2,55.75,C,5,0,1
10939,1,female,44.2,3,2,92.77,C,6,0,0
10949,3,male,21.4,5,2,11.32,C,8,0,1
10954,2,female,32.7,1,3,25.95,C,5,0,1
10972,2,male,39.8,5,2,2.37,C,8,0,0
10975,3,male,6.8,4,3,37.71,C,8,0,0
10981,2,male,30.9,5,0,38.28,C,6,0,0
10982,1,male,2.3,4,2,43.45,C,7,0,1
10984,3,male,29.5,3,1,28.26,C,5,0,0
10985,3,female,12.0,3,4,3.13,C,8,0,0
11001,1,female,36.8,2,4,107.33,C,7,0,0
11003,2,female,26.2,4,3,23.22,C,8,0,0
11007,3,female,46.1,1,1,6.13,C,3,0,1
11010,2,female,34.9,1,0,2.19,C,2,0,0
11012,1,male,26.4,4,2,15.22,C,7,0,1
11013,3,female,23.6,4,0,72.92,C,5,0,0
11014,3,male,25.4,5,2,18.41,C,8,0,1
11018,3,male,5.7,0,3,26.5,C,4,0,0
11022,1,female,18.6,0,2,41.1,C,3,0,1
11027,3,male,22.3,2,1,24.37,C,4,0,0
11030,3,female,23.9,1,1,2.54,C,3,0,0
11038,2,female,21.1,3,4,16.17,C,8,0,1
11042,2,female,26.6,0,3,31.7,C,4,0,1
11044,2,female,55.9,1,1,1.22,C,3,0,0
11046,3,male,27.5,0,4,2.16,C,5,0,0
11049,3,female,28.4,2,0,0.74,C,3,0,0
11058,3,female,19.7,2,3,0.22,C,6,0,0
11075,2,male,11.0,2,1,3.82,C,4,0,0
11077,1,male,26.2,3,4,8.1,C,8,0,0
11078,3,male,35.6,2,2,6.1,C,5,0,0
11081,1,male,35.6,2,2,29.59,C,5,0,0
11088,3,male,24.6,3,1,93.28,C,5,0,0
11091,3,female,18.5,1,2,9.49,C,4,0,1
11095,3,female,17.8,5,3,0.5,C,9,0,0
11097,3,male,35.0,0,1,13.08,C,2,0,1
11098,2,male,23.7,5,0,0.35,C,6,0,1
11108,3,male,43.5,5,4,110.17,C,10,0,0
11109,3,female,32.8,4,3,19.42,C,8,0,1
11110,3,male,32.0,5,4,30.44,C,10,0,1
11112,2,male,0.0,3,0,12.11,C,4,0,0
11114,1,male,33.2,3,0,31.02,C,4,0,0
11121,2,male,17.7,5,4,23.51,C,10,0,0
11125,1,female,40.7,4,4,25.41,C,9,0,1
11126,1,male,46.3,3,1,19.66,C,5,0,1
11137,3,female,47.9,5,4,34.05,C,10,0,1
11141,1,female,33.6,5,2,9.69,C,8,0,1
11144,2,male,32.2,5,0,0.7,C,6,0,0
11155,1,male,8.6,0,3,81.46,C,4,0,0
11157,1,male,22.2,2,1,1.4,C,4,0,0
11164,2,male,25.1,2,3,45.33,C,6,0,0
11171,1,male,23.8,2,0,14.77,C,3,0,1
11172,1,male,9.2,5,4,2.95,C,10,0,1
11188,3,male,25.2,5,4,60.25,C,10,0,0
11193,3,female,56.2,0,2,1.36,C,3,0,1
11196,3,male,45.9,4,2,1.87,C,7,0,1
11202,3,male,19.0,4,3,46.89,C,8,0,0
11214,3,male,23.3,3,3,28.42,C,7,0,1
11217,2,male,53.4,2,1,22.38,C,4,0,1
11219,3,female,22.1,1,1,0.43,C,3,0,0
11221,2,male,29.2,4,0,56.26,C,5,0,0
11225,1,female,4.1,3,0,13.95,C,4,0,0
11233,3,male,11.1,5,1,54.3,C,7,0,1
11240,2,female,29.3,0,2,17.58,C,3,0,0
11247,3,male,19.7,2,4,64.82,C,7,0,0
11248,1,female,44.1,3,0,3.83,C,4,0,0
11258,3,female,43.8,5,1,91.22,C,7,0,1
11264,3,male,41.3,1,2,0.9,C,4,0,1
11265,2,male,33.8,5,4,20.37,C,10,0,1
11275,2,female,5.5,5,3,109.05,C,9,0,0
11296,3,female,9.7,2,2,26.56,C,5,0,0
11297,1,male,34.2,0,4,31.34,C,5,0,0
11305,1,male,21.8,2,3,1.51,C,6,0,0
11307,3,male,20.2,1,1,46.71,C,3,0,0
11310,1,male,24.3,0,0,1.02,C,1,1,0
11311,3,male,16.2,1,1,15.43,C,3,0,0
11312,3,male,29.1,5,3,12.59,C,9,0,0
11318,3,male,23.1,4,1,43.53,C,6,0,0
11323,2,male,21.8,5,1,23.61,C,7,0,0
11327,3,male,8.7,5,2,3.68,C,8,0,0
11334,3,female,41.1,2,4,42.93,C,7,0,0
11338,3,female,4.2,0,0,38.33,C,1,1,1
11348,3,female,38.4,0,1,68.99,C,2,0,0
11351,3,female,0.0,4,4,18.38,C,9,0,0
11355,1,female,9.4,2,4,37.56,C,7,0,0
11374,1,male,36.2,4,2,11.3,C,7,0,1
11376,3,male,8.3,5,1,7.51,C,7,0,1
11378,3,female,24.9,4,2,25.58,C,7,0,0
11379,1,male,22.4,1,4,12.77,C,6,0,0
11382,3,male,42.6,5,4,28.35,C,10,0,0
11387,1,male,15.6,0,2,26.22,C,3,0,1
11389,1,male,25.7,0,1,10.92,C,2,0,0
11399,3,male,47.9,2,1,18.74,C,4,0,0
11406,3,male,29.8,4,4,2.56,C,9,0,0
11410,3,male,43.4,4,3,28.78,C,8,0,0
11416,1,male,43.9,3,0,16.73,C,4,0,1
11419,3,male,17.2,1,1,0.86,C,3,0,0
11421,2,male,12.6,1,3,141.35,C,5,0,0
11422,2,male,47.8,2,3,61.01,C,6,0,1
11428,1,male,38.5,3,1,8.94,C,5,0,0
11429,3,male,53.4,2,0,12.19,C,3,0,0
11432,2,male,33.5,1,2,31.66,C,4,0,1
11448,1,male,38.5,2,3,7.5,C,6,0,0
11466,1,male,31.8,2,0,12.63,C,3,0,0
11477,3,male,38.3,3,2,58.69,C,6,0,1
11480,3,male,20.7,1,0,2.1,C,2,0,0
11484,3,male,37.9,1,4,69.37,C,6,0,0
11490,3,male,22.1,2,0,8.34,C,3,0,1
11493,3,female,18.6,2,4,37.73,C,7,0,1
11499,3,male,37.0,0,0,2.96,C,1,1,1
11502,2,male,22.7,4,3,8.96,C,8,0,1
11507,1,male,16.6,0,1,2.56,C,2,0,0
11516,3,male,0.0,1,3,48.01,C,5,0,0
11525,3,female,24.3,4,2,74.8,C,7,0,1
11529,2,female,18.6,5,1,15.75,C,7,0,1
11535,1,male,41.9,1,3,33.32,C,5,0,1
11538,1,male,10.9,2,4,1.85,C,7,0,0
11539,2,female,5.8,4,2,29.54,C,7,0,1
11541,3,female,32.4,2,3,51.31,C,6,0,0
11547,3,male,26.5,4,3,1.68,C,8,0,1
11548,3,female,26.0,3,4,61.0,C,8,0,0
11549,1,male,47.7,2,1,29.28,C,4,0,1
11551,2,female,1.6,0,0,37.88,C,1,1,1
11554,3,male,27.6,4,0,0.49,C,5,0,0
11560,1,male,64.3,2,3,61.68,C,6,0,0
11563,3,male,37.2,4,2,31.7,C,7,0,0
11570,1,male,30.2,0,2,18.18,C,3,0,0
11582,2,female,34.6,4,1,25.48,C,6,0,1
11590,3,male,44.0,4,3,27.79,C,8,0,0
11594,1,female,18.0,2,2,9.88,C,5,0,1
11595,1,male,22.3,1,2,117.54,C,4,0,1
11598,3,female,39.3,0,1,74.47,C,2,0,0
11601,3,male,8.4,4,0,0.47,C,5,0,1
11602,3,male,37.3,3,3,18.7,C,7,0,1
11606,3,female,39.6,1,4,11.13,C,6,0,0
11607,1,male,45.9,2,3,55.74,C,6,0,0
11618,3,male,52.2,4,0,8.26,C,5,0,1
11623,1,male,19.1,0,4,67.4,C,5,0,0
11624,2,male,13.2,1,1,25.15,C,3,0,0
11635,3,male,39.7,2,4,30.65,C,7,0,0
11637,1,female,42.8,1,0,6.47,C,2,0,1
11640,3,male,34.7,2,1,13.6,C,4,0,1
11641,3,male,54.2,0,0,10.3,C,1,1,1
11643,3,female,57.0,3,0,3.17,C,4,0,1
11648,2,female,24.5,0,1,10.03,C,2,0,0
11652,1,male,23.5,5,3,5.52,C,9,0,0
11653,3,female,46.0,1,1,0.12,C,3,0,0
11654,3,male,33.4,4,0,9.64,C,5,0,1
11655,1,male,5.5,4,3,45.08,C,8,0,0
11656,3,female,50.1,2,2,34.97,C,5,0,1
11660,3,female,42.7,4,2,20.49,C,7,0,1
11667,3,female,22.8,0,3,10.02,C,4,0,1
11668,3,male,24.0,1,3,14.17,C,5,0,1
11677,1,female,35.0,3,4,58.85,C,8,0,0
11684,3,male,45.7,1,3,4.99,C,5,0,1
11689,3,male,21.6,5,1,4.87,C,7,0,1
11694,1,female,27.9,2,3,24.46,C,6,0,0
11695,1,male,25.3,3,3,11.33,C,7,0,0
11699,2,male,30.2,5,4,17.56,C,10,0,0
11708,2,male,22.7,2,1,75.23,C,4,0,0
11715,3,male,14.3,2,4,3.12,C,7,0,0
11726,3,male,39.0,3,3,10.85,C,7,0,0
11727,3,male,41.9,1,3,7.94,C,5,0,1
11734,3,male,12.8,4,2,7.76,C,7,0,0
11742,3,female,33.9,4,3,37.72,C,8,0,0
11751,3,male,27.0,2,1,2.0,C,4,0,1
11765,1,female,29.1,2,4,26.08,C,7,0,1
11769,3,male,50.1,5,3,17.77,C,9,0,0
11770,2,female,30.8,4,3,21.85,C,8,0,0
11776,3,female,31.3,1,3,20.75,C,5,0,0
11780,3,male,44.2,4,1,2.08,C,6,0,0
11784,3,male,42.1,4,1,52.14,C,6,0,1
11785,1,male,0.0,5,2,32.79,C,8,0,1
11787,3,male,13.5,2,2,0.41,C,5,0,0
11795,2,female,37.9,3,2,21.4,C,6,0,1
11796,3,female,11.8,5,0,37.77,C,6,0,0
11800,3,male,13.5,1,3,15.9,C,5,0,0
11808,1,male,22.3,2,4,19.55,C,7,0,0
11825,1,female,16.3,5,1,2.12,C,7,0,0
11830,3,female,8.8,2,2,4.28,C,5,0,0
11835,2,female,1.7,5,1,2.67,C,7,0,0
11838,3,male,37.6,5,1,15.53,C,7,0,0
11843,1,male,24.6,4,3,34.01,C,8,0,1
11857,3,male,30.1,3,0,3.12,C,4,0,0
11859,3,female,26.1,3,1,17.0,C,5,0,1
11876,3,male,28.7,0,1,23.18,C,2,0,1
11891,3,female,17.4,4,4,37.77,C,9,0,0
11901,1,male,26.3,3,4,3.24,C,8,0,1
11908,3,male,12.6,2,1,25.2,C,4,0,0
11913,3,female,30.2,0,2,4.67,C,3,0,1
11915,3,female,35.7,2,0,56.47,C,3,0,1
11932,3,male,36.1,0,1,113.11,C,2,0,0
11953,1,male,33.8,3,1,36.93,C,5,0,1
11954,1,female,1.6,5,2,11.44,C,8,0,1
11958,3,male,12.3,3,2,29.74,C,6,0,0
11962,1,male,9.4,5,1,97.95,C,7,0,0
11965,1,female,51.0,4,1,14.67,C,6,0,0
11966,3,female,13.4,0,2,18.66,C,3,0,1
11967,3,male,22.6,4,2,31.82,C,7,0,0
11970,3,male,50.9,3,1,25.07,C,5,0,0
11976,3,male,32.3,2,2,4.42,C,5,0,0
11977,3,female,44.5,1,0,68.93,C,2,0,1
11987,1,female,24.1,5,1,26.6,C,7,0,0
11988,3,male,35.6,3,0,50.57,C,4,0,1
11990,3,male,41.1,0,2,23.67,C,3,0,0
11997,3,male,18.7,4,3,64.1,C,8,0,0
11999,1,male,24.7,2,4,21.54,C,7,0,0
12004,3,female,25.5,5,2,10.36,C,8,0,0
12005,1,male,12.5,3,2,9.52,C,6,0,1
12010,1,male,23.9,2,3,70.47,C,6,0,1
12012,3,male,0.0,3,1,60.52,C,5,0,1
12018,1,male,25.4,4,0,15.37,C,5,0,0
12020,2,male,41.5,3,0,20.52,C,4,0,0
12023,2,male,23.0,1,4,16.7,C,6,0,1
12053,1,male,6.3,4,0,102.19,C,5,0,1
12056,1,male,1.2,0,2,31.46,C,3,0,1
12072,3,female,60.0,4,1,15.95,C,6,0,0
12073,3,female,14.3,2,4,50.38,C,7,0,1
12087,1,female,47.2,3,4,37.65,C,8,0,0
12090,3,female,37.1,0,4,98.08,C,5,0,0
12094,1,female,47.3,0,4,4.38,C,5,0,0
12107,3,male,47.5,1,4,58.59,C,6,0,0
12108,3,male,7.1,3,1,9.21,C,5,0,0
12115,2,male,4.9,1,3,29.26,C,5,0,0
12117,3,male,23.1,0,3,16.17,C,4,0,1
12129,3,male,32.0,1,1,15.85,C,3,0,0
12131,3,female,42.1,5,2,51.06,C,8,0,0
12133,2,male,22.8,0,2,8.48,C,3,0,0
12134,1,female,45.1,1,1,13.47,C,3,0,0
12135,3,male,23.1,1,4,14.68,C,6,0,0
12137,3,male,28.1,0,0,10.72,C,1,1,0
12150,3,male,36.2,5,0,16.7,C,6,0,0
12151,1,male,51.3,5,0,39.38,C,6,0,0
12154,2,female,35.6,1,0,34.99,C,2,0,0
12158,3,female,19.9,1,0,30.85,C,2,0,0
12160,2,female,58.5,0,2,6.08,C,3,0,0
12161,3,male,22.2,0,4,33.37,C,5,0,1
12164,3,male,21.0,1,4,10.11,C,6,0,0
12169,3,male,16.1,1,4,22.08,C,6,0,0
12179,3,male,43.1,3,4,34.45,C,8,0,0
12183,3,male,44.5,0,1,69.29,C,2,0,0
12184,1,male,22.9,1,2,17.64,C,4,0,0
12191,2,female,33.4,2,3,119.56,C,6,0,0
12194,3,male,59.9,4,0,25.3,C,5,0,0
12195,2,female,30.6,3,3,20.84,C,7,0,0
12212,3,female,26.6,3,0,11.56,C,4,0,1
12214,1,female,11.6,2,4,1.72,C,7,0,1
12219,3,female,44.7,2,4,16.6,C,7,0,0
12220,1,male,18.1,0,1,53.95,C,2,0,0
12221,3,male,35.4,2,3,13.17,C,6,0,0
12227,1,male,17.2,0,2,6.91,C,3,0,0
12229,3,male,17.5,3,2,10.7,C,6,0,0
12230,1,male,38.5,5,0,17.84,C,6,0,0
12231,2,male,32.2,5,2,13.17,C,8,0,1
12242,1,female,56.3,5,3,1.29,C,9,0,1
12249,3,female,9.6,2,0,67.64,C,3,0,1
12253,1,male,15.9,2,0,6.1,C,3,0,0
12259,2,male,33.3,5,4,58.24,C,10,0,1
12263,3,female,40.7,4,2,22.54,C,7,0,0
12268,2,female,29.2,3,2,9.01,C,6,0,0
12271,3,male,14.3,1,1,68.9,C,3,0,0
12273,1,female,33.8,5,1,18.02,C,7,0,1
12278,3,female,36.7,5,4,45.69,C,10,0,1
12280,3,female,35.5,0,1,6.55,C,2,0,0
12291,3,male,8.0,3,0,22.4,C,4,0,0
12294,2,male,13.5,4,2,28.75,C,7,0,0
12297,3,male,9.9,0,4,84.71,C,5,0,0
12299,1,male,21.5,5,1,10.38,C,7,0,0
12300,1,male,26.9,4,1,13.46,C,6,0,1
12302,3,female,19.2,3,0,3.02,C,4,0,0
12313,1,female,19.8,4,4,27.37,C,9,0,0
12319,3,male,12.2,2,1,41.27,C,4,0,1
12321,1,male,26.4,2,0,27.44,C,3,0,1
12322,3,male,35.2,0,4,14.21,C,5,0,0
12323,2,male,45.9,4,2,28.19,C,7,0,0
12330,1,female,31.1,0,4,30.04,C,5,0,0
12332,3,male,51.3,5,0,42.48,C,6,0,1
12333,3,female,28.5,3,2,22.48,C,6,0,1
12339,3,male,44.7,1,1,27.7,C,3,0,0
12345,3,male,44.0,4,0,128.67,C,5,0,1
12347,1,female,5.8,1,1,15.66,C,3,0,1
12351,3,male,9.5,0,3,81.48,C,4,0,1
12355,3,male,42.1,1,0,2.05,C,2,0,0
12364,3,male,31.0,2,3,0.71,C,6,0,0
12366,3,female,32.0,3,1,42.23,C,5,0,1
12368,3,female,32.2,3,2,25.36,C,6,0,0
12371,3,male,38.1,4,2,7.77,C,7,0,0
12372,1,female,22.0,2,4,6.55,C,7,0,0
12384,3,male,4.5,1,4,58.08,C,6,0,0
12389,2,male,29.1,4,1,73.8,C,6,0,0
12391,3,female,38.6,5,2,4.41,C,8,0,1
12398,2,male,26.2,3,0,5.5,C,4,0,0
12402,3,male,40.4,1,1,19.12,C,3,0,0
12413,3,female,49.2,4,1,4.51,C,6,0,1
12418,2,male,38.7,5,0,15.03,C,6,0,1
12423,3,male,22.5,2,3,14.36,C,6,0,0
12424,3,male,27.8,5,2,131.39,C,8,0,1
12428,3,male,27.6,3,3,25.47,C,7,0,0
12431,3,male,33.0,2,3,66.1,C,6,0,0
12445,2,female,52.6,2,3,19.47,C,6,0,0
12450,1,male,46.5,0,2,10.77,C,3,0,1
12452,3,male,26.2,0,0,51.74,C,1,1,0
12453,3,male,35.9,1,3,12.56,C,5,0,1
12458,2,female,41.5,3,3,24.36,C,7,0,0
12470,3,male,15.4,1,2,0.22,C,4,0,1
12474,1,male,55.1,3,4,10.36,C,8,0,1
12476,2,male,53.1,3,4,65.25,C,8,0,0
12484,3,female,53.6,1,1,0.1,C,3,0,1
12490,3,male,40.9,2,1,103.38,C,4,0,1
12494,1,male,36.1,0,1,34.35,C,2,0,0
12496,2,male,17.7,1,2,38.31,C,4,0,1
12500,3,male,44.7,1,0,19.08,C,2,0,1
12511,2,male,24.9,5,4,114.61,C,10,0,1
12516,2,female,45.9,1,0,20.5,C,2,0,0
12519,2,male,21.9,5,4,3.75,C,10,0,0
12525,3,male,41.6,4,1,3.34,C,6,0,0
12527,3,female,39.8,4,1,18.79,C,6,0,0
12531,3,female,29.4,4,3,36.15,C,8,0,1
12542,3,male,54.7,2,4,35.43,C,7,0,1
12543,3,female,0.0,3,4,6.74,C,8,0,0
12549,3,male,0.0,0,4,56.24,C,5,0,1
12551,1,female,50.8,3,1,36.25,C,5,0,0
12553,1,male,22.8,1,2,11.89,C,4,0,1
12558,2,female,42.9,1,4,14.6,C,6,0,1
12559,3,male,18.4,5,0,17.23,C,6,0,0
12562,3,male,21.0,3,3,15.83,C,7,0,1
12563,3,male,17.3,3,2,25.45,C,6,0,1
12568,2,male,54.3,1,4,9.21,C,6,0,0
12571,1,male,28.1,0,3,18.39,C,4,0,1
12579,1,female,37.3,1,3,32.89,C,5,0,0
12590,3,male,22.1,1,1,1.9,C,3,0,1
12600,1,female,49.2,1,2,31.54,C,4,0,0
12602,1,female,14.8,0,3,75.43,C,4,0,0
12604,3,male,13.0,5,1,23.48,C,7,0,1
12606,3,male,47.3,3,0,55.14,C,4,0,0
12607,3,female,14.3,1,2,24.14,C,4,0,1
12611,3,female,19.3,1,2,5.75,C,4,0,0
12620,3,female,42.9,3,3,11.31,C,7,0,1
12628,1,female,30.0,4,1,25.67,C,6,0,0
12630,1,male,11.1,1,2,18.63,C,4,0,0
12633,2,female,2.4,2,3,32.99,C,6,0,0
12640,2,male,10.7,0,0,28.5,C,1,1,0
12645,2,female,47.5,1,2,4.14,C,4,0,0
12646,2,male,15.9,2,2,8.28,C,5,0,0
12649,3,male,38.7,3,3,14.43,C,7,0,1
12651,1,female,35.4,1,4,46.33,C,6,0,0
12652,2,male,13.8,0,4,25.35,C,5,0,0
12654,1,male,33.9,3,3,19.15,C,7,0,0
12655,1,female,8.4,0,0,38.05,C,1,1,0
12656,2,male,22.2,5,4,24.13,C,10,0,1
12658,3,male,9.0,0,3,30.78,C,4,0,0
12663,1,male,22.7,2,1,15.89,C,4,0,1
12668,1,male,28.5,3,1,5.76,C,5,0,0
12674,3,male,55.3,0,0,19.83,C,1,1,0
12683,3,female,45.0,1,1,62.37,C,3,0,0
12688,2,male,33.6,1,3,98.12,C,5,0,1
12689,2,male,44.9,4,4,52.22,C,9,0,0
12696,3,female,41.7,4,0,11.21,C,5,0,0
12709,1,male,45.7,1,1,9.66,C,3,0,0
12713,2,male,31.2,4,4,22.52,C,9,0,0
12723,2,male,36.3,2,2,67.93,C,5,0,1
12725,1,male,42.6,5,2,16.53,C,8,0,1
12726,2,male,30.7,5,0,53.0,C,6,0,1
12742,3,male,42.1,1,3,6.39,C,5,0,0
12743,3,male,52.5,2,1,24.96,C,4,0,0
12746,1,male,13.8,1,3,106.68,C,5,0,0
12756,2,female,54.2,1,0,41.15,C,2,0,0
12757,1,male,27.1,1,0,6.58,C,2,0,1
12764,3,male,52.4,4,4,10.18,C,9,0,1
12767,2,male,25.3,5,1,25.65,C,7,0,1
12770,3,male,42.8,2,1,0.03,C,4,0,1
12772,2,male,43.0,4,0,47.5,C,5,0,0
12784,3,male,53.2,3,0,8.16,C,4,0,0
12786,1,female,30.6,5,4,9.73,C,10,0,0
12788,3,male,31.8,5,0,6.25,C,6,0,0
12791,3,male,37.6,0,3,36.19,C,4,0,0
12797,3,female,23.1,0,3,53.47,C,4,0,0
12798,3,male,19.9,1,0,0.33,C,2,0,1
12799,3,male,19.4,0,1,11.88,C,2,0,0
12801,3,male,48.7,5,4,65.81,C,10,0,0
12803,1,male,19.9,5,4,13.33,C,10,0,0
12807,1,male,19.4,3,2,3.11,C,6,0,0
12809,1,male,9.7,2,1,28.77,C,4,0,0
12811,3,male,27.7,1,3,36.45,C,5,0,0
12829,1,female,62.7,4,2,70.3,C,7,0,0
12832,3,female,24.2,3,1,25.69,C,5,0,0
12836,1,male,31.8,4,1,14.15,C,6,0,1
12846,1,female,33.3,5,0,35.02,C,6,0,1
12853,3,female,16.7,1,2,23.79,C,4,0,0
12858,3,male,10.9,4,2,7.57,C,7,0,0
12861,3,male,44.9,0,1,252.79,C,2,0,1
12867,2,male,9.8,2,0,23.04,C,3,0,0
12875,2,male,26.6,2,3,66.68,C,6,0,0
12893,2,male,41.5,0,0,9.6,C,1,1,1
12895,1,male,29.1,0,4,14.58,C,5,0,0
12903,3,male,31.3,2,0,121.43,C,3,0,1
12906,1,male,43.7,0,2,9.63,C,3,0,0
12912,3,female,16.2,3,0,30.0,C,4,0,1
12915,3,male,15.2,0,4,15.79,C,5,0,0
12917,3,male,28.3,5,4,51.74,C,10,0,0
12922,3,male,25.0,5,4,6.02,C,10,0,0
12936,3,male,29.5,2,1,37.49,C,4,0,0
12941,3,male,38.9,4,2,27.3,C,7,0,1
12953,1,male,11.4,0,0,153.98,C,1,1,0
12954,3,female,24.1,2,4,57.29,C,7,0,0
12956,3,male,20.2,2,4,115.96,C,7,0,1
12957,2,male,41.7,4,3,23.0,C,8,0,1
12960,3,female,34.9,0,1,7.84,C,2,0,0
12964,3,male,34.2,0,2,46.56,C,3,0,0
12965,1,male,0.0,2,1,36.88,C,4,0,0
12970,3,male,26.0,5,0,4.23,C,6,0,0
12973,3,female,0.0,1,4,101.14,C,6,0,0
12975,3,male,42.9,2,0,9.89,C,3,0,1
12978,2,male,2.2,2,1,4.42,C,4,0,0
12979,3,female,14.8,0,3,23.63,C,4,0,1
12981,2,male,35.7,4,3,8.33,C,8,0,0
12985,3,male,18.1,1,0,22.25,C,2,0,1
12990,2,female,22.6,4,2,17.43,C,7,0,1
12991,3,female,25.3,2,3,21.93,C,6,0,0
13002,3,male,27.1,1,4,18.13,C,6,0,1
13007,3,male,7.0,1,0,109.46,C,2,0,1
13010,2,male,8.9,5,1,39.61,C,7,0,0
13012,3,male,36.8,2,4,51.53,C,7,0,1
13014,3,female,5.0,4,4,87.14,C,9,0,1
13015,2,female,39.8,3,2,25.22,C,6,0,1
13019,2,male,34.6,4,4,34.14,C,9,0,1
13030,3,male,29.3,3,3,10.33,C,7,0,0
13046,2,male,43.1,4,2,7.67,C,7,0,0
13050,1,male,21.6,5,4,15.76,C,10,0,1
13055,2,female,22.5,5,1,20.08,C,7,0,0
13064,3,female,45.4,2,1,63.13,C,4,0,0
13066,1,male,20.1,0,1,73.95,C,2,0,0
13069,3,male,37.2,2,2,47.94,C,5,0,1
13072,3,female,54.9,0,0,12.79,C,1,1,0
13078,1,male,29.4,3,4,16.81,C,8,0,1
13084,1,female,20.6,0,0,2.41,C,1,1,0
13086,1,female,28.4,2,0,59.69,C,3,0,0
13093,1,male,11.4,5,0,6.92,C,6,0,0
13100,1,male,61.3,0,4,46.19,C,5,0,0
13102,2,male,35.9,4,2,43.88,C,7,0,0
13103,3,female,30.2,4,4,2.82,C,9,0,1
13106,2,male,25.9,0,4,113.59,C,5,0,0
13111,2,female,47.7,5,3,44.58,C,9,0,0
13116,2,female,39.9,1,1,18.88,C,3,0,0
13122,3,male,27.4,4,1,39.48,C,6,0,0
13130,2,female,8.8,4,4,25.02,C,9,0,1
13132,3,female,31.8,3,3,6.93,C,7,0,0
13133,3,male,35.0,0,2,31.43,C,3,0,0
13139,1,female,31.1,0,4,13.91,C,5,0,0
13144,3,male,20.5,0,0,38.34,C,1,1,0
13152,2,female,10.9,1,1,34.65,C,3,0,0
13157,3,female,17.0,3,1,8.48,C,5,0,0
13158,1,female,25.2,5,1,63.2,C,7,0,1
13166,3,male,27.1,0,3,0.31,C,4,0,0
13167,3,male,0.0,4,3,57.7,C,8,0,0
13176,3,male,30.2,5,0,52.58,C,6,0,1
13184,1,male,13.3,2,3,27.51,C,6,0,0
13193,1,male,50.5,5,4,56.79,C,10,0,0
13197,3,male,34.9,5,3,3.65,C,9,0,0
13202,1,male,44.0,3,1,83.63,C,5,0,0
13204,2,male,26.8,2,0,14.01,C,3,0,0
13211,1,male,17.7,0,2,50.49,C,3,0,0
13213,2,female,34.5,0,4,66.61,C,5,0,1
13217,3,male,30.4,5,4,16.51,C,10,0,1
13225,3,female,19.3,2,4,43.37,C,7,0,0
13228,1,female,69.5,2,0,58.84,C,3,0,0
13232,3,male,5.1,3,0,6.86,C,4,0,1
13238,3,male,16.1,4,3,9.81,C,8,0,1
13241,1,female,47.3,1,2,4.69,C,4,0,0
13265,2,female,0.0,0,0,17.23,C,1,1,1
13266,3,male,39.5,3,3,44.97,C,7,0,0
13271,2,male,36.0,1,2,14.22,C,4,0,0
13288,3,female,37.1,2,0,32.86,C,3,0,0
13291,2,female,34.8,4,0,25.01,C,5,0,0
13294,3,female,46.8,0,3,17.94,C,4,0,0
13297,2,male,16.2,4,3,9.77,C,8,0,1
13304,3,female,5.9,2,1,87.15,C,4,0,0
13307,1,male,0.4,3,2,17.11,C,6,0,1
13329,1,female,18.3,0,3,131.13,C,4,0,1
13330,3,female,41.8,3,2,4.11,C,6,0,0
13345,2,male,28.2,3,4,68.53,C,8,0,0
13347,3,male,43.8,1,2,34.62,C,4,0,0
13350,3,female,26.5,3,1,70.95,C,5,0,1
13353,1,female,35.9,3,0,16.28,C,4,0,1
13356,2,male,37.3,5,1,56.72,C,7,0,0
13357,1,male,47.5,1,4,26.5,C,6,0,1
13361,3,male,18.8,3,1,24.05,C,5,0,0
13363,1,male,23.8,0,3,95.16,C,4,0,0
13385,1,male,35.4,5,3,9.62,C,9,0,0
13387,1,male,24.5,0,1,69.05,C,2,0,0
13400,2,male,18.9,0,0,45.65,C,1,1,1
13404,2,male,32.1,4,1,4.47,C,6,0,0
13408,1,male,26.5,1,4,3.6,C,6,0,0
13413,3,female,36.5,1,0,81.13,C,2,0,0
13417,1,female,47.3,3,0,41.31,C,4,0,1
13433,3,male,31.1,0,2,50.6,C,3,0,0
13445,2,female,58.9,1,1,22.98,C,3,0,1
13446,3,male,20.1,4,3,99.56,C,8,0,0
13447,3,female,9.3,1,2,23.53,C,4,0,0
13449,3,male,25.4,5,1,11.34,C,7,0,0
13464,3,male,15.0,2,2,109.12,C,5,0,1
13469,1,male,46.2,2,3,2.95,C,6,0,0
13471,3,male,17.0,0,4,26.98,C,5,0,0
13476,3,female,38.0,0,3,0.8,C,4,0,0
13480,1,male,40.7,4,4,9.43,C,9,0,1
13487,3,male,48.2,0,1,24.2,C,2,0,1
13491,2,male,67.8,5,4,30.14,C,10,0,0
13496,1,male,15.6,3,2,60.19,C,6,0,1
13507,1,male,9.8,1,4,21.49,C,6,0,1
13508,1,female,25.9,2,0,97.59,C,3,0,0
13510,3,male,43.1,5,0,0.7,C,6,0,0
13517,3,male,41.7,4,0,34.68,C,5,0,1
13520,3,male,31.8,0,3,29.07,C,4,0,0
13526,1,female,33.3,3,2,2.94,C,6,0,1
13528,3,female,20.1,1,4,3.7,C,6,0,0
13531,2,male,18.5,5,2,51.4,C,8,0,0
13539,3,female,22.5,0,1,73.59,C,2,0,0
13544,1,female,34.4,1,4,1.09,C,6,0,0
13546,3,male,26.2,0,3,94.46,C,4,0,0
13547,3,female,34.7,1,2,54.09,C,4,0,0
13559,1,male,17.5,2,0,65.43,C,3,0,0
13562,1,male,0.0,1,1,4.21,C,3,0,0
13565,3,female,16.1,3,3,73.11,C,7,0,0
13569,1,female,44.3,5,1,31.23,C,7,0,1
13570,2,female,17.8,0,3,31.22,C,4,0,0
13575,3,male,24.3,4,1,21.97,C,6,0,1
13577,3,female,10.3,1,4,21.66,C,6,0,0
13580,1,female,17.0,2,4,1.82,C,7,0,0
13586,3,male,15.8,2,2,15.11,C,5,0,1
13589,2,male,23.7,1,2,78.16,C,4,0,0
13596,1,male,32.9,5,2,17.79,C,8,0,0
13600,3,female,32.2,4,1,20.6,C,6,0,0
13605,3,female,31.9,5,3,35.06,C,9,0,0
13613,3,male,37.6,5,2,55.01,C,8,0,0
13621,3,male,20.9,3,0,6.33,C,4,0,0
13625,1,male,41.1,4,1,3.24,C,6,0,0
13644,3,male,6.1,4,2,1.61,C,7,0,1
13649,1,male,50.6,5,3,103.93,C,9,0,1
13656,1,male,24.3,3,2,110.6,C,6,0,0
13660,3,male,37.8,4,3,3.62,C,8,0,1
13666,2,male,33.2,0,1,4.69,C,2,0,0
13675,3,female,36.9,3,0,2.41,C,4,0,0
13676,3,female,33.0,3,0,3.75,C,4,0,0
13677,1,female,22.0,3,1,1.8,C,5,0,1
13681,2,female,30.1,4,2,14.02,C,7,0,1
13684,3,female,20.7,0,2,6.9,C,3,0,1
13685,1,female,35.1,2,1,106.27,C,4,0,0
13688,2,male,28.8,0,3,50.64,C,4,0,0
13689,1,male,15.6,2,1,3.45,C,4,0,1
13692,1,male,28.9,4,3,72.11,C,8,0,1
13706,1,male,24.0,2,0,10.83,C,3,0,0
13707,3,male,27.3,1,1,14.55,C,3,0,0
13711,1,female,2.3,5,2,54.04,C,8,0,0
13715,1,male,0.0,4,2,10.42,C,7,0,0
13722,2,male,46.9,1,2,127.54,C,4,0,0
13733,1,female,27.2,0,4,33.04,C,5,0,1
13736,3,male,23.3,1,2,18.46,C,4,0,1
13746,3,male,29.8,5,1,47.07,C,7,0,1
13749,1,female,35.8,2,4,5.85,C,7,0,0
13750,3,female,31.9,3,4,12.62,C,8,0,0
13767,2,male,27.3,3,4,18.05,C,8,0,0
13784,2,female,30.7,3,4,7.25,C,8,0,0
13785,1,female,15.7,2,4,30.34,C,7,0,0
13786,3,male,19.7,5,2,41.35,C,8,0,1
13787,3,female,51.1,3,4,62.58,C,8,0,0
13790,2,male,40.7,4,3,11.98,C,8,0,0
13792,3,male,35.4,0,4,36.51,C,5,0,1
13793,3,male,36.6,3,2,37.15,C,6,0,1
13796,1,male,16.6,2,1,13.05,C,4,0,1
13797,3,male,68.6,5,2,7.43,C,8,0,0
13814,3,female,22.3,1,3,101.74,C,5,0,0
13815,3,female,6.4,3,1,5.2,C,5,0,0
13816,2,male,17.2,5,2,30.67,C,8,0,0
13820,2,male,48.4,2,3,52.63,C,6,0,0
13824,2,female,46.3,1,2,30.13,C,4,0,0
13826,3,male,6.3,0,3,5.46,C,4,0,0
13827,3,female,46.6,4,3,32.27,C,8,0,0
13828,1,male,37.2,1,0,18.66,C,2,0,0
13837,3,female,37.4,5,0,31.27,C,6,0,1
13841,3,female,20.3,0,3,46.12,C,4,0,0
13846,3,female,13.9,1,2,22.58,C,4,0,1
13853,2,male,3.6,1,4,95.02,C,6,0,0
13858,2,male,34.5,1,0,16.72,C,2,0,0
13860,2,male,41.3,4,0,51.69,C,5,0,0
13863,2,female,39.8,1,2,0.74,C,4,0,1
13882,3,male,20.9,5,3,80.64,C,9,0,1
13892,3,male,0.0,1,2,3.02,C,4,0,0
13893,2,female,26.8,3,0,3.11,C,4,0,1
13897,3,male,40.6,4,1,63.23,C,6,0,0
13898,1,female,21.9,5,3,65.03,C,9,0,1
13913,3,male,40.7,1,2,4.26,C,4,0,1
13915,3,male,43.5,2,1,17.07,C,4,0,1
13924,3,female,31.4,1,4,13.84,C,6,0,0
13926,3,female,50.6,2,0,14.54,C,3,0,0
13928,3,male,22.7,0,3,57.66,C,4,0,1
13932,3,male,45.1,0,0,0.34,C,1,1,0
13934,3,male,16.4,2,1,9.01,C,4,0,0
13941,2,male,43.9,2,0,5.91,C,3,0,0
13943,3,female,26.7,4,4,9.89,C,9,0,0
13952,3,male,27.6,0,4,36.11,C,5,0,1
13957,2,male,12.4,3,4,3.04,C,8,0,0
13959,1,female,23.5,1,4,76.13,C,6,0,0
13960,3,male,33.0,4,1,99.76,C,6,0,0
13966,3,female,0.0,2,2,7.97,C,5,0,1
13979,3,male,41.9,2,2,34.89,C,5,0,0
13985,3,male,22.6,4,1,5.57,C,6,0,0
13991,3,male,33.7,1,2,0.45,C,4,0,0
13999,3,male,20.1,5,3,40.31,C,9,0,1
14011,3,male,31.8,2,1,18.77,C,4,0,1
14012,1,male,19.4,1,1,0.63,C,3,0,0
14017,3,female,11.7,0,3,28.55,C,4,0,0
14026,3,male,29.9,2,3,56.51,C,6,0,1
14027,3,male,30.0,3,3,75.79,C,7,0,0
14029,2,female,9.3,3,2,5.1,C,6,0,0
14030,3,female,35.6,3,0,83.01,C,4,0,0
14038,2,female,34.0,1,2,2.8,C,4,0,0
14042,2,male,30.8,4,0,7.31,C,5,0,1
14043,3,male,16.1,5,2,50.22,C,8,0,0
14048,3,male,0.0,4,2,7.21,C,7,0,1
14052,3,male,41.9,1,0,51.16,C,2,0,1
14061,1,male,49.0,4,0,35.62,C,5,0,1
14066,2,male,32.7,3,2,51.5,C,6,0,1
14068,3,female,23.7,3,0,21.67,C,4,0,1
14073,1,male,57.4,0,2,35.53,C,3,0,1
14082,3,male,38.3,3,2,75.12,C,6,0,1
14085,2,male,46.6,2,4,1.95,C,7,0,0
14086,3,female,15.1,1,2,24.56,C,4,0,1
14099,3,female,9.8,2,0,5.46,C,3,0,1
14101,3,female,19.8,5,1,38.41,C,7,0,1
14104,3,male,23.4,4,1,46.8,C,6,0,1
14109,1,male,21.0,3,4,30.82,C,8,0,0
14111,3,male,14.8,3,2,68.14,C,6,0,0
14123,3,male,26.6,5,3,34.2,C,9,0,0
14134,3,male,20.4,5,0,15.83,C,6,0,1
14136,3,male,21.4,5,2,11.03,C,8,0,0
14139,3,male,31.3,2,3,35.86,C,6,0,0
14140,3,female,30.0,3,1,9.2,C,5,0,0
14147,3,female,33.8,5,1,42.91,C,7,0,0
14160,3,female,19.8,2,1,56.21,C,4,0,0
14163,3,male,36.5,3,2,26.46,C,6,0,0
14164,2,male,41.7,0,2,40.92,C,3,0,0
14166,1,male,27.1,0,4,37.01,C,5,0,0
14169,3,male,54.8,1,3,72.59,C,5,0,0
14170,2,male,12.1,3,1,3.88,C,5,0,1
14181,3,male,34.9,4,4,70.77,C,9,0,0
14184,1,male,9.1,2,2,46.91,C,5,0,0
14186,3,female,29.3,5,2,6.75,C,8,0,0
14187,3,male,46.3,0,2,21.28,C,3,0,1
14201,3,female,11.1,3,1,13.5,C,5,0,1
14203,2,male,23.1,0,1,22.57,C,2,0,1
14204,1,male,55.4,5,4,3.25,C,10,0,1
14213,3,male,33.5,4,2,23.16,C,7,0,1
14215,1,female,40.5,4,2,21.67,C,7,0,0
14222,1,female,45.8,0,0,12.01,C,1,1,0
14223,1,male,21.8,5,1,42.61,C,7,0,0
14226,3,male,34.6,1,2,32.7,C,4,0,0
14231,2,male,18.1,0,4,36.02,C,5,0,1
14233,3,female,36.3,4,2,58.01,C,7,0,1
14241,1,male,17.9,5,2,89.53,C,8,0,1
14249,3,male,7.3,5,3,50.78,C,9,0,1
14250,2,male,0.0,5,3,10.62,C,9,0,0
14260,3,female,23.7,3,1,2.94,C,5,0,0
14266,3,female,39.9,2,4,5.42,C,7,0,1
14274,1,male,43.7,5,4,68.39,C,10,0,0
14285,3,male,33.3,5,2,4.37,C,8,0,1
14286,3,female,27.8,5,3,38.57,C,9,0,0
14288,3,female,17.4,4,4,29.27,C,9,0,1
14292,3,female,51.0,5,2,24.03,C,8,0,0
14298,3,female,27.6,0,2,64.67,C,3,0,0
14317,3,female,25.6,1,3,31.46,C,5,0,0
14324,3,male,35.4,2,1,40.55,C,4,0,1
14333,2,male,37.1,4,2,7.0,C,7,0,0
14334,3,female,0.9,4,1,64.42,C,6,0,0
14335,2,male,16.2,5,0,23.46,C,6,0,1
14343,1,female,37.8,1,2,7.19,C,4,0,1
14345,1,male,33.6,1,0,10.8,C,2,0,0
14349,3,male,43.9,2,0,15.3,C,3,0,0
14351,3,male,37.4,4,1,21.47,C,6,0,0
14355,3,male,29.2,4,4,82.32,C,9,0,0
14373,1,male,28.9,5,4,12.72,C,10,0,0
14387,3,male,42.2,3,1,2.04,C,5,0,1
14388,3,female,66.1,5,2,27.35,C,8,0,0
14394,1,male,19.2,4,2,7.78,C,7,0,0
14397,1,male,35.3,2,1,6.83,C,4,0,0
14400,1,male,42.4,0,2,21.66,C,3,0,0
14401,3,male,44.7,1,4,65.31,C,6,0,0
14403,3,female,0.0,5,1,13.91,C,7,0,1
14410,1,male,34.0,0,1,145.38,C,2,0,0
14417,3,male,27.8,4,4,14.31,C,9,0,1
14419,2,female,28.8,5,2,3.74,C,8,0,0
14420,3,male,4.6,5,3,74.16,C,9,0,1
14434,1,male,23.3,0,0,8.84,C,1,1,1
14440,2,male,21.7,4,2,16.54,C,7,0,0
14442,2,male,31.5,5,3,36.24,C,9,0,0
14455,3,female,43.1,2,0,16.04,C,3,0,0
14459,2,male,26.5,2,2,0.13,C,5,0,1
14465,2,female,39.9,0,0,93.62,C,1,1,0
14471,3,male,44.5,3,3,18.0,C,7,0,1
14473,2,male,38.0,1,0,88.55,C,2,0,1
14482,3,male,24.7,1,3,24.46,C,5,0,0
14483,3,female,50.9,1,2,27.23,C,4,0,0
14490,3,male,22.8,2,4,31.49,C,7,0,1
14493,2,male,39.3,2,0,0.62,C,3,0,0
14494,1,male,4.1,5,4,33.48,C,10,0,1
14501,1,male,41.5,0,1,17.23,C,2,0,1
14502,3,female,28.3,2,1,30.22,C,4,0,0
14505,2,female,30.5,4,3,0.12,C,8,0,0
14514,3,male,35.9,0,0,28.96,C,1,1,0
14516,3,male,11.7,5,3,31.43,C,9,0,0
14519,3,male,24.2,0,4,52.66,C,5,0,0
14522,3,male,12.1,5,4,7.42,C,10,0,1
14529,3,female,19.4,5,3,4.16,C,9,0,0
14542,3,female,22.2,0,3,11.36,C,4,0,0
14544,2,male,57.1,2,1,0.83,C,4,0,0
14555,3,female,19.3,3,3,45.11,C,7,0,0
14559,1,male,19.0,1,4,6.74,C,6,0,0
14564,3,male,27.4,5,1,102.27,C,7,0,0
14572,3,male,32.8,0,3,22.8,C,4,0,0
14578,1,female,40.1,3,0,121.28,C,4,0,0
14579,3,male,16.5,0,0,15.46,C,1,1,0
14582,3,male,22.2,1,2,12.93,C,4,0,0
14585,3,male,11.2,5,3,3.15,C,9,0,0
14588,2,male,41.7,3,0,2.19,C,4,0,0
14592,2,male,26.1,1,1,15.98,C,3,0,1
14593,3,male,37.4,3,0,150.59,C,4,0,0
14608,3,female,9.0,2,1,3.13,C,4,0,0
14612,3,male,50.4,2,4,25.06,C,7,0,1
14616,2,female,41.6,1,3,0.17,C,5,0,0
14617,3,male,31.0,3,1,14.07,C,5,0,0
14618,2,female,34.1,5,0,11.85,C,6,0,1
14620,2,female,35.2,4,3,67.88,C,8,0,1
14621,3,male,28.7,4,4,3.56,C,9,0,0
14628,2,male,0.0,1,4,3.77,C,6,0,1
14630,3,female,28.7,2,4,21.36,C,7,0,1
14636,2,female,42.3,3,3,3.1,C,7,0,0
14638,2,female,38.6,3,0,6.8,C,4,0,1
14642,2,male,49.8,1,3,34.37,C,5,0,1
14647,2,male,44.8,2,4,8.53,C,7,0,0
14649,3,male,34.1,5,0,40.67,C,6,0,0
14662,3,female,34.6,1,4,5.11,C,6,0,0
14665,2,male,27.6,4,4,2.25,C,9,0,0
14670,3,male,3.5,1,0,82.28,C,2,0,0
14672,2,male,37.6,4,4,0.34,C,9,0,0
14673,3,female,40.4,1,1,21.89,C,3,0,1
14674,2,female,64.1,0,2,66.73,C,3,0,0
14676,1,male,8.2,0,2,6.91,C,3,0,0
14684,3,male,6.1,3,2,20.02,C,6,0,1
14696,3,female,7.7,1,3,0.23,C,5,0,0
14698,3,female,42.5,1,0,34.78,C,2,0,0
14706,3,male,40.9,3,0,24.11,C,4,0,0
14713,3,male,18.1,3,1,0.97,C,5,0,0
14728,1,male,15.5,2,4,106.02,C,7,0,1
14734,3,male,25.2,3,3,6.74,C,7,0,0
14737,3,male,41.3,5,0,7.82,C,6,0,1
14750,3,male,29.3,4,2,104.83,C,7,0,0
14755,2,male,40.3,1,3,60.33,C,5,0,1
14761,3,female,16.5,1,3,111.57,C,5,0,1
14772,2,female,2.0,1,1,14.42,C,3,0,0
14777,3,male,38.4,0,4,45.0,C,5,0,0
14778,3,male,25.3,4,0,148.22,C,5,0,0
14786,3,male,14.7,5,4,7.75,C,10,0,1
14792,3,female,6.8,5,3,4.12,C,9,0,1
14796,3,male,44.3,1,1,16.12,C,3,0,0
14799,3,male,7.7,4,4,18.21,C,9,0,1
14815,3,female,28.7,1,1,13.95,C,3,0,0
14817,2,male,46.5,3,1,8.57,C,5,0,0
14821,3,male,45.3,5,2,27.49,C,8,0,0
14822,2,female,51.2,5,3,10.93,C,9,0,0
14843,2,male,0.0,5,4,44.92,C,10,0,0
14856,2,male,8.1,4,1,2.39,C,6,0,0
14863,1,male,33.3,2,3,10.21,C,6,0,1
14870,3,female,0.0,1,2,36.9,C,4,0,0
14876,3,female,52.3,5,2,9.59,C,8,0,0
14881,3,male,25.8,5,3,34.37,C,9,0,0
14884,1,male,38.0,1,4,11.16,C,6,0,0
14885,2,male,9.7,4,2,17.08,C,7,0,1
14891,3,male,16.3,5,4,27.73,C,10,0,0
14904,3,male,35.8,1,0,4.67,C,2,0,1
14905,2,male,21.8,5,3,2.66,C,9,0,1
14909,1,male,50.3,0,1,24.38,C,2,0,0
14940,3,female,26.9,2,3,48.53,C,6,0,0
14946,1,male,29.3,1,0,12.16,C,2,0,0
14950,1,female,32.2,3,4,35.15,C,8,0,0
14951,2,male,38.2,3,0,18.75,C,4,0,0
14955,3,male,45.5,0,3,2.21,C,4,0,1
14957,3,male,31.2,1,2,20.71,C,4,0,1
14959,3,female,7.1,4,2,11.39,C,7,0,0
14962,1,male,16.4,1,4,42.93,C,6,0,1
14971,3,female,32.9,2,3,38.11,C,6,0,0
14972,2,male,14.4,0,2,14.25,C,3,0,0
14984,1,male,31.8,2,2,2.98,C,5,0,1
14992,1,female,36.1,0,1,37.6,C,2,0,0
14995,3,male,17.3,5,3,4.02,C,9,0,1
