,Pclass,Sex,Age,SibSp,Parch,Fare,Embarked,FamilySize,IsAlone,Survived
2,3,female,47.2,1,4,131.88,S,6,0,1
7,3,male,14.9,5,0,61.47,S,6,0,1
9,1,male,39.7,2,2,8.67,S,5,0,1
11,1,female,0.0,2,4,22.11,S,7,0,1
25,3,male,12.9,5,1,78.04,S,7,0,1
33,3,male,8.9,1,4,13.54,S,6,0,1
45,3,male,20.7,3,2,53.87,S,6,0,1
50,3,male,23.1,1,3,8.31,S,5,0,1
51,3,female,9.3,0,4,20.51,S,5,0,1
53,3,female,45.0,1,4,23.64,S,6,0,1
55,3,female,34.2,4,1,95.25,S,6,0,1
62,1,female,39.9,2,0,33.72,S,3,0,1
69,3,female,16.5,1,4,13.67,S,6,0,1
70,3,male,28.2,4,0,1.59,S,5,0,1
73,1,female,19.6,3,1,7.68,S,5,0,1
74,3,male,30.0,2,1,9.45,S,4,0,1
75,3,male,30.2,1,0,157.04,S,2,0,1
80,3,female,15.8,0,3,35.41,S,4,0,1
81,3,female,21.6,1,0,48.45,S,2,0,1
87,1,male,42.8,0,1,67.73,S,2,0,1
91,3,female,22.4,4,2,9.0,S,7,0,1
92,3,male,23.1,5,4,4.24,S,10,0,1
94,3,female,30.3,3,3,105.44,S,7,0,1
101,1,male,25.8,5,4,10.54,S,10,0,1
104,3,female,37.5,1,4,7.25,S,6,0,1
107,2,male,28.8,5,4,39.21,S,10,0,1
112,3,female,5.5,4,0,1.56,S,5,0,1
114,1,male,30.1,3,1,49.57,S,5,0,1
115,3,male,41.2,0,1,38.4,S,2,0,1
116,3,male,47.6,0,3,2.92,S,4,0,1
118,1,male,7.9,5,4,11.66,S,10,0,1
120,3,male,17.6,3,4,21.39,S,8,0,1
121,1,male,6.9,1,2,81.96,S,4,0,1
126,3,female,18.7,5,2,0.96,S,8,0,1
127,3,male,48.6,0,3,10.32,S,4,0,1
134,3,female,42.0,1,4,21.9,S,6,0,1
137,2,female,50.3,1,4,76.48,S,6,0,1
140,3,female,27.9,3,0,28.61,S,4,0,1
150,3,male,38.9,5,2,55.71,S,8,0,1
154,3,female,9.3,1,0,50.0,S,2,0,1
156,2,male,38.9,0,0,13.37,S,1,1,1
157,3,male,47.1,4,1,19.24,S,6,0,1
161,3,male,34.8,0,1,0.64,S,2,0,1
162,2,female,33.9,3,3,80.16,S,7,0,1
165,1,female,16.3,5,2,30.06,S,8,0,1
170,1,female,40.8,4,1,205.49,S,6,0,1
174,3,male,57.8,1,1,2.33,S,3,0,1
176,2,male,17.7,0,0,12.03,S,1,1,1
178,3,male,20.1,1,1,2.37,S,3,0,1
182,3,male,7.1,3,0,34.31,S,4,0,1
183,3,male,11.3,4,3,16.26,S,8,0,1
185,3,male,14.5,2,4,26.9,S,7,0,1
191,1,male,25.2,0,1,18.46,S,2,0,1
192,2,male,33.2,4,3,46.35,S,8,0,1
193,2,female,7.9,3,2,6.33,S,6,0,1
196,3,male,24.1,5,0,2.67,S,6,0,1
197,3,female,32.8,5,0,23.91,S,6,0,1
199,3,female,49.1,4,0,40.68,S,5,0,1
200,3,female,64.0,4,0,138.31,S,5,0,1
203,1,male,30.4,0,1,15.19,S,2,0,1
207,3,female,34.1,3,1,126.81,S,5,0,1
211,3,male,31.8,0,4,39.25,S,5,0,1
212,3,male,10.2,5,0,12.08,S,6,0,1
218,2,male,18.6,0,4,20.84,S,5,0,1
219,2,male,41.5,0,0,71.12,S,1,1,1
220,3,female,21.6,3,2,102.44,S,6,0,1
226,1,female,3.0,4,2,10.82,S,7,0,1
228,3,female,37.7,1,1,6.7,S,3,0,1
229,3,male,24.7,5,2,26.06,S,8,0,1
230,1,female,30.9,0,3,27.71,S,4,0,1
235,3,male,10.8,2,1,17.53,S,4,0,1
238,2,male,13.8,4,3,9.19,S,8,0,1
241,3,male,26.9,3,1,14.81,S,5,0,1
242,3,female,31.5,3,0,15.38,S,4,0,1
245,1,female,41.6,3,4,98.31,S,8,0,1
248,3,male,8.7,2,1,37.78,S,4,0,1
249,2,male,48.1,1,2,4.31,S,4,0,1
252,1,female,31.0,1,2,45.9,S,4,0,1
256,3,male,39.6,2,2,42.05,S,5,0,1
257,1,male,28.2,4,0,5.27,S,5,0,1
261,3,male,31.6,5,2,6.78,S,8,0,1
264,3,male,9.4,1,4,47.05,S,6,0,1
265,2,male,25.6,1,4,9.86,S,6,0,1
266,1,male,49.5,0,2,34.88,S,3,0,1
267,3,male,56.5,1,0,24.38,S,2,0,1
270,1,male,31.2,4,4,167.42,S,9,0,1
272,2,male,41.4,4,2,27.73,S,7,0,1
273,3,female,13.4,2,4,32.01,S,7,0,1
277,3,female,24.3,3,3,29.1,S,7,0,1
278,2,male,12.1,4,1,22.59,S,6,0,1
279,3,male,33.7,2,0,17.28,S,3,0,1
292,3,male,11.7,1,2,11.91,S,4,0,1
296,3,male,7.4,4,1,47.98,S,6,0,1
298,3,male,26.7,4,1,7.96,S,6,0,1
305,1,male,49.2,2,3,2.07,S,6,0,1
308,3,male,14.8,2,4,2.39,S,7,0,1
313,1,male,26.5,1,2,17.43,S,4,0,1
314,1,male,26.7,0,0,84.25,S,1,1,1
321,3,female,0.0,3,0,21.4,S,4,0,1
324,1,male,28.9,1,4,46.16,S,6,0,1
325,3,female,4.2,2,4,49.0,S,7,0,1
336,1,male,41.7,0,3,53.17,S,4,0,1
337,2,female,0.0,5,0,63.23,S,6,0,1
349,3,female,62.6,2,0,67.57,S,3,0,1
351,3,female,34.1,2,3,17.02,S,6,0,1
352,3,female,12.0,4,0,7.6,S,5,0,1
355,3,female,25.0,5,1,18.73,S,7,0,1
358,2,female,0.0,5,3,7.84,S,9,0,1
361,1,male,36.8,1,1,32.21,S,3,0,1
364,3,male,31.4,3,2,45.53,S,6,0,1
373,3,male,42.2,4,1,10.32,S,6,0,1
381,2,male,48.2,4,0,123.63,S,5,0,1
383,3,female,33.4,3,3,23.49,S,7,0,1
385,3,male,10.5,4,0,6.68,S,5,0,1
388,3,male,20.7,4,4,34.52,S,9,0,1
389,3,female,40.7,0,0,50.84,S,1,1,1
390,1,female,29.4,0,2,2.08,S,3,0,1
393,3,female,21.6,5,4,6.19,S,10,0,1
395,2,female,25.4,1,2,4.26,S,4,0,1
396,2,female,30.0,3,4,35.85,S,8,0,1
398,3,male,25.3,0,3,9.14,S,4,0,1
399,3,female,32.2,5,1,33.61,S,7,0,1
401,1,female,13.0,1,2,27.35,S,4,0,1
403,1,male,1.4,2,1,61.01,S,4,0,1
405,2,male,31.1,0,0,11.55,S,1,1,1
408,2,male,36.7,1,4,74.14,S,6,0,1
418,3,female,35.3,5,3,7.26,S,9,0,1
419,2,female,35.2,3,2,15.41,S,6,0,1
421,3,male,27.3,3,2,43.59,S,6,0,1
427,1,female,28.7,5,2,14.16,S,8,0,1
435,1,female,27.2,5,0,14.0,S,6,0,1
437,1,female,30.2,2,2,50.84,S,5,0,1
438,3,male,34.1,4,3,90.58,S,8,0,1
441,1,female,43.7,3,2,9.64,S,6,0,1
444,3,male,42.9,0,2,16.22,S,3,0,1
445,2,female,16.1,5,4,14.41,S,10,0,1
446,3,female,46.1,0,2,13.49,S,3,0,1
447,2,male,54.3,0,1,13.73,S,2,0,1
450,3,female,22.7,0,3,11.23,S,4,0,1
453,3,female,18.1,1,1,10.74,S,3,0,1
461,3,male,23.2,0,3,32.69,S,4,0,1
464,3,female,41.9,4,4,79.49,S,9,0,1
467,3,male,9.1,2,3,47.62,S,6,0,1
469,3,female,17.5,2,3,12.59,S,6,0,1
471,3,male,10.9,2,2,60.8,S,5,0,1
475,1,female,13.8,5,4,83.96,S,10,0,1
478,3,male,17.1,0,1,38.71,S,2,0,1
480,3,female,0.0,3,1,4.54,S,5,0,1
481,1,male,49.6,4,2,5.89,S,7,0,1
483,3,female,55.4,2,1,8.06,S,4,0,1
485,3,male,33.0,0,0,60.65,S,1,1,1
488,2,male,36.0,1,0,47.79,S,2,0,1
489,3,male,29.0,1,2,56.92,S,4,0,1
499,3,male,38.5,4,1,31.12,S,6,0,1
500,3,female,37.5,1,0,8.24,S,2,0,1
504,3,female,58.8,3,3,9.32,S,7,0,1
506,3,male,35.5,4,0,80.88,S,5,0,1
507,2,male,22.8,1,2,6.03,S,4,0,1
508,3,male,34.1,3,0,0.31,S,4,0,1
512,3,male,44.7,5,0,56.77,S,6,0,1
513,3,male,56.7,0,1,53.22,S,2,0,1
517,2,female,4.8,1,2,18.72,S,4,0,1
523,3,male,30.7,3,2,0.17,S,6,0,1
524,3,male,8.1,1,2,25.03,S,4,0,1
529,3,male,33.5,5,1,42.41,S,7,0,1
530,1,female,16.9,5,2,30.81,S,8,0,1
532,3,male,9.8,4,1,20.84,S,6,0,1
534,2,female,59.8,1,4,2.8,S,6,0,1
535,3,male,36.8,2,4,63.11,S,7,0,1
536,2,male,39.2,2,1,37.61,S,4,0,1
540,2,female,22.5,2,2,102.87,S,5,0,1
547,2,female,41.4,0,1,13.98,S,2,0,1
551,2,female,31.2,3,4,53.37,S,8,0,1
554,2,male,31.4,3,3,23.72,S,7,0,1
559,3,male,25.5,5,1,30.48,S,7,0,1
560,3,male,16.1,1,4,50.07,S,6,0,1
568,1,male,28.3,3,3,34.61,S,7,0,1
571,3,female,31.0,0,2,86.94,S,3,0,1
573,1,male,9.7,3,0,15.13,S,4,0,1
574,1,male,9.6,3,3,21.12,S,7,0,1
577,3,male,43.4,4,1,83.08,S,6,0,1
581,2,female,11.8,2,0,68.57,S,3,0,1
584,1,female,17.0,5,3,47.02,S,9,0,1
591,3,male,37.5,2,4,3.24,S,7,0,1
596,1,male,46.2,4,0,12.01,S,5,0,1
609,3,male,0.0,4,4,14.79,S,9,0,1
611,3,male,23.1,3,0,68.16,S,4,0,1
612,2,male,56.1,3,2,22.07,S,6,0,1
614,3,female,49.7,3,2,50.32,S,6,0,1
615,2,female,51.0,2,4,18.75,S,7,0,1
618,3,male,24.3,0,3,0.89,S,4,0,1
619,2,male,46.9,0,4,39.53,S,5,0,1
630,2,female,22.6,5,2,31.81,S,8,0,1
631,3,male,34.0,2,3,66.62,S,6,0,1
645,3,male,21.5,1,1,27.58,S,3,0,1
647,3,male,29.7,4,4,37.91,S,9,0,1
661,1,male,45.1,2,1,1.06,S,4,0,1
678,3,male,60.0,3,1,8.79,S,5,0,1
679,2,male,38.5,4,0,8.91,S,5,0,1
680,3,female,9.3,0,2,11.61,S,3,0,1
683,3,male,13.5,3,2,9.46,S,6,0,1
684,3,male,4.0,1,3,34.51,S,5,0,1
705,2,female,9.7,5,4,27.01,S,10,0,1
709,3,male,34.9,1,4,3.97,S,6,0,1
710,1,female,16.1,2,0,13.17,S,3,0,1
723,1,female,44.8,2,3,48.49,S,6,0,1
725,1,male,46.2,5,0,22.98,S,6,0,1
727,3,male,17.2,0,3,10.11,S,4,0,1
731,3,male,33.5,3,0,30.15,S,4,0,1
737,3,male,27.9,5,1,3.15,S,7,0,1
745,3,female,50.6,2,1,27.6,S,4,0,1
748,1,female,18.5,4,1,1.34,S,6,0,1
751,3,male,44.2,2,1,39.07,S,4,0,1
752,2,male,23.6,5,2,47.5,S,8,0,1
755,3,female,42.5,5,1,83.56,S,7,0,1
756,3,female,58.1,0,1,34.01,S,2,0,1
758,1,male,11.3,1,3,26.71,S,5,0,1
759,1,male,40.2,2,4,13.5,S,7,0,1
766,3,male,43.8,0,4,16.88,S,5,0,1
767,3,male,21.6,0,1,15.02,S,2,0,1
771,1,female,11.8,1,1,0.22,S,3,0,1
777,3,female,29.5,4,4,37.67,S,9,0,1
778,1,female,31.6,4,1,2.33,S,6,0,1
779,3,male,46.7,1,3,156.06,S,5,0,1
780,1,male,38.8,1,3,92.9,S,5,0,1
789,3,female,40.7,4,0,27.27,S,5,0,1
795,1,female,25.1,5,2,1.02,S,8,0,1
799,1,female,49.4,1,1,53.91,S,3,0,1
800,3,female,19.7,0,1,23.15,S,2,0,1
805,1,male,31.8,1,2,10.25,S,4,0,1
806,1,male,60.6,4,1,15.88,S,6,0,1
807,3,male,34.8,1,1,1.56,S,3,0,1
810,1,female,37.3,5,0,50.91,S,6,0,1
811,1,female,31.2,0,0,26.9,S,1,1,1
813,3,male,35.9,3,2,116.96,S,6,0,1
814,2,female,3.6,3,1,10.67,S,5,0,1
820,1,male,10.3,2,2,11.9,S,5,0,1
825,2,male,37.0,3,3,5.52,S,7,0,1
828,2,male,52.1,4,2,25.07,S,7,0,1
836,3,female,20.2,0,1,30.48,S,2,0,1
839,3,male,22.2,0,4,56.99,S,5,0,1
841,3,male,50.0,0,3,42.51,S,4,0,1
851,3,male,0.0,2,4,14.56,S,7,0,1
853,3,male,23.9,1,3,31.68,S,5,0,1
868,3,male,25.1,0,4,11.28,S,5,0,1
869,2,male,21.7,1,2,5.44,S,4,0,1
876,1,male,4.6,1,4,8.79,S,6,0,1
877,1,male,33.9,3,3,0.76,S,7,0,1
884,3,male,41.5,4,1,14.87,S,6,0,1
891,3,female,32.4,4,0,87.89,S,5,0,1
897,3,male,27.3,2,3,10.37,S,6,0,1
905,1,female,21.7,0,1,14.57,S,2,0,1
912,3,male,23.2,4,0,31.72,S,5,0,1
917,3,male,35.5,0,3,21.25,S,4,0,1
918,3,male,30.0,1,0,62.96,S,2,0,1
922,1,male,6.5,3,1,30.19,S,5,0,1
928,2,female,17.6,3,2,56.69,S,6,0,1
931,2,male,24.8,4,0,64.53,S,5,0,1
932,3,female,33.5,5,0,40.89,S,6,0,1
937,1,female,19.7,1,3,41.58,S,5,0,1
943,1,female,13.2,5,3,19.48,S,9,0,1
947,3,male,27.8,4,4,2.68,S,9,0,1
948,3,male,8.8,0,4,6.68,S,5,0,1
951,1,male,42.9,5,3,5.42,S,9,0,1
953,2,male,12.4,4,1,7.51,S,6,0,1
959,1,female,16.6,3,2,27.06,S,6,0,1
966,3,male,40.7,1,1,2.66,S,3,0,1
970,3,female,23.7,2,2,47.03,S,5,0,1
971,1,male,13.9,5,2,75.64,S,8,0,1
972,3,male,25.7,2,3,13.34,S,6,0,1
984,3,male,43.7,3,1,53.41,S,5,0,1
986,3,male,19.6,5,3,41.48,S,9,0,1
989,3,female,49.5,4,4,20.06,S,9,0,1
990,3,male,34.2,0,2,16.32,S,3,0,1
991,2,female,43.3,0,3,6.91,S,4,0,1
1002,3,female,48.8,1,1,25.22,S,3,0,1
1003,1,male,54.1,4,1,10.32,S,6,0,1
1004,3,female,48.9,2,0,9.18,S,3,0,1
1007,1,male,32.3,2,2,14.26,S,5,0,1
1011,2,male,7.1,4,3,32.98,S,8,0,1
1012,2,male,30.9,5,0,35.1,S,6,0,1
1014,1,male,27.9,4,3,6.74,S,8,0,1
1015,3,male,31.7,1,3,20.1,S,5,0,1
1020,3,male,21.2,1,4,22.93,S,6,0,1
1022,1,male,29.1,4,3,81.14,S,8,0,1
1023,2,female,26.2,4,0,43.24,S,5,0,1
1024,3,female,33.9,4,4,14.18,S,9,0,1
1026,3,male,34.6,2,3,14.61,S,6,0,1
1027,3,female,23.1,2,3,21.88,S,6,0,1
1029,3,female,13.1,3,2,6.64,S,6,0,1
1035,3,male,0.0,2,3,45.11,S,6,0,1
1037,3,male,20.1,5,4,35.94,S,10,0,1
1043,3,female,0.0,2,1,3.01,S,4,0,1
1044,2,male,11.0,2,4,41.01,S,7,0,1
1048,3,male,32.4,0,1,66.83,S,2,0,1
1050,3,male,37.4,2,0,19.33,S,3,0,1
1053,3,male,47.0,0,4,0.37,S,5,0,1
1059,1,male,31.1,0,2,6.3,S,3,0,1
1061,1,female,39.1,1,1,17.26,S,3,0,1
1062,1,male,41.2,1,4,7.49,S,6,0,1
1074,3,male,21.8,0,1,2.03,S,2,0,1
1077,1,female,42.5,0,1,48.18,S,2,0,1
1079,1,male,1.0,1,2,5.87,S,4,0,1
1084,3,male,36.6,2,1,73.07,S,4,0,1
1088,3,male,19.4,3,0,64.04,S,4,0,1
1090,2,male,51.8,1,4,60.25,S,6,0,1
1091,3,female,29.2,5,0,11.47,S,6,0,1
1101,1,female,17.0,4,2,116.81,S,7,0,1
1102,3,male,21.0,3,4,3.14,S,8,0,1
1103,1,female,32.9,2,1,31.13,S,4,0,1
1107,3,male,29.2,3,4,8.03,S,8,0,1
1110,2,male,46.2,2,0,25.99,S,3,0,1
1120,3,female,33.2,2,0,45.9,S,3,0,1
1121,3,female,48.4,3,4,6.01,S,8,0,1
1122,1,female,40.0,4,4,2.17,S,9,0,1
1123,2,male,12.7,5,2,21.75,S,8,0,1
1134,1,female,47.1,3,3,38.57,S,7,0,1
1136,2,male,18.7,2,4,0.15,S,7,0,1
1140,3,male,33.8,4,3,33.58,S,8,0,1
1142,3,female,34.3,3,4,60.22,S,8,0,1
1145,1,male,66.7,4,2,31.28,S,7,0,1
1146,3,female,30.2,5,0,5.25,S,6,0,1
1147,3,female,37.4,4,0,12.02,S,5,0,1
1148,2,male,0.7,0,0,45.19,S,1,1,1
1150,3,female,36.3,0,0,83.29,S,1,1,1
1151,3,male,6.4,4,3,16.71,S,8,0,1
1152,3,male,36.7,1,0,7.94,S,2,0,1
1153,2,male,18.8,0,4,7.55,S,5,0,1
1155,2,male,18.8,3,1,14.69,S,5,0,1
1157,1,male,33.7,0,3,37.88,S,4,0,1
1158,2,male,16.3,0,0,17.51,S,1,1,1
1160,3,male,40.6,1,1,25.48,S,3,0,1
1165,3,female,19.6,3,2,39.43,S,6,0,1
1166,3,male,12.5,0,2,0.55,S,3,0,1
1172,3,female,53.3,1,4,1.73,S,6,0,1
1176,3,male,60.2,1,0,2.93,S,2,0,1
1178,3,female,19.1,3,3,45.74,S,7,0,1
1180,3,male,32.4,0,3,64.12,S,4,0,1
1183,2,male,27.9,1,2,13.35,S,4,0,1
1189,3,male,27.6,1,4,1.41,S,6,0,1
1195,3,female,14.1,1,3,10.03,S,5,0,1
1197,1,female,28.0,0,1,18.87,S,2,0,1
1198,3,male,42.9,4,3,61.54,S,8,0,1
1200,3,female,10.3,5,3,68.86,S,9,0,1
1205,1,female,25.2,1,1,88.38,S,3,0,1
1214,2,male,23.3,3,0,61.08,S,4,0,1
1218,3,male,31.4,0,2,0.75,S,3,0,1
1220,3,male,49.3,2,1,24.44,S,4,0,1
1223,3,male,21.8,1,1,15.61,S,3,0,1
1230,1,female,1.4,0,4,1.71,S,5,0,1
1236,1,male,24.6,4,2,14.03,S,7,0,1
1240,3,male,43.2,5,1,50.12,S,7,0,1
1242,2,male,37.6,4,4,0.41,S,9,0,1
1243,1,female,8.3,1,0,5.26,S,2,0,1
1244,3,male,49.5,0,2,14.46,S,3,0,1
1245,2,female,27.6,4,0,35.71,S,5,0,1
1248,3,male,43.1,3,0,19.84,S,4,0,1
1250,2,male,16.1,1,2,74.26,S,4,0,1
1261,3,female,28.7,0,2,1.36,S,3,0,1
1270,2,male,8.9,0,1,13.09,S,2,0,1
1272,3,male,22.8,3,3,36.55,S,7,0,1
1277,3,female,40.4,0,3,9.65,S,4,0,1
1298,3,male,32.3,5,3,83.95,S,9,0,1
1304,3,male,24.5,5,3,16.89,S,9,0,1
1305,3,male,24.9,5,4,10.05,S,10,0,1
1306,2,male,31.2,3,0,85.26,S,4,0,1
1307,1,male,33.9,5,1,30.0,S,7,0,1
1309,2,male,24.3,5,0,29.49,S,6,0,1
1313,2,male,45.3,3,1,13.71,S,5,0,1
1315,3,female,18.9,4,4,37.6,S,9,0,1
1324,3,female,32.3,2,3,2.1,S,6,0,1
1328,3,male,31.9,3,4,35.7,S,8,0,1
1333,3,male,31.0,0,1,1.61,S,2,0,1
1334,3,female,28.1,3,2,2.04,S,6,0,1
1342,3,male,34.2,4,4,34.51,S,9,0,1
1343,3,female,21.0,1,1,14.92,S,3,0,1
1344,2,male,46.2,3,2,15.61,S,6,0,1
1348,3,male,32.2,5,0,3.92,S,6,0,1
1350,1,female,32.7,1,4,43.35,S,6,0,1
1355,3,female,34.4,4,0,75.26,S,5,0,1
1356,1,male,38.1,0,1,9.52,S,2,0,1
1360,2,female,24.9,0,2,65.17,S,3,0,1
1362,3,male,34.2,5,0,17.47,S,6,0,1
1363,2,female,34.6,5,0,64.49,S,6,0,1
1364,1,male,35.5,4,0,11.32,S,5,0,1
1366,3,female,9.2,0,0,45.52,S,1,1,1
1375,1,male,28.4,3,3,3.65,S,7,0,1
1384,3,male,46.8,0,1,1.16,S,2,0,1
1386,1,female,33.1,5,3,48.42,S,9,0,1
1388,2,female,44.3,0,2,30.21,S,3,0,1
1395,3,female,0.0,5,1,0.68,S,7,0,1
1399,3,female,23.2,2,1,8.42,S,4,0,1
1403,3,male,68.9,0,0,35.86,S,1,1,1
1404,3,female,47.3,5,0,55.47,S,6,0,1
1406,1,male,28.8,0,1,40.55,S,2,0,1
1409,3,male,39.9,0,4,36.73,S,5,0,1
1415,2,male,10.9,0,2,33.86,S,3,0,1
1419,2,male,44.7,1,1,8.69,S,3,0,1
1424,3,male,33.4,3,2,3.86,S,6,0,1
1425,3,male,0.0,2,0,99.12,S,3,0,1
1427,3,male,27.4,5,4,21.41,S,10,0,1
1429,3,male,30.1,5,2,53.46,S,8,0,1
1433,2,male,49.8,5,1,8.71,S,7,0,1
1437,3,male,64.1,4,4,57.59,S,9,0,1
1440,2,male,14.5,3,0,2.61,S,4,0,1
1442,1,female,34.4,4,2,43.11,S,7,0,1
1444,1,male,36.6,0,2,7.23,S,3,0,1
1446,3,male,25.7,3,0,27.51,S,4,0,1
1447,3,female,25.6,5,4,5.41,S,10,0,1
1449,2,male,19.2,5,1,53.56,S,7,0,1
1452,1,female,39.0,2,4,33.67,S,7,0,1
1455,3,female,15.4,4,1,0.53,S,6,0,1
1456,3,male,25.7,1,4,27.61,S,6,0,1
1457,3,male,16.6,0,2,26.41,S,3,0,1
1459,3,male,22.0,3,1,1.66,S,5,0,1
1461,3,male,49.3,1,2,48.64,S,4,0,1
1463,3,male,33.1,1,3,2.5,S,5,0,1
1464,1,female,29.5,0,4,39.41,S,5,0,1
1468,3,male,54.5,5,0,27.3,S,6,0,1
1471,3,female,39.0,1,4,84.1,S,6,0,1
1472,2,male,25.0,5,2,1.8,S,8,0,1
1477,2,male,27.6,1,2,0.01,S,4,0,1
1478,2,male,16.7,5,4,8.14,S,10,0,1
1480,2,male,12.9,1,2,37.93,S,4,0,1
1487,3,male,29.6,0,3,63.92,S,4,0,1
1495,2,female,34.4,1,1,6.99,S,3,0,1
1509,1,male,49.2,4,0,61.7,S,5,0,1
1510,3,male,31.1,4,3,5.13,S,8,0,1
1516,3,female,13.1,5,2,7.34,S,8,0,1
1517,3,male,36.8,1,4,66.07,S,6,0,1
1519,1,male,16.0,4,1,100.58,S,6,0,1
1532,2,male,30.2,3,1,21.41,S,5,0,1
1540,1,male,59.7,2,2,10.02,S,5,0,1
1544,3,male,31.7,2,3,36.99,S,6,0,1
1546,3,male,39.6,3,0,39.81,S,4,0,1
1549,1,male,19.4,2,4,18.03,S,7,0,1
1550,1,female,3.0,3,0,10.79,S,4,0,1
1553,3,female,41.5,1,0,2.38,S,2,0,1
1559,3,male,36.4,0,1,51.19,S,2,0,1
1562,3,male,30.8,2,1,49.23,S,4,0,1
1564,3,female,50.8,5,0,3.01,S,6,0,1
1566,3,male,49.7,4,3,9.28,S,8,0,1
1568,3,female,42.8,0,2,25.12,S,3,0,1
1572,3,female,24.5,4,4,8.85,S,9,0,1
1573,3,male,16.8,4,2,29.53,S,7,0,1
1577,3,male,9.5,1,0,2.77,S,2,0,1
1584,2,female,31.8,2,2,136.86,S,5,0,1
1586,1,male,18.3,3,1,4.26,S,5,0,1
1590,2,female,38.8,3,4,149.88,S,8,0,1
1591,3,female,22.4,0,3,53.39,S,4,0,1
1594,3,female,39.8,2,4,31.63,S,7,0,1
1599,3,female,48.0,2,4,34.44,S,7,0,1
1611,3,male,30.4,1,2,6.81,S,4,0,1
1615,2,male,27.4,0,3,16.95,S,4,0,1
1616,1,male,18.3,1,4,5.74,S,6,0,1
1617,2,male,25.4,0,0,30.67,S,1,1,1
1619,3,male,18.1,2,4,22.23,S,7,0,1
1623,3,female,48.1,0,2,14.15,S,3,0,1
1625,3,male,32.2,4,1,29.72,S,6,0,1
1630,1,male,16.2,5,4,62.92,S,10,0,1
1632,3,male,40.4,5,3,21.58,S,9,0,1
1633,1,female,15.0,2,3,11.44,S,6,0,1
1639,3,male,20.7,4,1,43.83,S,6,0,1
1643,3,female,3.4,2,4,76.25,S,7,0,1
1655,3,male,25.6,2,4,30.66,S,7,0,1
1664,1,female,34.8,0,4,51.51,S,5,0,1
1665,1,male,13.8,1,3,12.65,S,5,0,1
1669,2,female,36.0,5,3,37.49,S,9,0,1
1671,2,female,38.3,2,3,12.28,S,6,0,1
1672,3,male,14.6,1,2,32.52,S,4,0,1
1674,3,female,20.4,2,3,97.2,S,6,0,1
1679,2,female,36.1,3,2,69.38,S,6,0,1
1681,3,male,5.6,3,4,2.21,S,8,0,1
1683,3,male,52.1,3,4,114.48,S,8,0,1
1685,2,male,55.3,0,0,33.75,S,1,1,1
1686,2,male,14.1,3,0,18.59,S,4,0,1
1689,3,female,42.0,2,2,0.94,S,5,0,1
1700,3,male,41.5,5,3,50.5,S,9,0,1
1706,3,male,23.4,5,2,29.51,S,8,0,1
1709,3,male,21.6,4,4,17.67,S,9,0,1
1712,3,male,41.7,2,4,6.06,S,7,0,1
1715,3,male,53.3,3,2,77.82,S,6,0,1
1717,1,male,12.4,3,3,7.22,S,7,0,1
1718,2,male,33.8,4,0,17.92,S,5,0,1
1724,3,male,0.0,1,4,18.84,S,6,0,1
1727,1,male,23.5,2,4,10.87,S,7,0,1
1728,3,female,34.0,0,0,46.85,S,1,1,1
1731,1,male,25.7,4,2,6.93,S,7,0,1
1735,3,female,26.4,1,2,8.95,S,4,0,1
1740,3,male,17.7,4,0,30.94,S,5,0,1
1742,3,male,32.8,4,0,37.66,S,5,0,1
1748,3,female,12.2,0,4,21.97,S,5,0,1
1755,3,male,55.3,2,0,7.05,S,3,0,1
1756,2,female,40.9,3,4,14.75,S,8,0,1
1761,3,female,32.2,3,1,47.62,S,5,0,1
1766,3,male,3.7,0,1,7.62,S,2,0,1
1771,3,male,7.9,1,2,3.19,S,4,0,1
1772,3,male,28.2,3,1,17.24,S,5,0,1
1773,3,male,30.0,1,0,125.63,S,2,0,1
1774,3,female,39.6,0,4,98.8,S,5,0,1
1776,3,male,32.8,4,1,28.94,S,6,0,1
1779,2,male,5.6,3,1,7.38,S,5,0,1
1781,2,male,39.4,0,4,5.92,S,5,0,1
1783,3,male,26.0,5,2,0.88,S,8,0,1
1784,3,male,28.0,5,2,89.6,S,8,0,1
1785,3,female,44.4,4,0,26.39,S,5,0,1
1786,2,male,29.4,1,2,6.1,S,4,0,1
1793,3,male,30.7,0,0,14.95,S,1,1,1
1801,3,male,41.5,2,0,15.77,S,3,0,1
1805,3,male,18.2,5,2,19.34,S,8,0,1
1806,2,male,15.2,4,4,26.83,S,9,0,1
1810,3,male,27.6,0,1,56.72,S,2,0,1
1811,3,female,47.9,3,4,56.4,S,8,0,1
1815,1,male,23.6,0,2,19.16,S,3,0,1
1817,1,female,21.8,3,2,29.32,S,6,0,1
1818,3,male,13.6,0,3,0.06,S,4,0,1
1823,1,female,40.9,2,1,3.38,S,4,0,1
1824,3,female,25.6,5,1,57.47,S,7,0,1
1827,1,male,36.0,3,4,21.17,S,8,0,1
1834,3,male,11.7,4,4,64.97,S,9,0,1
1835,1,female,37.7,4,3,30.82,S,8,0,1
1838,1,female,39.5,3,1,16.49,S,5,0,1
1848,2,male,43.4,4,1,59.49,S,6,0,1
1851,1,female,22.4,3,3,81.69,S,7,0,1
1852,3,male,40.0,4,4,37.26,S,9,0,1
1853,3,female,1.3,0,2,35.67,S,3,0,1
1854,3,female,40.1,3,2,40.0,S,6,0,1
1858,3,male,23.6,3,1,50.65,S,5,0,1
1859,2,female,29.4,4,0,29.11,S,5,0,1
1860,2,male,28.4,3,0,14.35,S,4,0,1
1861,2,male,39.4,0,2,8.85,S,3,0,1
1864,2,male,9.5,5,2,30.27,S,8,0,1
1865,3,male,13.8,1,4,0.4,S,6,0,1
1870,3,male,47.3,4,2,5.85,S,7,0,1
1873,3,male,32.4,4,0,7.05,S,5,0,1
1874,3,male,32.4,5,1,8.8,S,7,0,1
1881,3,male,25.1,0,1,45.06,S,2,0,1
1882,3,male,24.4,5,4,73.97,S,10,0,1
1883,3,female,36.3,2,3,77.65,S,6,0,1
1889,1,male,30.7,2,2,12.78,S,5,0,1
1892,1,male,25.0,5,3,17.3,S,9,0,1
1899,3,female,24.0,0,4,1.27,S,5,0,1
1902,2,male,15.7,3,1,30.12,S,5,0,1
1906,2,female,16.7,4,2,8.74,S,7,0,1
1911,3,female,33.0,3,0,11.53,S,4,0,1
1912,3,male,38.3,4,1,10.62,S,6,0,1
1916,3,male,25.4,2,2,25.25,S,5,0,1
1920,3,male,22.1,3,1,14.52,S,5,0,1
1924,2,male,30.6,1,1,47.54,S,3,0,1
1928,1,female,11.0,0,3,52.72,S,4,0,1
1934,1,female,35.9,0,0,74.31,S,1,1,1
1935,3,female,24.8,1,3,1.13,S,5,0,1
1937,2,female,36.1,4,3,37.54,S,8,0,1
1943,3,male,11.5,3,0,4.2,S,4,0,1
1944,1,male,30.8,4,3,84.84,S,8,0,1
1953,3,female,31.7,1,0,84.86,S,2,0,1
1955,3,male,17.4,4,0,25.38,S,5,0,1
1958,3,female,35.0,0,2,40.1,S,3,0,1
1959,3,male,59.6,3,0,32.5,S,4,0,1
1962,3,female,17.0,2,0,22.68,S,3,0,1
1971,3,male,39.6,2,0,9.18,S,3,0,1
1978,1,male,11.7,3,2,11.98,S,6,0,1
1979,3,female,29.0,1,2,6.02,S,4,0,1
1981,2,male,45.8,1,4,20.11,S,6,0,1
1986,2,female,44.3,5,1,3.98,S,7,0,1
1989,3,male,37.3,1,4,2.91,S,6,0,1
1990,1,female,18.4,5,1,18.18,S,7,0,1
1994,2,male,34.4,4,1,8.68,S,6,0,1
1995,2,male,42.7,4,0,2.83,S,5,0,1
1996,3,female,21.6,2,3,18.44,S,6,0,1
2002,3,male,41.6,1,3,14.5,S,5,0,1
2005,3,male,62.3,0,4,19.9,S,5,0,1
2012,3,male,10.0,5,1,49.37,S,7,0,1
2017,1,male,23.6,5,1,5.12,S,7,0,1
2019,3,male,38.7,3,4,10.3,S,8,0,1
2020,2,male,5.4,5,0,22.65,S,6,0,1
2040,3,male,12.5,5,3,14.7,S,9,0,1
2045,3,male,41.7,5,4,7.95,S,10,0,1
2047,3,female,35.1,5,1,12.22,S,7,0,1
2053,1,male,42.9,3,0,4.12,S,4,0,1
2054,3,male,36.0,5,1,13.89,S,7,0,1
2055,1,male,22.1,4,0,32.66,S,5,0,1
2058,3,female,29.0,3,1,70.36,S,5,0,1
2062,3,female,24.8,5,2,21.01,S,8,0,1
2070,2,male,21.8,0,2,18.02,S,3,0,1
2073,2,female,32.4,4,1,7.08,S,6,0,1
2074,3,male,12.7,5,2,7.64,S,8,0,1
2075,1,male,40.8,0,2,6.96,S,3,0,1
2078,3,male,27.7,2,0,53.77,S,3,0,1
2079,3,male,30.8,3,1,24.39,S,5,0,1
2083,3,male,19.1,2,1,6.5,S,4,0,1
2090,1,female,30.4,5,1,50.88,S,7,0,1
2091,3,female,31.3,0,0,53.29,S,1,1,1
2095,3,male,33.7,4,1,12.92,S,6,0,1
2097,1,male,48.4,3,2,18.31,S,6,0,1
2098,2,male,32.6,0,3,3.3,S,4,0,1
2100,3,male,44.7,0,3,28.34,S,4,0,1
2104,1,male,32.0,3,2,57.35,S,6,0,1
2107,3,female,35.5,1,0,6.31,S,2,0,1
2109,3,male,57.9,0,4,47.02,S,5,0,1
2113,3,male,39.5,0,3,62.21,S,4,0,1
2119,2,male,26.8,5,2,31.72,S,8,0,1
2120,1,female,23.3,4,4,10.71,S,9,0,1
2122,1,male,33.0,1,4,28.38,S,6,0,1
2124,3,male,21.5,2,1,3.21,S,4,0,1
2125,3,female,5.2,1,2,4.3,S,4,0,1
2135,3,male,4.9,1,4,44.16,S,6,0,1
2137,3,male,33.2,5,0,8.3,S,6,0,1
2140,3,female,45.6,2,3,42.08,S,6,0,1
2142,3,male,29.0,5,0,68.55,S,6,0,1
2145,3,male,9.6,2,0,39.32,S,3,0,1
2149,1,female,27.1,4,1,48.66,S,6,0,1
2152,3,female,41.6,0,4,27.75,S,5,0,1
2161,3,male,25.0,1,3,3.91,S,5,0,1
2165,3,male,16.0,5,1,6.78,S,7,0,1
2166,3,male,14.3,4,0,76.62,S,5,0,1
2170,2,male,34.0,2,2,16.05,S,5,0,1
2173,1,male,34.7,2,1,34.6,S,4,0,1
2175,3,male,37.1,1,1,0.8,S,3,0,1
2177,2,male,59.7,5,2,1.1,S,8,0,1
2178,3,male,29.1,4,4,66.11,S,9,0,1
2186,2,male,23.1,3,0,26.88,S,4,0,1
2188,1,male,39.0,0,0,17.68,S,1,1,1
2189,1,male,16.7,1,3,99.12,S,5,0,1
2191,3,male,35.3,1,4,16.19,S,6,0,1
2197,3,male,18.0,0,1,29.64,S,2,0,1
2204,1,male,19.8,3,1,28.85,S,5,0,1
2205,3,female,38.9,1,4,8.43,S,6,0,1
2210,3,male,40.6,4,4,5.12,S,9,0,1
2211,1,female,47.4,5,4,14.54,S,10,0,1
2216,1,male,35.1,0,2,34.18,S,3,0,1
2220,1,female,30.5,0,2,6.21,S,3,0,1
2230,3,male,33.4,5,0,111.33,S,6,0,1
2232,3,female,20.8,1,0,0.96,S,2,0,1
2234,3,male,16.7,5,3,3.38,S,9,0,1
2240,1,female,54.4,0,0,5.42,S,1,1,1
2243,1,female,26.0,1,1,38.02,S,3,0,1
2244,3,male,20.2,5,4,76.03,S,10,0,1
2247,3,female,29.2,1,3,12.28,S,5,0,1
2251,3,male,19.8,3,4,24.48,S,8,0,1
2252,2,male,19.1,5,4,0.64,S,10,0,1
2253,2,female,14.3,4,1,19.17,S,6,0,1
2260,3,male,11.8,2,0,40.65,S,3,0,1
2262,3,male,21.3,2,1,65.02,S,4,0,1
2265,1,male,37.1,2,1,112.89,S,4,0,1
2273,2,male,38.6,3,4,0.96,S,8,0,1
2278,1,male,41.4,0,0,16.47,S,1,1,1
2286,3,male,41.6,2,1,40.13,S,4,0,1
2300,2,male,38.9,2,0,4.7,S,3,0,1
2311,3,female,20.0,5,1,20.94,S,7,0,1
2313,3,female,52.9,3,0,22.57,S,4,0,1
2314,3,male,39.9,2,2,82.68,S,5,0,1
2320,2,female,38.8,4,0,19.81,S,5,0,1
2321,1,male,32.7,4,4,37.21,S,9,0,1
2324,3,male,27.1,4,1,60.7,S,6,0,1
2326,3,male,10.5,0,4,1.79,S,5,0,1
2328,3,female,20.3,0,2,17.19,S,3,0,1
2333,3,female,53.8,1,0,23.95,S,2,0,1
2340,3,female,39.2,5,1,26.95,S,7,0,1
2345,3,male,23.9,4,3,72.44,S,8,0,1
2346,2,male,35.9,3,1,76.4,S,5,0,1
2350,3,male,33.8,4,1,2.22,S,6,0,1
2351,3,female,39.3,0,3,48.64,S,4,0,1
2353,1,male,54.4,3,4,64.4,S,8,0,1
2369,1,female,38.2,0,1,86.13,S,2,0,1
2371,2,male,10.2,0,1,3.58,S,2,0,1
2374,2,female,43.1,0,2,17.71,S,3,0,1
2377,3,male,34.0,4,0,31.94,S,5,0,1
2379,2,male,30.0,5,2,1.93,S,8,0,1
2380,3,female,28.1,2,4,9.74,S,7,0,1
2381,3,male,48.7,2,3,73.12,S,6,0,1
2382,1,female,35.9,4,2,50.36,S,7,0,1
2389,1,male,35.5,5,4,2.31,S,10,0,1
2394,2,female,20.5,2,3,11.65,S,6,0,1
2398,1,male,62.0,0,1,25.91,S,2,0,1
2404,3,female,3.7,4,3,110.15,S,8,0,1
2408,1,male,27.3,3,0,32.76,S,4,0,1
2410,2,female,0.0,4,4,26.72,S,9,0,1
2422,2,male,25.5,1,2,3.75,S,4,0,1
2425,1,female,10.6,0,4,36.05,S,5,0,1
2427,1,female,26.7,0,3,32.82,S,4,0,1
2429,2,male,18.5,1,3,28.23,S,5,0,1
2431,3,male,0.0,1,4,26.63,S,6,0,1
2432,3,male,23.4,0,4,15.09,S,5,0,1
2434,1,male,25.7,4,4,21.03,S,9,0,1
2442,3,male,15.5,1,0,15.66,S,2,0,1
2443,1,female,29.6,3,1,54.7,S,5,0,1
2451,1,female,42.1,2,1,23.95,S,4,0,1
2464,3,male,39.2,4,1,10.53,S,6,0,1
2471,2,male,48.7,2,4,46.85,S,7,0,1
2473,2,male,47.6,1,3,51.74,S,5,0,1
2477,3,male,41.0,0,3,46.55,S,4,0,1
2482,3,male,40.8,4,0,0.42,S,5,0,1
2485,2,female,42.3,5,0,75.85,S,6,0,1
2492,3,male,36.8,0,2,29.1,S,3,0,1
2497,3,male,22.7,3,1,7.27,S,5,0,1
2500,2,male,37.5,2,0,3.57,S,3,0,1
2503,1,male,16.4,2,1,65.97,S,4,0,1
2506,3,male,18.9,4,4,36.28,S,9,0,1
2508,1,male,26.1,3,3,117.6,S,7,0,1
2511,2,male,46.1,3,1,18.02,S,5,0,1
2514,3,female,49.8,1,3,48.77,S,5,0,1
2518,3,male,34.9,2,3,56.25,S,6,0,1
2519,3,male,42.0,0,1,16.1,S,2,0,1
2520,3,male,46.4,4,4,20.68,S,9,0,1
2524,1,male,31.1,0,4,29.64,S,5,0,1
2529,3,male,10.1,0,4,98.81,S,5,0,1
2530,3,female,44.4,3,2,2.09,S,6,0,1
2531,2,male,26.2,2,0,5.15,S,3,0,1
2534,3,female,11.9,4,1,0.16,S,6,0,1
2535,3,male,20.4,5,4,92.94,S,10,0,1
2536,1,male,2.8,5,4,19.39,S,10,0,1
2538,3,female,37.2,5,1,67.51,S,7,0,1
2539,2,female,10.1,1,4,10.94,S,6,0,1
2540,3,female,29.2,2,4,28.03,S,7,0,1
2542,3,male,38.4,2,0,3.86,S,3,0,1
2552,2,male,12.1,5,4,11.18,S,10,0,1
2553,3,male,54.1,5,2,0.06,S,8,0,1
2555,2,female,11.4,4,2,20.34,S,7,0,1
2560,3,male,28.6,3,2,7.95,S,6,0,1
2561,3,female,46.7,5,3,47.97,S,9,0,1
2568,3,male,30.6,0,4,2.69,S,5,0,1
2569,3,female,6.6,5,3,66.4,S,9,0,1
2571,3,female,29.8,1,3,30.03,S,5,0,1
2575,3,male,14.0,1,4,36.03,S,6,0,1
2585,2,male,13.6,1,1,35.2,S,3,0,1
2590,2,male,22.6,4,3,121.64,S,8,0,1
2591,3,male,15.3,4,0,54.37,S,5,0,1
2595,3,female,27.0,5,1,33.48,S,7,0,1
2600,2,female,20.1,0,2,16.85,S,3,0,1
2602,1,male,34.9,1,4,6.05,S,6,0,1
2610,1,male,23.7,2,2,4.83,S,5,0,1
2613,2,male,31.8,3,4,3.42,S,8,0,1
2620,1,male,5.9,5,4,1.12,S,10,0,1
2621,3,female,62.9,1,1,42.18,S,3,0,1
2625,3,male,39.2,1,1,87.0,S,3,0,1
2627,3,male,24.6,4,4,89.8,S,9,0,1
2634,3,male,34.6,5,0,54.61,S,6,0,1
2635,3,male,43.8,4,0,12.74,S,5,0,1
2638,3,female,2.9,4,1,28.44,S,6,0,1
2639,3,female,29.6,3,4,6.42,S,8,0,1
2642,2,male,16.5,1,1,14.2,S,3,0,1
2646,1,male,30.1,0,1,9.51,S,2,0,1
2654,1,male,35.0,0,1,8.64,S,2,0,1
2656,1,female,24.6,0,3,19.9,S,4,0,1
2657,3,male,41.6,2,0,20.43,S,3,0,1
2661,2,male,48.6,1,0,21.2,S,2,0,1
2667,3,female,28.0,3,3,24.08,S,7,0,1
2668,3,male,37.6,0,4,65.29,S,5,0,1
2670,1,male,34.2,1,4,221.35,S,6,0,1
2694,1,female,18.4,4,4,12.95,S,9,0,1
2696,1,male,23.5,0,2,36.81,S,3,0,1
2698,3,male,0.0,4,0,25.07,S,5,0,1
2699,3,male,31.7,4,2,15.39,S,7,0,1
2701,1,male,19.3,0,4,25.88,S,5,0,1
2704,2,male,29.8,5,0,6.78,S,6,0,1
2710,1,female,10.8,2,0,74.74,S,3,0,1
2718,2,male,41.1,5,4,14.56,S,10,0,1
2720,3,male,24.7,1,1,2.77,S,3,0,1
2721,2,male,34.3,5,0,19.64,S,6,0,1
2722,1,male,49.3,4,1,34.85,S,6,0,1
2730,3,male,24.0,0,0,1.78,S,1,1,1
2733,3,female,19.4,5,1,5.63,S,7,0,1
2734,3,female,52.7,1,1,46.27,S,3,0,1
2736,3,male,34.4,5,3,0.88,S,9,0,1
2744,2,male,30.2,3,0,26.6,S,4,0,1
2748,1,male,23.1,1,1,3.98,S,3,0,1
2749,2,female,27.6,1,2,3.93,S,4,0,1
2751,2,female,35.8,5,4,5.25,S,10,0,1
2757,3,male,36.9,2,4,23.87,S,7,0,1
2765,2,male,24.9,2,3,68.67,S,6,0,1
2769,3,female,22.8,4,2,29.62,S,7,0,1
2772,2,male,27.3,1,0,32.87,S,2,0,1
2781,3,female,35.6,4,1,1.15,S,6,0,1
2782,2,male,16.2,1,4,4.34,S,6,0,1
2783,1,male,28.2,2,4,20.54,S,7,0,1
2784,1,female,51.3,2,2,3.12,S,5,0,1
2786,1,male,40.1,0,1,5.49,S,2,0,1
2788,2,female,58.8,4,1,4.01,S,6,0,1
2790,3,male,29.5,3,4,42.36,S,8,0,1
2791,3,male,32.1,3,4,83.06,S,8,0,1
2797,3,male,8.4,4,1,96.72,S,6,0,1
2798,2,female,32.4,1,2,4.18,S,4,0,1
2800,3,male,15.3,4,3,9.34,S,8,0,1
2801,3,male,27.7,1,3,5.4,S,5,0,1
2803,1,male,12.2,4,0,34.97,S,5,0,1
2805,3,male,49.8,4,3,6.41,S,8,0,1
2806,1,male,31.2,2,4,1.03,S,7,0,1
2809,2,male,40.6,1,3,4.37,S,5,0,1
2811,1,male,37.4,5,2,9.35,S,8,0,1
2812,1,male,32.3,0,2,8.4,S,3,0,1
2815,1,male,24.9,1,0,18.02,S,2,0,1
2820,3,male,36.4,4,4,5.16,S,9,0,1
2822,3,male,26.8,1,0,23.14,S,2,0,1
2825,3,male,25.9,3,3,49.09,S,7,0,1
2831,1,male,65.2,3,4,5.16,S,8,0,1
2835,1,male,36.4,4,3,9.41,S,8,0,1
2838,3,male,11.7,4,1,1.21,S,6,0,1
2841,1,male,34.4,0,4,29.01,S,5,0,1
2846,3,male,33.7,4,1,66.06,S,6,0,1
2853,3,female,35.7,1,4,0.84,S,6,0,1
2860,3,female,28.6,4,2,29.8,S,7,0,1
2862,2,male,29.3,4,2,50.8,S,7,0,1
2870,1,male,4.2,0,2,82.02,S,3,0,1
2871,3,female,34.3,4,4,0.84,S,9,0,1
2874,3,male,47.7,4,3,47.64,S,8,0,1
2881,3,male,41.8,0,2,17.04,S,3,0,1
2885,3,female,45.7,3,1,7.16,S,5,0,1
2888,3,male,33.7,5,4,58.62,S,10,0,1
2889,3,male,33.2,1,2,76.98,S,4,0,1
2892,3,female,25.0,5,2,4.2,S,8,0,1
2893,3,female,23.0,4,2,14.63,S,7,0,1
2895,3,male,28.6,3,1,22.8,S,5,0,1
2901,2,male,34.6,1,4,96.56,S,6,0,1
2906,2,female,38.2,3,2,18.2,S,6,0,1
2912,3,male,46.0,5,1,83.03,S,7,0,1
2915,1,male,8.6,4,1,15.66,S,6,0,1
2916,2,male,16.9,2,0,42.07,S,3,0,1
2917,3,female,29.7,2,4,43.48,S,7,0,1
2922,3,male,22.2,1,4,5.5,S,6,0,1
2927,1,male,33.4,4,1,0.16,S,6,0,1
2931,3,male,25.3,0,1,61.35,S,2,0,1
2934,3,male,31.6,3,3,17.8,S,7,0,1
2938,3,female,21.2,0,1,25.24,S,2,0,1
2944,2,male,16.7,3,4,96.13,S,8,0,1
2949,2,male,13.3,5,3,16.47,S,9,0,1
2952,1,female,29.3,2,3,7.5,S,6,0,1
2954,3,male,23.4,4,4,6.7,S,9,0,1
2956,2,female,23.8,0,0,17.46,S,1,1,1
2957,3,male,36.9,2,4,2.8,S,7,0,1
2959,3,female,51.8,3,0,2.78,S,4,0,1
2963,2,male,18.1,0,0,17.74,S,1,1,1
2965,3,female,13.5,2,4,9.42,S,7,0,1
2966,3,male,33.0,4,3,3.16,S,8,0,1
2976,3,male,36.9,5,3,6.3,S,9,0,1
2978,2,male,46.3,4,3,5.68,S,8,0,1
2982,3,female,11.3,3,4,36.43,S,8,0,1
2983,1,male,27.5,5,1,2.42,S,7,0,1
2985,3,male,22.3,1,4,1.13,S,6,0,1
2988,3,male,29.1,1,1,41.24,S,3,0,1
2989,1,male,0.0,2,1,8.75,S,4,0,1
2991,3,female,70.9,5,0,82.6,S,6,0,1
2995,3,female,9.0,2,2,5.35,S,5,0,1
2999,3,male,20.1,1,4,12.45,S,6,0,1
3000,3,male,27.9,1,4,16.04,S,6,0,1
3005,2,female,48.1,2,1,17.14,S,4,0,1
3006,2,male,45.2,3,1,43.78,S,5,0,1
3008,3,male,40.2,1,4,27.09,S,6,0,1
3014,1,male,16.2,4,2,6.9,S,7,0,1
3016,3,male,0.3,0,2,15.91,S,3,0,1
3022,3,male,19.0,2,1,17.59,S,4,0,1
3026,3,female,35.4,0,4,25.71,S,5,0,1
3028,3,male,19.7,5,4,47.61,S,10,0,1
3029,3,female,13.9,4,1,34.31,S,6,0,1
3032,3,female,30.7,0,1,49.51,S,2,0,1
3037,3,male,51.0,3,1,11.13,S,5,0,1
3041,3,male,12.5,0,4,0.54,S,5,0,1
3044,3,female,27.3,0,4,71.34,S,5,0,1
3045,3,male,33.7,3,1,12.39,S,5,0,1
3054,1,female,4.0,4,4,57.24,S,9,0,1
3063,3,male,56.4,0,1,32.75,S,2,0,1
3064,3,female,13.7,5,1,13.31,S,7,0,1
3067,3,male,25.9,4,1,18.83,S,6,0,1
3069,3,male,11.4,0,1,9.75,S,2,0,1
3075,3,male,45.6,4,2,44.89,S,7,0,1
3076,3,male,46.3,2,3,1.88,S,6,0,1
3079,3,female,25.2,3,0,12.32,S,4,0,1
3085,3,male,45.9,3,3,8.54,S,7,0,1
3093,2,male,15.3,2,0,5.09,S,3,0,1
3096,1,male,31.9,5,1,64.93,S,7,0,1
3101,3,male,21.7,0,0,26.56,S,1,1,1
3102,1,male,44.9,1,2,64.89,S,4,0,1
3106,1,male,44.4,2,0,7.78,S,3,0,1
3110,3,male,13.6,5,2,6.23,S,8,0,1
3116,2,male,23.3,1,4,30.01,S,6,0,1
3124,2,male,35.5,2,0,4.87,S,3,0,1
3130,3,male,26.8,0,1,15.65,S,2,0,1
3132,2,male,30.2,1,0,49.54,S,2,0,1
3136,3,male,0.9,4,4,12.26,S,9,0,1
3141,2,male,48.7,3,1,25.65,S,5,0,1
3147,2,female,44.4,4,4,44.33,S,9,0,1
3148,3,male,26.5,4,3,41.97,S,8,0,1
3152,2,male,43.1,0,1,29.73,S,2,0,1
3155,2,male,11.4,1,3,36.77,S,5,0,1
3156,3,male,35.7,1,0,27.25,S,2,0,1
3168,1,female,14.5,1,4,43.64,S,6,0,1
3170,3,female,34.2,1,2,79.89,S,4,0,1
3176,2,female,10.3,4,0,27.81,S,5,0,1
3177,2,male,16.8,4,2,48.27,S,7,0,1
3178,3,female,32.4,4,4,55.41,S,9,0,1
3179,2,male,26.1,5,0,20.36,S,6,0,1
3188,1,male,55.2,2,4,10.38,S,7,0,1
3189,3,male,25.3,4,0,16.65,S,5,0,1
3191,3,female,35.0,1,1,115.77,S,3,0,1
3192,1,male,26.6,1,3,0.06,S,5,0,1
3196,3,male,40.4,1,3,4.09,S,5,0,1
3197,3,male,16.5,3,1,28.53,S,5,0,1
3204,1,male,20.6,2,0,43.17,S,3,0,1
3205,2,male,32.7,0,3,11.12,S,4,0,1
3206,3,female,38.8,5,1,3.89,S,7,0,1
3207,3,female,47.9,3,2,3.45,S,6,0,1
3211,1,male,12.3,2,2,3.62,S,5,0,1
3213,3,female,8.6,5,4,0.8,S,10,0,1
3218,1,male,17.0,3,3,12.31,S,7,0,1
3219,3,female,24.2,2,3,4.84,S,6,0,1
3225,3,female,28.9,0,1,23.88,S,2,0,1
3237,1,male,56.1,1,2,25.19,S,4,0,1
3243,1,male,34.8,5,1,35.64,S,7,0,1
3248,1,female,9.3,4,4,16.26,S,9,0,1
3249,1,male,37.2,3,0,51.0,S,4,0,1
3256,1,female,21.1,2,3,28.0,S,6,0,1
3259,2,female,18.9,4,2,73.17,S,7,0,1
3264,3,male,22.7,4,1,19.58,S,6,0,1
3272,3,female,18.4,3,0,21.07,S,4,0,1
3274,3,female,43.1,3,2,101.11,S,6,0,1
3275,3,female,17.8,3,3,11.25,S,7,0,1
3282,1,female,19.6,0,1,36.7,S,2,0,1
3283,3,female,66.9,1,2,51.84,S,4,0,1
3287,3,male,36.8,5,3,6.97,S,9,0,1
3288,3,male,58.8,1,4,30.98,S,6,0,1
3291,3,female,50.7,1,0,23.73,S,2,0,1
3299,3,male,5.6,5,4,22.62,S,10,0,1
3310,2,female,27.5,3,1,5.4,S,5,0,1
3312,3,female,32.2,5,1,70.46,S,7,0,1
3315,3,male,15.6,3,2,20.64,S,6,0,1
3318,3,male,45.3,5,4,10.69,S,10,0,1
3319,1,female,5.5,0,3,36.25,S,4,0,1
3322,3,male,53.5,2,4,49.34,S,7,0,1
3325,2,female,57.4,1,4,5.29,S,6,0,1
3326,3,female,40.2,1,3,39.57,S,5,0,1
3334,2,female,22.3,4,4,52.7,S,9,0,1
3335,3,male,49.0,4,3,1.23,S,8,0,1
3336,3,male,23.8,1,3,11.79,S,5,0,1
3337,1,female,25.2,1,4,121.84,S,6,0,1
3339,3,male,25.6,1,4,6.46,S,6,0,1
3340,3,male,46.9,0,3,28.63,S,4,0,1
3342,3,male,18.4,3,0,34.25,S,4,0,1
3345,3,female,24.5,5,3,206.66,S,9,0,1
3352,3,female,8.6,2,2,5.07,S,5,0,1
3356,1,male,37.9,2,3,18.69,S,6,0,1
3358,1,male,13.7,0,2,40.97,S,3,0,1
3362,2,male,23.2,2,1,6.96,S,4,0,1
3364,2,female,55.7,0,0,6.39,S,1,1,1
3365,1,male,33.3,4,3,29.92,S,8,0,1
3369,3,male,35.6,5,2,48.84,S,8,0,1
3373,3,male,28.4,5,3,101.04,S,9,0,1
3374,1,male,34.5,5,2,6.5,S,8,0,1
3376,3,female,42.7,2,1,61.35,S,4,0,1
3391,3,female,28.8,2,0,15.02,S,3,0,1
3394,1,male,26.7,4,1,13.01,S,6,0,1
3395,3,female,50.2,3,1,3.98,S,5,0,1
3402,3,male,24.8,5,2,7.73,S,8,0,1
3404,1,male,25.0,3,4,11.63,S,8,0,1
3405,1,male,29.6,0,1,24.4,S,2,0,1
3406,3,male,61.5,1,2,27.09,S,4,0,1
3407,3,female,24.4,4,3,7.69,S,8,0,1
3420,3,female,32.2,4,2,99.47,S,7,0,1
3421,1,male,17.2,0,1,65.15,S,2,0,1
3424,1,male,25.5,2,0,6.39,S,3,0,1
3427,2,male,34.4,2,2,10.9,S,5,0,1
3431,3,female,33.5,5,3,72.33,S,9,0,1
3432,1,female,42.6,4,2,20.82,S,7,0,1
3438,3,female,23.4,2,3,3.36,S,6,0,1
3443,2,female,24.2,3,3,25.01,S,7,0,1
3445,1,female,17.1,2,1,9.26,S,4,0,1
3446,2,male,28.3,3,2,22.01,S,6,0,1
3447,2,male,20.5,5,2,13.66,S,8,0,1
3451,3,female,27.4,1,0,375.72,S,2,0,1
3452,3,male,30.5,2,4,15.76,S,7,0,1
3454,3,male,65.7,2,2,7.65,S,5,0,1
3458,3,male,33.7,5,2,35.94,S,8,0,1
3459,3,male,48.9,5,3,1.88,S,9,0,1
3462,3,female,18.1,5,4,8.1,S,10,0,1
3467,1,male,8.5,4,4,45.22,S,9,0,1
3468,2,male,17.2,2,3,4.13,S,6,0,1
3471,3,female,26.5,2,0,11.39,S,3,0,1
3473,2,male,46.1,5,2,1.57,S,8,0,1
3474,3,male,19.9,1,4,34.0,S,6,0,1
3476,3,male,10.3,4,4,2.93,S,9,0,1
3492,3,male,21.6,4,4,2.27,S,9,0,1
3493,3,male,16.4,3,3,25.52,S,7,0,1
3497,1,male,32.5,5,0,28.05,S,6,0,1
3499,1,male,25.9,2,4,111.98,S,7,0,1
3501,2,female,50.9,4,4,13.46,S,9,0,1
3502,3,female,21.0,0,3,51.72,S,4,0,1
3504,3,female,27.9,2,4,51.07,S,7,0,1
3505,3,male,59.2,4,3,14.91,S,8,0,1
3513,3,male,41.7,1,1,38.81,S,3,0,1
3514,3,male,30.4,1,4,8.85,S,6,0,1
3526,1,male,38.0,3,3,29.95,S,7,0,1
3527,1,female,25.9,4,0,79.31,S,5,0,1
3528,3,male,61.5,1,2,24.15,S,4,0,1
3531,1,male,23.1,2,0,74.28,S,3,0,1
3538,2,male,13.5,3,4,6.32,S,8,0,1
3541,3,male,28.6,3,2,13.82,S,6,0,1
3550,3,male,54.8,4,0,18.98,S,5,0,1
3555,3,male,20.7,2,1,71.8,S,4,0,1
3561,3,female,24.5,2,4,4.3,S,7,0,1
3567,3,male,27.9,2,2,5.24,S,5,0,1
3568,3,female,8.1,0,1,42.16,S,2,0,1
3569,3,male,19.2,2,0,1.83,S,3,0,1
3572,1,female,33.7,1,2,54.31,S,4,0,1
3578,1,male,39.3,5,0,41.8,S,6,0,1
3581,3,male,48.2,0,2,18.68,S,3,0,1
3583,3,male,30.5,2,1,7.56,S,4,0,1
3587,3,female,28.3,2,4,20.73,S,7,0,1
3590,1,male,63.0,3,0,22.4,S,4,0,1
3595,3,male,28.0,2,4,39.0,S,7,0,1
3599,2,female,44.0,2,0,40.09,S,3,0,1
3606,3,male,17.8,4,2,99.45,S,7,0,1
3608,3,male,35.9,5,4,66.92,S,10,0,1
3609,3,male,60.1,2,2,179.64,S,5,0,1
3617,3,male,3.9,3,3,18.31,S,7,0,1
3623,3,male,19.1,1,2,87.34,S,4,0,1
3627,1,male,48.7,5,4,26.99,S,10,0,1
3629,3,male,18.4,5,4,28.33,S,10,0,1
3636,3,male,30.2,1,0,30.81,S,2,0,1
3652,3,male,23.5,2,3,4.6,S,6,0,1
3659,3,female,20.4,4,1,112.03,S,6,0,1
3666,3,male,18.5,0,4,8.22,S,5,0,1
3672,3,female,23.3,2,4,42.03,S,7,0,1
3678,3,male,14.8,1,2,94.89,S,4,0,1
3680,1,male,13.4,3,1,12.09,S,5,0,1
3682,3,male,19.0,5,0,74.16,S,6,0,1
3684,1,female,45.1,5,4,15.22,S,10,0,1
3686,3,male,19.5,4,1,11.74,S,6,0,1
3690,3,female,31.6,2,4,82.11,S,7,0,1
3692,3,female,15.8,5,0,34.15,S,6,0,1
3697,2,male,25.4,4,1,7.65,S,6,0,1
3698,2,female,18.7,1,0,87.35,S,2,0,1
3703,3,female,22.6,1,1,71.04,S,3,0,1
3704,1,male,31.7,3,4,40.19,S,8,0,1
3706,2,male,38.3,2,4,2.82,S,7,0,1
3711,3,female,32.3,4,0,11.88,S,5,0,1
3713,3,male,24.7,5,3,44.79,S,9,0,1
3714,1,male,29.2,4,4,4.76,S,9,0,1
3721,3,female,14.4,2,4,19.59,S,7,0,1
3722,3,male,18.1,1,0,23.91,S,2,0,1
3725,2,female,10.4,1,1,13.4,S,3,0,1
3731,3,male,35.7,2,2,37.19,S,5,0,1
3736,3,male,21.9,0,1,19.01,S,2,0,1
3738,3,male,29.0,4,0,29.16,S,5,0,1
3742,3,male,35.2,5,0,58.18,S,6,0,1
3750,1,female,37.0,3,1,12.35,S,5,0,1
3751,3,male,36.4,5,2,16.84,S,8,0,1
3773,3,male,9.7,0,1,15.38,S,2,0,1
3774,2,male,21.2,1,1,31.71,S,3,0,1
3775,3,male,21.8,2,1,7.38,S,4,0,1
3776,1,male,15.2,5,3,1.82,S,9,0,1
3778,3,male,43.3,5,4,3.11,S,10,0,1
3779,3,male,47.4,5,4,17.92,S,10,0,1
3783,3,female,30.8,3,0,49.41,S,4,0,1
3784,3,male,30.7,1,2,40.25,S,4,0,1
3793,3,male,14.9,5,1,14.55,S,7,0,1
3795,3,female,42.7,0,3,16.42,S,4,0,1
3801,3,female,41.0,4,2,9.78,S,7,0,1
3802,2,male,42.2,3,0,14.71,S,4,0,1
3803,2,male,61.6,4,2,141.17,S,7,0,1
3805,3,female,25.7,5,1,32.93,S,7,0,1
3817,1,male,7.9,4,3,17.34,S,8,0,1
3818,1,male,60.3,2,0,29.18,S,3,0,1
3822,2,female,34.7,3,3,42.24,S,7,0,1
3828,3,female,16.2,5,2,16.01,S,8,0,1
3831,3,male,34.7,0,4,39.4,S,5,0,1
3832,2,male,28.9,4,3,42.8,S,8,0,1
3836,1,male,26.8,2,4,88.63,S,7,0,1
3839,2,female,9.7,1,3,10.74,S,5,0,1
3845,3,male,26.1,4,0,8.56,S,5,0,1
3846,3,male,33.2,2,2,68.63,S,5,0,1
3848,3,female,38.4,3,4,58.42,S,8,0,1
3853,3,female,32.0,2,2,81.02,S,5,0,1
3854,2,male,32.2,3,1,16.16,S,5,0,1
3859,2,female,36.2,5,3,40.97,S,9,0,1
3860,2,male,40.8,2,2,66.66,S,5,0,1
3867,3,female,33.5,2,4,25.2,S,7,0,1
3873,1,male,31.6,5,4,45.15,S,10,0,1
3877,3,male,41.3,3,4,34.58,S,8,0,1
3885,3,female,28.5,4,4,15.09,S,9,0,1
3886,2,male,47.4,4,3,28.98,S,8,0,1
3887,3,male,15.6,1,0,1.12,S,2,0,1
3888,3,male,17.3,2,4,39.49,S,7,0,1
3892,3,female,39.4,3,2,40.95,S,6,0,1
3894,2,female,18.2,2,3,2.13,S,6,0,1
3895,3,male,53.8,1,4,95.23,S,6,0,1
3902,3,female,41.8,0,0,16.56,S,1,1,1
3913,3,female,26.3,2,4,46.42,S,7,0,1
3914,3,male,43.2,2,1,11.65,S,4,0,1
3916,2,female,9.8,3,2,36.23,S,6,0,1
3919,3,male,63.7,2,0,4.97,S,3,0,1
3922,3,female,0.0,0,1,67.1,S,2,0,1
3924,2,male,7.3,4,1,15.21,S,6,0,1
3927,3,female,13.1,1,3,68.37,S,5,0,1
3928,1,female,39.3,4,1,8.41,S,6,0,1
3930,2,male,44.9,5,4,12.9,S,10,0,1
3932,3,female,28.7,3,0,13.58,S,4,0,1
3940,3,male,8.2,4,2,1.76,S,7,0,1
3946,1,male,32.9,3,1,30.34,S,5,0,1
3951,1,male,42.1,5,0,19.43,S,6,0,1
3955,3,male,37.2,3,4,5.02,S,8,0,1
3956,2,male,35.1,4,2,8.94,S,7,0,1
3965,1,female,40.3,4,2,30.25,S,7,0,1
3970,3,male,20.1,3,4,10.64,S,8,0,1
3973,3,male,43.7,3,2,30.17,S,6,0,1
3975,3,female,24.3,5,2,88.93,S,8,0,1
3985,3,female,36.5,2,2,8.74,S,5,0,1
3989,1,female,12.7,1,0,17.45,S,2,0,1
4001,1,male,35.9,1,4,66.66,S,6,0,1
4002,1,female,34.6,1,4,26.57,S,6,0,1
4008,1,female,35.2,3,4,103.71,S,8,0,1
4012,2,female,50.7,2,4,1.05,S,7,0,1
4014,1,female,33.3,2,2,33.67,S,5,0,1
4016,1,female,31.7,0,4,30.56,S,5,0,1
4017,1,female,30.2,1,0,20.42,S,2,0,1
4022,3,male,42.9,0,4,56.91,S,5,0,1
4025,3,male,21.5,4,0,20.87,S,5,0,1
4028,1,female,12.2,3,4,109.0,S,8,0,1
4030,3,male,12.9,5,3,5.84,S,9,0,1
4033,2,male,22.9,4,2,141.4,S,7,0,1
4035,2,male,38.2,1,3,11.1,S,5,0,1
4036,3,male,18.9,4,3,0.85,S,8,0,1
4037,3,male,30.9,0,3,16.95,S,4,0,1
4040,3,female,21.8,3,2,5.67,S,6,0,1
4048,2,male,5.6,4,0,36.73,S,5,0,1
4050,1,male,36.2,5,2,52.48,S,8,0,1
4051,1,female,9.8,4,3,27.11,S,8,0,1
4052,3,male,27.3,0,4,28.47,S,5,0,1
4054,3,female,0.0,2,3,10.66,S,6,0,1
4058,1,female,12.9,4,1,54.22,S,6,0,1
4059,3,female,32.1,5,3,20.92,S,9,0,1
4062,3,male,36.1,0,2,4.24,S,3,0,1
4068,2,male,7.5,0,0,0.51,S,1,1,1
4071,2,male,50.6,0,1,0.08,S,2,0,1
4074,2,female,42.4,4,4,214.18,S,9,0,1
4083,3,female,26.9,1,0,0.66,S,2,0,1
4088,3,male,14.0,5,0,15.98,S,6,0,1
4090,1,male,27.7,3,4,1.4,S,8,0,1
4093,1,male,23.8,1,2,91.66,S,4,0,1
4100,3,male,22.4,5,0,17.26,S,6,0,1
4105,2,female,45.4,2,2,14.02,S,5,0,1
4106,2,female,23.0,0,3,1.44,S,4,0,1
4108,3,male,31.5,2,1,28.55,S,4,0,1
4119,3,female,25.3,1,2,71.45,S,4,0,1
4122,2,male,30.2,0,3,57.23,S,4,0,1
4125,3,male,43.1,5,0,49.65,S,6,0,1
4127,2,male,35.5,2,3,22.28,S,6,0,1
4133,3,female,0.0,1,2,19.31,S,4,0,1
4138,3,male,31.7,0,2,21.79,S,3,0,1
4144,1,male,54.0,2,1,0.51,S,4,0,1
4145,1,male,19.9,2,3,21.79,S,6,0,1
4149,3,male,28.9,4,1,64.6,S,6,0,1
4152,1,female,14.9,4,1,50.1,S,6,0,1
4158,1,male,39.7,0,2,30.29,S,3,0,1
4174,1,male,24.4,2,4,131.85,S,7,0,1
4175,2,male,24.8,1,3,1.3,S,5,0,1
4177,1,male,25.4,2,1,99.82,S,4,0,1
4181,2,male,43.2,4,0,23.52,S,5,0,1
4182,3,female,32.8,4,1,7.69,S,6,0,1
4185,3,female,21.5,0,4,5.77,S,5,0,1
4188,1,male,44.8,5,1,0.89,S,7,0,1
4191,3,female,14.1,0,0,74.64,S,1,1,1
4193,2,male,7.5,2,1,4.9,S,4,0,1
4200,1,male,21.2,5,4,5.87,S,10,0,1
4214,3,female,33.3,1,3,51.2,S,5,0,1
4215,1,female,25.3,4,2,10.72,S,7,0,1
4218,3,female,40.0,2,0,35.36,S,3,0,1
4223,3,male,32.7,3,1,34.2,S,5,0,1
4225,1,male,34.7,5,0,21.16,S,6,0,1
4227,3,male,27.3,1,1,80.83,S,3,0,1
4230,2,female,31.9,5,4,19.35,S,10,0,1
4233,3,male,23.1,1,3,36.8,S,5,0,1
4238,3,male,6.5,3,2,23.54,S,6,0,1
4242,3,male,50.7,4,0,35.29,S,5,0,1
4245,3,male,23.4,1,4,21.4,S,6,0,1
4249,3,female,20.3,1,3,22.23,S,5,0,1
4255,2,male,10.9,3,1,12.45,S,5,0,1
4256,3,male,14.1,1,1,23.26,S,3,0,1
4261,3,male,31.5,1,1,111.72,S,3,0,1
4264,3,male,34.6,3,4,55.07,S,8,0,1
4269,3,male,24.2,5,1,41.94,S,7,0,1
4271,3,male,40.4,0,0,14.29,S,1,1,1
4281,3,male,23.2,3,4,26.53,S,8,0,1
4289,3,female,26.4,2,4,20.56,S,7,0,1
4293,3,female,46.1,4,1,2.16,S,6,0,1
4301,3,male,14.7,0,2,4.47,S,3,0,1
4302,3,male,33.8,2,1,11.6,S,4,0,1
4307,1,female,21.5,3,1,82.26,S,5,0,1
4308,3,male,44.8,0,4,31.29,S,5,0,1
4309,3,male,20.2,2,4,8.66,S,7,0,1
4311,3,male,39.4,2,2,0.02,S,5,0,1
4313,2,male,45.8,3,4,10.04,S,8,0,1
4314,2,female,40.7,1,4,10.06,S,6,0,1
4316,1,male,47.4,3,1,5.21,S,5,0,1
4321,3,male,22.3,1,4,39.56,S,6,0,1
4322,2,female,32.0,5,3,14.0,S,9,0,1
4324,1,male,41.5,1,1,45.86,S,3,0,1
4329,2,male,23.5,4,1,10.75,S,6,0,1
4333,3,male,33.5,3,3,13.33,S,7,0,1
4337,3,female,21.1,4,3,15.51,S,8,0,1
4342,3,male,41.9,3,0,93.76,S,4,0,1
4346,1,male,36.8,2,1,5.34,S,4,0,1
4349,3,male,25.1,4,4,43.04,S,9,0,1
4350,1,male,34.7,5,0,0.67,S,6,0,1
4353,2,male,47.2,1,3,41.19,S,5,0,1
4357,3,female,37.1,3,4,44.23,S,8,0,1
4362,3,male,28.1,1,1,4.34,S,3,0,1
4365,2,male,33.3,1,2,2.85,S,4,0,1
4377,3,male,21.6,1,2,2.91,S,4,0,1
4384,3,male,37.0,2,2,13.87,S,5,0,1
4386,2,male,12.5,4,4,10.06,S,9,0,1
4392,1,male,37.0,1,1,31.12,S,3,0,1
4394,3,male,23.6,0,4,45.74,S,5,0,1
4395,3,female,27.4,1,3,67.02,S,5,0,1
4406,1,male,29.6,2,2,4.85,S,5,0,1
4412,3,male,26.1,0,0,1.17,S,1,1,1
4413,2,female,27.6,0,4,2.59,S,5,0,1
4423,1,female,25.0,0,2,1.85,S,3,0,1
4429,3,male,42.8,3,4,1.92,S,8,0,1
4430,3,male,34.3,2,3,47.68,S,6,0,1
4437,1,female,29.5,5,0,104.57,S,6,0,1
4441,3,male,45.8,1,2,218.47,S,4,0,1
4445,2,female,36.7,3,1,11.63,S,5,0,1
4447,3,male,28.7,5,4,9.51,S,10,0,1
4449,2,male,30.6,3,0,6.36,S,4,0,1
4452,2,male,21.9,1,2,72.95,S,4,0,1
4456,1,female,36.3,2,4,38.78,S,7,0,1
4462,3,male,10.0,3,4,22.49,S,8,0,1
4464,3,female,23.1,1,1,0.79,S,3,0,1
4468,2,male,43.0,2,3,20.71,S,6,0,1
4469,2,male,33.8,3,3,31.62,S,7,0,1
4470,1,female,41.6,5,2,38.18,S,8,0,1
4471,3,male,25.2,3,1,81.37,S,5,0,1
4474,2,female,38.6,4,0,4.09,S,5,0,1
4485,2,male,30.4,1,1,59.9,S,3,0,1
4488,3,male,23.9,0,1,7.92,S,2,0,1
4491,3,male,33.3,5,3,28.2,S,9,0,1
4506,3,female,35.9,5,4,54.81,S,10,0,1
4509,3,male,37.2,0,2,93.13,S,3,0,1
4517,1,male,26.4,5,1,60.81,S,7,0,1
4520,3,male,44.5,4,1,35.41,S,6,0,1
4522,2,female,45.6,2,1,50.71,S,4,0,1
4526,3,male,39.3,1,4,5.61,S,6,0,1
4527,2,male,29.6,1,0,17.13,S,2,0,1
4547,2,female,29.0,3,3,6.26,S,7,0,1
4548,3,male,22.3,1,3,49.08,S,5,0,1
4549,3,male,22.6,3,0,18.94,S,4,0,1
4550,3,male,19.3,1,3,96.99,S,5,0,1
4553,2,male,36.2,1,4,11.99,S,6,0,1
4556,3,male,41.9,0,1,47.28,S,2,0,1
4557,1,male,48.9,0,0,13.14,S,1,1,1
4558,3,female,37.2,3,2,6.97,S,6,0,1
4559,2,female,31.9,0,1,29.01,S,2,0,1
4560,2,female,20.7,3,1,20.0,S,5,0,1
4562,1,female,41.4,5,2,10.47,S,8,0,1
4565,3,male,0.0,2,2,96.53,S,5,0,1
4569,3,male,46.2,0,4,0.61,S,5,0,1
4571,3,male,36.4,5,2,34.0,S,8,0,1
4573,3,female,58.6,2,2,31.49,S,5,0,1
4578,2,male,47.2,3,2,73.57,S,6,0,1
4579,1,male,9.4,4,4,1.0,S,9,0,1
4582,3,male,48.2,0,3,0.03,S,4,0,1
4583,3,female,47.4,5,4,63.61,S,10,0,1
4584,1,male,23.3,5,1,22.32,S,7,0,1
4588,3,male,0.0,1,4,14.63,S,6,0,1
4589,3,male,41.5,2,0,19.38,S,3,0,1
4595,3,female,40.4,1,2,7.5,S,4,0,1
4596,3,female,29.2,1,4,21.66,S,6,0,1
4602,3,male,37.6,1,1,32.9,S,3,0,1
4605,2,male,52.3,2,2,11.57,S,5,0,1
4606,3,male,16.1,0,4,28.14,S,5,0,1
4608,3,female,21.7,2,0,3.56,S,3,0,1
4616,3,male,28.1,1,3,20.39,S,5,0,1
4617,2,male,25.6,3,0,39.79,S,4,0,1
4619,3,female,6.5,3,3,9.05,S,7,0,1
4621,3,male,25.0,5,2,12.95,S,8,0,1
4623,3,female,39.8,4,2,35.39,S,7,0,1
4625,2,male,42.9,4,0,39.91,S,5,0,1
4628,3,male,15.3,3,1,0.51,S,5,0,1
4632,3,female,40.4,4,2,34.7,S,7,0,1
4633,3,female,34.0,0,1,79.55,S,2,0,1
4637,1,male,30.3,1,2,14.15,S,4,0,1
4642,3,male,46.6,5,2,12.87,S,8,0,1
4644,3,female,14.4,4,1,33.22,S,6,0,1
4646,1,female,32.2,1,0,1.84,S,2,0,1
4648,3,female,23.0,0,4,49.92,S,5,0,1
4651,3,female,42.6,4,2,8.7,S,7,0,1
4653,2,male,37.5,1,3,1.19,S,5,0,1
4656,2,male,33.2,0,2,17.66,S,3,0,1
4659,3,male,31.5,2,2,13.33,S,5,0,1
4663,2,male,27.0,3,2,130.82,S,6,0,1
4664,3,male,54.2,4,4,12.0,S,9,0,1
4665,3,male,6.0,2,4,117.32,S,7,0,1
4667,1,female,8.3,2,2,30.4,S,5,0,1
4668,1,male,19.2,5,4,52.1,S,10,0,1
4669,3,female,19.1,4,3,14.25,S,8,0,1
4671,3,male,12.4,2,4,10.21,S,7,0,1
4672,3,male,28.0,2,2,58.37,S,5,0,1
4677,3,male,33.6,0,3,66.53,S,4,0,1
4678,1,male,3.6,0,2,62.2,S,3,0,1
4682,3,male,20.8,1,2,5.1,S,4,0,1
4684,1,female,65.7,0,3,4.86,S,4,0,1
4689,2,male,20.0,2,0,45.89,S,3,0,1
4695,1,male,32.9,4,2,57.96,S,7,0,1
4699,3,female,16.7,5,3,13.91,S,9,0,1
4702,2,female,29.2,5,1,4.03,S,7,0,1
4706,2,male,25.9,5,2,23.96,S,8,0,1
4708,1,male,2.6,3,2,4.09,S,6,0,1
4709,3,male,27.7,0,0,5.76,S,1,1,1
4713,1,male,30.9,5,2,67.62,S,8,0,1
4717,3,female,38.1,0,1,74.26,S,2,0,1
4719,1,male,33.0,3,0,63.83,S,4,0,1
4726,1,male,20.3,2,1,27.28,S,4,0,1
4727,1,male,45.7,2,1,13.74,S,4,0,1
4728,3,female,26.5,1,3,12.44,S,5,0,1
4732,3,male,14.9,5,3,20.52,S,9,0,1
4733,2,female,23.4,0,0,48.27,S,1,1,1
4739,2,male,41.1,2,3,113.56,S,6,0,1
4740,2,male,13.2,4,1,9.32,S,6,0,1
4743,3,male,2.8,5,1,2.76,S,7,0,1
4749,3,male,38.7,4,4,42.58,S,9,0,1
4757,3,female,18.8,3,4,5.44,S,8,0,1
4759,2,female,42.3,4,2,10.36,S,7,0,1
4761,3,female,26.2,1,2,72.82,S,4,0,1
4762,3,male,4.2,5,4,7.72,S,10,0,1
4765,2,male,31.2,5,0,151.56,S,6,0,1
4766,2,male,45.6,4,0,126.71,S,5,0,1
4768,3,male,32.3,1,1,64.82,S,3,0,1
4773,3,male,42.4,4,4,59.08,S,9,0,1
4775,3,female,29.0,3,2,44.79,S,6,0,1
4787,1,male,36.8,3,0,7.23,S,4,0,1
4791,3,male,58.4,5,0,10.46,S,6,0,1
4797,1,male,61.2,0,0,9.22,S,1,1,1
4799,2,male,26.0,4,2,45.89,S,7,0,1
4802,3,male,43.8,4,1,0.24,S,6,0,1
4804,2,female,41.9,0,0,4.59,S,1,1,1
4809,3,male,41.5,1,2,17.65,S,4,0,1
4814,3,female,30.2,5,4,6.25,S,10,0,1
4815,2,male,43.3,4,1,151.44,S,6,0,1
4816,3,female,6.0,3,1,25.27,S,5,0,1
4817,3,male,22.8,0,4,53.52,S,5,0,1
4818,2,female,17.5,2,1,5.71,S,4,0,1
4830,3,female,53.9,4,3,7.39,S,8,0,1
4831,2,male,36.8,0,1,59.61,S,2,0,1
4832,3,female,17.2,0,2,17.45,S,3,0,1
4840,3,female,33.3,5,0,33.07,S,6,0,1
4841,3,male,30.7,5,4,9.41,S,10,0,1
4846,1,male,36.6,1,0,23.89,S,2,0,1
4848,1,male,26.5,0,4,12.47,S,5,0,1
4854,2,male,24.9,5,2,31.0,S,8,0,1
4857,3,male,37.1,2,2,6.14,S,5,0,1
4859,3,male,32.7,3,1,24.29,S,5,0,1
4860,3,female,30.5,4,2,52.49,S,7,0,1
4869,3,male,18.8,0,3,3.07,S,4,0,1
4877,2,male,36.7,0,4,42.52,S,5,0,1
4879,1,male,6.1,0,3,3.27,S,4,0,1
4887,3,male,21.6,3,3,0.41,S,7,0,1
4889,3,male,12.6,5,2,14.55,S,8,0,1
4899,2,male,36.5,5,1,19.71,S,7,0,1
4904,1,female,15.6,0,0,11.66,S,1,1,1
4906,2,female,14.1,3,4,9.23,S,8,0,1
4908,3,male,19.0,5,4,11.82,S,10,0,1
4921,2,male,33.8,0,1,51.85,S,2,0,1
4923,3,male,40.2,4,4,25.37,S,9,0,1
4928,3,male,21.1,1,1,22.42,S,3,0,1
4929,3,female,22.4,1,3,9.61,S,5,0,1
4932,1,male,42.8,4,2,7.79,S,7,0,1
4936,3,female,45.7,4,4,116.39,S,9,0,1
4938,2,male,32.9,3,1,30.03,S,5,0,1
4939,1,female,34.9,0,0,22.43,S,1,1,1
4942,3,female,36.4,0,2,3.12,S,3,0,1
4944,2,female,28.6,2,1,10.78,S,4,0,1
4945,3,male,0.0,1,1,12.63,S,3,0,1
4947,1,male,30.1,2,0,2.32,S,3,0,1
4949,3,male,17.4,3,1,42.82,S,5,0,1
4953,3,female,31.4,3,3,3.84,S,7,0,1
4959,3,female,22.8,2,3,7.68,S,6,0,1
4963,3,female,4.9,4,1,55.37,S,6,0,1
4966,3,female,5.3,2,2,14.94,S,5,0,1
4967,2,female,47.4,4,1,75.65,S,6,0,1
4968,3,female,4.8,5,2,5.06,S,8,0,1
4971,3,male,54.0,3,0,20.37,S,4,0,1
4973,3,male,26.0,5,3,6.03,S,9,0,1
4982,3,female,20.2,5,0,0.3,S,6,0,1
4983,2,male,18.8,3,0,58.77,S,4,0,1
4986,2,male,31.8,5,1,13.77,S,7,0,1
4988,1,male,39.6,5,3,246.08,S,9,0,1
4989,3,male,10.1,0,3,10.04,S,4,0,1
4993,3,male,41.2,4,2,13.0,S,7,0,1
4995,3,male,15.5,2,3,23.03,S,6,0,1
5004,3,female,40.0,2,2,58.61,S,5,0,1
5006,3,female,23.5,4,3,50.45,S,8,0,1
5007,1,female,19.4,0,3,43.45,S,4,0,1
5011,1,male,26.6,5,3,1.07,S,9,0,1
5019,2,female,26.5,2,2,12.76,S,5,0,1
5020,2,male,45.4,5,1,19.68,S,7,0,1
5022,2,male,29.8,2,4,51.95,S,7,0,1
5024,3,male,38.2,1,0,2.74,S,2,0,1
5028,1,female,16.1,0,0,47.32,S,1,1,1
5037,1,male,35.9,0,1,28.47,S,2,0,1
5038,3,male,37.0,3,1,57.97,S,5,0,1
5039,1,female,24.4,1,0,84.58,S,2,0,1
5040,1,female,31.5,2,4,89.5,S,7,0,1
5043,2,female,47.9,2,1,12.01,S,4,0,1
5044,1,male,31.5,5,2,9.91,S,8,0,1
5051,3,female,31.6,1,3,134.02,S,5,0,1
5060,2,male,43.6,1,4,9.75,S,6,0,1
5064,3,male,36.1,2,1,6.3,S,4,0,1
5068,2,male,31.5,0,0,12.67,S,1,1,1
5071,1,male,26.8,4,1,126.27,S,6,0,1
5074,3,male,40.4,1,1,0.41,S,3,0,1
5082,2,female,18.2,0,1,7.06,S,2,0,1
5086,1,female,36.4,1,4,11.46,S,6,0,1
5092,3,female,33.7,2,2,73.84,S,5,0,1
5109,3,male,31.1,5,3,23.08,S,9,0,1
5110,3,male,26.5,1,1,15.5,S,3,0,1
5113,3,female,23.6,2,1,16.19,S,4,0,1
5118,1,male,27.1,3,0,8.11,S,4,0,1
5121,3,male,33.5,0,0,2.22,S,1,1,1
5124,3,male,52.9,0,1,49.48,S,2,0,1
5134,1,male,16.2,4,4,77.97,S,9,0,1
5138,3,male,42.7,2,2,39.83,S,5,0,1
5139,2,female,0.0,0,0,52.43,S,1,1,1
5143,3,female,23.0,2,2,41.47,S,5,0,1
5145,3,male,31.7,3,2,1.36,S,6,0,1
5147,1,female,49.2,4,3,50.15,S,8,0,1
5148,3,male,34.2,5,2,1.45,S,8,0,1
5152,1,female,41.5,4,1,7.9,S,6,0,1
5153,3,male,37.7,0,2,54.72,S,3,0,1
5157,3,male,12.3,3,2,5.03,S,6,0,1
5165,2,female,15.0,0,4,39.29,S,5,0,1
5169,3,female,46.1,0,1,0.23,S,2,0,1
5175,1,male,45.5,1,1,78.51,S,3,0,1
5176,3,female,39.0,0,2,24.05,S,3,0,1
5179,1,female,31.9,1,1,101.65,S,3,0,1
5181,3,male,26.5,1,2,64.07,S,4,0,1
5184,3,female,27.6,3,4,1.83,S,8,0,1
5185,1,male,29.8,5,1,11.94,S,7,0,1
5186,1,male,17.3,4,0,56.95,S,5,0,1
5188,3,male,30.7,3,2,27.17,S,6,0,1
5191,3,male,48.4,3,0,89.5,S,4,0,1
5192,3,male,4.5,2,3,44.59,S,6,0,1
5193,3,male,31.6,5,1,22.87,S,7,0,1
5195,3,male,47.7,4,0,38.71,S,5,0,1
5196,3,male,26.5,5,4,72.29,S,10,0,1
5202,3,male,12.2,0,1,9.29,S,2,0,1
5203,1,male,47.3,4,1,5.77,S,6,0,1
5204,3,male,7.9,1,2,5.53,S,4,0,1
5206,3,female,22.2,0,2,1.52,S,3,0,1
5208,3,female,26.6,3,2,27.12,S,6,0,1
5213,2,male,25.7,4,2,32.85,S,7,0,1
5217,2,male,34.2,4,4,63.4,S,9,0,1
5227,1,female,7.7,5,1,11.72,S,7,0,1
5230,3,male,21.0,1,0,7.92,S,2,0,1
5232,3,male,43.9,0,2,127.39,S,3,0,1
5236,1,female,43.6,1,0,88.82,S,2,0,1
5240,2,male,47.1,1,2,68.03,S,4,0,1
5244,3,male,27.6,0,2,0.0,S,3,0,1
5246,3,male,15.0,2,0,48.66,S,3,0,1
5247,1,female,28.8,5,2,0.93,S,8,0,1
5251,2,male,39.2,2,2,138.13,S,5,0,1
5252,3,male,31.7,5,3,15.85,S,9,0,1
5254,2,male,39.3,4,2,34.97,S,7,0,1
5259,3,male,25.1,3,2,9.79,S,6,0,1
5264,1,male,54.9,4,3,11.94,S,8,0,1
5273,3,male,35.0,1,1,55.96,S,3,0,1
5278,3,female,44.7,0,2,1.06,S,3,0,1
5283,1,female,47.7,3,1,12.15,S,5,0,1
5285,3,female,19.1,5,3,137.21,S,9,0,1
5286,3,male,3.8,1,0,0.27,S,2,0,1
5289,3,male,40.5,5,3,14.85,S,9,0,1
5300,3,male,15.8,3,0,14.9,S,4,0,1
5302,3,male,17.6,3,1,37.03,S,5,0,1
5308,3,male,38.9,0,1,12.21,S,2,0,1
5309,3,male,45.0,1,2,50.81,S,4,0,1
5313,3,male,19.7,4,4,2.71,S,9,0,1
5323,3,female,19.2,4,3,25.22,S,8,0,1
5334,3,male,16.4,5,0,87.36,S,6,0,1
5335,2,female,26.2,0,4,53.15,S,5,0,1
5344,3,male,25.9,5,4,8.02,S,10,0,1
5350,2,male,19.4,0,4,15.1,S,5,0,1
5351,2,male,41.0,4,4,69.72,S,9,0,1
5358,2,female,6.9,5,3,8.81,S,9,0,1
5373,2,male,51.4,5,4,83.89,S,10,0,1
5378,2,female,34.6,5,4,11.69,S,10,0,1
5384,3,female,47.4,1,4,16.52,S,6,0,1
5389,1,female,51.8,5,2,33.41,S,8,0,1
5392,2,female,28.8,2,2,10.17,S,5,0,1
5394,1,female,13.2,2,0,14.75,S,3,0,1
5399,3,female,15.9,1,4,40.42,S,6,0,1
5402,3,male,28.3,4,0,14.48,S,5,0,1
5428,1,male,28.2,3,3,29.09,S,7,0,1
5429,1,male,45.2,2,1,49.68,S,4,0,1
5437,3,male,39.7,4,3,20.34,S,8,0,1
5443,3,male,23.5,4,0,115.92,S,5,0,1
5447,1,male,36.5,0,0,27.4,S,1,1,1
5458,2,male,33.9,3,2,125.64,S,6,0,1
5459,2,male,44.3,4,1,11.56,S,6,0,1
5460,3,male,50.0,2,3,24.87,S,6,0,1
5466,2,male,14.3,0,4,30.16,S,5,0,1
5467,3,male,49.1,5,3,33.39,S,9,0,1
5473,1,male,7.2,0,1,60.51,S,2,0,1
5478,1,female,54.2,2,3,20.65,S,6,0,1
5480,3,male,51.8,2,2,9.59,S,5,0,1
5484,3,male,37.9,2,2,67.89,S,5,0,1
5485,2,female,35.8,2,0,11.59,S,3,0,1
5489,1,male,6.5,3,0,125.15,S,4,0,1
5499,2,male,39.9,1,3,25.75,S,5,0,1
5511,3,female,51.8,0,3,17.61,S,4,0,1
5515,2,female,26.4,3,3,20.86,S,7,0,1
5516,2,male,56.7,4,3,14.28,S,8,0,1
5517,3,female,35.9,4,1,72.4,S,6,0,1
5519,3,female,24.0,4,0,51.34,S,5,0,1
5520,2,male,27.0,3,4,32.49,S,8,0,1
5522,1,female,52.7,5,3,67.23,S,9,0,1
5526,3,female,49.1,5,4,26.35,S,10,0,1
5532,2,female,34.2,2,2,27.92,S,5,0,1
5533,1,male,21.0,5,2,11.37,S,8,0,1
5537,2,male,37.6,2,4,14.28,S,7,0,1
5542,3,male,43.7,1,1,41.45,S,3,0,1
5543,1,female,9.8,2,1,71.34,S,4,0,1
5555,3,female,20.8,5,2,2.54,S,8,0,1
5559,1,female,34.4,1,0,46.46,S,2,0,1
5564,3,male,13.6,0,4,73.71,S,5,0,1
5567,2,female,22.3,0,1,27.36,S,2,0,1
5568,2,female,34.2,2,0,17.74,S,3,0,1
5569,2,female,35.4,1,2,47.81,S,4,0,1
5570,3,female,40.9,3,3,68.64,S,7,0,1
5576,3,female,33.2,1,1,87.9,S,3,0,1
5577,3,male,1.2,4,2,100.42,S,7,0,1
5582,2,male,30.6,3,4,64.12,S,8,0,1
5583,1,female,23.0,2,2,48.79,S,5,0,1
5589,3,male,37.8,0,2,2.9,S,3,0,1
5593,3,male,43.0,0,3,2.13,S,4,0,1
5598,3,male,27.8,5,1,8.8,S,7,0,1
5599,3,female,45.1,0,2,110.85,S,3,0,1
5603,3,female,33.7,5,1,4.17,S,7,0,1
5607,1,male,29.1,3,2,15.47,S,6,0,1
5611,3,male,21.5,4,2,26.96,S,7,0,1
5612,3,male,52.3,0,0,11.82,S,1,1,1
5615,1,female,11.8,1,2,21.94,S,4,0,1
5621,3,female,24.2,2,2,17.16,S,5,0,1
5622,3,male,33.3,1,4,43.08,S,6,0,1
5623,3,male,11.6,5,0,1.0,S,6,0,1
5625,1,female,11.4,1,1,26.93,S,3,0,1
5641,2,female,26.8,3,0,27.96,S,4,0,1
5647,2,male,10.1,5,3,3.86,S,9,0,1
5650,3,male,38.7,2,2,36.65,S,5,0,1
5651,3,male,46.9,3,2,2.5,S,6,0,1
5656,1,male,22.2,3,4,11.86,S,8,0,1
5658,2,male,7.0,1,2,49.01,S,4,0,1
5659,1,male,29.4,5,0,45.71,S,6,0,1
5662,1,male,14.5,3,3,35.68,S,7,0,1
5665,3,male,18.9,3,1,32.91,S,5,0,1
5666,3,male,36.1,2,1,4.54,S,4,0,1
5667,3,male,20.1,2,1,55.93,S,4,0,1
5670,1,male,33.6,4,1,24.29,S,6,0,1
5672,3,female,50.5,5,3,56.7,S,9,0,1
5674,3,male,35.2,0,4,2.63,S,5,0,1
5682,3,male,15.1,5,0,24.67,S,6,0,1
5685,3,male,7.8,1,0,10.49,S,2,0,1
5687,2,male,13.7,3,1,14.79,S,5,0,1
5692,3,male,29.1,2,3,5.24,S,6,0,1
5694,3,male,34.5,4,1,2.18,S,6,0,1
5704,3,male,35.4,3,4,4.91,S,8,0,1
5706,3,male,48.3,2,1,28.24,S,4,0,1
5709,3,male,9.9,3,1,50.18,S,5,0,1
5711,2,male,59.7,2,0,90.68,S,3,0,1
5713,3,female,20.2,3,3,18.01,S,7,0,1
5722,3,male,27.2,3,0,23.33,S,4,0,1
5725,3,female,36.1,4,2,57.53,S,7,0,1
5730,3,male,41.0,3,1,7.64,S,5,0,1
5732,3,male,24.6,2,0,23.97,S,3,0,1
5734,2,female,38.3,4,4,52.12,S,9,0,1
5735,3,male,48.3,4,2,7.28,S,7,0,1
5736,3,female,20.4,1,0,48.89,S,2,0,1
5740,3,male,25.8,4,2,10.04,S,7,0,1
5742,3,female,37.1,2,1,49.4,S,4,0,1
5743,3,male,33.4,2,4,11.27,S,7,0,1
5746,2,male,32.8,5,3,70.18,S,9,0,1
5749,3,male,18.3,5,4,6.82,S,10,0,1
5751,3,male,9.5,0,4,1.74,S,5,0,1
5753,3,female,18.9,3,0,10.19,S,4,0,1
5754,3,male,33.4,5,3,26.64,S,9,0,1
5756,3,female,28.6,2,1,2.32,S,4,0,1
5760,2,male,21.1,0,1,6.63,S,2,0,1
5761,1,male,41.0,0,3,14.76,S,4,0,1
5762,3,male,35.8,4,2,1.09,S,7,0,1
5764,2,male,25.7,5,2,31.17,S,8,0,1
5765,1,female,9.5,5,0,28.36,S,6,0,1
5769,1,female,9.7,3,0,25.51,S,4,0,1
5771,1,female,15.9,1,1,25.54,S,3,0,1
5773,1,male,35.1,1,3,3.5,S,5,0,1
5776,2,female,49.9,1,4,4.98,S,6,0,1
5778,3,female,38.4,4,2,43.61,S,7,0,1
5785,1,male,38.1,3,1,37.52,S,5,0,1
5787,3,male,10.2,2,1,8.74,S,4,0,1
5788,1,male,31.3,2,4,5.11,S,7,0,1
5791,3,male,43.3,4,0,55.62,S,5,0,1
5792,3,male,34.1,1,3,18.33,S,5,0,1
5793,2,female,33.1,0,3,42.69,S,4,0,1
5798,3,female,37.1,2,1,23.38,S,4,0,1
5803,2,male,17.6,4,1,62.93,S,6,0,1
5807,3,male,13.9,0,2,4.57,S,3,0,1
5808,3,male,43.1,5,3,17.14,S,9,0,1
5811,3,male,17.5,2,0,48.67,S,3,0,1
5812,1,male,14.4,1,2,21.01,S,4,0,1
5818,3,male,35.0,0,4,28.89,S,5,0,1
5820,3,male,12.6,2,0,109.91,S,3,0,1
5822,3,male,7.5,2,1,8.34,S,4,0,1
5823,3,male,0.0,0,4,18.93,S,5,0,1
5826,3,male,46.5,1,4,10.72,S,6,0,1
5830,3,female,17.4,1,1,24.94,S,3,0,1
5832,3,female,16.7,0,0,6.67,S,1,1,1
5839,3,male,16.5,1,4,6.68,S,6,0,1
5844,3,male,12.0,5,3,11.94,S,9,0,1
5847,1,female,11.3,4,1,29.82,S,6,0,1
5851,3,female,30.2,4,3,0.46,S,8,0,1
5852,1,female,6.2,2,2,95.06,S,5,0,1
5866,3,female,45.0,1,0,107.69,S,2,0,1
5868,3,female,22.7,5,3,4.13,S,9,0,1
5876,3,male,24.1,1,3,6.12,S,5,0,1
5877,2,female,31.5,2,1,101.34,S,4,0,1
5881,3,male,17.9,5,4,71.18,S,10,0,1
5883,3,male,14.9,1,0,2.51,S,2,0,1
5887,1,female,24.3,3,0,0.64,S,4,0,1
5890,3,male,25.2,5,1,2.21,S,7,0,1
5900,3,male,29.5,0,1,0.53,S,2,0,1
5912,3,male,13.1,5,0,20.47,S,6,0,1
5916,3,male,41.9,4,4,10.36,S,9,0,1
5917,3,male,40.6,0,4,35.62,S,5,0,1
5921,3,male,51.9,3,3,11.7,S,7,0,1
5923,2,male,64.3,5,4,12.39,S,10,0,1
5927,1,male,31.3,0,4,68.99,S,5,0,1
5929,2,male,43.2,3,3,38.72,S,7,0,1
5933,3,male,19.5,1,2,20.96,S,4,0,1
5935,1,female,29.9,0,0,5.42,S,1,1,1
5936,2,female,17.2,4,2,8.2,S,7,0,1
5943,3,male,35.7,1,2,0.46,S,4,0,1
5948,1,male,26.3,5,3,41.5,S,9,0,1
5949,2,male,27.4,3,2,38.6,S,6,0,1
5952,3,female,14.9,4,2,55.09,S,7,0,1
5955,3,male,41.4,0,1,32.12,S,2,0,1
5958,2,female,37.4,0,4,51.28,S,5,0,1
5959,2,female,28.3,1,2,85.75,S,4,0,1
5963,3,male,31.4,0,4,38.73,S,5,0,1
5965,2,male,24.1,0,0,29.86,S,1,1,1
5966,3,female,24.1,2,1,43.15,S,4,0,1
5968,3,female,29.6,2,4,50.12,S,7,0,1
5970,3,male,12.3,3,1,16.95,S,5,0,1
5972,2,male,36.4,3,4,16.03,S,8,0,1
5973,3,female,46.4,1,2,46.59,S,4,0,1
5975,2,male,17.2,2,3,64.01,S,6,0,1
5980,3,male,13.7,4,4,18.45,S,9,0,1
5988,3,male,4.2,3,4,50.74,S,8,0,1
5989,3,male,45.8,1,3,8.31,S,5,0,1
5995,1,male,52.2,3,0,15.55,S,4,0,1
6000,3,female,31.2,3,3,8.93,S,7,0,1
6005,3,male,34.9,0,1,29.46,S,2,0,1
6010,3,male,16.8,4,4,62.2,S,9,0,1
6011,2,female,15.5,5,1,9.46,S,7,0,1
6012,3,male,30.0,1,3,10.51,S,5,0,1
6015,2,male,12.2,1,0,36.47,S,2,0,1
6022,3,male,25.1,0,0,8.55,S,1,1,1
6032,1,male,33.4,5,3,37.21,S,9,0,1
6034,2,male,40.2,2,0,11.27,S,3,0,1
6044,3,male,37.4,2,2,36.19,S,5,0,1
6045,3,male,7.3,2,1,70.82,S,4,0,1
6048,3,male,40.6,3,1,36.18,S,5,0,1
6049,1,female,45.5,1,2,21.81,S,4,0,1
6051,1,male,33.1,3,3,11.12,S,7,0,1
6058,3,male,24.3,3,4,68.51,S,8,0,1
6059,2,female,53.4,2,1,17.75,S,4,0,1
6065,3,female,25.5,0,0,2.4,S,1,1,1
6081,3,female,7.7,5,1,31.96,S,7,0,1
6086,3,male,62.5,2,4,1.93,S,7,0,1
6088,3,male,31.8,4,1,30.97,S,6,0,1
6091,1,female,35.9,5,3,51.45,S,9,0,1
6095,1,female,26.4,4,3,15.46,S,8,0,1
6101,1,male,45.2,5,2,22.16,S,8,0,1
6103,3,male,59.1,3,1,26.6,S,5,0,1
6109,3,female,28.4,3,3,38.05,S,7,0,1
6112,3,female,39.4,2,4,69.08,S,7,0,1
6115,1,female,14.7,4,0,0.59,S,5,0,1
6116,2,female,30.7,2,2,2.23,S,5,0,1
6117,3,female,55.9,4,4,1.95,S,9,0,1
6119,3,female,26.6,1,2,61.46,S,4,0,1
6123,3,female,30.0,1,4,19.52,S,6,0,1
6124,3,male,22.9,0,0,75.8,S,1,1,1
6125,3,female,4.0,5,0,19.71,S,6,0,1
6137,3,female,16.8,4,4,84.84,S,9,0,1
6138,1,male,40.0,2,4,14.77,S,7,0,1
6143,3,male,25.8,0,2,22.34,S,3,0,1
6144,3,male,41.2,1,0,10.11,S,2,0,1
6149,2,male,29.9,4,4,25.35,S,9,0,1
6159,1,male,38.3,4,2,47.11,S,7,0,1
6167,1,male,36.1,4,4,27.45,S,9,0,1
6171,3,male,24.9,1,0,6.4,S,2,0,1
6173,1,female,30.9,5,0,5.38,S,6,0,1
6183,2,female,35.4,1,0,4.01,S,2,0,1
6185,1,female,47.4,2,0,6.77,S,3,0,1
6186,3,female,45.3,1,3,64.35,S,5,0,1
6190,2,male,34.0,4,0,44.25,S,5,0,1
6192,3,male,19.6,1,4,7.01,S,6,0,1
6200,1,male,43.7,0,3,18.17,S,4,0,1
6202,3,male,31.4,4,0,6.15,S,5,0,1
6203,3,female,17.1,2,3,9.31,S,6,0,1
6205,1,female,29.3,1,2,40.1,S,4,0,1
6214,3,male,29.6,0,0,57.1,S,1,1,1
6215,1,female,20.7,0,1,78.47,S,2,0,1
6220,2,female,40.8,0,1,25.79,S,2,0,1
6221,3,female,15.7,1,1,5.92,S,3,0,1
6225,3,female,21.5,1,4,8.19,S,6,0,1
6227,1,female,10.1,5,2,0.55,S,8,0,1
6231,1,female,29.7,4,2,60.89,S,7,0,1
6235,1,female,45.5,0,0,12.49,S,1,1,1
6236,3,male,24.4,2,0,14.07,S,3,0,1
6237,1,male,34.5,2,0,3.44,S,3,0,1
6238,2,male,19.4,4,0,38.2,S,5,0,1
6239,2,male,33.5,4,4,31.98,S,9,0,1
6240,3,male,59.1,0,1,5.3,S,2,0,1
6243,2,male,18.4,1,2,12.03,S,4,0,1
6244,3,female,20.7,4,2,1.44,S,7,0,1
6247,1,male,25.3,1,0,9.67,S,2,0,1
6248,1,male,29.8,5,1,9.93,S,7,0,1
6257,2,female,47.2,2,3,67.68,S,6,0,1
6258,3,male,15.8,5,2,3.57,S,8,0,1
6261,2,female,38.7,2,3,49.78,S,6,0,1
6264,2,female,48.8,3,3,9.69,S,7,0,1
6266,1,male,29.7,0,0,12.27,S,1,1,1
6269,3,male,29.3,2,3,23.47,S,6,0,1
6275,1,female,53.7,0,0,23.83,S,1,1,1
6278,1,male,55.6,5,0,28.46,S,6,0,1
6282,3,male,33.8,2,4,106.92,S,7,0,1
6286,3,male,32.7,4,1,8.85,S,6,0,1
6288,1,male,14.3,5,3,8.05,S,9,0,1
6292,2,male,25.6,2,0,128.96,S,3,0,1
6294,3,male,19.3,0,0,54.26,S,1,1,1
6295,2,female,5.4,3,3,7.4,S,7,0,1
6298,2,male,6.4,1,2,23.01,S,4,0,1
6300,3,male,27.8,3,3,23.4,S,7,0,1
6303,3,female,29.1,5,4,19.52,S,10,0,1
6309,3,male,4.5,0,3,92.25,S,4,0,1
6312,3,female,24.5,1,0,6.56,S,2,0,1
6315,3,male,8.3,1,4,66.08,S,6,0,1
6316,1,male,31.4,2,1,16.24,S,4,0,1
6318,3,male,31.9,1,4,78.57,S,6,0,1
6331,1,male,27.6,2,0,65.07,S,3,0,1
6335,3,male,59.0,5,3,43.04,S,9,0,1
6341,3,male,17.6,3,2,53.83,S,6,0,1
6342,3,male,38.2,0,1,1.85,S,2,0,1
6343,3,male,21.7,1,4,20.95,S,6,0,1
6354,2,female,27.0,0,4,76.44,S,5,0,1
6355,1,male,42.7,3,3,12.27,S,7,0,1
6358,1,male,11.2,3,2,23.09,S,6,0,1
6359,3,male,25.7,2,2,1.71,S,5,0,1
6369,2,male,47.3,3,1,4.03,S,5,0,1
6370,3,male,24.9,0,1,18.82,S,2,0,1
6372,1,female,15.8,0,2,79.76,S,3,0,1
6373,1,female,13.2,0,1,113.28,S,2,0,1
6376,1,male,6.2,3,4,22.86,S,8,0,1
6377,3,male,32.0,5,1,1.84,S,7,0,1
6378,3,male,41.0,0,3,4.28,S,4,0,1
6385,2,male,7.8,2,3,52.93,S,6,0,1
6387,1,male,19.2,4,2,39.17,S,7,0,1
6392,3,female,35.6,0,0,13.14,S,1,1,1
6400,3,male,52.2,3,3,10.11,S,7,0,1
6401,3,male,25.7,1,3,69.98,S,5,0,1
6403,3,male,33.1,0,2,37.43,S,3,0,1
6405,3,female,4.1,3,2,119.25,S,6,0,1
6409,2,female,43.3,5,2,28.06,S,8,0,1
6412,3,male,24.9,4,3,0.05,S,8,0,1
6418,1,male,44.0,0,0,24.17,S,1,1,1
6426,2,female,15.9,5,4,74.74,S,10,0,1
6430,3,female,15.5,4,1,6.67,S,6,0,1
6431,3,male,32.4,2,3,40.69,S,6,0,1
6432,3,male,22.1,1,0,33.08,S,2,0,1
6434,2,male,34.5,3,2,48.19,S,6,0,1
6450,3,female,17.0,1,1,15.42,S,3,0,1
6451,3,female,51.2,2,2,46.85,S,5,0,1
6461,3,male,6.5,3,4,8.86,S,8,0,1
6464,2,male,0.0,5,2,19.31,S,8,0,1
6468,3,female,38.9,3,3,44.33,S,7,0,1
6469,2,female,29.1,2,2,53.18,S,5,0,1
6470,1,male,22.6,2,4,151.81,S,7,0,1
6473,3,male,42.0,5,4,26.68,S,10,0,1
6474,3,male,39.2,0,1,11.47,S,2,0,1
6475,3,female,25.1,5,0,41.16,S,6,0,1
6482,1,male,27.2,0,2,32.59,S,3,0,1
6489,1,male,34.1,3,4,4.53,S,8,0,1
6494,3,male,49.2,4,3,86.56,S,8,0,1
6499,3,female,35.5,1,3,12.97,S,5,0,1
6505,2,male,41.3,1,1,40.93,S,3,0,1
6506,3,male,27.7,2,4,11.3,S,7,0,1
6507,3,female,31.3,3,2,45.21,S,6,0,1
6511,3,male,35.1,5,4,11.69,S,10,0,1
6512,1,male,10.4,1,1,23.77,S,3,0,1
6513,2,male,26.5,5,0,59.78,S,6,0,1
6516,1,female,39.5,2,2,19.4,S,5,0,1
6517,1,male,13.9,0,2,0.96,S,3,0,1
6518,1,male,16.4,4,3,12.17,S,8,0,1
6522,1,female,37.7,2,0,28.76,S,3,0,1
6529,3,male,43.2,5,1,53.26,S,7,0,1
6536,3,male,29.9,4,1,1.39,S,6,0,1
6537,1,female,41.7,3,1,18.71,S,5,0,1
6541,3,female,42.0,4,1,86.33,S,6,0,1
6542,3,female,55.0,1,3,63.03,S,5,0,1
6554,2,male,25.7,1,2,43.87,S,4,0,1
6558,3,male,42.7,0,2,109.7,S,3,0,1
6566,3,male,18.2,5,4,7.94,S,10,0,1
6573,1,female,6.2,0,0,3.69,S,1,1,1
6575,3,male,34.9,4,0,57.93,S,5,0,1
6576,3,male,4.7,3,4,86.61,S,8,0,1
6580,3,male,45.8,3,3,15.92,S,7,0,1
6582,1,female,48.7,4,4,20.7,S,9,0,1
6584,1,female,24.4,4,0,0.1,S,5,0,1
6589,1,male,11.5,0,4,58.31,S,5,0,1
6593,3,male,9.9,0,4,8.0,S,5,0,1
6594,3,female,23.6,3,2,31.9,S,6,0,1
6598,3,female,29.1,4,3,3.65,S,8,0,1
6603,1,male,12.2,2,2,15.84,S,5,0,1
6608,2,male,22.3,2,4,15.12,S,7,0,1
6610,3,male,39.4,0,4,3.71,S,5,0,1
6611,3,male,28.2,4,0,5.68,S,5,0,1
6615,2,male,0.0,2,4,42.5,S,7,0,1
6619,3,male,51.0,4,3,31.65,S,8,0,1
6624,3,male,39.7,0,4,26.71,S,5,0,1
6626,3,male,54.8,5,0,27.2,S,6,0,1
6627,3,male,52.3,5,3,85.6,S,9,0,1
6632,3,female,30.9,1,0,32.85,S,2,0,1
6634,2,male,22.5,1,2,12.66,S,4,0,1
6636,1,female,25.5,0,3,58.62,S,4,0,1
6641,3,female,22.6,2,0,102.9,S,3,0,1
6643,3,male,14.2,5,2,30.32,S,8,0,1
6646,3,male,44.7,4,4,7.21,S,9,0,1
6648,3,male,51.5,0,0,6.0,S,1,1,1
6649,3,male,33.1,5,3,7.53,S,9,0,1
6651,3,female,23.3,1,4,65.11,S,6,0,1
6663,3,male,21.9,1,2,36.97,S,4,0,1
6665,3,male,18.9,3,0,58.04,S,4,0,1
6667,3,female,26.7,5,3,37.66,S,9,0,1
6675,3,male,21.5,3,2,22.59,S,6,0,1
6676,1,male,33.8,0,2,17.32,S,3,0,1
6680,3,male,40.8,2,4,5.01,S,7,0,1
6682,3,female,35.1,1,2,14.17,S,4,0,1
6692,2,female,43.6,0,1,10.25,S,2,0,1
6696,3,male,60.3,0,2,24.04,S,3,0,1
6698,2,male,42.8,3,0,19.92,S,4,0,1
6708,3,male,31.1,3,3,26.72,S,7,0,1
6709,3,male,24.8,0,0,3.69,S,1,1,1
6712,3,male,23.8,5,1,73.18,S,7,0,1
6714,3,male,36.8,0,2,14.04,S,3,0,1
6720,3,female,26.9,5,1,22.6,S,7,0,1
6722,1,male,56.5,0,4,13.51,S,5,0,1
6728,3,female,19.7,0,3,11.46,S,4,0,1
6729,1,female,23.3,2,1,127.97,S,4,0,1
6739,1,female,39.5,2,4,236.71,S,7,0,1
6745,3,male,23.5,3,1,12.15,S,5,0,1
6746,2,male,52.7,1,2,12.55,S,4,0,1
6748,1,male,17.2,2,2,25.77,S,5,0,1
6756,3,male,5.7,1,0,3.98,S,2,0,1
6758,1,male,44.2,0,1,40.04,S,2,0,1
6765,3,male,59.2,1,4,7.97,S,6,0,1
6766,3,male,22.1,3,0,48.19,S,4,0,1
6768,2,female,16.6,3,1,42.19,S,5,0,1
6776,3,female,16.7,4,0,7.79,S,5,0,1
6778,1,male,44.0,4,1,5.13,S,6,0,1
6784,3,male,43.1,4,3,12.25,S,8,0,1
6785,3,male,13.3,5,1,37.92,S,7,0,1
6786,3,male,19.7,1,1,1.31,S,3,0,1
6787,3,female,32.2,0,4,5.26,S,5,0,1
6788,3,male,34.3,2,4,18.95,S,7,0,1
6790,3,male,55.1,0,2,69.24,S,3,0,1
6796,1,male,18.6,5,2,12.07,S,8,0,1
6805,1,male,28.5,2,0,13.63,S,3,0,1
6806,1,male,32.1,5,0,63.95,S,6,0,1
6810,1,female,32.1,4,4,34.54,S,9,0,1
6813,1,female,48.7,2,1,31.3,S,4,0,1
6817,3,male,39.4,3,2,3.33,S,6,0,1
6819,3,female,0.0,3,1,46.12,S,5,0,1
6822,2,female,9.5,4,4,30.54,S,9,0,1
6825,2,female,41.2,5,3,27.47,S,9,0,1
6830,2,female,43.1,3,0,49.37,S,4,0,1
6833,3,female,15.5,1,1,50.61,S,3,0,1
6840,2,female,57.4,4,3,22.46,S,8,0,1
6844,3,male,20.5,4,1,14.64,S,6,0,1
6851,1,female,31.5,0,0,34.81,S,1,1,1
6852,3,male,32.3,2,2,121.31,S,5,0,1
6853,2,male,38.7,1,3,39.15,S,5,0,1
6856,1,male,26.1,3,4,20.8,S,8,0,1
6872,3,male,49.9,5,0,13.07,S,6,0,1
6880,3,male,34.7,5,4,69.82,S,10,0,1
6885,2,female,16.5,3,4,2.03,S,8,0,1
6891,1,male,43.2,5,3,135.1,S,9,0,1
6892,3,male,18.9,1,4,54.36,S,6,0,1
6896,1,female,34.7,3,3,72.72,S,7,0,1
6908,2,male,22.0,3,1,18.98,S,5,0,1
6911,2,female,30.0,3,1,13.97,S,5,0,1
6917,3,male,25.7,0,2,4.87,S,3,0,1
6920,1,male,27.2,3,4,4.7,S,8,0,1
6927,3,male,13.5,5,4,4.08,S,10,0,1
6929,2,male,12.3,1,4,87.14,S,6,0,1
6934,3,female,13.5,3,0,16.14,S,4,0,1
6940,1,male,30.0,5,1,2.65,S,7,0,1
6941,3,female,52.8,0,1,28.97,S,2,0,1
6945,1,male,39.3,5,2,23.56,S,8,0,1
6948,3,male,27.1,1,1,44.56,S,3,0,1
6950,3,female,24.4,2,3,32.04,S,6,0,1
6954,3,male,30.1,4,1,12.82,S,6,0,1
6958,3,male,4.6,1,2,35.22,S,4,0,1
6959,3,female,36.0,4,0,18.42,S,5,0,1
6962,1,male,24.4,2,3,50.94,S,6,0,1
6966,3,female,22.9,5,4,11.68,S,10,0,1
6968,3,female,9.7,4,0,1.04,S,5,0,1
6976,1,male,25.5,5,2,29.33,S,8,0,1
6977,2,male,5.3,0,1,7.52,S,2,0,1
6978,3,male,36.6,5,0,43.47,S,6,0,1
6983,3,male,31.3,2,3,35.42,S,6,0,1
6984,2,male,39.9,0,3,72.98,S,4,0,1
6990,3,female,27.6,4,0,63.44,S,5,0,1
6994,1,male,36.2,5,1,26.81,S,7,0,1
6997,3,male,24.4,2,1,44.08,S,4,0,1
6999,2,male,35.7,0,3,11.24,S,4,0,1
7003,3,female,15.6,4,0,6.58,S,5,0,1
7011,3,male,48.5,4,4,25.73,S,9,0,1
7019,2,male,36.9,2,2,10.93,S,5,0,1
7023,3,male,50.1,4,1,111.17,S,6,0,1
7027,3,male,23.0,3,1,17.81,S,5,0,1
7030,1,male,33.6,0,3,39.29,S,4,0,1
7035,3,female,37.0,0,4,2.93,S,5,0,1
7042,3,female,32.9,5,0,36.86,S,6,0,1
7044,3,male,36.1,5,3,14.13,S,9,0,1
7046,1,male,65.5,4,3,10.33,S,8,0,1
7050,3,male,38.8,0,4,4.96,S,5,0,1
7052,3,female,46.8,5,2,4.27,S,8,0,1
7059,3,male,5.5,4,3,156.22,S,8,0,1
7060,3,female,16.8,2,2,4.22,S,5,0,1
7062,1,male,36.5,5,1,51.79,S,7,0,1
7063,3,female,32.2,3,1,25.86,S,5,0,1
7077,2,female,51.0,5,0,2.31,S,6,0,1
7079,2,male,17.9,1,1,39.09,S,3,0,1
7081,3,male,37.8,2,1,15.83,S,4,0,1
7084,2,male,32.2,0,2,8.08,S,3,0,1
7086,2,male,26.9,0,1,1.35,S,2,0,1
7091,3,male,27.5,0,3,5.2,S,4,0,1
7092,2,male,41.7,1,4,7.29,S,6,0,1
7102,1,female,22.2,5,3,8.15,S,9,0,1
7108,3,female,41.6,0,4,10.59,S,5,0,1
7110,2,female,20.7,5,3,32.95,S,9,0,1
7118,3,male,27.2,3,3,26.7,S,7,0,1
7120,3,male,16.9,1,4,3.12,S,6,0,1
7123,3,male,26.5,1,3,10.03,S,5,0,1
7129,2,female,31.6,0,0,5.37,S,1,1,1
7132,2,male,46.2,5,0,10.46,S,6,0,1
7137,1,male,18.2,1,0,24.18,S,2,0,1
7138,3,male,45.0,4,1,28.21,S,6,0,1
7140,3,male,45.8,5,4,4.11,S,10,0,1
7144,3,male,45.1,5,0,33.12,S,6,0,1
7146,2,male,41.2,3,0,34.39,S,4,0,1
7152,3,female,50.3,5,4,2.29,S,10,0,1
7153,1,male,46.6,1,4,11.34,S,6,0,1
7155,2,male,33.4,1,4,62.72,S,6,0,1
7162,3,female,42.0,0,0,14.32,S,1,1,1
7163,3,male,20.5,5,1,40.49,S,7,0,1
7164,1,male,38.0,2,2,10.75,S,5,0,1
7166,1,female,24.7,2,4,14.01,S,7,0,1
7171,3,female,31.1,1,2,5.03,S,4,0,1
7173,1,female,40.1,0,1,38.65,S,2,0,1
7176,2,female,17.0,0,0,36.54,S,1,1,1
7177,1,male,56.6,5,4,30.95,S,10,0,1
7182,2,female,51.4,5,4,0.23,S,10,0,1
7194,1,male,45.0,1,1,28.17,S,3,0,1
7197,2,female,10.5,0,0,5.87,S,1,1,1
7199,2,male,27.1,3,3,52.79,S,7,0,1
7217,3,male,23.7,3,4,64.26,S,8,0,1
7219,3,male,1.9,5,2,19.25,S,8,0,1
7220,2,male,47.2,1,4,68.21,S,6,0,1
7224,2,male,30.5,5,3,60.91,S,9,0,1
7225,3,female,40.8,2,1,229.42,S,4,0,1
7226,3,male,50.4,0,0,73.14,S,1,1,1
7228,3,male,61.7,4,2,5.14,S,7,0,1
7237,3,female,17.2,1,1,9.75,S,3,0,1
7238,3,female,49.6,0,3,22.41,S,4,0,1
7241,2,male,6.5,1,1,7.31,S,3,0,1
7246,3,female,13.2,5,4,5.92,S,10,0,1
7247,3,male,52.0,3,2,10.49,S,6,0,1
7249,1,female,43.0,4,4,9.0,S,9,0,1
7250,3,male,45.3,1,3,9.84,S,5,0,1
7251,1,female,20.2,2,4,36.13,S,7,0,1
7253,3,female,26.6,1,1,38.91,S,3,0,1
7258,1,male,40.5,5,3,4.38,S,9,0,1
7271,3,male,16.8,4,0,49.06,S,5,0,1
7272,3,female,22.3,2,3,5.1,S,6,0,1
7275,3,male,39.0,4,3,13.71,S,8,0,1
7278,3,male,23.4,5,4,89.87,S,10,0,1
7283,3,male,44.4,4,4,43.68,S,9,0,1
7288,3,female,45.8,4,1,48.58,S,6,0,1
7289,2,male,18.3,5,3,13.2,S,9,0,1
7290,1,male,20.8,5,1,24.88,S,7,0,1
7295,1,male,20.2,5,0,40.72,S,6,0,1
7299,3,male,10.5,2,3,9.93,S,6,0,1
7306,3,male,24.5,5,2,7.11,S,8,0,1
7317,2,male,30.2,1,1,19.75,S,3,0,1
7319,1,female,28.0,1,0,34.67,S,2,0,1
7323,3,female,32.9,2,3,77.48,S,6,0,1
7327,3,male,5.9,1,1,67.13,S,3,0,1
7331,1,male,24.8,2,1,75.62,S,4,0,1
7332,2,female,32.5,1,1,10.07,S,3,0,1
7338,3,female,20.4,5,1,21.48,S,7,0,1
7340,2,male,28.6,1,4,118.08,S,6,0,1
7342,3,male,35.6,1,1,27.2,S,3,0,1
7349,3,male,34.1,3,0,32.12,S,4,0,1
7355,1,male,30.3,5,3,7.67,S,9,0,1
7356,2,male,45.9,3,4,31.79,S,8,0,1
7359,2,female,56.3,4,0,7.71,S,5,0,1
7360,3,male,2.3,2,4,5.85,S,7,0,1
7363,3,male,48.9,4,4,30.5,S,9,0,1
7369,3,female,37.6,1,3,26.1,S,5,0,1
7370,1,female,42.3,2,4,43.09,S,7,0,1
7392,3,male,25.3,2,4,97.65,S,7,0,1
7397,1,female,15.1,3,2,10.51,S,6,0,1
7401,1,male,48.9,5,1,127.24,S,7,0,1
7406,3,female,35.1,2,2,4.72,S,5,0,1
7407,3,female,29.3,3,1,22.29,S,5,0,1
7413,3,female,15.5,1,3,90.96,S,5,0,1
7421,3,female,13.7,5,4,69.73,S,10,0,1
7428,3,male,35.3,1,0,9.35,S,2,0,1
7435,3,male,34.2,5,2,40.88,S,8,0,1
7440,3,male,36.9,0,0,91.2,S,1,1,1
7443,3,female,24.7,5,4,4.4,S,10,0,1
7445,1,male,39.2,0,0,3.51,S,1,1,1
7448,3,male,35.8,3,1,25.82,S,5,0,1
7454,3,female,33.6,5,4,33.84,S,10,0,1
7455,3,female,14.1,0,1,45.37,S,2,0,1
7462,3,female,28.3,2,4,30.44,S,7,0,1
7466,3,male,35.8,1,0,5.29,S,2,0,1
7470,3,female,35.1,5,2,6.06,S,8,0,1
7472,3,female,27.7,1,3,20.71,S,5,0,1
7485,3,male,41.9,2,0,21.72,S,3,0,1
7489,3,female,27.4,5,0,33.7,S,6,0,1
7494,2,male,24.1,0,4,12.9,S,5,0,1
7497,3,male,10.0,5,3,9.53,S,9,0,1
7505,3,male,46.6,0,4,0.1,S,5,0,1
7509,2,male,19.7,2,1,35.04,S,4,0,1
7510,2,male,0.0,3,3,6.38,S,7,0,1
7511,2,female,32.4,1,3,22.59,S,5,0,1
7515,3,male,14.0,1,3,37.38,S,5,0,1
7518,1,male,29.8,2,1,13.51,S,4,0,1
7528,3,male,38.1,1,2,127.6,S,4,0,1
7535,3,male,25.0,5,1,13.65,S,7,0,1
7543,3,male,17.4,4,2,68.48,S,7,0,1
7546,3,male,35.5,4,1,44.24,S,6,0,1
7548,3,female,34.6,5,4,44.59,S,10,0,1
7549,2,female,40.9,3,3,34.61,S,7,0,1
7550,2,male,31.4,0,4,68.03,S,5,0,1
7554,3,male,33.7,3,3,14.9,S,7,0,1
7559,3,male,50.0,5,0,5.32,S,6,0,1
7561,3,male,13.3,0,1,18.97,S,2,0,1
7563,3,male,52.6,3,3,33.26,S,7,0,1
7565,3,female,16.5,4,4,25.09,S,9,0,1
7566,1,female,28.7,1,4,27.31,S,6,0,1
7568,1,female,24.1,2,3,102.7,S,6,0,1
7573,3,male,30.5,3,0,41.89,S,4,0,1
7577,3,male,40.6,4,3,29.93,S,8,0,1
7578,3,male,31.6,2,4,35.31,S,7,0,1
7585,3,male,61.6,0,0,10.9,S,1,1,1
7587,2,female,33.1,0,4,17.11,S,5,0,1
7592,3,male,21.7,1,4,9.58,S,6,0,1
7593,1,female,36.8,1,1,9.59,S,3,0,1
7595,1,male,41.2,4,4,17.34,S,9,0,1
7598,3,male,22.6,0,4,38.68,S,5,0,1
7600,3,male,36.7,1,3,0.44,S,5,0,1
7603,3,female,30.7,5,0,7.73,S,6,0,1
7605,3,female,24.0,2,4,13.16,S,7,0,1
7607,3,male,28.3,5,3,5.68,S,9,0,1
7612,3,female,24.6,4,2,42.15,S,7,0,1
7617,1,male,45.2,0,1,32.62,S,2,0,1
7618,3,male,11.7,4,0,38.01,S,5,0,1
7620,2,male,8.2,1,4,46.82,S,6,0,1
7626,3,male,17.4,5,0,10.01,S,6,0,1
7628,3,male,36.7,0,2,4.09,S,3,0,1
7629,1,male,7.3,2,2,30.62,S,5,0,1
7633,3,male,23.3,1,1,19.58,S,3,0,1
7634,2,male,18.9,2,4,56.26,S,7,0,1
7637,1,male,38.2,4,1,32.49,S,6,0,1
7653,3,male,34.0,2,3,14.4,S,6,0,1
7655,1,female,28.7,0,0,21.01,S,1,1,1
7656,1,male,47.4,0,4,12.32,S,5,0,1
7657,2,female,14.2,4,3,1.19,S,8,0,1
7659,3,male,0.0,2,1,18.32,S,4,0,1
7662,3,male,37.4,3,0,33.69,S,4,0,1
7666,3,male,0.0,1,1,8.77,S,3,0,1
7667,3,male,37.3,0,1,1.51,S,2,0,1
7668,1,female,18.6,0,1,43.71,S,2,0,1
7670,3,female,10.2,0,2,6.56,S,3,0,1
7672,2,female,43.4,2,0,8.68,S,3,0,1
7677,2,male,28.8,2,1,5.76,S,4,0,1
7680,3,female,37.6,3,2,32.22,S,6,0,1
7685,3,male,31.4,0,3,13.55,S,4,0,1
7686,3,male,27.6,4,1,15.35,S,6,0,1
7691,3,female,29.6,3,4,0.9,S,8,0,1
7694,3,female,42.7,1,1,10.66,S,3,0,1
7697,3,female,26.7,3,4,100.45,S,8,0,1
7700,1,male,0.0,5,2,17.74,S,8,0,1
7701,3,male,42.9,4,1,30.7,S,6,0,1
7709,2,male,48.7,4,1,16.27,S,6,0,1
7717,2,male,0.0,1,0,5.95,S,2,0,1
7721,3,male,21.6,0,2,7.6,S,3,0,1
7723,2,female,40.9,4,2,6.68,S,7,0,1
7724,3,male,19.9,4,1,9.46,S,6,0,1
7735,1,female,38.4,0,3,30.09,S,4,0,1
7736,3,male,27.1,1,4,64.01,S,6,0,1
7751,3,male,22.3,1,4,54.44,S,6,0,1
7755,3,male,40.5,5,2,11.45,S,8,0,1
7758,1,male,31.3,5,3,58.69,S,9,0,1
7763,3,male,13.0,4,4,83.83,S,9,0,1
7765,3,male,33.9,5,3,12.92,S,9,0,1
7771,2,male,16.3,4,2,4.19,S,7,0,1
7777,2,male,14.9,3,3,29.77,S,7,0,1
7778,3,female,7.3,5,0,2.48,S,6,0,1
7782,2,male,48.5,2,3,19.37,S,6,0,1
7784,2,male,34.2,2,3,29.72,S,6,0,1
7787,3,male,28.7,3,3,101.71,S,7,0,1
7793,2,female,21.5,3,1,35.76,S,5,0,1
7794,3,female,23.0,2,4,11.05,S,7,0,1
7802,3,female,27.1,2,2,24.59,S,5,0,1
7806,3,female,32.0,2,3,56.27,S,6,0,1
7807,2,male,10.6,1,0,35.69,S,2,0,1
7817,1,male,0.0,0,3,65.56,S,4,0,1
7823,3,male,28.0,1,0,57.25,S,2,0,1
7825,3,male,63.2,2,1,40.49,S,4,0,1
7826,3,male,33.5,2,0,14.12,S,3,0,1
7833,3,male,41.5,3,2,24.67,S,6,0,1
7837,1,female,27.3,3,3,93.19,S,7,0,1
7839,1,male,43.5,3,0,4.81,S,4,0,1
7844,3,male,32.6,4,3,2.18,S,8,0,1
7846,3,male,55.9,5,0,56.27,S,6,0,1
7851,1,male,15.1,4,1,76.61,S,6,0,1
7865,3,female,7.4,4,4,16.79,S,9,0,1
7870,2,female,32.1,4,3,5.07,S,8,0,1
7872,3,female,24.1,2,3,9.59,S,6,0,1
7873,3,male,7.1,3,0,11.71,S,4,0,1
7876,1,male,25.2,1,4,82.12,S,6,0,1
7878,3,male,2.8,0,3,58.27,S,4,0,1
7883,3,male,44.4,2,3,5.51,S,6,0,1
7895,2,male,41.0,1,3,1.28,S,5,0,1
7896,3,male,37.3,4,4,68.06,S,9,0,1
7899,3,male,26.4,0,2,12.44,S,3,0,1
7903,3,male,22.1,5,3,33.56,S,9,0,1
7905,3,male,46.3,1,0,14.7,S,2,0,1
7910,2,male,43.4,5,0,28.57,S,6,0,1
7920,3,male,10.9,1,1,17.35,S,3,0,1
7926,1,male,13.4,4,4,13.48,S,9,0,1
7930,3,male,42.7,5,1,45.6,S,7,0,1
7931,1,female,1.9,0,0,10.87,S,1,1,1
7941,3,male,14.6,2,3,15.47,S,6,0,1
7942,2,female,33.3,3,1,8.47,S,5,0,1
7946,3,male,26.1,3,3,1.91,S,7,0,1
7947,1,female,39.7,3,3,76.36,S,7,0,1
7950,2,male,40.9,2,3,11.71,S,6,0,1
7954,2,male,15.4,1,2,106.21,S,4,0,1
7956,1,male,33.7,4,4,6.36,S,9,0,1
7957,2,male,0.0,2,1,38.6,S,4,0,1
7960,2,male,16.3,4,2,103.78,S,7,0,1
7969,2,female,41.9,1,3,20.39,S,5,0,1
7970,3,male,40.4,3,0,17.75,S,4,0,1
7971,3,male,28.4,0,3,73.61,S,4,0,1
7976,3,female,28.1,3,1,36.82,S,5,0,1
7978,3,male,18.0,5,0,6.19,S,6,0,1
7985,3,female,29.3,5,4,8.22,S,10,0,1
7988,2,male,18.5,2,3,17.41,S,6,0,1
7989,3,male,28.3,3,1,21.31,S,5,0,1
7998,3,female,20.9,4,4,18.96,S,9,0,1
8003,3,male,46.9,3,2,1.32,S,6,0,1
8014,1,female,19.4,4,0,152.6,S,5,0,1
8021,1,male,37.6,2,3,9.73,S,6,0,1
8029,1,female,25.2,3,4,11.73,S,8,0,1
8037,3,female,26.4,3,3,2.63,S,7,0,1
8040,3,female,46.2,5,0,4.04,S,6,0,1
8043,3,male,55.8,0,4,49.55,S,5,0,1
8046,3,female,0.2,4,2,12.55,S,7,0,1
8052,3,male,27.8,3,1,2.38,S,5,0,1
8054,1,female,24.4,2,1,18.27,S,4,0,1
8060,3,male,31.2,5,2,10.73,S,8,0,1
8062,2,male,38.2,3,1,22.45,S,5,0,1
8064,1,male,15.2,2,1,3.59,S,4,0,1
8072,2,male,28.2,1,0,20.96,S,2,0,1
8073,3,male,29.6,2,1,24.95,S,4,0,1
8074,3,male,30.2,5,3,18.27,S,9,0,1
8087,2,male,49.3,2,0,51.75,S,3,0,1
8089,3,female,21.7,0,2,14.42,S,3,0,1
8090,3,male,8.4,2,1,12.2,S,4,0,1
8093,3,male,31.7,3,2,37.42,S,6,0,1
8095,1,male,30.0,5,3,35.68,S,9,0,1
8100,3,female,27.5,5,2,10.91,S,8,0,1
8101,2,male,37.8,4,0,5.22,S,5,0,1
8104,2,male,34.0,0,4,24.95,S,5,0,1
8108,3,male,36.1,2,3,28.86,S,6,0,1
8112,3,male,31.8,4,3,1.09,S,8,0,1
8113,3,male,23.6,1,2,91.09,S,4,0,1
8121,2,male,8.1,3,0,51.27,S,4,0,1
8123,1,female,24.0,0,1,24.18,S,2,0,1
8128,3,female,23.4,3,3,20.76,S,7,0,1
8130,3,male,36.4,4,0,25.78,S,5,0,1
8134,3,female,42.2,4,4,8.41,S,9,0,1
8137,3,female,24.6,2,4,10.55,S,7,0,1
8141,2,male,13.0,1,0,21.19,S,2,0,1
8142,3,female,49.5,3,2,4.02,S,6,0,1
8144,3,female,33.6,0,1,36.35,S,2,0,1
8153,2,male,29.6,4,4,35.98,S,9,0,1
8159,1,female,47.5,2,4,9.83,S,7,0,1
8160,3,female,39.9,5,2,19.71,S,8,0,1
8167,3,male,7.2,1,2,6.99,S,4,0,1
8170,3,male,29.6,0,4,59.99,S,5,0,1
8171,2,male,31.9,5,4,25.17,S,10,0,1
8174,3,male,33.1,0,2,7.96,S,3,0,1
8190,3,female,19.8,5,0,1.39,S,6,0,1
8196,2,male,25.0,3,2,7.53,S,6,0,1
8202,3,male,42.2,3,2,9.43,S,6,0,1
8204,3,female,37.4,0,4,30.53,S,5,0,1
8211,2,male,20.6,5,2,107.3,S,8,0,1
8223,1,female,20.6,3,1,2.53,S,5,0,1
8232,3,male,21.9,2,4,30.9,S,7,0,1
8236,3,male,26.5,5,1,96.84,S,7,0,1
8237,3,male,21.2,1,0,1.29,S,2,0,1
8238,2,male,52.3,4,1,3.9,S,6,0,1
8240,3,male,8.9,1,2,30.02,S,4,0,1
8241,2,male,5.0,1,3,40.4,S,5,0,1
8248,3,female,23.9,4,0,6.84,S,5,0,1
8250,3,male,27.2,5,3,2.56,S,9,0,1
8253,2,male,36.2,5,2,11.7,S,8,0,1
8255,3,female,9.6,5,3,69.26,S,9,0,1
8257,1,male,62.6,2,1,11.77,S,4,0,1
8259,3,female,24.8,3,0,19.21,S,4,0,1
8262,3,female,18.5,2,2,0.13,S,5,0,1
8266,1,female,31.9,2,3,8.35,S,6,0,1
8269,3,male,15.1,3,4,20.77,S,8,0,1
8275,1,male,14.8,2,1,22.91,S,4,0,1
8282,3,male,36.6,5,1,7.4,S,7,0,1
8290,3,male,28.4,3,3,1.1,S,7,0,1
8295,3,female,15.6,5,4,23.14,S,10,0,1
8297,1,male,17.9,1,2,61.28,S,4,0,1
8299,2,male,34.0,4,3,4.59,S,8,0,1
8300,1,female,40.0,4,2,5.43,S,7,0,1
8302,2,male,34.1,1,0,30.74,S,2,0,1
8316,3,male,33.6,2,1,6.25,S,4,0,1
8317,3,male,31.5,2,0,15.78,S,3,0,1
8318,3,male,23.0,4,1,11.17,S,6,0,1
8325,1,male,21.8,1,4,16.77,S,6,0,1
8328,3,male,41.0,3,2,27.32,S,6,0,1
8336,2,female,38.3,2,0,15.35,S,3,0,1
8339,3,male,32.5,1,4,142.0,S,6,0,1
8340,1,male,15.6,5,4,10.58,S,10,0,1
8344,3,male,63.5,3,0,29.45,S,4,0,1
8345,1,female,36.8,2,4,21.03,S,7,0,1
8350,2,male,23.8,0,1,18.2,S,2,0,1
8360,3,male,25.3,3,1,15.78,S,5,0,1
8365,3,male,22.7,0,1,15.21,S,2,0,1
8367,1,male,25.7,2,1,15.68,S,4,0,1
8373,3,female,40.1,1,3,37.24,S,5,0,1
8382,3,male,22.6,0,3,4.76,S,4,0,1
8383,3,male,41.4,0,2,12.32,S,3,0,1
8392,3,male,49.1,5,3,23.27,S,9,0,1
8393,3,male,50.2,2,0,23.08,S,3,0,1
8398,3,male,17.6,3,4,0.59,S,8,0,1
8401,3,female,12.6,2,3,50.42,S,6,0,1
8411,2,male,16.4,5,0,10.23,S,6,0,1
8416,3,female,26.5,1,2,3.07,S,4,0,1
8418,3,male,29.4,2,0,0.58,S,3,0,1
8427,3,female,23.7,1,1,9.88,S,3,0,1
8433,1,male,20.7,0,1,13.25,S,2,0,1
8434,2,female,44.9,3,3,30.55,S,7,0,1
8438,1,female,58.1,0,2,6.62,S,3,0,1
8445,3,female,18.6,3,0,24.35,S,4,0,1
8447,2,female,17.3,0,2,0.61,S,3,0,1
8449,1,male,18.5,3,0,35.47,S,4,0,1
8450,1,male,5.1,1,3,19.1,S,5,0,1
8452,1,female,12.4,2,2,8.34,S,5,0,1
8454,3,female,39.7,1,1,55.79,S,3,0,1
8458,2,female,34.9,5,4,2.15,S,10,0,1
8461,2,male,40.1,3,2,5.46,S,6,0,1
8463,1,female,38.1,1,0,20.51,S,2,0,1
8464,1,male,7.9,0,1,36.56,S,2,0,1
8474,2,female,34.9,5,3,56.71,S,9,0,1
8475,3,female,34.5,1,2,19.79,S,4,0,1
8478,2,male,28.9,5,2,69.53,S,8,0,1
8479,3,male,54.3,5,3,13.68,S,9,0,1
8482,3,female,46.4,0,1,0.85,S,2,0,1
8483,3,female,36.8,5,3,24.34,S,9,0,1
8484,2,female,32.1,1,3,47.02,S,5,0,1
8485,2,female,15.2,2,3,7.99,S,6,0,1
8490,3,male,21.5,4,4,118.38,S,9,0,1
8493,2,female,16.2,5,1,3.72,S,7,0,1
8495,1,female,25.2,5,2,34.48,S,8,0,1
8505,1,male,44.6,2,0,18.28,S,3,0,1
8508,3,male,21.1,0,2,18.23,S,3,0,1
8512,3,male,26.1,2,4,45.86,S,7,0,1
8513,1,female,47.9,2,4,57.3,S,7,0,1
8527,2,female,19.3,2,4,35.81,S,7,0,1
8529,3,male,36.6,4,3,4.76,S,8,0,1
8537,3,male,16.5,1,4,31.8,S,6,0,1
8541,3,male,28.2,3,2,12.13,S,6,0,1
8542,2,female,12.9,2,3,8.04,S,6,0,1
8543,3,male,39.2,5,1,39.31,S,7,0,1
8546,3,female,40.7,0,4,12.22,S,5,0,1
8550,3,male,37.1,4,3,16.18,S,8,0,1
8555,3,male,50.3,1,2,1.33,S,4,0,1
8558,2,male,38.1,4,1,22.13,S,6,0,1
8559,2,female,30.1,3,3,10.99,S,7,0,1
8562,2,female,18.3,0,0,2.57,S,1,1,1
8563,3,female,16.4,1,0,52.07,S,2,0,1
8566,3,male,27.5,2,2,111.55,S,5,0,1
8567,2,male,32.0,1,3,19.69,S,5,0,1
8581,3,male,23.0,3,0,1.41,S,4,0,1
8582,3,female,45.1,0,0,21.21,S,1,1,1
8586,3,male,30.2,5,1,28.95,S,7,0,1
8589,2,male,10.9,3,1,42.14,S,5,0,1
8590,3,male,17.6,0,3,11.83,S,4,0,1
8593,1,male,47.3,2,3,18.66,S,6,0,1
8599,2,female,9.2,0,1,1.2,S,2,0,1
8601,2,male,42.0,5,0,0.75,S,6,0,1
8602,2,female,26.0,0,3,94.35,S,4,0,1
8606,3,female,19.8,2,2,47.8,S,5,0,1
8609,2,male,25.7,3,0,14.0,S,4,0,1
8615,3,male,39.3,1,0,30.04,S,2,0,1
8616,1,male,24.2,0,4,13.5,S,5,0,1
8620,3,female,11.2,3,1,27.9,S,5,0,1
8623,1,male,13.1,0,1,17.14,S,2,0,1
8627,3,male,42.9,4,0,8.44,S,5,0,1
8629,3,male,31.5,5,0,10.01,S,6,0,1
8630,3,male,20.3,5,0,49.54,S,6,0,1
8635,2,male,48.5,3,4,4.37,S,8,0,1
8648,3,male,15.6,4,0,22.61,S,5,0,1
8666,3,male,64.5,5,0,49.46,S,6,0,1
8669,3,male,45.0,4,2,4.72,S,7,0,1
8670,3,male,3.0,1,2,145.27,S,4,0,1
8677,3,male,23.2,4,0,5.88,S,5,0,1
8691,1,male,33.3,2,1,0.65,S,4,0,1
8696,3,male,39.9,4,2,73.09,S,7,0,1
8700,3,male,27.9,5,2,1.71,S,8,0,1
8701,2,female,29.0,1,3,0.2,S,5,0,1
8706,1,male,49.3,1,0,6.36,S,2,0,1
8709,1,male,14.6,2,2,33.56,S,5,0,1
8715,3,female,20.0,2,4,5.19,S,7,0,1
8718,2,male,30.8,5,2,40.9,S,8,0,1
8721,1,female,23.5,3,0,32.62,S,4,0,1
8724,2,female,14.7,3,1,51.42,S,5,0,1
8725,3,female,23.5,5,4,44.3,S,10,0,1
8731,2,male,38.5,1,0,23.76,S,2,0,1
8735,3,female,23.8,2,0,6.22,S,3,0,1
8754,1,female,32.0,4,0,1.09,S,5,0,1
8755,1,female,39.4,0,4,0.83,S,5,0,1
8763,1,male,52.0,0,3,12.01,S,4,0,1
8765,3,female,2.4,4,0,23.57,S,5,0,1
8766,3,male,22.7,1,1,19.18,S,3,0,1
8774,3,male,37.5,1,0,2.43,S,2,0,1
8776,3,female,19.6,0,3,19.75,S,4,0,1
8781,1,female,34.2,0,3,81.55,S,4,0,1
8783,3,male,10.0,5,4,52.29,S,10,0,1
8789,3,male,42.3,2,3,6.39,S,6,0,1
8790,1,male,14.7,1,3,16.44,S,5,0,1
8800,2,female,23.3,5,1,44.81,S,7,0,1
8803,3,female,4.6,4,1,10.05,S,6,0,1
8804,2,male,46.4,5,1,2.7,S,7,0,1
8805,3,male,36.4,5,1,35.88,S,7,0,1
8807,1,female,15.4,2,1,27.31,S,4,0,1
8812,3,female,27.8,3,1,37.49,S,5,0,1
8814,1,male,26.8,3,0,3.7,S,4,0,1
8815,3,female,6.0,3,1,61.59,S,5,0,1
8821,3,male,18.1,5,2,24.49,S,8,0,1
8824,1,male,18.9,3,2,2.47,S,6,0,1
8826,3,male,33.2,5,0,30.68,S,6,0,1
8832,3,male,21.8,4,1,92.76,S,6,0,1
8841,1,male,40.0,3,2,11.65,S,6,0,1
8845,2,male,21.9,5,1,47.06,S,7,0,1
8847,3,male,3.5,0,4,31.66,S,5,0,1
8850,3,male,34.9,2,0,19.48,S,3,0,1
8853,3,female,34.7,0,3,44.56,S,4,0,1
8859,1,male,16.9,0,4,55.34,S,5,0,1
8861,3,male,45.2,4,1,12.62,S,6,0,1
8862,3,male,30.5,3,4,6.64,S,8,0,1
8865,2,female,35.7,2,1,21.58,S,4,0,1
8868,1,female,21.9,0,4,0.16,S,5,0,1
8870,2,female,23.0,3,1,12.52,S,5,0,1
8872,3,female,31.2,0,1,12.61,S,2,0,1
8874,3,male,39.6,3,1,25.52,S,5,0,1
8884,1,male,19.7,3,1,25.61,S,5,0,1
8886,2,female,29.9,5,1,0.73,S,7,0,1
8887,1,female,36.0,3,2,80.76,S,6,0,1
8891,2,female,32.9,3,2,1.84,S,6,0,1
8892,3,male,29.8,5,2,44.9,S,8,0,1
8899,3,male,21.9,5,4,80.36,S,10,0,1
8901,3,male,23.1,3,4,3.54,S,8,0,1
8902,1,female,4.1,3,2,5.3,S,6,0,1
8905,1,female,35.9,5,0,5.17,S,6,0,1
8906,3,male,19.5,2,4,4.16,S,7,0,1
8909,3,male,24.1,3,3,65.97,S,7,0,1
8911,3,male,32.9,5,1,34.12,S,7,0,1
8912,1,male,9.0,4,0,50.84,S,5,0,1
8917,3,male,40.4,5,0,130.02,S,6,0,1
8935,2,female,22.4,2,2,44.74,S,5,0,1
8937,2,male,0.0,1,4,42.84,S,6,0,1
8943,1,female,43.4,4,4,15.51,S,9,0,1
8946,3,male,42.4,5,0,17.18,S,6,0,1
8947,3,male,19.1,5,4,5.66,S,10,0,1
8957,1,female,9.5,0,2,9.93,S,3,0,1
8959,3,female,33.5,5,3,25.12,S,9,0,1
8967,1,male,33.7,3,1,36.04,S,5,0,1
8980,1,male,34.0,3,3,39.64,S,7,0,1
8985,2,female,41.3,3,3,15.11,S,7,0,1
8987,3,male,53.7,3,0,26.93,S,4,0,1
8988,2,female,25.6,4,2,9.12,S,7,0,1
8997,2,female,21.1,4,4,1.57,S,9,0,1
8999,3,female,37.3,2,4,25.56,S,7,0,1
9000,3,male,24.2,1,1,42.28,S,3,0,1
9002,1,female,44.0,5,1,3.67,S,7,0,1
9004,3,male,17.9,3,4,17.8,S,8,0,1
9019,1,female,32.5,5,2,40.75,S,8,0,1
9021,2,female,35.0,0,1,53.57,S,2,0,1
9028,1,female,40.2,4,4,55.97,S,9,0,1
9031,1,male,21.4,1,1,0.72,S,3,0,1
9033,2,female,56.8,2,3,7.0,S,6,0,1
9035,3,male,32.6,2,2,23.75,S,5,0,1
9037,1,male,57.6,2,2,10.91,S,5,0,1
9038,3,female,41.1,4,2,23.61,S,7,0,1
9042,3,male,25.1,3,4,2.27,S,8,0,1
9048,2,female,76.3,1,4,51.84,S,6,0,1
9055,3,female,53.0,0,0,5.13,S,1,1,1
9056,3,female,27.9,1,0,33.68,S,2,0,1
9060,3,male,43.5,5,0,85.55,S,6,0,1
9062,3,male,43.8,1,3,65.25,S,5,0,1
9075,1,male,37.6,5,4,1.85,S,10,0,1
9076,1,male,15.9,0,4,150.18,S,5,0,1
9077,2,male,29.9,1,3,68.56,S,5,0,1
9078,3,male,27.8,0,3,9.86,S,4,0,1
9087,3,male,10.5,4,1,3.09,S,6,0,1
9093,3,male,43.9,2,4,72.36,S,7,0,1
9095,3,female,25.1,3,1,35.31,S,5,0,1
9098,2,female,23.7,4,1,33.77,S,6,0,1
9101,3,female,23.2,0,1,25.96,S,2,0,1
9103,3,male,25.1,1,1,14.86,S,3,0,1
9107,3,male,21.5,2,1,36.92,S,4,0,1
9109,3,female,43.9,4,2,4.48,S,7,0,1
9110,3,female,49.8,1,0,19.25,S,2,0,1
9118,3,female,17.4,1,4,16.38,S,6,0,1
9119,3,male,33.5,0,4,40.82,S,5,0,1
9120,2,male,40.6,1,3,52.95,S,5,0,1
9122,3,male,32.3,0,4,59.04,S,5,0,1
9123,3,male,27.1,2,1,93.73,S,4,0,1
9128,3,male,2.9,3,1,7.96,S,5,0,1
9134,1,male,58.1,0,1,23.06,S,2,0,1
9136,3,female,39.1,5,1,38.47,S,7,0,1
9142,3,male,3.5,3,0,55.31,S,4,0,1
9144,1,male,25.3,0,1,6.25,S,2,0,1
9158,3,female,34.8,4,1,16.27,S,6,0,1
9160,3,male,15.8,5,2,41.59,S,8,0,1
9162,3,female,23.2,4,3,22.76,S,8,0,1
9166,3,male,9.4,1,2,159.78,S,4,0,1
9171,3,male,26.0,5,3,6.31,S,9,0,1
9177,3,male,12.3,2,4,8.82,S,7,0,1
9183,1,male,37.9,1,2,16.96,S,4,0,1
9184,2,male,29.6,0,3,16.11,S,4,0,1
9185,3,male,9.1,0,1,14.13,S,2,0,1
9186,1,male,38.6,3,0,15.73,S,4,0,1
9188,3,female,26.9,5,4,2.05,S,10,0,1
9189,3,male,37.8,5,0,51.53,S,6,0,1
9190,3,female,15.5,1,0,7.74,S,2,0,1
9193,1,male,0.0,3,3,8.6,S,7,0,1
9194,3,male,48.9,5,0,57.44,S,6,0,1
9196,3,male,19.2,1,4,10.03,S,6,0,1
9197,3,male,33.0,4,1,6.58,S,6,0,1
9198,1,male,37.4,0,1,46.97,S,2,0,1
9204,3,male,45.5,2,3,9.86,S,6,0,1
9207,3,male,43.3,2,1,97.88,S,4,0,1
9208,1,male,34.0,4,0,0.84,S,5,0,1
9211,3,male,24.1,5,4,7.23,S,10,0,1
9218,3,male,6.7,2,4,37.09,S,7,0,1
9224,3,female,3.6,2,3,30.68,S,6,0,1
9227,3,female,22.6,2,0,7.38,S,3,0,1
9229,1,male,15.9,4,2,24.34,S,7,0,1
9232,1,male,32.7,5,0,1.67,S,6,0,1
9239,3,male,30.4,2,4,23.39,S,7,0,1
9242,2,male,29.9,4,1,31.72,S,6,0,1
9243,1,female,38.3,5,0,17.5,S,6,0,1
9245,3,male,45.0,1,1,10.01,S,3,0,1
9251,3,female,45.0,0,3,2.08,S,4,0,1
9254,3,male,35.3,2,3,6.48,S,6,0,1
9258,3,male,15.6,5,1,4.57,S,7,0,1
9263,3,male,36.9,2,1,37.92,S,4,0,1
9264,3,female,3.7,3,4,67.7,S,8,0,1
9272,3,female,12.3,2,3,8.23,S,6,0,1
9274,2,male,27.5,0,4,167.45,S,5,0,1
9281,3,male,22.1,2,0,66.48,S,3,0,1
9284,2,male,41.7,0,2,43.85,S,3,0,1
9285,2,male,34.6,0,2,8.84,S,3,0,1
9295,3,male,16.4,3,4,49.25,S,8,0,1
9296,3,male,41.1,2,0,1.68,S,3,0,1
9297,3,female,22.0,0,2,8.55,S,3,0,1
9298,3,female,34.8,5,4,8.08,S,10,0,1
9302,3,male,0.0,4,3,76.98,S,8,0,1
9304,3,male,7.0,2,0,34.71,S,3,0,1
9307,3,male,24.9,4,0,44.78,S,5,0,1
9312,2,male,32.5,3,2,5.58,S,6,0,1
9316,3,male,41.8,5,1,3.83,S,7,0,1
9318,1,male,47.9,4,1,98.23,S,6,0,1
9321,2,male,36.4,0,1,28.34,S,2,0,1
9325,3,female,32.4,0,1,70.96,S,2,0,1
9326,3,female,32.4,4,1,9.0,S,6,0,1
9329,2,female,36.5,0,4,1.56,S,5,0,1
9333,3,female,34.4,4,3,62.33,S,8,0,1
9336,1,male,38.7,2,2,96.03,S,5,0,1
9337,2,male,1.8,0,1,17.32,S,2,0,1
9342,3,female,45.1,1,2,3.26,S,4,0,1
9343,2,male,32.5,0,1,17.05,S,2,0,1
9345,3,female,21.0,1,4,1.15,S,6,0,1
9346,3,male,41.6,0,4,12.0,S,5,0,1
9348,3,female,28.9,3,3,1.91,S,7,0,1
9349,3,female,26.2,4,3,0.65,S,8,0,1
9355,3,male,20.0,0,3,5.37,S,4,0,1
9358,3,male,25.1,3,2,75.72,S,6,0,1
9359,3,male,23.4,3,0,23.63,S,4,0,1
9368,1,female,25.5,4,3,2.28,S,8,0,1
9373,3,male,30.3,4,4,6.54,S,9,0,1
9376,3,male,46.2,5,0,44.61,S,6,0,1
9378,1,male,43.9,1,3,5.98,S,5,0,1
9385,3,male,27.7,2,0,19.74,S,3,0,1
9386,3,male,30.8,3,3,21.49,S,7,0,1
9390,3,male,24.1,5,3,58.26,S,9,0,1
9391,3,male,27.9,1,3,12.48,S,5,0,1
9400,3,male,36.9,3,1,14.07,S,5,0,1
9411,2,female,40.4,2,1,10.63,S,4,0,1
9420,3,male,11.9,4,0,106.01,S,5,0,1
9424,3,male,21.9,3,1,1.48,S,5,0,1
9425,2,male,28.5,1,2,9.94,S,4,0,1
9427,3,female,15.6,0,0,18.46,S,1,1,1
9429,1,male,17.1,2,1,28.04,S,4,0,1
9430,3,male,28.9,4,3,84.68,S,8,0,1
9432,1,male,34.0,0,4,72.97,S,5,0,1
9436,3,female,20.2,4,4,110.98,S,9,0,1
9439,2,female,41.4,2,4,11.75,S,7,0,1
9446,2,female,15.8,4,0,52.84,S,5,0,1
9447,1,male,23.5,2,3,206.82,S,6,0,1
9460,3,male,28.6,0,4,30.17,S,5,0,1
9462,2,male,40.4,2,1,12.84,S,4,0,1
9464,2,male,14.4,4,1,249.73,S,6,0,1
9465,3,female,19.6,4,1,149.34,S,6,0,1
9466,3,female,41.9,4,2,9.31,S,7,0,1
9471,3,male,23.3,1,2,35.24,S,4,0,1
9472,3,male,40.4,0,1,7.38,S,2,0,1
9474,3,male,23.3,5,4,65.83,S,10,0,1
9475,2,male,40.6,0,1,2.71,S,2,0,1
9477,3,male,19.5,4,3,24.68,S,8,0,1
9483,2,male,25.0,3,3,0.89,S,7,0,1
9494,1,male,11.2,0,0,50.36,S,1,1,1
9498,3,male,41.3,2,1,46.45,S,4,0,1
9503,3,male,0.0,0,4,18.24,S,5,0,1
9513,1,male,29.8,1,3,34.05,S,5,0,1
9514,3,female,30.3,3,2,26.75,S,6,0,1
9517,3,female,35.4,2,0,1.56,S,3,0,1
9522,3,female,20.1,3,3,33.14,S,7,0,1
9526,1,female,28.3,4,3,35.82,S,8,0,1
9528,1,male,44.0,4,0,28.28,S,5,0,1
9531,3,male,20.6,0,1,76.13,S,2,0,1
9533,3,male,17.6,3,0,95.88,S,4,0,1
9536,2,male,27.9,5,1,9.59,S,7,0,1
9549,1,female,25.6,0,3,5.31,S,4,0,1
9552,3,male,45.3,1,4,23.45,S,6,0,1
9553,2,male,47.8,3,1,1.02,S,5,0,1
9554,3,female,11.1,4,1,13.96,S,6,0,1
9560,3,female,39.1,5,4,121.65,S,10,0,1
9566,2,male,24.0,3,3,0.02,S,7,0,1
9567,3,male,22.6,2,0,8.62,S,3,0,1
9585,3,female,16.3,2,2,5.1,S,5,0,1
9589,3,female,17.7,0,1,31.53,S,2,0,1
9592,3,male,20.5,0,4,7.79,S,5,0,1
9601,3,male,33.8,3,2,0.57,S,6,0,1
9604,3,male,63.5,2,1,33.87,S,4,0,1
9605,3,male,0.0,3,3,34.58,S,7,0,1
9606,3,male,22.0,5,1,38.16,S,7,0,1
9609,3,male,9.6,4,1,14.59,S,6,0,1
9610,3,male,20.1,3,4,74.36,S,8,0,1
9614,3,female,9.0,1,4,34.5,S,6,0,1
9615,3,female,25.4,5,0,1.81,S,6,0,1
9616,1,male,15.9,4,4,2.67,S,9,0,1
9617,1,female,28.0,0,3,1.88,S,4,0,1
9618,2,male,19.1,4,1,21.23,S,6,0,1
9623,3,female,29.2,2,2,65.65,S,5,0,1
9631,3,male,20.4,1,0,9.66,S,2,0,1
9633,1,male,14.3,5,2,42.69,S,8,0,1
9645,3,female,10.8,3,1,22.94,S,5,0,1
9646,3,male,31.5,0,3,41.9,S,4,0,1
9656,3,male,35.9,3,1,3.94,S,5,0,1
9658,1,female,39.6,5,2,108.83,S,8,0,1
9659,1,male,52.1,5,0,4.3,S,6,0,1
9665,2,female,33.8,0,1,4.73,S,2,0,1
9668,2,female,22.4,5,2,34.1,S,8,0,1
9669,3,male,43.2,4,1,67.36,S,6,0,1
9671,2,male,37.4,0,4,1.49,S,5,0,1
9676,3,male,37.1,3,0,14.99,S,4,0,1
9683,2,female,56.7,0,0,13.26,S,1,1,1
9689,3,male,40.5,5,3,93.17,S,9,0,1
9690,2,male,27.2,0,0,43.57,S,1,1,1
9693,1,female,20.8,5,1,7.28,S,7,0,1
9700,3,female,43.3,4,3,110.28,S,8,0,1
9702,3,female,25.8,1,4,51.09,S,6,0,1
9703,3,male,54.1,0,3,37.15,S,4,0,1
9711,1,male,46.5,5,2,13.71,S,8,0,1
9722,3,male,34.4,4,2,32.76,S,7,0,1
9723,2,male,18.2,3,2,124.04,S,6,0,1
9725,1,female,25.3,3,3,34.32,S,7,0,1
9726,3,female,21.7,2,2,6.66,S,5,0,1
9731,1,female,20.4,5,4,23.68,S,10,0,1
9733,1,female,20.8,1,1,2.31,S,3,0,1
9734,3,male,15.4,2,2,14.47,S,5,0,1
9736,3,male,66.6,1,1,31.44,S,3,0,1
9739,3,female,21.7,1,4,60.43,S,6,0,1
9742,1,male,54.1,4,0,2.87,S,5,0,1
9743,3,female,32.8,0,3,22.03,S,4,0,1
9745,3,male,31.9,0,4,65.25,S,5,0,1
9749,3,male,54.2,2,4,35.22,S,7,0,1
9753,1,male,26.3,5,2,50.45,S,8,0,1
9757,1,female,25.8,3,4,54.34,S,8,0,1
9762,2,male,33.9,0,4,26.35,S,5,0,1
9763,2,male,55.1,3,4,34.68,S,8,0,1
9764,3,female,19.3,0,2,47.26,S,3,0,1
9766,1,female,14.1,1,2,5.39,S,4,0,1
9767,3,female,37.0,3,4,82.41,S,8,0,1
9770,2,male,44.5,5,3,14.01,S,9,0,1
9774,1,male,8.1,1,0,16.57,S,2,0,1
9777,3,male,12.8,2,0,44.32,S,3,0,1
9785,2,male,21.2,1,4,16.95,S,6,0,1
9796,3,male,2.5,3,1,1.21,S,5,0,1
9799,3,female,29.2,2,0,25.23,S,3,0,1
9800,3,female,23.7,5,4,15.17,S,10,0,1
9803,3,male,33.4,5,0,44.53,S,6,0,1
9805,3,male,35.6,1,4,41.21,S,6,0,1
9808,2,male,23.5,5,1,71.51,S,7,0,1
9811,3,female,26.9,3,1,13.7,S,5,0,1
9814,3,female,40.6,5,4,27.42,S,10,0,1
9815,3,female,30.2,4,4,50.31,S,9,0,1
9820,2,female,49.6,0,4,13.89,S,5,0,1
9821,1,male,37.1,1,4,20.18,S,6,0,1
9822,3,male,48.9,0,2,8.27,S,3,0,1
9825,2,female,40.7,2,3,17.76,S,6,0,1
9828,3,female,12.4,3,1,5.78,S,5,0,1
9829,3,male,27.5,0,2,68.31,S,3,0,1
9833,3,male,41.7,3,3,83.77,S,7,0,1
9836,3,female,22.2,5,1,80.55,S,7,0,1
9838,3,male,28.8,4,0,1.75,S,5,0,1
9839,3,female,50.1,2,1,7.45,S,4,0,1
9840,2,male,52.4,2,3,53.58,S,6,0,1
9841,2,male,25.8,5,3,9.95,S,9,0,1
9843,3,male,18.6,2,4,1.31,S,7,0,1
9846,3,male,6.9,1,3,20.32,S,5,0,1
9850,3,female,29.7,1,0,22.46,S,2,0,1
9851,3,male,23.6,3,3,19.53,S,7,0,1
9854,2,male,31.0,3,3,5.73,S,7,0,1
9862,3,female,29.1,1,0,113.71,S,2,0,1
9863,3,male,26.0,0,0,73.85,S,1,1,1
9864,1,female,31.9,0,3,6.47,S,4,0,1
9868,1,male,17.7,0,1,2.56,S,2,0,1
9878,3,female,34.3,0,1,23.84,S,2,0,1
9883,2,male,19.4,3,4,42.17,S,8,0,1
9885,1,male,5.4,3,4,8.7,S,8,0,1
9886,1,male,12.9,4,2,30.12,S,7,0,1
9890,3,female,16.5,3,1,21.59,S,5,0,1
9893,3,female,30.6,2,2,1.99,S,5,0,1
9894,1,male,19.2,3,0,4.2,S,4,0,1
9896,3,female,31.6,1,3,2.51,S,5,0,1
9897,3,male,26.6,2,1,17.38,S,4,0,1
9904,3,male,28.8,1,2,3.95,S,4,0,1
9906,3,female,14.0,2,4,45.59,S,7,0,1
9911,1,male,10.3,3,1,30.37,S,5,0,1
9915,3,male,36.6,3,2,53.32,S,6,0,1
9927,3,male,28.8,1,3,24.36,S,5,0,1
9928,3,male,33.2,5,1,19.61,S,7,0,1
9930,3,male,12.2,0,0,1.66,S,1,1,1
9939,1,female,43.2,0,1,35.43,S,2,0,1
9943,3,female,45.3,3,1,60.76,S,5,0,1
9951,3,female,33.4,5,0,15.97,S,6,0,1
9956,3,female,34.3,1,4,9.07,S,6,0,1
9958,3,male,29.4,5,4,28.68,S,10,0,1
9966,1,female,36.9,1,2,27.52,S,4,0,1
9968,2,male,13.5,0,1,16.93,S,2,0,1
9971,1,male,8.7,3,3,3.25,S,7,0,1
9972,3,male,53.5,0,2,51.71,S,3,0,1
9977,3,female,42.5,5,2,10.47,S,8,0,1
9978,3,female,23.9,4,2,21.58,S,7,0,1
9984,2,male,38.3,3,4,33.7,S,8,0,1
9989,3,female,36.2,5,0,14.91,S,6,0,1
9995,2,female,43.9,0,0,133.44,S,1,1,1
9996,3,female,29.5,4,2,27.1,S,7,0,1
9997,3,male,1.0,4,4,11.38,S,9,0,1
10005,1,male,25.3,0,1,118.67,S,2,0,1
10007,2,male,51.9,3,1,28.93,S,5,0,1
10010,3,female,29.2,4,2,23.12,S,7,0,1
10011,3,male,17.4,2,1,12.52,S,4,0,1
10012,3,female,8.7,3,1,119.96,S,5,0,1
10022,3,female,15.3,0,3,69.08,S,4,0,1
10024,2,male,45.6,0,3,70.71,S,4,0,1
10026,2,male,11.9,4,1,32.16,S,6,0,1
10027,3,male,32.1,5,2,7.87,S,8,0,1
10029,2,male,29.7,0,4,14.34,S,5,0,1
10031,3,female,32.4,5,4,25.97,S,10,0,1
10034,3,male,44.1,5,3,47.32,S,9,0,1
10040,3,male,21.6,0,1,21.16,S,2,0,1
10048,2,female,36.0,4,2,5.2,S,7,0,1
10057,2,male,40.4,3,3,13.65,S,7,0,1
10065,2,female,38.2,2,4,40.61,S,7,0,1
10066,2,male,21.6,1,1,63.04,S,3,0,1
10067,3,male,43.2,5,0,79.05,S,6,0,1
10069,3,female,42.6,3,0,15.61,S,4,0,1
10070,1,female,55.3,2,4,5.11,S,7,0,1
10071,1,male,0.0,0,2,0.22,S,3,0,1
10072,3,female,39.6,5,3,33.41,S,9,0,1
10074,3,female,35.3,0,4,2.66,S,5,0,1
10079,3,female,40.6,5,3,34.17,S,9,0,1
10082,3,female,29.3,1,0,114.06,S,2,0,1
10086,3,male,39.5,2,4,112.62,S,7,0,1
10088,3,male,21.6,2,4,45.05,S,7,0,1
10093,1,female,44.7,2,3,26.83,S,6,0,1
10094,3,male,19.1,5,0,24.47,S,6,0,1
10100,1,male,59.4,0,2,45.63,S,3,0,1
10102,3,female,34.3,1,0,4.54,S,2,0,1
10112,2,male,6.3,4,3,75.07,S,8,0,1
10119,2,female,41.6,4,3,23.0,S,8,0,1
10122,3,male,22.7,1,2,3.33,S,4,0,1
10125,3,male,25.8,2,0,4.01,S,3,0,1
10132,3,female,31.3,5,1,5.14,S,7,0,1
10144,1,male,32.6,2,3,65.35,S,6,0,1
10145,1,male,13.4,0,3,13.56,S,4,0,1
10150,3,male,26.8,2,3,4.37,S,6,0,1
10154,3,female,16.3,5,4,4.17,S,10,0,1
10158,3,male,11.6,2,2,27.83,S,5,0,1
10159,3,male,20.2,0,0,7.4,S,1,1,1
10164,3,female,0.0,0,2,16.1,S,3,0,1
10176,3,male,21.6,2,1,37.4,S,4,0,1
10178,3,male,45.1,2,0,2.0,S,3,0,1
10179,3,male,47.0,2,2,32.94,S,5,0,1
10180,3,male,29.8,5,3,1.7,S,9,0,1
10184,2,male,24.9,2,1,60.38,S,4,0,1
10186,3,male,31.8,4,3,10.96,S,8,0,1
10187,3,female,22.1,5,4,21.18,S,10,0,1
10195,2,female,13.1,4,1,21.02,S,6,0,1
10196,1,male,24.6,2,1,75.68,S,4,0,1
10197,2,male,11.6,2,3,0.99,S,6,0,1
10206,3,male,31.8,0,4,10.88,S,5,0,1
10209,3,male,30.5,3,3,128.23,S,7,0,1
10210,2,female,53.6,5,1,14.43,S,7,0,1
10214,1,male,2.2,0,1,87.72,S,2,0,1
10215,1,male,13.3,1,1,6.73,S,3,0,1
10216,3,male,22.4,0,2,33.97,S,3,0,1
10220,3,male,3.3,3,4,75.54,S,8,0,1
10221,3,female,34.8,5,3,9.54,S,9,0,1
10222,2,female,26.3,0,0,7.43,S,1,1,1
10226,3,male,36.6,4,3,32.95,S,8,0,1
10227,3,male,40.5,1,1,66.85,S,3,0,1
10232,1,male,19.7,1,2,75.48,S,4,0,1
10236,3,male,40.2,3,3,17.5,S,7,0,1
10238,1,female,31.3,2,4,52.9,S,7,0,1
10248,1,female,22.8,1,4,12.13,S,6,0,1
10258,1,male,29.4,3,0,26.31,S,4,0,1
10260,3,male,34.8,3,2,74.06,S,6,0,1
10261,2,female,25.8,0,3,28.76,S,4,0,1
10262,2,female,26.5,1,1,53.52,S,3,0,1
10263,3,male,37.1,4,2,21.4,S,7,0,1
10264,3,male,13.0,4,0,18.25,S,5,0,1
10272,2,male,43.0,1,1,51.94,S,3,0,1
10274,3,female,35.6,2,4,47.56,S,7,0,1
10277,3,male,40.2,0,2,69.47,S,3,0,1
10282,3,male,2.3,4,0,1.56,S,5,0,1
10283,2,male,36.2,5,3,10.95,S,9,0,1
10295,2,male,26.8,1,3,73.35,S,5,0,1
10296,3,male,22.3,1,4,55.22,S,6,0,1
10299,3,male,28.3,2,3,34.33,S,6,0,1
10300,3,male,9.1,4,3,63.89,S,8,0,1
10303,1,female,11.3,0,4,24.28,S,5,0,1
10305,1,female,17.4,0,2,56.4,S,3,0,1
10306,3,male,45.6,3,1,92.12,S,5,0,1
10308,3,female,43.0,5,0,30.23,S,6,0,1
10310,3,female,36.9,3,4,13.68,S,8,0,1
10312,3,male,55.7,4,3,23.5,S,8,0,1
10314,3,male,35.3,2,3,33.81,S,6,0,1
10318,1,female,19.0,2,2,69.4,S,5,0,1
10322,2,female,20.3,5,1,40.89,S,7,0,1
10329,2,male,36.3,5,0,5.35,S,6,0,1
10333,3,female,27.5,3,2,63.59,S,6,0,1
10335,2,male,22.1,0,3,6.15,S,4,0,1
10343,3,female,12.3,3,3,7.69,S,7,0,1
10344,2,male,44.6,4,0,60.07,S,5,0,1
10351,3,male,23.4,1,1,38.46,S,3,0,1
10353,3,female,19.4,1,4,19.7,S,6,0,1
10359,1,male,13.4,0,0,12.05,S,1,1,1
10362,2,male,20.5,4,4,59.86,S,9,0,1
10363,3,female,36.5,4,4,3.09,S,9,0,1
10366,3,male,35.4,0,3,8.85,S,4,0,1
10371,3,male,27.6,2,3,54.02,S,6,0,1
10379,1,male,34.4,2,1,22.46,S,4,0,1
10380,1,female,30.8,5,3,60.68,S,9,0,1
10383,2,female,38.4,1,4,5.5,S,6,0,1
10384,3,male,39.3,3,4,18.82,S,8,0,1
10387,3,male,56.5,0,3,7.42,S,4,0,1
10389,3,male,25.4,2,4,14.17,S,7,0,1
10390,1,male,8.3,3,4,57.83,S,8,0,1
10392,2,male,20.0,4,0,5.3,S,5,0,1
10395,2,female,29.2,2,4,12.48,S,7,0,1
10397,2,female,48.7,5,2,13.58,S,8,0,1
10404,3,female,15.3,5,1,9.72,S,7,0,1
10410,1,male,34.1,1,4,32.42,S,6,0,1
10411,2,male,22.7,0,4,23.43,S,5,0,1
10414,3,male,26.2,0,1,115.12,S,2,0,1
10415,1,female,22.4,0,0,20.64,S,1,1,1
10416,2,female,18.7,3,2,84.33,S,6,0,1
10425,1,male,15.6,0,1,55.73,S,2,0,1
10429,3,female,25.0,4,0,92.63,S,5,0,1
10432,3,male,22.6,0,0,30.54,S,1,1,1
10434,3,male,17.5,0,0,29.92,S,1,1,1
10440,3,male,59.4,4,2,19.25,S,7,0,1
10441,2,male,46.2,2,1,17.56,S,4,0,1
10442,2,female,37.3,5,1,6.77,S,7,0,1
10445,1,male,28.1,2,1,5.3,S,4,0,1
10447,3,male,46.9,3,4,61.8,S,8,0,1
10451,3,female,0.0,0,3,4.31,S,4,0,1
10453,3,male,27.5,3,4,3.72,S,8,0,1
10463,2,female,50.6,0,2,40.8,S,3,0,1
10472,3,female,37.7,1,1,25.26,S,3,0,1
10474,2,female,35.8,4,4,62.21,S,9,0,1
10482,1,male,23.4,0,0,59.75,S,1,1,1
10487,3,male,43.9,5,4,2.27,S,10,0,1
10488,2,female,37.8,2,1,28.41,S,4,0,1
10502,3,male,12.0,3,2,35.01,S,6,0,1
10504,3,female,22.9,5,4,35.09,S,10,0,1
10508,1,female,5.6,3,4,13.01,S,8,0,1
10514,1,male,47.0,3,4,17.34,S,8,0,1
10516,3,female,18.9,2,2,37.35,S,5,0,1
10518,2,female,33.8,1,4,87.53,S,6,0,1
10519,3,female,18.9,1,2,17.12,S,4,0,1
10521,2,male,14.5,3,4,77.57,S,8,0,1
10522,1,female,19.0,1,3,27.63,S,5,0,1
10525,1,female,28.0,5,1,9.12,S,7,0,1
10530,1,male,30.9,0,3,33.6,S,4,0,1
10531,3,male,8.9,1,2,30.01,S,4,0,1
10532,2,male,22.0,4,0,79.48,S,5,0,1
10542,3,male,43.9,2,3,17.63,S,6,0,1
10543,3,female,36.6,2,4,17.77,S,7,0,1
10544,1,male,39.5,4,1,10.09,S,6,0,1
10546,2,male,23.8,2,2,39.77,S,5,0,1
10547,3,female,52.0,2,2,26.44,S,5,0,1
10554,1,male,31.1,3,4,101.25,S,8,0,1
10557,2,male,38.1,1,0,2.22,S,2,0,1
10565,3,male,51.1,0,1,34.81,S,2,0,1
10566,2,male,21.6,0,0,50.43,S,1,1,1
10568,2,male,4.3,4,4,100.89,S,9,0,1
10570,3,male,21.0,4,3,96.78,S,8,0,1
10571,3,male,46.7,1,0,6.05,S,2,0,1
10576,2,female,28.2,4,3,37.64,S,8,0,1
10577,1,female,32.7,4,1,24.15,S,6,0,1
10579,3,male,32.7,3,0,27.73,S,4,0,1
10581,3,male,36.3,3,0,10.17,S,4,0,1
10587,2,male,22.9,5,4,5.9,S,10,0,1
10588,1,female,60.2,0,1,12.09,S,2,0,1
10591,3,male,38.6,0,3,5.56,S,4,0,1
10602,3,male,52.3,4,1,24.81,S,6,0,1
10603,2,male,49.9,2,1,2.28,S,4,0,1
10607,3,male,60.5,5,1,122.32,S,7,0,1
10608,3,male,36.1,3,1,13.53,S,5,0,1
10609,3,male,17.5,2,3,5.0,S,6,0,1
10616,1,male,21.2,1,2,13.47,S,4,0,1
10623,2,male,14.9,1,2,0.91,S,4,0,1
10624,1,male,28.2,3,1,1.31,S,5,0,1
10625,1,female,26.2,4,4,14.51,S,9,0,1
10638,1,male,28.2,0,1,5.86,S,2,0,1
10641,2,male,22.1,3,0,25.34,S,4,0,1
10646,3,male,37.2,1,0,22.66,S,2,0,1
10647,1,female,21.6,1,4,29.0,S,6,0,1
10648,3,male,43.4,3,2,124.86,S,6,0,1
10649,3,female,21.3,4,0,19.44,S,5,0,1
10651,3,male,12.2,1,0,26.49,S,2,0,1
10668,3,male,42.4,1,3,33.59,S,5,0,1
10670,3,male,14.4,0,0,45.18,S,1,1,1
10676,1,male,39.8,0,3,3.77,S,4,0,1
10681,2,male,19.5,4,0,8.62,S,5,0,1
10683,2,male,33.2,5,3,3.61,S,9,0,1
10688,1,male,30.2,4,1,37.35,S,6,0,1
10690,3,male,29.4,4,0,12.46,S,5,0,1
10692,3,male,16.4,4,2,27.41,S,7,0,1
10695,1,male,14.9,2,3,42.65,S,6,0,1
10698,3,male,40.4,4,3,103.17,S,8,0,1
10703,3,female,40.0,3,4,73.3,S,8,0,1
10706,3,male,17.4,1,3,48.22,S,5,0,1
10712,1,male,12.9,4,2,19.61,S,7,0,1
10713,1,male,6.7,3,3,25.62,S,7,0,1
10714,2,male,48.8,0,1,24.52,S,2,0,1
10729,3,male,32.7,3,1,33.81,S,5,0,1
10731,3,male,27.3,4,4,135.56,S,9,0,1
10732,2,male,19.0,4,2,83.29,S,7,0,1
10736,3,male,37.0,3,0,12.56,S,4,0,1
10746,1,female,43.0,2,0,30.99,S,3,0,1
10753,1,male,27.2,4,3,57.02,S,8,0,1
10755,1,female,27.7,4,0,19.25,S,5,0,1
10759,1,male,28.7,2,0,9.66,S,3,0,1
10762,2,female,26.7,5,3,139.87,S,9,0,1
10765,2,male,43.6,3,3,4.38,S,7,0,1
10771,3,male,18.7,1,4,26.35,S,6,0,1
10777,2,female,15.3,1,4,49.96,S,6,0,1
10778,3,female,42.4,5,3,79.68,S,9,0,1
10780,3,male,0.0,5,0,9.4,S,6,0,1
10784,1,male,30.3,4,0,30.38,S,5,0,1
10788,3,male,22.3,5,4,135.43,S,10,0,1
10790,3,male,31.2,4,2,19.44,S,7,0,1
10808,3,female,0.0,0,2,3.74,S,3,0,1
10811,3,female,22.4,0,0,3.93,S,1,1,1
10813,2,male,18.6,1,1,65.35,S,3,0,1
10816,3,male,40.2,1,1,5.24,S,3,0,1
10817,1,female,22.4,4,4,2.58,S,9,0,1
10822,3,male,38.1,3,1,34.01,S,5,0,1
10827,3,male,6.7,1,3,0.44,S,5,0,1
10828,2,male,25.0,0,4,6.36,S,5,0,1
10835,1,female,19.4,5,3,178.25,S,9,0,1
10837,2,male,45.5,5,4,74.04,S,10,0,1
10838,3,male,10.4,2,2,21.41,S,5,0,1
10845,3,male,12.2,5,4,18.25,S,10,0,1
10847,1,male,13.3,2,4,24.36,S,7,0,1
10848,3,female,29.6,0,2,97.88,S,3,0,1
10852,3,male,38.5,5,2,37.73,S,8,0,1
10853,3,male,53.9,3,2,4.83,S,6,0,1
10858,3,female,35.1,3,1,73.71,S,5,0,1
10865,1,female,8.2,1,2,5.5,S,4,0,1
10867,3,female,37.4,2,0,98.19,S,3,0,1
10874,3,female,31.9,0,1,69.05,S,2,0,1
10885,3,male,43.7,2,1,70.89,S,4,0,1
10888,1,female,15.1,3,1,20.83,S,5,0,1
10892,3,male,31.4,0,1,133.92,S,2,0,1
10902,3,male,41.4,5,1,7.76,S,7,0,1
10908,3,male,30.8,1,3,8.18,S,5,0,1
10913,3,male,42.6,1,4,87.24,S,6,0,1
10920,2,male,33.5,2,2,21.31,S,5,0,1
10924,3,male,24.7,4,1,64.94,S,6,0,1
10926,2,male,0.0,4,1,8.19,S,6,0,1
10929,3,male,31.6,3,4,0.79,S,8,0,1
10936,2,female,17.2,2,2,7.3,S,5,0,1
10940,2,male,15.9,5,3,35.02,S,9,0,1
10945,3,female,37.5,5,0,39.73,S,6,0,1
10947,3,male,37.0,5,1,0.45,S,7,0,1
10951,3,female,32.9,2,3,43.86,S,6,0,1
10955,2,male,38.1,0,4,21.08,S,5,0,1
10957,3,male,44.8,2,2,43.96,S,5,0,1
10959,3,male,52.5,3,2,12.67,S,6,0,1
10964,1,male,24.4,4,2,17.13,S,7,0,1
10968,2,female,28.3,0,2,21.5,S,3,0,1
10971,3,male,23.2,5,2,47.4,S,8,0,1
10973,2,female,3.3,5,3,12.08,S,9,0,1
10974,3,female,0.0,1,1,13.91,S,3,0,1
10976,3,female,24.2,0,3,7.44,S,4,0,1
10977,3,male,34.5,2,4,7.72,S,7,0,1
10980,2,male,24.0,0,4,41.52,S,5,0,1
10988,3,male,11.0,3,0,67.22,S,4,0,1
10989,1,male,8.1,0,0,1.25,S,1,1,1
10990,3,female,27.3,3,0,24.24,S,4,0,1
10992,2,female,38.9,1,2,32.22,S,4,0,1
10994,1,female,39.9,5,2,4.36,S,8,0,1
10996,3,male,14.0,3,4,29.51,S,8,0,1
10997,3,female,17.8,4,3,19.64,S,8,0,1
11005,3,female,37.8,2,2,11.3,S,5,0,1
11006,1,male,20.2,3,2,17.81,S,6,0,1
11008,1,female,37.4,4,1,19.96,S,6,0,1
11011,3,male,34.6,2,2,0.32,S,5,0,1
11015,1,male,43.0,2,3,33.2,S,6,0,1
11016,3,female,10.1,0,4,54.5,S,5,0,1
11017,3,male,29.9,5,4,25.76,S,10,0,1
11019,1,male,34.2,4,0,23.76,S,5,0,1
11020,3,male,22.6,3,1,4.28,S,5,0,1
11028,2,female,21.0,5,2,18.24,S,8,0,1
11033,1,female,26.7,1,2,3.69,S,4,0,1
11034,3,male,24.6,2,2,4.65,S,5,0,1
11035,3,female,19.3,1,0,65.77,S,2,0,1
11039,2,male,24.8,2,0,4.7,S,3,0,1
11041,1,female,49.5,1,3,17.22,S,5,0,1
11043,3,male,16.9,5,3,5.33,S,9,0,1
11045,3,female,30.9,0,0,29.8,S,1,1,1
11052,3,female,24.0,2,0,55.08,S,3,0,1
11053,1,male,31.6,1,1,27.89,S,3,0,1
11054,2,male,46.3,2,1,20.47,S,4,0,1
11057,2,male,34.9,3,3,58.38,S,7,0,1
11059,2,female,16.2,0,2,0.65,S,3,0,1
11060,3,male,43.8,2,4,10.18,S,7,0,1
11062,3,female,19.6,3,3,6.89,S,7,0,1
11063,3,male,9.5,2,4,16.71,S,7,0,1
11079,3,female,24.3,1,2,8.63,S,4,0,1
11080,2,male,6.0,0,3,22.36,S,4,0,1
11084,3,male,52.3,2,0,19.29,S,3,0,1
11086,1,male,14.2,4,0,24.77,S,5,0,1
11089,1,male,26.4,4,1,4.94,S,6,0,1
11096,3,female,22.9,5,4,5.66,S,10,0,1
11099,1,male,20.8,5,0,62.27,S,6,0,1
11101,3,female,35.7,5,1,0.88,S,7,0,1
11102,3,male,9.7,1,2,8.31,S,4,0,1
11106,1,female,17.5,1,0,3.25,S,2,0,1
11115,1,male,19.6,5,1,30.57,S,7,0,1
11116,1,male,13.9,0,2,0.87,S,3,0,1
11118,1,male,31.3,2,2,36.05,S,5,0,1
11120,3,male,45.7,2,3,6.75,S,6,0,1
11123,2,male,29.2,3,0,27.46,S,4,0,1
11129,3,female,47.5,4,2,56.18,S,7,0,1
11130,2,female,33.5,0,0,9.74,S,1,1,1
11133,1,male,38.2,1,2,3.8,S,4,0,1
11138,3,male,25.3,1,0,4.22,S,2,0,1
11139,1,male,29.0,0,3,24.96,S,4,0,1
11140,2,male,50.7,1,4,32.13,S,6,0,1
11143,3,male,37.8,0,0,26.77,S,1,1,1
11145,1,male,18.7,2,0,68.54,S,3,0,1
11148,2,male,54.6,5,1,5.25,S,7,0,1
11149,3,female,32.3,3,4,52.15,S,8,0,1
11154,1,male,67.1,5,2,13.04,S,8,0,1
11156,3,male,42.0,2,2,55.1,S,5,0,1
11158,3,male,17.7,0,1,38.38,S,2,0,1
11159,3,male,36.5,0,0,6.04,S,1,1,1
11162,3,male,9.4,0,4,1.57,S,5,0,1
11163,3,female,36.9,3,0,32.54,S,4,0,1
11170,1,male,35.5,2,3,0.2,S,6,0,1
11173,3,male,36.1,2,4,27.68,S,7,0,1
11177,1,female,42.1,1,4,19.68,S,6,0,1
11178,3,male,23.5,1,0,21.31,S,2,0,1
11180,3,male,41.2,3,1,11.48,S,5,0,1
11184,3,male,28.3,2,3,53.77,S,6,0,1
11185,2,male,40.4,5,4,75.75,S,10,0,1
11187,2,male,29.5,4,4,8.42,S,9,0,1
11189,3,female,35.4,2,2,100.82,S,5,0,1
11199,2,male,47.1,3,1,31.57,S,5,0,1
11203,2,male,37.8,2,3,1.55,S,6,0,1
11204,3,female,13.1,3,0,45.63,S,4,0,1
11205,3,male,20.9,3,1,101.03,S,5,0,1
11206,3,female,36.2,1,3,183.97,S,5,0,1
11211,2,male,18.1,2,0,50.21,S,3,0,1
11212,2,female,33.3,5,0,1.57,S,6,0,1
11222,3,male,0.0,4,1,38.42,S,6,0,1
11223,3,female,9.6,1,3,0.66,S,5,0,1
11226,3,male,36.0,5,0,29.84,S,6,0,1
11227,3,female,18.1,0,0,41.03,S,1,1,1
11230,3,male,6.1,3,2,29.12,S,6,0,1
11237,3,male,61.9,1,2,7.69,S,4,0,1
11241,3,female,34.4,2,0,56.92,S,3,0,1
11245,2,male,20.8,1,2,84.23,S,4,0,1
11249,2,male,30.0,2,1,22.91,S,4,0,1
11251,3,female,18.3,4,3,13.57,S,8,0,1
11252,3,male,33.7,1,3,0.75,S,5,0,1
11253,3,female,52.2,5,0,1.83,S,6,0,1
11255,2,female,34.1,2,1,23.39,S,4,0,1
11266,2,male,27.0,3,4,51.35,S,8,0,1
11268,1,male,29.5,0,0,6.44,S,1,1,1
11278,3,female,12.7,5,2,7.06,S,8,0,1
11279,1,female,44.0,3,2,16.37,S,6,0,1
11282,3,male,8.4,5,2,17.79,S,8,0,1
11284,2,female,20.2,5,4,32.88,S,10,0,1
11286,2,male,29.9,5,0,90.22,S,6,0,1
11289,3,female,27.4,0,3,15.4,S,4,0,1
11293,3,male,32.6,5,4,13.54,S,10,0,1
11298,3,male,38.7,3,1,19.85,S,5,0,1
11306,2,female,12.4,5,4,46.23,S,10,0,1
11308,2,female,14.1,4,0,45.6,S,5,0,1
11313,2,male,12.5,2,3,0.68,S,6,0,1
11315,3,male,22.1,2,0,17.45,S,3,0,1
11319,3,male,18.1,4,0,8.18,S,5,0,1
11324,3,female,26.8,1,2,13.59,S,4,0,1
11328,1,male,22.2,3,2,19.48,S,6,0,1
11330,3,female,8.0,4,2,18.04,S,7,0,1
11332,2,male,16.4,3,4,51.92,S,8,0,1
11343,1,male,31.4,4,0,10.05,S,5,0,1
11345,1,female,20.3,4,3,101.95,S,8,0,1
11346,1,female,18.8,4,3,39.21,S,8,0,1
11349,1,female,29.7,2,1,10.85,S,4,0,1
11354,3,male,23.7,5,2,18.7,S,8,0,1
11358,2,male,32.0,0,4,10.05,S,5,0,1
11360,2,male,13.3,0,4,56.23,S,5,0,1
11362,3,male,54.0,5,0,9.16,S,6,0,1
11365,3,male,23.0,4,3,23.04,S,8,0,1
11367,1,male,25.8,2,0,29.59,S,3,0,1
11369,3,male,54.9,5,3,10.94,S,9,0,1
11370,1,male,17.3,5,3,1.32,S,9,0,1
11372,2,male,28.6,5,0,40.3,S,6,0,1
11381,3,male,19.4,2,4,96.32,S,7,0,1
11383,2,male,38.2,1,4,39.93,S,6,0,1
11388,3,female,26.0,3,3,6.65,S,7,0,1
11392,2,male,41.3,0,1,4.05,S,2,0,1
11394,3,male,34.0,0,0,15.14,S,1,1,1
11396,2,female,33.6,0,3,6.35,S,4,0,1
11397,3,male,11.0,5,1,70.1,S,7,0,1
11402,3,male,34.7,0,1,18.57,S,2,0,1
11418,2,male,0.0,2,3,9.33,S,6,0,1
11424,3,male,35.4,2,2,27.4,S,5,0,1
11427,3,male,52.4,4,2,9.32,S,7,0,1
11431,1,male,30.8,0,4,0.71,S,5,0,1
11434,3,male,22.6,0,3,61.09,S,4,0,1
11437,3,male,28.6,4,3,8.45,S,8,0,1
11438,3,male,33.7,2,3,43.12,S,6,0,1
11439,3,male,10.5,2,1,61.88,S,4,0,1
11445,3,female,30.5,5,4,7.74,S,10,0,1
11446,3,female,6.7,0,0,28.09,S,1,1,1
11449,3,male,22.9,3,4,81.17,S,8,0,1
11451,1,female,5.2,3,2,19.45,S,6,0,1
11454,3,female,28.9,5,2,19.69,S,8,0,1
11458,1,female,25.2,1,2,8.45,S,4,0,1
11459,3,female,14.0,2,3,22.95,S,6,0,1
11467,3,female,19.2,3,2,48.1,S,6,0,1
11469,2,male,26.7,2,4,120.15,S,7,0,1
11472,2,male,39.1,3,4,28.44,S,8,0,1
11488,3,male,56.5,1,4,26.04,S,6,0,1
11501,3,male,41.5,4,1,22.81,S,6,0,1
11505,1,male,35.3,4,0,21.07,S,5,0,1
11506,3,female,27.4,5,4,2.9,S,10,0,1
11512,2,female,20.0,3,0,9.49,S,4,0,1
11514,1,male,27.8,5,4,4.66,S,10,0,1
11515,3,female,31.1,1,1,1.41,S,3,0,1
11518,3,male,40.9,4,3,20.57,S,8,0,1
11519,2,male,20.4,2,2,66.1,S,5,0,1
11520,1,female,35.8,5,1,2.66,S,7,0,1
11527,3,male,24.6,0,4,6.01,S,5,0,1
11530,1,male,15.7,1,0,45.01,S,2,0,1
11532,3,male,24.6,1,0,13.16,S,2,0,1
11536,2,female,34.0,0,0,11.1,S,1,1,1
11542,3,female,32.1,3,3,14.14,S,7,0,1
11552,1,female,8.6,1,2,45.98,S,4,0,1
11553,1,male,38.6,1,1,49.44,S,3,0,1
11556,3,male,30.4,4,3,36.4,S,8,0,1
11557,3,female,24.5,0,2,94.23,S,3,0,1
11559,3,female,40.1,1,3,81.46,S,5,0,1
11562,3,male,2.9,2,4,4.24,S,7,0,1
11564,3,female,42.8,1,3,36.06,S,5,0,1
11569,3,female,16.7,3,1,62.25,S,5,0,1
11574,3,male,49.5,0,0,113.05,S,1,1,1
11576,3,female,38.6,2,3,4.17,S,6,0,1
11577,2,male,18.2,2,4,10.86,S,7,0,1
11578,3,male,30.3,4,3,75.07,S,8,0,1
11579,3,male,58.1,3,0,24.03,S,4,0,1
11583,1,female,26.1,0,3,2.66,S,4,0,1
11584,3,male,33.0,2,2,5.16,S,5,0,1
11589,1,male,20.7,3,1,19.19,S,5,0,1
11591,1,male,45.5,5,2,34.73,S,8,0,1
11599,2,female,10.1,5,0,92.16,S,6,0,1
11603,3,female,19.1,0,4,86.38,S,5,0,1
11610,3,male,22.3,3,1,32.51,S,5,0,1
11613,3,male,13.6,4,0,14.17,S,5,0,1
11615,3,male,0.0,3,0,54.3,S,4,0,1
11626,3,male,15.7,3,0,65.68,S,4,0,1
11630,2,male,36.7,4,1,37.18,S,6,0,1
11631,1,male,31.1,4,3,3.76,S,8,0,1
11632,3,male,12.2,5,0,1.72,S,6,0,1
11633,3,female,0.0,3,2,5.81,S,6,0,1
11649,3,male,36.6,1,0,11.07,S,2,0,1
11657,3,female,35.1,4,0,3.29,S,5,0,1
11661,1,female,16.1,3,2,3.75,S,6,0,1
11662,3,female,14.0,2,0,36.41,S,3,0,1
11663,3,male,62.5,1,3,28.06,S,5,0,1
11664,2,male,19.2,5,0,9.59,S,6,0,1
11673,3,male,21.6,1,1,12.92,S,3,0,1
11687,2,male,17.8,2,4,4.23,S,7,0,1
11692,3,female,11.7,2,1,28.59,S,4,0,1
11693,1,female,29.6,0,3,30.44,S,4,0,1
11697,1,female,23.5,4,3,11.27,S,8,0,1
11698,1,male,19.7,0,0,16.4,S,1,1,1
11705,2,female,39.7,4,2,39.8,S,7,0,1
11706,2,female,23.5,2,1,10.67,S,4,0,1
11707,2,female,29.4,1,1,9.66,S,3,0,1
11710,3,male,26.2,1,0,66.21,S,2,0,1
11712,3,male,42.5,0,1,58.55,S,2,0,1
11717,3,female,40.4,3,2,19.15,S,6,0,1
11730,3,female,29.7,4,3,4.93,S,8,0,1
11735,3,male,16.2,0,2,22.31,S,3,0,1
11736,3,female,46.7,1,4,51.74,S,6,0,1
11737,3,male,36.2,0,3,34.52,S,4,0,1
11738,2,male,24.2,5,4,3.52,S,10,0,1
11743,3,male,33.8,4,0,19.79,S,5,0,1
11744,3,male,10.1,5,3,28.38,S,9,0,1
11752,2,male,48.3,2,3,38.4,S,6,0,1
11756,3,male,32.5,2,2,9.16,S,5,0,1
11757,3,female,24.5,1,2,16.87,S,4,0,1
11758,3,male,20.0,0,4,5.19,S,5,0,1
11760,3,male,40.4,5,4,5.84,S,10,0,1
11774,1,male,47.7,4,4,57.86,S,9,0,1
11778,2,female,23.2,2,1,158.2,S,4,0,1
11779,2,male,31.9,1,4,50.77,S,6,0,1
11782,3,male,42.6,4,1,29.01,S,6,0,1
11786,2,male,16.5,2,1,149.64,S,4,0,1
11790,3,male,8.7,5,4,18.23,S,10,0,1
11792,1,male,27.6,5,4,16.67,S,10,0,1
11803,2,male,35.5,0,3,31.16,S,4,0,1
11804,3,male,21.4,2,4,180.36,S,7,0,1
11806,1,female,40.9,2,4,16.37,S,7,0,1
11811,1,male,31.8,4,1,8.91,S,6,0,1
11818,2,male,46.1,2,2,18.72,S,5,0,1
11820,2,male,41.3,0,3,67.48,S,4,0,1
11821,3,male,15.2,1,3,0.95,S,5,0,1
11823,1,female,16.6,5,0,3.0,S,6,0,1
11824,3,female,1.5,0,3,74.14,S,4,0,1
11827,1,female,49.0,3,0,0.27,S,4,0,1
11831,3,female,45.2,2,3,105.43,S,6,0,1
11832,2,female,22.6,0,1,50.21,S,2,0,1
11833,3,female,24.3,1,0,58.6,S,2,0,1
11837,2,male,15.7,1,4,82.34,S,6,0,1
11842,3,female,3.6,2,0,63.05,S,3,0,1
11844,3,female,45.3,5,1,43.08,S,7,0,1
11846,3,male,21.3,3,4,8.06,S,8,0,1
11847,3,female,67.7,5,2,11.11,S,8,0,1
11849,1,female,25.4,3,3,56.55,S,7,0,1
11851,2,male,34.2,5,3,160.14,S,9,0,1
11852,2,male,38.6,0,4,67.32,S,5,0,1
11853,3,female,0.0,1,3,51.59,S,5,0,1
11858,2,male,5.2,0,1,42.07,S,2,0,1
11860,3,male,28.0,0,3,31.05,S,4,0,1
11862,1,female,21.5,5,0,0.27,S,6,0,1
11863,1,male,18.8,2,3,1.57,S,6,0,1
11864,3,female,35.5,1,3,13.06,S,5,0,1
11868,3,male,9.9,3,3,9.5,S,7,0,1
11869,3,male,5.0,3,3,3.51,S,7,0,1
11870,2,female,25.6,2,3,3.89,S,6,0,1
11873,3,female,12.5,1,3,15.24,S,5,0,1
11874,1,male,41.5,1,1,26.57,S,3,0,1
11875,3,female,53.0,2,2,9.17,S,5,0,1
11878,3,male,0.0,4,2,11.83,S,7,0,1
11879,3,male,22.9,2,1,18.22,S,4,0,1
11890,3,male,42.7,4,3,16.59,S,8,0,1
11897,3,male,42.4,0,4,36.8,S,5,0,1
11898,2,male,15.7,0,2,6.89,S,3,0,1
11902,2,male,14.3,5,1,33.25,S,7,0,1
11904,2,male,22.8,0,3,17.06,S,4,0,1
11905,3,female,25.2,3,1,4.59,S,5,0,1
11906,2,male,44.6,5,0,30.18,S,6,0,1
11910,3,female,39.0,5,4,22.85,S,10,0,1
11916,3,female,34.1,3,3,1.11,S,7,0,1
11917,1,male,12.9,5,1,21.37,S,7,0,1
11919,3,male,27.3,0,3,13.22,S,4,0,1
11920,3,male,0.0,5,2,10.33,S,8,0,1
11923,2,female,43.6,3,4,4.23,S,8,0,1
11925,1,female,27.0,5,2,41.47,S,8,0,1
11930,3,female,29.5,1,4,3.43,S,6,0,1
11936,3,female,50.2,4,2,2.45,S,7,0,1
11943,3,female,0.9,2,4,10.89,S,7,0,1
11944,1,male,26.8,1,4,27.42,S,6,0,1
11945,1,male,26.4,1,2,16.96,S,4,0,1
11950,1,female,33.9,2,2,48.63,S,5,0,1
11955,3,female,16.1,0,2,4.29,S,3,0,1
11956,3,female,8.6,0,2,52.55,S,3,0,1
11957,3,female,31.4,1,4,2.58,S,6,0,1
11959,1,male,21.7,0,3,143.68,S,4,0,1
11960,3,male,27.8,4,2,6.46,S,7,0,1
11961,3,female,22.1,4,0,43.54,S,5,0,1
11969,2,male,49.3,0,4,97.39,S,5,0,1
11975,3,female,29.7,1,1,36.82,S,3,0,1
11989,3,female,37.3,3,2,9.57,S,6,0,1
11992,3,female,41.4,3,0,3.14,S,4,0,1
11994,2,male,39.2,2,0,78.1,S,3,0,1
12000,3,female,46.0,2,0,5.75,S,3,0,1
12003,2,male,28.3,2,2,17.05,S,5,0,1
12007,3,female,14.9,1,3,14.76,S,5,0,1
12009,3,male,27.0,0,3,39.48,S,4,0,1
12013,3,male,26.5,4,1,17.98,S,6,0,1
12015,2,male,28.9,0,3,28.82,S,4,0,1
12017,3,male,43.3,3,3,82.98,S,7,0,1
12022,2,male,11.2,3,3,10.32,S,7,0,1
12032,2,male,37.2,5,1,32.45,S,7,0,1
12034,1,female,23.3,0,2,77.91,S,3,0,1
12037,1,male,54.5,4,4,4.42,S,9,0,1
12040,2,male,19.4,4,0,8.86,S,5,0,1
12042,3,female,17.5,2,1,25.66,S,4,0,1
12044,3,male,22.4,2,0,26.38,S,3,0,1
12047,2,female,27.2,1,4,0.73,S,6,0,1
12048,3,female,18.3,0,2,17.81,S,3,0,1
12052,2,female,41.0,0,2,103.51,S,3,0,1
12054,3,male,4.0,3,0,15.53,S,4,0,1
12060,3,female,36.5,4,0,3.06,S,5,0,1
12061,3,male,18.9,5,1,58.57,S,7,0,1
12063,3,male,17.8,3,1,32.07,S,5,0,1
12064,2,male,11.9,1,1,47.8,S,3,0,1
12067,3,male,4.4,4,2,83.23,S,7,0,1
12068,3,male,24.2,1,1,34.26,S,3,0,1
12075,2,male,12.6,1,1,8.58,S,3,0,1
12079,3,male,40.8,2,1,1.75,S,4,0,1
12081,3,male,26.6,5,3,1.95,S,9,0,1
12086,3,female,43.8,0,4,2.92,S,5,0,1
12093,3,female,25.0,3,1,4.0,S,5,0,1
12097,2,male,32.3,1,4,0.1,S,6,0,1
12098,3,female,52.3,0,4,44.29,S,5,0,1
12103,3,male,29.3,4,4,12.64,S,9,0,1
12105,3,male,27.9,2,0,117.84,S,3,0,1
12106,3,female,48.2,4,1,28.39,S,6,0,1
12111,3,female,4.1,4,0,31.78,S,5,0,1
12113,3,male,33.9,2,3,9.09,S,6,0,1
12114,3,female,28.5,1,3,6.74,S,5,0,1
12118,3,female,21.7,0,4,1.13,S,5,0,1
12119,3,male,43.2,5,4,9.48,S,10,0,1
12123,3,male,37.0,1,2,11.19,S,4,0,1
12125,3,female,25.8,3,2,1.63,S,6,0,1
12127,3,female,45.0,5,2,4.65,S,8,0,1
12128,3,female,50.7,2,0,9.36,S,3,0,1
12136,3,male,11.0,0,3,53.6,S,4,0,1
12139,2,male,30.4,2,2,22.06,S,5,0,1
12141,1,male,23.4,0,0,48.94,S,1,1,1
12142,3,male,45.7,3,4,31.3,S,8,0,1
12145,3,male,27.2,5,1,54.79,S,7,0,1
12153,3,female,44.9,5,3,4.37,S,9,0,1
12166,3,female,32.6,1,3,20.06,S,5,0,1
12167,3,male,26.2,0,1,11.87,S,2,0,1
12171,3,female,35.9,0,2,11.19,S,3,0,1
12173,3,male,36.1,5,3,2.77,S,9,0,1
12174,3,male,44.0,3,1,16.23,S,5,0,1
12175,3,male,27.4,4,2,9.07,S,7,0,1
12181,3,female,26.5,2,4,27.19,S,7,0,1
12185,3,female,36.9,2,0,95.66,S,3,0,1
12186,2,male,28.8,4,3,34.75,S,8,0,1
12196,3,female,30.9,3,3,17.91,S,7,0,1
12199,3,female,24.0,1,0,29.1,S,2,0,1
12201,1,female,47.8,4,0,35.69,S,5,0,1
12203,3,male,35.0,3,3,33.98,S,7,0,1
12206,3,male,21.7,4,1,12.49,S,6,0,1
12213,3,female,48.9,5,2,29.38,S,8,0,1
12217,2,female,24.6,3,1,0.36,S,5,0,1
12224,1,male,32.6,2,0,6.76,S,3,0,1
12236,3,female,59.3,3,2,5.48,S,6,0,1
12239,2,female,34.4,3,3,8.08,S,7,0,1
12243,3,female,17.0,4,0,40.22,S,5,0,1
12250,1,female,59.8,0,0,10.69,S,1,1,1
12251,3,male,30.0,4,4,59.41,S,9,0,1
12252,1,male,37.2,4,0,3.44,S,5,0,1
12254,1,male,13.1,0,2,5.5,S,3,0,1
12260,2,male,51.9,3,2,8.8,S,6,0,1
12262,3,male,25.5,1,2,32.24,S,4,0,1
12270,1,female,39.7,4,2,13.18,S,7,0,1
12276,2,male,32.5,5,1,36.19,S,7,0,1
12281,2,female,28.6,4,1,31.0,S,6,0,1
12285,3,female,33.1,0,1,11.24,S,2,0,1
12286,1,male,46.3,4,2,29.93,S,7,0,1
12292,3,female,23.5,1,0,13.87,S,2,0,1
12295,3,male,32.4,1,0,32.54,S,2,0,1
12303,3,male,17.9,0,2,60.17,S,3,0,1
12304,3,male,33.5,5,4,14.37,S,10,0,1
12307,3,male,23.7,3,3,41.23,S,7,0,1
12309,3,female,29.7,1,1,20.25,S,3,0,1
12311,1,male,50.7,4,0,82.44,S,5,0,1
12325,2,male,22.2,5,2,6.48,S,8,0,1
12326,3,male,25.5,4,3,5.31,S,8,0,1
12328,1,female,49.9,0,1,32.9,S,2,0,1
12331,3,female,41.8,5,4,60.6,S,10,0,1
12338,3,male,59.6,4,1,21.95,S,6,0,1
12340,3,female,29.2,3,3,49.38,S,7,0,1
12343,3,male,44.5,4,4,69.72,S,9,0,1
12350,2,male,39.0,2,4,7.98,S,7,0,1
12356,3,male,31.0,0,2,17.37,S,3,0,1
12357,1,female,42.8,1,1,88.08,S,3,0,1
12360,2,male,41.7,0,0,1.95,S,1,1,1
12369,3,female,38.3,5,0,16.91,S,6,0,1
12374,1,female,16.4,4,2,60.09,S,7,0,1
12375,1,male,11.7,3,1,8.68,S,5,0,1
12377,2,male,22.5,4,1,9.28,S,6,0,1
12379,2,male,30.4,4,3,7.69,S,8,0,1
12386,3,male,32.6,5,0,22.2,S,6,0,1
12388,2,male,49.3,4,2,43.54,S,7,0,1
12390,2,male,34.4,5,2,31.46,S,8,0,1
12392,3,female,21.8,0,2,41.14,S,3,0,1
12393,3,male,21.8,0,4,24.03,S,5,0,1
12394,2,female,29.6,1,0,3.36,S,2,0,1
12400,3,male,13.6,3,3,28.26,S,7,0,1
12404,3,female,26.5,3,1,44.55,S,5,0,1
12408,1,male,34.5,5,1,6.38,S,7,0,1
12409,2,male,21.2,0,0,15.18,S,1,1,1
12410,3,female,21.8,2,3,68.53,S,6,0,1
12411,1,female,28.8,2,3,6.35,S,6,0,1
12425,1,male,28.7,3,4,40.05,S,8,0,1
12429,1,female,9.5,2,1,26.05,S,4,0,1
12432,1,male,37.8,5,2,40.32,S,8,0,1
12435,2,male,9.3,1,2,11.77,S,4,0,1
12440,3,male,27.9,5,4,1.6,S,10,0,1
12442,3,male,34.1,4,4,30.74,S,9,0,1
12447,2,male,30.3,5,3,11.38,S,9,0,1
12448,1,male,20.4,2,2,6.32,S,5,0,1
12451,2,female,46.6,2,3,1.83,S,6,0,1
12461,1,female,50.3,0,2,0.92,S,3,0,1
12462,2,male,33.0,1,4,38.43,S,6,0,1
12463,3,male,12.9,1,1,23.33,S,3,0,1
12471,3,male,0.0,2,1,53.67,S,4,0,1
12480,1,female,40.1,2,1,43.83,S,4,0,1
12489,3,male,18.2,2,3,7.38,S,6,0,1
12495,3,female,21.2,1,4,12.42,S,6,0,1
12498,3,male,27.4,1,4,5.01,S,6,0,1
12499,3,male,38.3,0,3,8.8,S,4,0,1
12503,2,female,54.5,4,0,17.93,S,5,0,1
12505,2,male,26.0,3,3,14.13,S,7,0,1
12506,3,male,37.1,5,3,9.5,S,9,0,1
12509,3,male,23.0,5,3,38.47,S,9,0,1
12514,1,female,11.4,4,4,37.95,S,9,0,1
12522,1,male,29.7,3,2,19.68,S,6,0,1
12536,3,male,22.0,4,3,14.93,S,8,0,1
12537,2,female,48.7,1,4,21.13,S,6,0,1
12547,3,male,38.4,3,2,36.59,S,6,0,1
12548,3,male,21.6,5,3,125.26,S,9,0,1
12556,3,female,44.5,5,2,27.21,S,8,0,1
12557,3,male,25.4,3,4,59.47,S,8,0,1
12560,1,male,8.5,2,0,9.17,S,3,0,1
12565,2,female,27.1,2,4,39.0,S,7,0,1
12566,3,female,22.1,5,4,24.34,S,10,0,1
12580,3,female,31.8,5,0,4.45,S,6,0,1
12581,3,female,41.8,1,0,15.99,S,2,0,1
12582,1,female,28.1,3,2,12.82,S,6,0,1
12583,3,female,10.4,4,0,13.58,S,5,0,1
12587,3,male,17.0,1,0,9.11,S,2,0,1
12588,3,male,12.2,2,0,5.85,S,3,0,1
12589,3,male,24.4,3,0,16.85,S,4,0,1
12596,1,female,31.3,3,3,81.05,S,7,0,1
12608,2,male,10.7,1,2,12.64,S,4,0,1
12609,3,male,12.9,3,2,160.23,S,6,0,1
12614,2,female,28.3,3,2,17.0,S,6,0,1
12615,1,male,41.5,5,0,8.8,S,6,0,1
12619,2,male,58.4,1,3,42.61,S,5,0,1
12621,3,female,25.5,4,2,51.35,S,7,0,1
12622,1,male,0.0,0,3,12.28,S,4,0,1
12627,3,male,25.8,3,2,31.22,S,6,0,1
12629,2,female,18.8,4,0,73.03,S,5,0,1
12634,3,male,37.5,4,2,1.52,S,7,0,1
12636,1,male,25.2,0,0,12.32,S,1,1,1
12637,2,male,25.9,1,1,4.37,S,3,0,1
12639,3,male,31.0,3,2,22.72,S,6,0,1
12641,2,male,33.4,2,0,38.88,S,3,0,1
12642,3,female,24.2,1,2,18.91,S,4,0,1
12643,2,male,44.2,1,2,64.02,S,4,0,1
12648,3,male,30.3,5,3,45.13,S,9,0,1
12659,3,male,40.9,4,1,104.25,S,6,0,1
12662,2,female,56.7,3,0,29.94,S,4,0,1
12666,1,male,39.8,4,0,58.23,S,5,0,1
12667,2,female,31.1,5,1,2.02,S,7,0,1
12675,1,male,22.3,2,0,8.99,S,3,0,1
12677,2,male,35.0,1,4,24.16,S,6,0,1
12678,2,male,35.9,3,4,63.48,S,8,0,1
12680,1,male,11.5,3,0,32.07,S,4,0,1
12681,1,male,31.3,5,0,54.34,S,6,0,1
12685,1,male,45.9,5,2,7.22,S,8,0,1
12686,3,male,15.0,2,3,43.12,S,6,0,1
12691,3,male,18.6,5,4,137.84,S,10,0,1
12693,2,male,34.1,5,0,26.12,S,6,0,1
12694,2,male,27.4,0,4,2.44,S,5,0,1
12697,3,male,27.8,5,3,0.4,S,9,0,1
12698,1,male,29.0,4,3,10.41,S,8,0,1
12702,3,male,16.7,2,4,16.74,S,7,0,1
12703,1,male,15.2,0,4,15.45,S,5,0,1
12705,3,male,13.7,0,4,15.74,S,5,0,1
12707,3,female,25.0,1,1,7.08,S,3,0,1
12712,1,female,12.0,3,1,87.01,S,5,0,1
12717,1,male,52.5,2,4,32.73,S,7,0,1
12718,1,male,27.0,1,3,14.05,S,5,0,1
12722,2,male,22.8,5,2,35.11,S,8,0,1
12724,3,female,27.3,0,0,6.13,S,1,1,1
12727,1,male,29.1,5,4,24.51,S,10,0,1
12732,3,male,41.8,1,3,5.01,S,5,0,1
12738,2,female,40.7,5,4,92.46,S,10,0,1
12739,1,male,9.7,4,4,7.76,S,9,0,1
12740,3,female,42.3,0,1,4.43,S,2,0,1
12744,1,male,40.2,1,3,22.47,S,5,0,1
12747,3,male,36.5,0,3,7.2,S,4,0,1
12754,1,male,30.7,1,0,79.84,S,2,0,1
12755,1,female,17.6,0,1,7.2,S,2,0,1
12761,2,male,26.6,1,2,18.41,S,4,0,1
12766,2,female,32.6,2,2,74.92,S,5,0,1
12777,3,female,31.9,4,1,6.92,S,6,0,1
12780,3,female,36.9,5,0,81.73,S,6,0,1
12781,2,male,52.2,5,2,25.93,S,8,0,1
12785,3,female,19.9,1,1,14.65,S,3,0,1
12787,3,female,53.5,2,1,62.55,S,4,0,1
12792,1,female,29.8,1,4,57.6,S,6,0,1
12793,1,male,49.9,5,4,13.36,S,10,0,1
12795,3,female,15.5,4,3,22.11,S,8,0,1
12796,3,female,22.5,1,1,14.95,S,3,0,1
12802,1,male,34.5,5,4,37.86,S,10,0,1
12804,2,male,20.8,1,1,55.29,S,3,0,1
12805,2,male,0.0,2,3,2.81,S,6,0,1
12816,2,female,9.0,5,4,14.61,S,10,0,1
12817,1,male,40.1,5,1,22.84,S,7,0,1
12824,3,male,30.2,0,0,9.0,S,1,1,1
12840,3,male,19.8,5,4,0.19,S,10,0,1
12847,1,male,36.7,2,3,20.45,S,6,0,1
12852,3,male,29.6,4,2,8.45,S,7,0,1
12856,3,male,9.2,1,4,20.75,S,6,0,1
12857,3,male,38.5,4,0,12.05,S,5,0,1
12865,1,female,47.6,1,4,11.66,S,6,0,1
12869,3,male,46.4,5,0,51.25,S,6,0,1
12870,1,female,31.5,2,4,44.39,S,7,0,1
12871,3,female,27.7,5,1,20.17,S,7,0,1
12874,3,male,33.7,3,1,1.63,S,5,0,1
12876,3,male,35.1,2,2,10.82,S,5,0,1
12880,1,female,36.7,3,2,31.04,S,6,0,1
12881,3,male,0.0,0,0,107.38,S,1,1,1
12888,1,male,15.1,4,2,13.78,S,7,0,1
12889,3,male,50.1,2,4,5.85,S,7,0,1
12890,3,male,17.4,0,3,7.71,S,4,0,1
12897,2,female,38.0,3,4,177.97,S,8,0,1
12898,3,male,23.9,3,3,27.89,S,7,0,1
12904,1,male,26.8,4,4,20.8,S,9,0,1
12907,2,male,15.2,3,0,3.68,S,4,0,1
12908,3,male,3.1,0,0,32.42,S,1,1,1
12909,3,female,25.8,0,2,60.99,S,3,0,1
12914,3,male,15.4,3,0,13.51,S,4,0,1
12920,1,male,23.8,5,1,35.14,S,7,0,1
12923,2,male,25.5,4,1,7.03,S,6,0,1
12928,3,male,25.9,2,0,46.55,S,3,0,1
12929,2,male,19.8,4,4,4.67,S,9,0,1
12931,1,male,29.5,3,2,11.4,S,6,0,1
12935,3,male,21.7,2,4,18.17,S,7,0,1
12943,2,female,8.9,3,2,9.93,S,6,0,1
12948,3,male,37.1,4,1,4.36,S,6,0,1
12951,3,male,44.3,5,3,32.73,S,9,0,1
12955,2,female,24.2,3,2,27.76,S,6,0,1
12959,1,female,13.4,3,0,44.59,S,4,0,1
12967,2,male,14.1,1,1,16.46,S,3,0,1
12968,3,male,18.5,4,3,132.88,S,8,0,1
12971,3,male,3.5,3,0,29.22,S,4,0,1
12972,3,male,6.5,2,0,45.12,S,3,0,1
12986,3,female,36.8,1,3,42.66,S,5,0,1
12996,3,male,31.1,4,2,2.4,S,7,0,1
12997,2,male,28.8,1,0,65.78,S,2,0,1
13005,3,female,48.9,0,0,17.25,S,1,1,1
13006,2,male,47.2,5,1,24.01,S,7,0,1
13011,3,male,25.4,5,1,44.81,S,7,0,1
13021,3,male,12.4,1,3,45.78,S,5,0,1
13022,2,male,42.5,4,3,18.15,S,8,0,1
13023,3,male,41.6,5,1,6.61,S,7,0,1
13035,2,male,45.0,1,2,106.39,S,4,0,1
13038,3,female,28.1,5,0,3.32,S,6,0,1
13039,3,male,52.6,5,1,30.08,S,7,0,1
13041,3,male,0.0,4,0,24.95,S,5,0,1
13042,2,male,27.5,5,1,6.8,S,7,0,1
13043,3,male,23.7,0,4,25.07,S,5,0,1
13045,1,male,25.6,4,1,0.69,S,6,0,1
13048,1,male,40.5,0,3,29.61,S,4,0,1
13052,2,male,0.0,5,2,38.53,S,8,0,1
13060,2,female,33.6,4,4,28.55,S,9,0,1
13063,1,male,10.0,3,3,81.23,S,7,0,1
13068,3,female,21.5,0,1,17.01,S,2,0,1
13071,3,female,20.2,2,4,61.72,S,7,0,1
13074,3,male,14.7,4,1,10.57,S,6,0,1
13075,3,male,31.8,1,1,79.61,S,3,0,1
13076,1,female,41.8,2,3,6.54,S,6,0,1
13077,2,male,2.6,3,4,40.62,S,8,0,1
13079,3,male,5.9,3,3,0.6,S,7,0,1
13083,3,male,7.1,4,1,9.63,S,6,0,1
13087,3,female,45.7,2,0,1.48,S,3,0,1
13088,3,male,44.8,4,2,10.13,S,7,0,1
13094,1,female,45.5,2,0,33.46,S,3,0,1
13095,3,male,12.4,4,0,2.99,S,5,0,1
13104,1,male,43.1,4,1,7.81,S,6,0,1
13107,2,male,30.6,2,1,116.25,S,4,0,1
13108,1,male,8.9,5,4,20.82,S,10,0,1
13118,3,female,20.9,1,4,65.35,S,6,0,1
13120,2,male,34.5,4,1,22.81,S,6,0,1
13128,1,female,71.9,4,1,22.03,S,6,0,1
13135,1,female,14.6,3,4,40.14,S,8,0,1
13136,3,female,25.0,0,3,47.29,S,4,0,1
13138,1,male,14.8,2,1,40.32,S,4,0,1
13140,1,male,21.8,0,2,11.58,S,3,0,1
13145,1,male,46.4,3,3,18.85,S,7,0,1
13146,3,male,28.5,1,1,5.57,S,3,0,1
13148,1,male,35.7,4,4,27.31,S,9,0,1
13149,3,female,17.8,5,1,13.6,S,7,0,1
13169,1,male,0.0,2,4,7.42,S,7,0,1
13173,3,female,40.3,5,3,11.08,S,9,0,1
13175,3,male,25.8,2,3,45.1,S,6,0,1
13185,2,male,19.7,1,1,20.22,S,3,0,1
13187,3,female,32.0,3,2,16.58,S,6,0,1
13188,3,female,33.9,4,4,20.55,S,9,0,1
13189,3,female,28.6,5,1,26.68,S,7,0,1
13190,1,male,31.6,3,2,54.36,S,6,0,1
13195,2,male,29.2,1,4,90.88,S,6,0,1
13196,3,male,38.0,2,2,100.38,S,5,0,1
13203,3,female,33.9,4,1,3.06,S,6,0,1
13205,3,male,23.1,0,3,116.8,S,4,0,1
13206,2,male,38.2,2,3,25.42,S,6,0,1
13209,3,female,55.6,2,2,74.57,S,5,0,1
13210,2,female,40.0,2,4,52.55,S,7,0,1
13218,1,female,25.1,1,1,8.52,S,3,0,1
13221,1,male,46.7,5,4,17.99,S,10,0,1
13223,2,male,19.2,5,3,20.86,S,9,0,1
13227,3,male,37.4,3,4,91.36,S,8,0,1
13235,1,female,9.1,0,2,61.3,S,3,0,1
13237,1,female,10.6,5,0,8.16,S,6,0,1
13239,2,male,37.8,1,4,42.88,S,6,0,1
13243,2,male,44.5,2,4,59.96,S,7,0,1
13244,3,male,60.7,0,1,19.26,S,2,0,1
13245,3,female,18.6,2,1,30.28,S,4,0,1
13250,1,female,23.4,1,4,94.1,S,6,0,1
13260,2,female,22.0,4,4,26.07,S,9,0,1
13262,3,female,41.4,1,4,32.5,S,6,0,1
13263,1,male,42.5,4,4,7.82,S,9,0,1
13267,2,male,18.7,1,1,53.43,S,3,0,1
13268,3,male,36.2,3,1,2.51,S,5,0,1
13269,3,male,22.1,0,4,36.01,S,5,0,1
13274,3,female,36.1,3,0,52.09,S,4,0,1
13277,3,male,40.8,0,2,12.71,S,3,0,1
13279,3,male,52.7,3,4,4.2,S,8,0,1
13280,2,male,17.7,0,2,57.52,S,3,0,1
13282,2,female,36.2,2,4,63.6,S,7,0,1
13285,3,male,19.7,5,4,54.08,S,10,0,1
13286,3,male,40.6,2,1,67.58,S,4,0,1
13296,2,female,26.7,2,1,10.58,S,4,0,1
13303,1,female,28.3,0,3,29.66,S,4,0,1
13305,3,male,16.8,1,4,37.32,S,6,0,1
13308,3,male,27.8,3,0,55.8,S,4,0,1
13318,2,female,26.4,1,3,84.79,S,5,0,1
13320,3,male,14.8,1,1,64.34,S,3,0,1
13324,3,male,16.5,0,2,48.16,S,3,0,1
13333,1,male,22.5,4,3,40.67,S,8,0,1
13335,3,male,32.5,4,1,53.34,S,6,0,1
13336,3,male,41.5,0,2,18.42,S,3,0,1
13340,1,male,21.5,4,4,9.54,S,9,0,1
13343,3,male,25.6,4,0,78.8,S,5,0,1
13355,1,female,0.0,4,3,20.61,S,8,0,1
13358,1,male,7.2,3,3,39.6,S,7,0,1
13365,3,male,49.8,3,1,48.86,S,5,0,1
13367,3,male,42.9,4,1,18.08,S,6,0,1
13368,1,female,54.6,1,2,96.7,S,4,0,1
13370,2,female,31.3,2,2,8.43,S,5,0,1
13376,3,female,49.5,3,3,6.55,S,7,0,1
13377,3,male,37.1,0,0,122.5,S,1,1,1
13378,3,male,23.5,1,4,3.44,S,6,0,1
13379,3,male,22.1,3,4,32.46,S,8,0,1
13382,2,male,33.1,5,4,0.2,S,10,0,1
13388,2,male,48.7,2,1,34.45,S,4,0,1
13393,2,male,38.6,1,0,42.38,S,2,0,1
13401,3,male,31.0,0,3,3.67,S,4,0,1
13406,3,male,31.5,4,3,3.83,S,8,0,1
13409,3,male,0.0,5,1,45.97,S,7,0,1
13414,2,male,30.3,0,0,17.98,S,1,1,1
13419,3,male,18.8,2,4,30.01,S,7,0,1
13420,3,male,43.9,0,3,4.15,S,4,0,1
13422,2,male,56.1,5,3,5.81,S,9,0,1
13423,3,male,38.7,0,0,10.23,S,1,1,1
13424,3,male,45.2,3,2,32.78,S,6,0,1
13425,3,female,6.2,3,2,44.83,S,6,0,1
13427,3,female,17.1,0,3,146.77,S,4,0,1
13431,2,female,13.5,5,3,33.57,S,9,0,1
13435,3,female,16.5,4,3,10.7,S,8,0,1
13437,3,female,0.0,4,4,38.98,S,9,0,1
13438,2,male,36.3,0,0,5.06,S,1,1,1
13441,3,male,32.0,0,3,12.69,S,4,0,1
13442,3,male,43.2,5,0,40.53,S,6,0,1
13443,3,male,32.8,2,1,28.73,S,4,0,1
13448,3,male,30.4,5,0,29.61,S,6,0,1
13450,2,male,42.3,2,4,1.94,S,7,0,1
13452,3,male,26.7,0,3,62.11,S,4,0,1
13455,3,female,31.0,4,0,10.01,S,5,0,1
13460,2,male,45.3,0,0,36.23,S,1,1,1
13463,1,male,28.1,0,1,24.47,S,2,0,1
13477,3,male,32.5,2,1,71.76,S,4,0,1
13484,3,female,26.5,3,2,56.04,S,6,0,1
13485,2,female,35.4,3,1,11.28,S,5,0,1
13490,3,male,25.6,0,4,27.32,S,5,0,1
13494,2,female,12.2,1,2,19.15,S,4,0,1
13499,1,male,32.8,3,3,29.42,S,7,0,1
13501,3,male,28.3,4,3,27.94,S,8,0,1
13505,1,female,45.2,1,1,1.18,S,3,0,1
13511,2,male,19.4,2,2,45.68,S,5,0,1
13512,3,female,31.9,0,3,5.87,S,4,0,1
13513,2,female,44.4,5,3,25.16,S,9,0,1
13523,1,male,38.2,3,4,9.22,S,8,0,1
13530,3,female,40.9,5,2,15.98,S,8,0,1
13537,3,female,42.8,4,2,33.96,S,7,0,1
13538,3,male,18.6,3,4,8.12,S,8,0,1
13541,2,male,29.1,4,2,10.3,S,7,0,1
13543,2,male,41.0,1,3,21.3,S,5,0,1
13545,1,male,38.7,4,0,33.73,S,5,0,1
13548,3,male,54.4,2,3,53.32,S,6,0,1
13552,1,male,17.1,2,0,12.08,S,3,0,1
13554,3,male,36.5,3,4,60.91,S,8,0,1
13557,3,male,31.2,3,2,10.97,S,6,0,1
13568,3,female,60.1,4,1,91.04,S,6,0,1
13572,3,male,17.9,2,1,37.83,S,4,0,1
13578,3,male,61.2,3,1,0.71,S,5,0,1
13579,2,male,39.3,3,0,13.91,S,4,0,1
13583,3,male,27.1,5,4,119.76,S,10,0,1
13592,2,male,19.3,4,2,43.82,S,7,0,1
13593,3,male,7.6,3,2,6.01,S,6,0,1
13599,3,female,31.1,1,1,6.45,S,3,0,1
13607,3,male,58.9,4,3,2.45,S,8,0,1
13611,3,male,42.8,1,4,3.81,S,6,0,1
13615,1,male,4.5,0,3,1.02,S,4,0,1
13628,3,male,37.1,4,1,53.74,S,6,0,1
13629,1,female,49.1,5,4,1.2,S,10,0,1
13633,1,male,4.9,4,2,24.08,S,7,0,1
13635,3,female,20.1,5,0,1.3,S,6,0,1
13636,3,female,36.6,5,0,5.98,S,6,0,1
13639,1,male,48.4,0,4,7.54,S,5,0,1
13642,3,male,30.6,2,3,14.43,S,6,0,1
13646,3,male,52.9,3,1,155.2,S,5,0,1
13647,3,female,47.0,4,4,122.58,S,9,0,1
13655,3,male,27.7,4,3,18.98,S,8,0,1
13663,3,female,44.2,5,3,1.15,S,9,0,1
13665,2,male,45.0,0,3,2.56,S,4,0,1
13668,1,female,19.6,3,3,25.79,S,7,0,1
13669,3,male,40.8,3,1,8.32,S,5,0,1
13674,3,male,43.0,1,4,111.89,S,6,0,1
13680,3,male,39.5,3,0,51.47,S,4,0,1
13682,2,male,19.3,2,0,44.45,S,3,0,1
13687,3,male,23.4,2,0,3.9,S,3,0,1
13694,3,male,42.6,3,0,0.78,S,4,0,1
13696,3,male,33.2,5,2,8.5,S,8,0,1
13700,2,male,19.2,3,1,9.65,S,5,0,1
13701,1,male,12.6,5,2,5.14,S,8,0,1
13702,3,male,41.7,1,3,44.67,S,5,0,1
13708,3,female,4.3,1,3,15.08,S,5,0,1
13709,3,female,40.3,0,1,8.22,S,2,0,1
13712,3,male,53.6,4,2,113.26,S,7,0,1
13717,3,female,47.4,2,4,3.39,S,7,0,1
13724,3,male,6.1,1,4,107.72,S,6,0,1
13725,3,female,17.9,4,4,23.86,S,9,0,1
13726,3,female,34.2,5,0,10.58,S,6,0,1
13732,1,male,46.1,5,1,43.24,S,7,0,1
13734,2,female,34.9,4,2,33.14,S,7,0,1
13737,3,male,41.8,2,3,5.3,S,6,0,1
13739,3,male,30.0,4,2,4.83,S,7,0,1
13742,3,male,26.6,0,4,1.39,S,5,0,1
13743,3,female,39.6,3,4,0.06,S,8,0,1
13747,2,female,25.0,0,4,44.28,S,5,0,1
13748,1,female,64.4,0,4,0.1,S,5,0,1
13763,3,female,8.3,0,0,36.64,S,1,1,1
13764,2,female,19.0,1,0,35.75,S,2,0,1
13768,3,male,38.1,3,4,3.67,S,8,0,1
13771,1,male,27.4,4,0,84.87,S,5,0,1
13772,2,male,17.4,1,4,22.59,S,6,0,1
13773,1,male,61.2,1,0,16.55,S,2,0,1
13774,2,male,0.0,5,2,28.02,S,8,0,1
13775,3,male,46.4,2,4,11.27,S,7,0,1
13778,3,female,30.3,3,1,55.67,S,5,0,1
13779,3,male,47.7,1,2,61.45,S,4,0,1
13780,3,female,22.7,3,2,4.5,S,6,0,1
13794,3,male,43.5,0,4,0.13,S,5,0,1
13798,1,male,30.9,1,0,25.65,S,2,0,1
13799,3,male,30.9,1,0,1.32,S,2,0,1
13800,2,male,23.2,5,3,56.0,S,9,0,1
13802,3,male,37.6,4,4,28.83,S,9,0,1
13804,3,male,36.9,2,4,19.17,S,7,0,1
13810,3,male,23.1,4,2,9.38,S,7,0,1
13818,2,female,15.5,1,0,33.34,S,2,0,1
13822,1,male,22.8,4,2,16.4,S,7,0,1
13832,1,male,34.5,5,0,22.98,S,6,0,1
13833,3,male,25.0,0,1,3.62,S,2,0,1
13835,1,male,40.2,4,2,43.76,S,7,0,1
13836,2,female,42.7,5,0,4.56,S,6,0,1
13839,1,male,33.0,5,0,11.83,S,6,0,1
13852,2,male,12.1,5,3,19.56,S,9,0,1
13855,3,female,30.8,2,0,36.4,S,3,0,1
13857,2,male,40.4,5,4,120.12,S,10,0,1
13864,3,male,20.3,4,2,155.14,S,7,0,1
13865,3,male,32.1,5,3,33.35,S,9,0,1
13866,2,male,44.0,4,4,20.06,S,9,0,1
13870,3,male,15.7,5,4,14.73,S,10,0,1
13872,3,female,45.9,4,1,3.68,S,6,0,1
13873,1,male,36.5,2,4,9.04,S,7,0,1
13879,3,female,27.5,4,0,1.95,S,5,0,1
13886,3,female,12.0,2,2,101.69,S,5,0,1
13890,2,female,32.0,5,1,21.69,S,7,0,1
13891,3,female,30.3,4,0,29.05,S,5,0,1
13895,3,male,37.7,4,4,129.93,S,9,0,1
13901,3,male,12.3,0,4,41.85,S,5,0,1
13906,3,female,26.8,1,1,42.65,S,3,0,1
13908,3,male,20.7,0,0,61.13,S,1,1,1
13910,2,male,50.7,3,3,11.08,S,7,0,1
13916,2,female,32.7,5,3,59.44,S,9,0,1
13917,2,male,16.4,1,4,50.29,S,6,0,1
13918,1,male,42.1,2,1,48.34,S,4,0,1
13931,2,male,36.4,2,3,22.79,S,6,0,1
13933,1,male,44.0,5,2,65.36,S,8,0,1
13936,3,male,32.2,5,0,5.3,S,6,0,1
13937,2,male,38.9,5,4,36.27,S,10,0,1
13939,1,male,33.2,2,1,14.52,S,4,0,1
13945,3,female,39.8,1,2,73.49,S,4,0,1
13949,3,female,49.3,1,2,76.58,S,4,0,1
13950,3,female,5.0,4,2,14.29,S,7,0,1
13951,3,male,28.2,2,0,7.68,S,3,0,1
13953,3,male,25.9,0,4,25.07,S,5,0,1
13954,3,male,36.0,2,2,54.33,S,5,0,1
13955,1,female,32.0,5,2,44.76,S,8,0,1
13958,1,female,61.1,0,0,2.68,S,1,1,1
13962,3,male,30.1,4,0,19.47,S,5,0,1
13964,2,female,31.9,5,0,48.12,S,6,0,1
13965,3,female,37.1,4,3,47.14,S,8,0,1
13967,3,male,24.4,1,3,15.5,S,5,0,1
13972,3,male,36.8,1,0,0.97,S,2,0,1
13973,3,male,30.2,0,1,17.61,S,2,0,1
13974,1,female,34.1,4,2,2.12,S,7,0,1
13994,3,female,25.5,1,1,4.15,S,3,0,1
14002,2,female,29.0,4,0,22.9,S,5,0,1
14004,3,male,9.9,4,0,24.78,S,5,0,1
14009,1,female,31.7,4,1,36.86,S,6,0,1
14010,3,male,30.4,2,1,81.55,S,4,0,1
14013,2,male,15.4,4,2,147.65,S,7,0,1
14016,3,male,39.9,2,1,25.45,S,4,0,1
14018,1,male,25.4,4,4,26.59,S,9,0,1
14020,3,male,50.2,2,4,12.32,S,7,0,1
14031,1,male,50.6,0,2,47.13,S,3,0,1
14032,3,male,49.0,3,4,1.27,S,8,0,1
14035,3,male,39.9,4,3,63.89,S,8,0,1
14050,1,male,14.8,1,4,31.11,S,6,0,1
14055,1,male,20.1,1,4,7.82,S,6,0,1
14057,1,male,28.7,3,0,34.94,S,4,0,1
14059,3,male,24.9,3,1,113.83,S,5,0,1
14060,3,male,36.9,2,0,70.56,S,3,0,1
14064,2,female,50.4,4,3,89.7,S,8,0,1
14065,3,male,43.0,1,3,18.75,S,5,0,1
14075,2,female,0.7,1,3,21.88,S,5,0,1
14081,3,male,30.3,4,1,31.96,S,6,0,1
14090,3,male,34.2,5,2,32.77,S,8,0,1
14093,3,male,23.5,1,3,52.29,S,5,0,1
14094,1,male,17.3,3,3,4.32,S,7,0,1
14095,1,female,12.7,3,2,41.1,S,6,0,1
14097,3,female,33.1,2,2,9.58,S,5,0,1
14098,1,male,13.1,4,3,14.29,S,8,0,1
14100,3,female,43.8,4,3,6.53,S,8,0,1
14108,2,female,32.1,1,0,28.88,S,2,0,1
14110,2,female,35.2,5,2,79.25,S,8,0,1
14118,1,female,21.3,5,3,82.45,S,9,0,1
14120,3,male,53.0,4,3,67.01,S,8,0,1
14122,1,female,25.5,3,2,2.93,S,6,0,1
14124,2,female,18.6,0,0,114.29,S,1,1,1
14125,3,female,35.3,0,1,61.06,S,2,0,1
14126,2,female,16.1,5,3,2.08,S,9,0,1
14128,1,male,29.2,5,4,6.08,S,10,0,1
14138,2,female,27.3,1,3,36.54,S,5,0,1
14141,3,male,28.6,4,3,5.06,S,8,0,1
14145,3,male,29.7,0,3,24.17,S,4,0,1
14150,3,male,63.8,3,2,2.76,S,6,0,1
14151,2,male,48.4,2,0,55.4,S,3,0,1
14154,1,male,26.1,5,4,15.21,S,10,0,1
14155,3,female,2.4,3,0,7.41,S,4,0,1
14156,2,male,14.6,0,4,52.96,S,5,0,1
14162,3,male,61.5,4,3,45.82,S,8,0,1
14173,3,male,27.4,0,3,22.06,S,4,0,1
14174,1,male,42.9,2,0,0.81,S,3,0,1
14175,2,male,4.7,2,1,3.88,S,4,0,1
14182,3,female,33.3,1,0,38.21,S,2,0,1
14189,1,female,34.4,0,2,6.52,S,3,0,1
14193,3,female,13.1,0,2,12.01,S,3,0,1
14198,2,male,34.3,2,2,21.18,S,5,0,1
14202,1,male,11.0,2,0,22.4,S,3,0,1
14205,3,female,21.8,3,2,31.76,S,6,0,1
14207,3,male,33.0,3,1,1.54,S,5,0,1
14208,1,male,41.6,3,0,33.33,S,4,0,1
14211,3,male,27.6,1,1,31.06,S,3,0,1
14220,1,female,21.6,4,0,24.17,S,5,0,1
14221,3,male,39.0,3,3,31.03,S,7,0,1
14234,3,male,30.0,2,1,82.42,S,4,0,1
14235,1,male,43.9,3,1,31.12,S,5,0,1
14240,3,male,35.9,3,2,27.02,S,6,0,1
14242,3,female,14.2,4,0,33.42,S,5,0,1
14247,2,male,26.9,1,0,90.03,S,2,0,1
14253,1,male,9.8,2,4,72.25,S,7,0,1
14254,3,female,35.1,5,1,18.82,S,7,0,1
14255,3,female,35.1,5,3,10.57,S,9,0,1
14257,3,female,56.4,5,1,39.82,S,7,0,1
14261,1,male,8.6,0,3,31.11,S,4,0,1
14263,1,male,32.5,0,0,32.23,S,1,1,1
14264,1,male,40.5,0,2,93.93,S,3,0,1
14268,3,male,37.2,4,2,0.03,S,7,0,1
14278,3,male,31.2,0,2,38.19,S,3,0,1
14280,2,male,17.7,4,4,123.93,S,9,0,1
14282,3,male,40.8,0,2,32.93,S,3,0,1
14283,1,male,34.2,1,3,16.68,S,5,0,1
14287,2,female,39.6,4,1,8.32,S,6,0,1
14290,1,male,30.7,3,2,19.35,S,6,0,1
14295,3,male,46.1,0,2,6.91,S,3,0,1
14299,1,male,33.1,4,1,8.46,S,6,0,1
14301,2,male,11.6,4,1,5.78,S,6,0,1
14305,3,male,48.2,0,0,28.63,S,1,1,1
14312,3,male,21.0,4,1,9.3,S,6,0,1
14314,3,male,19.0,5,2,22.2,S,8,0,1
14315,1,male,35.6,0,2,19.0,S,3,0,1
14318,1,male,34.7,5,4,2.97,S,10,0,1
14322,1,female,32.7,4,0,6.8,S,5,0,1
14325,2,female,23.1,1,4,44.44,S,6,0,1
14337,2,male,11.2,3,0,85.43,S,4,0,1
14344,1,male,35.7,3,4,34.63,S,8,0,1
14356,1,female,35.4,2,2,55.52,S,5,0,1
14359,3,female,28.6,3,0,54.45,S,4,0,1
14360,2,female,28.4,3,3,14.45,S,7,0,1
14361,3,male,19.5,0,4,4.84,S,5,0,1
14362,1,male,43.0,0,1,10.06,S,2,0,1
14366,1,male,28.1,1,3,15.92,S,5,0,1
14367,2,female,38.0,4,2,8.18,S,7,0,1
14368,1,female,25.0,2,2,30.39,S,5,0,1
14369,3,male,0.0,5,0,2.45,S,6,0,1
14370,3,male,10.2,0,3,31.37,S,4,0,1
14371,2,male,0.0,4,0,117.28,S,5,0,1
14372,3,female,30.0,4,2,39.77,S,7,0,1
14376,1,male,32.1,3,3,24.05,S,7,0,1
14377,3,male,8.7,4,2,15.21,S,7,0,1
14380,3,male,15.8,0,3,54.57,S,4,0,1
14384,3,male,38.4,4,2,10.62,S,7,0,1
14385,3,male,42.5,1,4,53.45,S,6,0,1
14386,2,male,30.6,3,2,73.28,S,6,0,1
14391,2,male,10.2,3,4,25.33,S,8,0,1
14393,3,male,32.4,1,2,33.45,S,4,0,1
14396,2,female,47.7,3,3,72.24,S,7,0,1
14398,2,male,37.1,0,4,10.08,S,5,0,1
14408,2,male,40.6,1,4,77.53,S,6,0,1
14411,2,male,37.7,0,2,23.85,S,3,0,1
14415,3,male,37.3,0,3,13.05,S,4,0,1
14416,2,female,38.6,2,1,35.0,S,4,0,1
14418,1,female,30.5,3,3,69.26,S,7,0,1
14422,1,female,27.3,5,3,100.32,S,9,0,1
14425,3,male,16.5,4,2,14.22,S,7,0,1
14426,1,male,27.9,1,1,12.77,S,3,0,1
14431,3,male,0.0,2,3,6.58,S,6,0,1
14433,3,female,34.3,2,0,3.06,S,3,0,1
14436,3,female,31.2,4,0,40.6,S,5,0,1
14438,3,male,25.3,1,3,67.72,S,5,0,1
14446,3,male,25.8,3,4,22.81,S,8,0,1
14449,1,male,22.6,1,3,4.99,S,5,0,1
14450,2,male,28.7,4,3,12.89,S,8,0,1
14453,2,male,35.6,1,1,70.93,S,3,0,1
14458,3,male,29.1,3,2,3.67,S,6,0,1
14460,3,male,15.2,3,2,39.44,S,6,0,1
14461,1,male,25.8,1,0,73.39,S,2,0,1
14464,1,male,41.8,0,4,7.93,S,5,0,1
14467,3,female,20.6,5,0,42.8,S,6,0,1
14470,1,female,19.6,0,1,18.51,S,2,0,1
14476,3,male,7.4,1,0,29.32,S,2,0,1
14477,3,male,46.8,3,2,162.25,S,6,0,1
14487,3,female,44.0,1,0,6.05,S,2,0,1
14491,3,male,16.8,5,3,18.5,S,9,0,1
14496,2,male,13.5,4,2,34.56,S,7,0,1
14500,3,female,18.4,3,4,24.16,S,8,0,1
14506,3,male,28.0,0,4,26.72,S,5,0,1
14508,3,male,29.4,1,4,21.15,S,6,0,1
14509,3,male,27.1,0,0,19.79,S,1,1,1
14510,3,female,33.9,2,2,17.75,S,5,0,1
14511,1,female,0.9,4,3,13.1,S,8,0,1
14518,3,female,31.0,3,0,56.46,S,4,0,1
14520,3,male,27.0,5,4,16.97,S,10,0,1
14521,3,male,9.5,0,1,15.81,S,2,0,1
14528,3,male,39.7,3,0,11.32,S,4,0,1
14531,2,male,39.9,4,2,24.45,S,7,0,1
14534,2,male,30.0,2,1,3.55,S,4,0,1
14538,3,male,48.3,3,2,3.49,S,6,0,1
14549,3,male,41.7,0,3,21.55,S,4,0,1
14552,1,male,49.2,1,0,89.31,S,2,0,1
14553,3,female,39.4,4,2,7.64,S,7,0,1
14558,3,male,34.7,0,4,37.09,S,5,0,1
14560,3,female,41.0,0,2,110.26,S,3,0,1
14563,3,female,33.4,0,1,67.32,S,2,0,1
14566,2,male,24.3,1,1,24.77,S,3,0,1
14567,2,male,51.9,0,3,154.21,S,4,0,1
14568,1,female,40.1,3,2,19.19,S,6,0,1
14576,3,male,20.3,3,2,55.28,S,6,0,1
14584,1,male,3.8,0,4,1.88,S,5,0,1
14586,2,female,32.1,3,2,9.93,S,6,0,1
14590,1,male,26.7,5,4,11.12,S,10,0,1
14591,3,male,29.7,0,1,41.02,S,2,0,1
14595,2,male,36.2,5,4,15.0,S,10,0,1
14596,1,male,44.9,5,3,18.08,S,9,0,1
14597,1,male,17.5,4,1,40.43,S,6,0,1
14604,3,male,37.8,0,1,2.55,S,2,0,1
14605,3,female,33.4,4,4,11.28,S,9,0,1
14606,2,male,29.2,5,0,51.97,S,6,0,1
14607,3,male,10.6,3,1,15.76,S,5,0,1
14609,3,female,12.8,0,4,32.55,S,5,0,1
14611,3,female,26.3,2,2,4.56,S,5,0,1
14613,3,male,0.0,3,2,7.45,S,6,0,1
14623,3,male,37.1,0,4,10.37,S,5,0,1
14631,3,female,36.0,4,1,33.35,S,6,0,1
14633,3,male,50.2,4,0,6.45,S,5,0,1
14639,3,female,43.2,0,4,61.31,S,5,0,1
14641,3,male,30.8,1,0,16.3,S,2,0,1
14644,2,male,25.6,5,3,17.35,S,9,0,1
14646,1,female,43.5,3,1,0.29,S,5,0,1
14648,3,male,17.2,1,4,43.27,S,6,0,1
14653,1,male,25.7,1,1,14.86,S,3,0,1
14655,1,female,17.6,3,2,23.67,S,6,0,1
14656,3,male,26.6,2,1,1.18,S,4,0,1
14657,3,male,18.7,0,1,40.12,S,2,0,1
14659,3,male,16.5,3,3,33.87,S,7,0,1
14660,1,male,17.4,3,1,51.78,S,5,0,1
14661,3,male,18.3,3,1,75.42,S,5,0,1
14668,3,female,26.9,2,4,7.34,S,7,0,1
14671,3,male,38.2,0,3,36.77,S,4,0,1
14677,3,male,38.9,4,2,98.5,S,7,0,1
14679,3,female,15.2,0,2,13.79,S,3,0,1
14682,3,female,53.1,0,3,39.48,S,4,0,1
14687,3,male,19.3,5,4,94.21,S,10,0,1
14688,3,female,18.1,1,1,10.94,S,3,0,1
14690,3,male,22.7,3,3,7.91,S,7,0,1
14692,3,female,14.6,3,0,3.06,S,4,0,1
14693,3,female,50.6,3,2,124.97,S,6,0,1
14699,3,female,37.3,1,2,16.88,S,4,0,1
14704,3,male,40.6,1,1,20.88,S,3,0,1
14716,1,male,48.4,1,0,25.7,S,2,0,1
14724,3,female,18.7,3,3,34.01,S,7,0,1
14725,3,male,35.6,2,1,19.67,S,4,0,1
14729,3,male,51.3,0,0,12.08,S,1,1,1
14730,3,male,3.5,0,3,0.68,S,4,0,1
14733,1,female,53.8,1,4,42.98,S,6,0,1
14738,3,male,36.8,1,3,30.42,S,5,0,1
14740,3,male,13.8,0,0,13.04,S,1,1,1
14742,3,female,26.2,3,0,44.26,S,4,0,1
14749,1,female,26.9,3,2,0.28,S,6,0,1
14758,2,male,26.5,2,2,8.4,S,5,0,1
14767,3,female,5.0,3,1,133.11,S,5,0,1
14770,1,male,43.6,2,1,81.14,S,4,0,1
14771,1,male,45.1,5,1,9.55,S,7,0,1
14774,3,male,38.8,4,2,4.87,S,7,0,1
14775,3,male,27.5,4,4,53.08,S,9,0,1
14779,1,male,26.5,4,1,120.53,S,6,0,1
14780,3,female,28.2,2,3,18.99,S,6,0,1
14781,3,male,17.2,0,1,10.56,S,2,0,1
14782,1,male,42.1,3,2,32.19,S,6,0,1
14785,2,female,32.4,1,0,10.57,S,2,0,1
14795,3,male,45.6,3,1,101.97,S,5,0,1
14800,3,female,19.1,5,0,4.82,S,6,0,1
14801,3,female,37.8,0,4,30.22,S,5,0,1
14802,1,female,18.0,0,0,52.9,S,1,1,1
14807,1,male,21.0,4,3,6.9,S,8,0,1
14808,3,female,51.4,0,0,45.24,S,1,1,1
14809,1,female,19.8,2,0,0.74,S,3,0,1
14828,3,female,24.5,2,0,20.94,S,3,0,1
14829,2,male,31.3,1,2,43.7,S,4,0,1
14832,2,male,34.0,3,0,50.65,S,4,0,1
14834,2,male,31.5,5,1,78.04,S,7,0,1
14837,2,male,28.6,3,1,5.17,S,5,0,1
14844,1,female,49.4,2,0,45.81,S,3,0,1
14845,2,female,22.2,4,1,0.05,S,6,0,1
14847,1,female,32.0,0,4,7.73,S,5,0,1
14851,2,male,19.9,0,4,21.42,S,5,0,1
14852,1,female,23.9,0,0,22.25,S,1,1,1
14855,1,female,19.2,5,4,93.16,S,10,0,1
14857,1,female,35.4,1,1,26.1,S,3,0,1
14859,2,female,32.4,3,2,17.89,S,6,0,1
14864,3,male,0.0,2,4,2.75,S,7,0,1
14866,1,male,39.7,0,0,15.21,S,1,1,1
14873,3,male,57.2,0,4,12.75,S,5,0,1
14874,3,male,9.2,4,3,10.71,S,8,0,1
14877,3,male,31.9,3,4,72.34,S,8,0,1
14878,2,male,6.7,0,3,1.61,S,4,0,1
14880,3,female,51.1,4,0,29.85,S,5,0,1
14888,3,male,36.1,0,3,38.2,S,4,0,1
14889,2,male,34.6,2,0,22.09,S,3,0,1
14890,3,male,21.5,3,2,108.78,S,6,0,1
14893,3,female,39.6,2,2,6.42,S,5,0,1
14912,3,female,19.2,3,4,1.71,S,8,0,1
14916,3,male,17.4,1,0,0.52,S,2,0,1
14918,3,female,46.7,1,0,37.25,S,2,0,1
14920,3,male,27.2,0,3,72.23,S,4,0,1
14921,2,female,31.7,5,1,31.09,S,7,0,1
14922,3,male,25.7,2,3,2.36,S,6,0,1
14935,2,female,27.7,0,2,80.7,S,3,0,1
14936,3,male,34.6,2,1,33.4,S,4,0,1
14939,2,female,19.8,2,2,95.67,S,5,0,1
14945,1,male,36.9,4,4,13.91,S,9,0,1
14952,2,male,18.7,0,3,1.74,S,4,0,1
14956,1,male,10.9,0,4,79.19,S,5,0,1
14965,1,male,41.8,3,1,5.09,S,5,0,1
14970,2,female,14.5,4,3,25.1,S,8,0,1
14978,2,male,20.5,1,3,76.62,S,5,0,1
14979,3,male,42.4,4,2,157.85,S,7,0,1
14982,3,male,19.9,5,2,7.13,S,8,0,1
14986,3,female,26.5,1,0,42.21,S,2,0,1
14987,1,female,51.8,3,0,24.88,S,4,0,1
14988,3,male,55.2,4,0,34.58,S,5,0,1
14989,2,male,0.0,4,3,27.77,S,8,0,1
14990,3,male,42.0,0,0,0.38,S,1,1,1
14994,2,female,34.6,2,4,5.37,S,7,0,1
14998,2,male,18.7,1,0,44.37,S,2,0,1
