,Pclass,Sex,Age,SibSp,Parch,Fare,Embarked,FamilySize,IsAlone,Survived
3,1,male,15.7,0,4,3.42,S,5,0,0
4,1,male,49.6,2,0,54.24,S,3,0,0
5,1,female,31.4,4,4,6.09,C,9,0,0
9,1,male,39.7,2,2,8.67,S,5,0,1
10,1,male,24.5,4,4,1.86,S,9,0,0
11,1,female,0.0,2,4,22.11,S,7,0,1
18,1,female,49.6,5,4,5.87,S,10,0,0
22,1,male,28.6,5,4,13.57,S,10,0,0
24,1,female,33.8,1,2,33.67,C,4,0,0
32,1,female,39.5,3,0,23.03,Q,4,0,0
41,1,male,11.9,4,0,22.86,C,5,0,0
42,1,male,25.7,4,1,30.25,S,6,0,0
46,1,male,19.8,3,2,32.58,S,6,0,0
52,1,male,24.8,5,0,44.62,C,6,0,1
56,1,female,24.9,0,3,0.66,S,4,0,0
58,1,male,19.7,1,0,8.12,S,2,0,0
60,1,male,18.6,2,4,113.45,S,7,0,0
61,1,male,41.7,4,2,81.9,S,7,0,0
62,1,female,39.9,2,0,33.72,S,3,0,1
63,1,male,28.5,1,0,43.31,S,2,0,0
64,1,female,53.2,4,1,39.82,S,6,0,0
66,1,male,34.0,2,0,53.55,C,3,0,0
68,1,male,11.3,5,2,8.0,S,8,0,0
71,1,male,28.4,0,4,109.2,S,5,0,0
73,1,female,19.6,3,1,7.68,S,5,0,1
76,1,male,30.8,5,4,46.77,C,10,0,1
78,1,male,9.3,0,0,7.41,S,1,1,0
83,1,male,28.2,3,3,0.08,C,7,0,0
85,1,male,39.2,4,1,35.23,S,6,0,0
87,1,male,42.8,0,1,67.73,S,2,0,1
90,1,female,37.6,1,2,14.08,S,4,0,0
99,1,female,30.3,3,0,33.76,C,4,0,0
101,1,male,25.8,5,4,10.54,S,10,0,1
102,1,male,63.6,0,3,53.0,S,4,0,0
106,1,male,32.4,3,3,17.38,S,7,0,0
109,1,male,44.2,3,4,20.19,C,8,0,0
113,1,male,5.0,3,4,75.95,C,8,0,1
114,1,male,30.1,3,1,49.57,S,5,0,1
118,1,male,7.9,5,4,11.66,S,10,0,1
121,1,male,6.9,1,2,81.96,S,4,0,1
124,1,female,47.5,3,3,99.6,C,7,0,0
133,1,male,23.3,1,0,4.48,S,2,0,0
135,1,male,30.3,4,1,1.14,S,6,0,0
136,1,female,42.4,4,0,35.37,S,5,0,0
149,1,male,59.9,5,4,12.97,S,10,0,0
153,1,male,48.6,1,4,0.96,S,6,0,0
165,1,female,16.3,5,2,30.06,S,8,0,1
166,1,female,63.7,3,3,23.94,C,7,0,0
167,1,female,31.2,0,1,16.4,S,2,0,0
170,1,female,40.8,4,1,205.49,S,6,0,1
171,1,female,10.8,0,2,49.81,S,3,0,0
179,1,male,35.0,1,3,6.13,S,5,0,0
180,1,male,36.1,3,1,15.18,S,5,0,0
181,1,female,42.0,0,1,87.59,Q,2,0,0
184,1,male,27.9,3,2,51.41,S,6,0,0
188,1,female,16.2,5,4,83.77,S,10,0,0
191,1,male,25.2,0,1,18.46,S,2,0,1
198,1,female,35.0,5,4,15.34,Q,10,0,1
203,1,male,30.4,0,1,15.19,S,2,0,1
208,1,male,24.7,4,0,82.03,S,5,0,0
209,1,female,32.6,0,2,34.73,S,3,0,0
213,1,male,31.4,5,2,61.19,S,8,0,0
217,1,male,50.8,0,1,5.97,C,2,0,1
224,1,male,25.3,2,4,124.74,S,7,0,0
225,1,male,42.7,3,3,17.07,C,7,0,0
226,1,female,3.0,4,2,10.82,S,7,0,1
230,1,female,30.9,0,3,27.71,S,4,0,1
234,1,male,18.5,1,0,74.75,S,2,0,0
239,1,male,30.9,2,3,3.49,S,6,0,0
244,1,female,39.4,3,0,16.77,S,4,0,0
245,1,female,41.6,3,4,98.31,S,8,0,1
250,1,male,27.7,1,1,15.66,S,3,0,0
252,1,female,31.0,1,2,45.9,S,4,0,1
257,1,male,28.2,4,0,5.27,S,5,0,1
266,1,male,49.5,0,2,34.88,S,3,0,1
268,1,female,16.6,3,4,52.19,S,8,0,0
269,1,male,29.7,1,0,12.42,C,2,0,0
270,1,male,31.2,4,4,167.42,S,9,0,1
297,1,female,35.1,3,2,0.88,S,6,0,0
302,1,male,35.7,3,2,7.67,S,6,0,0
305,1,male,49.2,2,3,2.07,S,6,0,1
309,1,male,15.4,4,1,37.74,S,6,0,0
312,1,male,20.4,4,4,13.38,S,9,0,0
313,1,male,26.5,1,2,17.43,S,4,0,1
314,1,male,26.7,0,0,84.25,S,1,1,1
316,1,male,21.9,0,0,1.29,S,1,1,0
317,1,male,40.2,1,4,128.94,C,6,0,0
322,1,female,16.5,4,4,39.1,Q,9,0,1
324,1,male,28.9,1,4,46.16,S,6,0,1
327,1,female,0.0,0,1,22.0,S,2,0,0
330,1,male,21.2,1,1,133.37,S,3,0,0
336,1,male,41.7,0,3,53.17,S,4,0,1
339,1,male,10.9,1,2,13.4,C,4,0,0
343,1,female,16.5,3,4,46.42,S,8,0,0
348,1,male,52.9,4,3,34.52,C,8,0,0
350,1,male,38.1,4,1,25.65,S,6,0,0
361,1,male,36.8,1,1,32.21,S,3,0,1
362,1,male,28.9,3,0,13.26,S,4,0,0
363,1,male,29.2,4,1,12.25,S,6,0,0
365,1,male,31.0,4,0,10.27,C,5,0,0
368,1,female,50.8,2,3,207.32,S,6,0,0
370,1,female,30.5,1,3,37.15,S,5,0,0
374,1,male,18.4,3,2,22.64,S,6,0,0
379,1,male,11.2,3,2,29.12,S,6,0,0
382,1,female,25.7,3,2,29.54,C,6,0,1
386,1,male,31.1,2,4,31.82,C,7,0,0
390,1,female,29.4,0,2,2.08,S,3,0,1
401,1,female,13.0,1,2,27.35,S,4,0,1
403,1,male,1.4,2,1,61.01,S,4,0,1
416,1,female,34.9,1,0,1.59,S,2,0,0
422,1,male,36.0,4,1,14.94,S,6,0,0
427,1,female,28.7,5,2,14.16,S,8,0,1
435,1,female,27.2,5,0,14.0,S,6,0,1
437,1,female,30.2,2,2,50.84,S,5,0,1
439,1,male,39.8,4,1,79.82,C,6,0,0
441,1,female,43.7,3,2,9.64,S,6,0,1
451,1,female,32.9,3,3,70.34,Q,7,0,0
454,1,male,19.0,0,2,37.91,S,3,0,0
457,1,male,32.7,1,1,45.08,S,3,0,0
460,1,male,31.1,5,1,2.34,S,7,0,0
470,1,male,34.0,3,3,3.34,S,7,0,0
473,1,male,32.7,1,2,20.84,Q,4,0,1
475,1,female,13.8,5,4,83.96,S,10,0,1
479,1,female,14.5,0,4,7.36,S,5,0,0
481,1,male,49.6,4,2,5.89,S,7,0,1
487,1,female,51.9,0,0,56.01,S,1,1,0
491,1,female,14.4,4,2,20.46,Q,7,0,1
497,1,male,27.9,4,1,53.11,S,6,0,0
498,1,male,46.4,2,0,32.29,C,3,0,1
509,1,male,2.0,4,3,66.36,C,8,0,1
515,1,male,28.3,3,0,93.89,S,4,0,0
516,1,male,14.1,0,0,27.92,S,1,1,0
520,1,male,39.6,2,0,4.4,Q,3,0,0
525,1,male,9.0,0,0,5.54,S,1,1,0
530,1,female,16.9,5,2,30.81,S,8,0,1
533,1,male,48.1,0,0,7.96,S,1,1,0
542,1,female,20.4,2,0,27.0,C,3,0,0
548,1,male,25.3,5,0,49.12,C,6,0,0
552,1,male,13.1,1,4,26.55,C,6,0,0
553,1,female,24.4,2,4,17.1,C,7,0,0
561,1,male,31.6,3,2,66.24,S,6,0,0
563,1,female,9.3,3,1,31.66,C,5,0,0
565,1,male,31.8,3,0,31.11,C,4,0,0
568,1,male,28.3,3,3,34.61,S,7,0,1
573,1,male,9.7,3,0,15.13,S,4,0,1
574,1,male,9.6,3,3,21.12,S,7,0,1
582,1,female,44.8,5,4,14.39,S,10,0,0
584,1,female,17.0,5,3,47.02,S,9,0,1
586,1,female,13.4,1,3,39.04,S,5,0,0
588,1,female,30.1,5,3,7.1,C,9,0,0
589,1,female,36.5,5,2,8.02,Q,8,0,0
594,1,female,39.3,3,1,47.82,C,5,0,1
596,1,male,46.2,4,0,12.01,S,5,0,1
599,1,male,3.0,5,4,11.18,S,10,0,0
605,1,male,23.4,0,2,15.08,Q,3,0,0
629,1,male,14.3,4,3,30.79,S,8,0,0
635,1,female,26.8,4,2,23.23,C,7,0,0
637,1,male,33.9,1,3,52.06,C,5,0,0
648,1,male,46.4,1,4,23.09,C,6,0,1
649,1,male,47.1,2,4,94.98,C,7,0,0
650,1,male,29.1,4,3,7.03,S,8,0,0
651,1,male,25.8,2,1,32.69,Q,4,0,0
661,1,male,45.1,2,1,1.06,S,4,0,1
667,1,male,17.4,3,3,12.4,S,7,0,0
669,1,male,20.8,5,1,25.07,S,7,0,0
672,1,male,25.7,0,3,44.72,S,4,0,0
681,1,male,25.6,3,2,5.6,C,6,0,0
682,1,female,28.7,4,4,6.3,Q,9,0,0
687,1,female,46.5,5,4,7.01,C,10,0,0
688,1,male,29.1,1,2,31.3,C,4,0,1
690,1,male,0.0,1,0,5.06,S,2,0,0
693,1,male,22.7,5,1,41.7,S,7,0,0
701,1,female,18.7,3,1,2.65,S,5,0,0
703,1,male,41.7,4,2,2.46,C,7,0,0
704,1,female,44.8,0,4,25.3,S,5,0,0
707,1,male,8.9,3,0,34.21,C,4,0,1
710,1,female,16.1,2,0,13.17,S,3,0,1
712,1,male,33.7,4,3,37.19,S,8,0,0
714,1,male,26.5,0,4,43.38,S,5,0,0
716,1,male,23.7,5,0,11.84,C,6,0,1
721,1,male,27.2,3,3,21.7,C,7,0,0
723,1,female,44.8,2,3,48.49,S,6,0,1
725,1,male,46.2,5,0,22.98,S,6,0,1
729,1,male,48.2,5,2,1.98,Q,8,0,0
747,1,male,37.3,5,4,72.14,S,10,0,0
748,1,female,18.5,4,1,1.34,S,6,0,1
749,1,male,33.9,2,2,79.05,C,5,0,1
758,1,male,11.3,1,3,26.71,S,5,0,1
759,1,male,40.2,2,4,13.5,S,7,0,1
760,1,female,15.8,1,2,85.45,S,4,0,0
763,1,male,34.0,4,0,32.43,Q,5,0,1
764,1,female,29.9,4,0,10.12,Q,5,0,0
765,1,female,20.6,5,3,24.54,C,9,0,0
771,1,female,11.8,1,1,0.22,S,3,0,1
772,1,male,17.3,3,4,9.72,C,8,0,0
778,1,female,31.6,4,1,2.33,S,6,0,1
780,1,male,38.8,1,3,92.9,S,5,0,1
792,1,male,15.7,3,3,16.68,S,7,0,0
794,1,female,45.7,5,2,54.84,Q,8,0,0
795,1,female,25.1,5,2,1.02,S,8,0,1
798,1,male,14.7,1,2,30.16,Q,4,0,1
799,1,female,49.4,1,1,53.91,S,3,0,1
805,1,male,31.8,1,2,10.25,S,4,0,1
806,1,male,60.6,4,1,15.88,S,6,0,1
809,1,male,19.7,0,2,78.61,S,3,0,0
810,1,female,37.3,5,0,50.91,S,6,0,1
811,1,female,31.2,0,0,26.9,S,1,1,1
818,1,female,18.9,4,4,55.74,S,9,0,0
819,1,male,19.8,2,4,13.64,C,7,0,0
820,1,male,10.3,2,2,11.9,S,5,0,1
824,1,male,50.4,2,2,8.96,S,5,0,0
829,1,male,50.8,4,0,35.38,S,5,0,0
833,1,male,8.7,0,4,191.39,S,5,0,0
844,1,female,33.7,4,4,2.14,S,9,0,0
848,1,male,19.0,5,4,33.01,Q,10,0,0
850,1,male,10.0,0,3,3.0,S,4,0,0
852,1,female,39.3,4,2,7.13,C,7,0,0
854,1,female,20.0,2,4,3.23,S,7,0,0
858,1,male,19.1,2,2,107.72,S,5,0,0
860,1,male,4.7,4,3,49.72,C,8,0,1
865,1,male,19.3,5,3,100.76,S,9,0,0
871,1,male,22.6,1,0,10.44,S,2,0,0
876,1,male,4.6,1,4,8.79,S,6,0,1
877,1,male,33.9,3,3,0.76,S,7,0,1
878,1,female,18.8,5,3,5.78,S,9,0,0
879,1,female,45.6,2,4,53.97,S,7,0,0
880,1,male,26.5,2,2,1.22,S,5,0,0
883,1,male,16.8,2,3,2.98,Q,6,0,0
885,1,male,35.5,0,4,0.07,S,5,0,0
890,1,female,18.2,1,1,36.31,Q,3,0,1
898,1,male,10.3,4,0,16.53,S,5,0,0
899,1,female,10.8,3,1,48.94,S,5,0,0
901,1,male,15.9,5,3,25.85,C,9,0,0
903,1,female,54.9,3,0,7.71,S,4,0,0
904,1,female,36.4,3,4,16.63,S,8,0,0
905,1,female,21.7,0,1,14.57,S,2,0,1
907,1,female,4.0,0,4,60.76,S,5,0,0
908,1,male,45.2,3,0,10.52,S,4,0,0
913,1,female,46.4,1,2,12.92,C,4,0,0
922,1,male,6.5,3,1,30.19,S,5,0,1
924,1,female,31.7,0,1,3.49,S,2,0,0
926,1,female,40.1,3,4,9.34,S,8,0,0
930,1,male,8.7,3,4,12.5,S,8,0,0
933,1,male,37.5,0,2,26.84,C,3,0,0
935,1,male,4.4,2,2,23.18,S,5,0,0
937,1,female,19.7,1,3,41.58,S,5,0,1
943,1,female,13.2,5,3,19.48,S,9,0,1
946,1,male,46.1,1,2,18.96,S,4,0,0
951,1,male,42.9,5,3,5.42,S,9,0,1
954,1,male,31.0,5,0,18.67,S,6,0,0
959,1,female,16.6,3,2,27.06,S,6,0,1
971,1,male,13.9,5,2,75.64,S,8,0,1
978,1,male,47.1,0,3,139.48,Q,4,0,0
979,1,female,5.7,0,0,15.62,C,1,1,0
995,1,female,27.6,3,0,29.76,Q,4,0,0
1000,1,male,58.5,2,3,15.23,C,6,0,0
1001,1,male,53.7,2,0,23.21,S,3,0,0
1003,1,male,54.1,4,1,10.32,S,6,0,1
1005,1,male,28.7,5,3,11.39,C,9,0,1
1007,1,male,32.3,2,2,14.26,S,5,0,1
1010,1,female,33.2,3,4,5.68,S,8,0,0
1014,1,male,27.9,4,3,6.74,S,8,0,1
1022,1,male,29.1,4,3,81.14,S,8,0,1
1031,1,female,24.6,2,1,65.09,C,4,0,0
1040,1,female,23.9,5,3,73.11,S,9,0,0
1042,1,female,63.5,2,1,16.01,C,4,0,0
1047,1,male,20.0,2,0,16.66,S,3,0,0
1059,1,male,31.1,0,2,6.3,S,3,0,1
1061,1,female,39.1,1,1,17.26,S,3,0,1
1062,1,male,41.2,1,4,7.49,S,6,0,1
1064,1,female,30.6,5,3,8.98,S,9,0,0
1066,1,male,41.0,3,3,14.03,Q,7,0,0
1067,1,female,46.4,5,4,9.45,S,10,0,0
1068,1,male,29.9,2,0,69.48,S,3,0,0
1069,1,male,27.2,4,2,1.12,S,7,0,0
1075,1,male,32.1,0,0,22.37,S,1,1,0
1077,1,female,42.5,0,1,48.18,S,2,0,1
1079,1,male,1.0,1,2,5.87,S,4,0,1
1101,1,female,17.0,4,2,116.81,S,7,0,1
1103,1,female,32.9,2,1,31.13,S,4,0,1
1108,1,male,34.2,2,0,36.94,C,3,0,1
1109,1,female,0.0,1,1,104.97,S,3,0,0
1111,1,female,36.2,2,2,1.5,C,5,0,0
1119,1,male,25.5,0,2,88.46,S,3,0,0
1122,1,female,40.0,4,4,2.17,S,9,0,1
1133,1,female,27.6,5,1,7.2,S,7,0,0
1134,1,female,47.1,3,3,38.57,S,7,0,1
1139,1,female,35.4,3,4,126.57,S,8,0,0
1141,1,male,45.1,0,3,96.04,S,4,0,0
1145,1,male,66.7,4,2,31.28,S,7,0,1
1157,1,male,33.7,0,3,37.88,S,4,0,1
1159,1,male,39.9,0,4,59.86,S,5,0,0
1170,1,male,25.0,5,1,27.46,C,7,0,0
1179,1,female,38.7,5,3,34.66,C,9,0,0
1184,1,female,43.6,3,0,33.39,S,4,0,0
1191,1,male,23.7,2,2,4.53,C,5,0,0
1197,1,female,28.0,0,1,18.87,S,2,0,1
1202,1,female,36.5,3,4,0.36,S,8,0,0
1205,1,female,25.2,1,1,88.38,S,3,0,1
1211,1,male,37.1,3,4,1.54,S,8,0,0
1216,1,male,27.7,1,3,0.77,C,5,0,0
1224,1,female,26.1,5,2,7.41,S,8,0,0
1226,1,male,19.5,5,0,27.94,C,6,0,0
1228,1,female,15.9,3,3,16.59,C,7,0,1
1230,1,female,1.4,0,4,1.71,S,5,0,1
1231,1,male,27.3,3,2,56.55,C,6,0,0
1236,1,male,24.6,4,2,14.03,S,7,0,1
1243,1,female,8.3,1,0,5.26,S,2,0,1
1249,1,male,14.3,3,2,28.5,S,6,0,0
1252,1,female,7.7,1,0,14.24,S,2,0,0
1253,1,male,13.6,0,1,46.75,C,2,0,0
1254,1,male,29.6,5,2,57.21,Q,8,0,1
1257,1,male,37.6,0,4,91.71,S,5,0,0
1258,1,male,41.6,1,2,104.86,C,4,0,0
1264,1,male,33.2,0,1,19.87,S,2,0,0
1275,1,female,13.1,5,4,4.3,S,10,0,0
1276,1,male,49.1,2,0,73.85,S,3,0,0
1278,1,female,38.0,1,4,13.25,S,6,0,0
1284,1,female,47.0,4,1,50.28,S,6,0,0
1288,1,male,32.2,4,1,6.9,Q,6,0,0
1289,1,male,52.6,4,4,107.24,S,9,0,0
1291,1,female,43.3,2,2,29.02,C,5,0,0
1296,1,male,38.1,5,0,128.01,S,6,0,0
1307,1,male,33.9,5,1,30.0,S,7,0,1
1312,1,male,37.0,2,4,8.74,C,7,0,0
1314,1,female,20.3,4,1,11.18,S,6,0,0
1325,1,male,13.2,2,3,44.65,S,6,0,0
1326,1,male,13.0,4,0,11.41,C,5,0,0
1327,1,male,6.8,2,1,17.57,Q,4,0,1
1330,1,female,39.7,0,1,53.32,S,2,0,0
1340,1,female,29.7,1,1,51.13,Q,3,0,0
1347,1,male,24.3,5,1,25.5,C,7,0,0
1349,1,female,42.0,4,4,24.77,C,9,0,0
1350,1,female,32.7,1,4,43.35,S,6,0,1
1352,1,female,38.7,1,2,5.1,S,4,0,0
1356,1,male,38.1,0,1,9.52,S,2,0,1
1364,1,male,35.5,4,0,11.32,S,5,0,1
1369,1,male,17.6,4,1,59.14,S,6,0,0
1374,1,male,38.7,4,3,4.66,S,8,0,0
1375,1,male,28.4,3,3,3.65,S,7,0,1
1376,1,female,43.2,2,4,32.8,S,7,0,0
1380,1,female,34.9,5,2,66.22,S,8,0,0
1385,1,female,19.3,1,2,3.03,S,4,0,0
1386,1,female,33.1,5,3,48.42,S,9,0,1
1389,1,female,37.8,0,4,30.37,C,5,0,0
1393,1,female,41.6,0,2,20.22,C,3,0,0
1398,1,male,28.7,2,4,5.39,Q,7,0,0
1406,1,male,28.8,0,1,40.55,S,2,0,1
1407,1,male,37.3,1,0,3.52,Q,2,0,1
1442,1,female,34.4,4,2,43.11,S,7,0,1
1444,1,male,36.6,0,2,7.23,S,3,0,1
1451,1,female,31.8,4,0,0.36,S,5,0,0
1452,1,female,39.0,2,4,33.67,S,7,0,1
1454,1,male,50.8,3,3,6.97,S,7,0,0
1460,1,male,45.2,2,1,21.6,Q,4,0,0
1462,1,female,34.8,3,4,98.35,S,8,0,0
1464,1,female,29.5,0,4,39.41,S,5,0,1
1465,1,male,24.6,1,0,6.8,S,2,0,0
1467,1,female,26.9,0,2,13.04,C,3,0,0
1469,1,male,14.4,4,1,29.43,C,6,0,1
1475,1,male,47.6,2,1,93.2,Q,4,0,1
1476,1,female,44.8,4,2,151.57,C,7,0,1
1482,1,female,28.2,4,0,9.27,S,5,0,0
1490,1,male,54.3,2,0,2.31,S,3,0,0
1491,1,male,27.2,2,1,53.39,C,4,0,0
1494,1,male,35.4,2,3,4.9,C,6,0,0
1497,1,male,24.2,2,4,10.79,S,7,0,0
1504,1,female,15.6,1,1,63.55,S,3,0,0
1508,1,female,17.4,2,3,127.1,Q,6,0,0
1509,1,male,49.2,4,0,61.7,S,5,0,1
1519,1,male,16.0,4,1,100.58,S,6,0,1
1520,1,female,48.4,0,0,5.06,C,1,1,0
1528,1,male,22.3,4,0,20.9,Q,5,0,1
1533,1,female,1.5,1,0,40.82,Q,2,0,0
1540,1,male,59.7,2,2,10.02,S,5,0,1
1547,1,female,56.4,0,0,108.63,S,1,1,0
1549,1,male,19.4,2,4,18.03,S,7,0,1
1550,1,female,3.0,3,0,10.79,S,4,0,1
1552,1,male,16.6,2,1,13.66,Q,4,0,1
1560,1,male,13.4,4,2,40.59,S,7,0,0
1571,1,male,31.0,5,2,74.27,S,8,0,0
1574,1,female,0.0,5,2,16.88,C,8,0,0
1578,1,male,12.4,5,3,157.7,S,9,0,0
1586,1,male,18.3,3,1,4.26,S,5,0,1
1588,1,female,39.0,1,2,1.84,S,4,0,0
1595,1,female,1.5,0,2,4.07,Q,3,0,0
1596,1,male,0.0,3,3,26.71,S,7,0,0
1604,1,female,36.0,1,4,23.77,C,6,0,0
1608,1,male,13.9,3,2,29.54,C,6,0,0
1612,1,male,24.0,4,3,23.0,Q,8,0,0
1613,1,male,46.6,1,3,40.37,S,5,0,0
1616,1,male,18.3,1,4,5.74,S,6,0,1
1618,1,male,35.6,3,3,4.22,Q,7,0,0
1630,1,male,16.2,5,4,62.92,S,10,0,1
1633,1,female,15.0,2,3,11.44,S,6,0,1
1637,1,male,22.4,3,3,1.42,S,7,0,0
1648,1,female,53.1,2,3,12.62,C,6,0,1
1650,1,female,31.3,1,1,0.1,S,3,0,0
1651,1,male,25.7,0,0,64.66,S,1,1,0
1657,1,male,17.4,2,2,26.17,Q,5,0,0
1658,1,male,34.8,0,4,2.46,C,5,0,0
1659,1,male,17.3,4,2,26.65,S,7,0,0
1661,1,male,23.8,3,3,45.78,S,7,0,0
1664,1,female,34.8,0,4,51.51,S,5,0,1
1665,1,male,13.8,1,3,12.65,S,5,0,1
1678,1,male,43.6,2,2,16.26,S,5,0,0
1682,1,female,10.1,5,1,3.66,C,7,0,1
1693,1,female,40.7,4,4,12.48,S,9,0,0
1699,1,female,0.0,1,0,62.3,S,2,0,0
1701,1,male,40.4,0,3,3.46,S,4,0,0
1702,1,male,23.7,4,4,48.43,S,9,0,0
1705,1,female,1.3,5,4,2.81,S,10,0,0
1717,1,male,12.4,3,3,7.22,S,7,0,1
1726,1,male,19.4,3,3,25.56,S,7,0,0
1727,1,male,23.5,2,4,10.87,S,7,0,1
1731,1,male,25.7,4,2,6.93,S,7,0,1
1744,1,male,20.5,4,0,7.68,S,5,0,0
1747,1,male,29.4,0,2,1.01,S,3,0,0
1749,1,female,14.2,5,2,34.34,S,8,0,0
1752,1,male,28.4,3,0,17.68,S,4,0,0
1760,1,female,34.7,4,3,24.83,S,8,0,0
1762,1,male,40.3,4,0,31.5,S,5,0,0
1765,1,male,31.3,2,2,32.67,S,5,0,0
1782,1,female,15.9,4,2,20.15,S,7,0,0
1791,1,male,25.0,4,3,17.98,C,8,0,1
1795,1,female,42.2,5,3,13.32,S,9,0,0
1796,1,female,46.4,4,1,45.94,C,6,0,1
1797,1,male,0.5,2,4,4.07,S,7,0,0
1798,1,male,51.1,3,4,62.17,Q,8,0,0
1809,1,male,29.1,1,3,80.94,S,5,0,0
1815,1,male,23.6,0,2,19.16,S,3,0,1
1817,1,female,21.8,3,2,29.32,S,6,0,1
1820,1,male,22.6,2,4,17.98,C,7,0,0
1822,1,male,35.8,2,1,16.66,S,4,0,0
1823,1,female,40.9,2,1,3.38,S,4,0,1
1825,1,male,53.9,1,3,36.72,S,5,0,0
1827,1,male,36.0,3,4,21.17,S,8,0,1
1828,1,male,22.4,5,3,50.2,C,9,0,1
1831,1,male,16.8,1,0,0.13,S,2,0,0
1835,1,female,37.7,4,3,30.82,S,8,0,1
1838,1,female,39.5,3,1,16.49,S,5,0,1
1851,1,female,22.4,3,3,81.69,S,7,0,1
1857,1,female,36.0,3,3,8.44,S,7,0,0
1868,1,male,52.4,0,1,49.55,S,2,0,0
1872,1,female,29.2,4,1,0.58,S,6,0,0
1876,1,female,30.7,2,1,39.62,C,4,0,0
1878,1,female,41.1,1,1,37.98,S,3,0,0
1889,1,male,30.7,2,2,12.78,S,5,0,1
1892,1,male,25.0,5,3,17.3,S,9,0,1
1896,1,female,11.4,2,0,2.41,S,3,0,0
1901,1,male,6.4,1,1,39.92,Q,3,0,0
1907,1,male,25.7,2,0,30.23,S,3,0,0
1909,1,male,32.1,2,3,28.99,S,6,0,0
1913,1,male,11.9,0,1,41.51,S,2,0,0
1914,1,male,32.8,4,2,22.72,S,7,0,0
1921,1,male,25.3,1,2,67.27,S,4,0,0
1926,1,female,44.1,2,2,139.92,S,5,0,0
1928,1,female,11.0,0,3,52.72,S,4,0,1
1932,1,male,28.8,3,2,27.51,C,6,0,0
1933,1,male,29.7,1,3,34.7,S,5,0,0
1934,1,female,35.9,0,0,74.31,S,1,1,1
1941,1,female,40.4,2,4,31.67,S,7,0,0
1944,1,male,30.8,4,3,84.84,S,8,0,1
1945,1,male,35.6,3,4,50.28,C,8,0,0
1948,1,male,27.8,5,4,0.69,S,10,0,0
1951,1,male,42.6,0,4,7.82,S,5,0,0
1956,1,male,22.5,5,0,11.87,Q,6,0,1
1957,1,female,33.6,5,2,32.39,S,8,0,0
1967,1,female,20.3,3,0,1.57,C,4,0,0
1974,1,female,37.0,3,4,32.45,C,8,0,0
1978,1,male,11.7,3,2,11.98,S,6,0,1
1985,1,female,9.3,1,2,7.74,S,4,0,0
1990,1,female,18.4,5,1,18.18,S,7,0,1
1993,1,male,50.6,5,4,70.95,C,10,0,0
1999,1,male,32.4,1,2,38.93,C,4,0,0
2013,1,male,18.0,0,4,4.39,S,5,0,0
2017,1,male,23.6,5,1,5.12,S,7,0,1
2023,1,female,26.0,4,2,32.97,C,7,0,0
2036,1,male,40.5,2,0,51.45,S,3,0,0
2037,1,female,17.6,1,4,65.74,S,6,0,0
2042,1,female,14.4,2,4,60.37,S,7,0,0
2044,1,female,18.9,2,1,36.96,C,4,0,1
2049,1,male,42.6,1,0,12.77,S,2,0,0
2051,1,male,23.7,5,0,23.64,C,6,0,0
2052,1,female,17.6,2,2,44.05,S,5,0,0
2053,1,male,42.9,3,0,4.12,S,4,0,1
2055,1,male,22.1,4,0,32.66,S,5,0,1
2059,1,male,20.5,5,1,3.16,Q,7,0,0
2060,1,male,36.5,2,3,40.04,S,6,0,0
2063,1,male,19.8,2,2,31.62,S,5,0,0
2075,1,male,40.8,0,2,6.96,S,3,0,1
2076,1,male,29.7,0,4,9.08,S,5,0,0
2082,1,female,23.1,0,0,101.29,S,1,1,0
2090,1,female,30.4,5,1,50.88,S,7,0,1
2097,1,male,48.4,3,2,18.31,S,6,0,1
2099,1,male,42.4,2,0,33.45,S,3,0,0
2104,1,male,32.0,3,2,57.35,S,6,0,1
2116,1,male,0.5,3,1,48.21,Q,5,0,0
2120,1,female,23.3,4,4,10.71,S,9,0,1
2122,1,male,33.0,1,4,28.38,S,6,0,1
2126,1,male,63.8,3,1,53.94,C,5,0,1
2131,1,male,35.9,2,0,11.19,C,3,0,0
2147,1,male,32.2,5,2,0.85,C,8,0,0
2149,1,female,27.1,4,1,48.66,S,6,0,1
2171,1,male,36.3,3,1,21.76,S,5,0,0
2172,1,male,39.6,3,3,0.3,S,7,0,0
2173,1,male,34.7,2,1,34.6,S,4,0,1
2174,1,female,15.3,5,2,58.42,S,8,0,0
2184,1,female,31.5,5,2,33.4,C,8,0,1
2185,1,male,37.7,0,3,39.13,Q,4,0,1
2188,1,male,39.0,0,0,17.68,S,1,1,1
2189,1,male,16.7,1,3,99.12,S,5,0,1
2190,1,male,15.5,2,0,24.46,C,3,0,0
2194,1,male,53.0,1,0,10.97,S,2,0,0
2196,1,female,7.7,5,1,36.47,S,7,0,0
2198,1,male,32.2,1,3,45.59,S,5,0,0
2204,1,male,19.8,3,1,28.85,S,5,0,1
2211,1,female,47.4,5,4,14.54,S,10,0,1
2213,1,male,20.6,4,1,96.38,C,6,0,1
2216,1,male,35.1,0,2,34.18,S,3,0,1
2220,1,female,30.5,0,2,6.21,S,3,0,1
2225,1,male,12.6,4,1,24.78,S,6,0,0
2229,1,male,17.5,1,3,2.08,S,5,0,0
2236,1,male,31.4,3,0,98.09,Q,4,0,1
2240,1,female,54.4,0,0,5.42,S,1,1,1
2243,1,female,26.0,1,1,38.02,S,3,0,1
2246,1,female,29.5,5,1,13.65,S,7,0,0
2250,1,male,21.3,0,1,0.16,S,2,0,0
2256,1,female,18.9,0,0,12.07,S,1,1,0
2265,1,male,37.1,2,1,112.89,S,4,0,1
2278,1,male,41.4,0,0,16.47,S,1,1,1
2279,1,male,50.5,1,3,43.75,S,5,0,0
2287,1,female,14.2,2,1,27.91,S,4,0,0
2302,1,female,48.7,5,1,18.37,C,7,0,0
2303,1,female,44.9,0,3,10.68,Q,4,0,0
2305,1,male,17.4,3,4,2.68,S,8,0,0
2306,1,female,35.4,2,2,16.22,Q,5,0,0
2308,1,male,29.5,1,4,168.28,S,6,0,0
2321,1,male,32.7,4,4,37.21,S,9,0,1
2323,1,male,23.4,1,4,77.76,S,6,0,0
2332,1,male,33.3,4,3,25.87,S,8,0,0
2334,1,female,41.2,3,3,3.94,S,7,0,0
2336,1,female,22.3,3,0,25.6,C,4,0,0
2338,1,male,40.2,5,0,19.77,S,6,0,0
2339,1,male,28.8,2,0,32.68,S,3,0,0
2349,1,male,33.8,1,1,13.49,S,3,0,0
2353,1,male,54.4,3,4,64.4,S,8,0,1
2357,1,male,13.7,2,4,29.76,S,7,0,0
2361,1,male,14.8,3,1,17.56,C,5,0,0
2363,1,male,21.5,3,2,1.14,C,6,0,0
2369,1,female,38.2,0,1,86.13,S,2,0,1
2370,1,male,9.9,3,2,15.61,C,6,0,1
2372,1,female,21.6,4,1,40.79,Q,6,0,1
2382,1,female,35.9,4,2,50.36,S,7,0,1
2389,1,male,35.5,5,4,2.31,S,10,0,1
2398,1,male,62.0,0,1,25.91,S,2,0,1
2402,1,male,35.4,2,3,92.24,S,6,0,0
2408,1,male,27.3,3,0,32.76,S,4,0,1
2412,1,male,29.9,2,0,1.69,S,3,0,0
2413,1,female,26.4,1,3,3.59,C,5,0,0
2414,1,female,42.0,1,0,62.59,C,2,0,0
2421,1,male,28.1,0,2,22.24,S,3,0,0
2425,1,female,10.6,0,4,36.05,S,5,0,1
2426,1,female,30.9,1,4,53.14,Q,6,0,0
2427,1,female,26.7,0,3,32.82,S,4,0,1
2433,1,male,30.8,3,0,10.8,S,4,0,0
2434,1,male,25.7,4,4,21.03,S,9,0,1
2443,1,female,29.6,3,1,54.7,S,5,0,1
2444,1,female,33.0,5,1,18.09,C,7,0,0
2445,1,male,26.7,4,0,20.32,Q,5,0,0
2446,1,male,48.3,1,0,1.55,Q,2,0,0
2451,1,female,42.1,2,1,23.95,S,4,0,1
2453,1,male,24.4,0,3,7.02,S,4,0,0
2458,1,female,31.9,2,0,23.77,S,3,0,0
2460,1,female,18.5,4,0,99.96,C,5,0,1
2461,1,male,42.8,5,0,17.47,Q,6,0,1
2463,1,male,29.0,3,3,114.65,S,7,0,0
2467,1,male,41.8,5,0,40.68,S,6,0,0
2475,1,male,48.6,2,4,16.44,Q,7,0,1
2479,1,male,37.7,3,0,9.18,C,4,0,1
2483,1,female,20.6,1,4,30.14,S,6,0,0
2491,1,female,41.9,5,4,11.81,S,10,0,0
2493,1,male,5.3,1,4,1.68,S,6,0,0
2503,1,male,16.4,2,1,65.97,S,4,0,1
2508,1,male,26.1,3,3,117.6,S,7,0,1
2510,1,male,46.0,1,2,29.34,S,4,0,0
2512,1,female,23.7,1,1,5.46,S,3,0,0
2524,1,male,31.1,0,4,29.64,S,5,0,1
2536,1,male,2.8,5,4,19.39,S,10,0,1
2551,1,female,11.0,2,2,3.81,S,5,0,0
2557,1,male,25.7,4,3,9.78,S,8,0,0
2563,1,female,27.4,5,4,6.59,C,10,0,0
2573,1,male,35.3,3,3,73.24,S,7,0,0
2576,1,male,24.5,4,2,26.04,Q,7,0,1
2577,1,male,2.3,1,4,4.28,S,6,0,0
2578,1,male,30.2,0,2,57.9,S,3,0,0
2582,1,male,38.4,5,1,3.14,C,7,0,0
2592,1,female,28.4,2,2,21.26,C,5,0,0
2593,1,male,48.8,0,3,6.44,C,4,0,0
2596,1,female,28.9,3,4,4.67,S,8,0,0
2597,1,female,24.3,5,1,6.47,S,7,0,0
2602,1,male,34.9,1,4,6.05,S,6,0,1
2604,1,female,23.6,4,4,21.72,S,9,0,0
2606,1,female,56.4,2,0,13.92,S,3,0,0
2610,1,male,23.7,2,2,4.83,S,5,0,1
2619,1,female,20.9,2,3,56.35,S,6,0,0
2620,1,male,5.9,5,4,1.12,S,10,0,1
2636,1,male,15.9,1,0,13.24,C,2,0,1
2637,1,female,41.7,3,1,14.14,C,5,0,1
2643,1,female,20.0,2,2,35.16,C,5,0,1
2646,1,male,30.1,0,1,9.51,S,2,0,1
2651,1,male,40.9,4,4,6.3,C,9,0,0
2654,1,male,35.0,0,1,8.64,S,2,0,1
2656,1,female,24.6,0,3,19.9,S,4,0,1
2658,1,male,16.2,2,2,6.59,C,5,0,0
2665,1,female,36.9,1,0,115.22,C,2,0,0
2670,1,male,34.2,1,4,221.35,S,6,0,1
2673,1,male,17.5,0,2,11.23,S,3,0,0
2677,1,male,5.4,1,3,9.97,S,5,0,0
2683,1,male,27.3,2,2,24.72,C,5,0,0
2686,1,male,39.9,0,0,62.58,C,1,1,0
2694,1,female,18.4,4,4,12.95,S,9,0,1
2696,1,male,23.5,0,2,36.81,S,3,0,1
2701,1,male,19.3,0,4,25.88,S,5,0,1
2707,1,female,28.7,0,3,0.69,S,4,0,0
2709,1,male,27.7,5,1,20.6,S,7,0,0
2710,1,female,10.8,2,0,74.74,S,3,0,1
2722,1,male,49.3,4,1,34.85,S,6,0,1
2726,1,male,36.0,3,3,24.62,Q,7,0,0
2727,1,male,21.6,3,0,28.35,C,4,0,0
2732,1,male,22.8,4,2,51.94,S,7,0,0
2741,1,male,9.4,0,4,95.51,Q,5,0,0
2745,1,female,32.4,5,1,7.36,Q,7,0,1
2748,1,male,23.1,1,1,3.98,S,3,0,1
2754,1,female,48.5,1,1,0.2,Q,3,0,1
2758,1,female,50.1,1,0,18.27,C,2,0,1
2759,1,female,38.1,5,2,21.37,C,8,0,0
2764,1,male,17.8,2,0,26.32,C,3,0,0
2766,1,female,28.8,0,2,4.76,S,3,0,0
2773,1,female,42.7,1,2,16.28,S,4,0,0
2777,1,male,17.4,2,3,158.68,S,6,0,0
2780,1,male,31.9,0,2,74.23,C,3,0,0
2783,1,male,28.2,2,4,20.54,S,7,0,1
2784,1,female,51.3,2,2,3.12,S,5,0,1
2786,1,male,40.1,0,1,5.49,S,2,0,1
2795,1,female,38.8,2,4,74.55,C,7,0,0
2803,1,male,12.2,4,0,34.97,S,5,0,1
2806,1,male,31.2,2,4,1.03,S,7,0,1
2811,1,male,37.4,5,2,9.35,S,8,0,1
2812,1,male,32.3,0,2,8.4,S,3,0,1
2815,1,male,24.9,1,0,18.02,S,2,0,1
2819,1,female,22.7,5,1,39.83,S,7,0,0
2821,1,male,46.9,5,4,43.27,S,10,0,0
2824,1,female,12.5,3,0,0.33,S,4,0,0
2826,1,male,32.1,3,3,27.17,Q,7,0,1
2827,1,male,28.7,3,4,20.25,S,8,0,0
2830,1,female,29.8,3,1,49.34,S,5,0,0
2831,1,male,65.2,3,4,5.16,S,8,0,1
2832,1,male,31.9,0,4,23.98,C,5,0,0
2835,1,male,36.4,4,3,9.41,S,8,0,1
2836,1,male,20.0,1,0,13.84,C,2,0,1
2841,1,male,34.4,0,4,29.01,S,5,0,1
2854,1,female,16.2,3,0,120.19,C,4,0,0
2861,1,male,41.8,5,1,59.84,S,7,0,0
2863,1,male,36.9,0,3,68.96,S,4,0,0
2865,1,male,14.2,2,1,8.14,S,4,0,0
2866,1,male,30.7,5,3,28.35,S,9,0,0
2870,1,male,4.2,0,2,82.02,S,3,0,1
2876,1,female,24.1,0,4,9.08,S,5,0,0
2884,1,female,13.9,1,0,11.4,S,2,0,0
2894,1,male,44.7,0,2,19.56,S,3,0,0
2896,1,male,28.7,2,4,4.18,S,7,0,0
2900,1,male,9.2,1,1,58.93,S,3,0,0
2903,1,male,22.6,1,2,1.55,S,4,0,0
2910,1,male,62.1,0,3,3.16,S,4,0,0
2911,1,female,28.7,5,1,16.89,C,7,0,0
2914,1,male,25.3,0,1,32.23,S,2,0,0
2915,1,male,8.6,4,1,15.66,S,6,0,1
2920,1,female,53.8,4,1,15.63,S,6,0,0
2926,1,female,29.5,1,1,13.04,C,3,0,1
2927,1,male,33.4,4,1,0.16,S,6,0,1
2933,1,female,6.2,3,2,7.58,S,6,0,0
2952,1,female,29.3,2,3,7.5,S,6,0,1
2958,1,male,24.1,4,0,12.57,S,5,0,0
2961,1,female,39.6,3,3,9.86,S,7,0,0
2969,1,female,56.9,1,2,3.71,S,4,0,0
2970,1,male,31.5,3,3,42.01,S,7,0,0
2972,1,male,47.3,3,4,6.02,Q,8,0,1
2975,1,male,1.7,5,3,22.62,S,9,0,0
2977,1,female,15.5,5,0,24.86,S,6,0,0
2981,1,male,10.2,4,4,34.01,S,9,0,0
2983,1,male,27.5,5,1,2.42,S,7,0,1
2989,1,male,0.0,2,1,8.75,S,4,0,1
2992,1,male,26.4,1,3,21.54,S,5,0,0
3009,1,male,31.9,3,2,21.6,C,6,0,0
3014,1,male,16.2,4,2,6.9,S,7,0,1
3019,1,male,18.4,3,2,27.12,C,6,0,1
3043,1,female,36.3,3,4,19.31,S,8,0,0
3047,1,male,40.5,0,2,15.51,S,3,0,0
3048,1,female,13.7,3,2,14.73,C,6,0,0
3050,1,female,16.1,5,3,22.57,S,9,0,0
3054,1,female,4.0,4,4,57.24,S,9,0,1
3060,1,male,33.6,3,1,36.4,S,5,0,0
3066,1,male,37.6,2,3,34.2,S,6,0,0
3074,1,male,1.5,0,3,52.0,S,4,0,0
3078,1,male,23.1,5,4,3.09,S,10,0,0
3087,1,male,38.4,1,1,28.72,Q,3,0,0
3089,1,female,25.5,0,4,22.15,S,5,0,0
3092,1,male,20.4,1,4,26.2,S,6,0,0
3096,1,male,31.9,5,1,64.93,S,7,0,1
3099,1,male,33.2,5,3,12.98,S,9,0,0
3100,1,male,35.9,5,1,37.18,S,7,0,0
3102,1,male,44.9,1,2,64.89,S,4,0,1
3103,1,female,44.8,3,2,9.4,S,6,0,0
3106,1,male,44.4,2,0,7.78,S,3,0,1
3109,1,female,30.1,2,4,2.92,S,7,0,0
3111,1,male,35.2,5,4,15.41,S,10,0,0
3112,1,male,43.3,2,2,2.47,C,5,0,1
3115,1,male,48.6,4,3,63.96,C,8,0,1
3125,1,male,52.3,2,2,49.6,S,5,0,0
3138,1,female,19.9,3,3,70.38,S,7,0,0
3144,1,male,45.7,3,0,8.42,S,4,0,0
3153,1,male,39.4,2,0,109.04,S,3,0,0
3157,1,male,54.0,5,2,15.71,S,8,0,0
3168,1,female,14.5,1,4,43.64,S,6,0,1
3172,1,male,17.5,2,3,55.06,S,6,0,0
3173,1,male,41.5,2,4,6.58,S,7,0,0
3181,1,male,45.7,3,4,1.17,S,8,0,0
3182,1,male,28.8,3,0,79.78,S,4,0,0
3183,1,male,54.3,4,0,3.12,S,5,0,0
3185,1,female,15.5,4,2,2.31,S,7,0,0
3186,1,male,56.1,3,2,6.48,S,6,0,0
3188,1,male,55.2,2,4,10.38,S,7,0,1
3192,1,male,26.6,1,3,0.06,S,5,0,1
3204,1,male,20.6,2,0,43.17,S,3,0,1
3211,1,male,12.3,2,2,3.62,S,5,0,1
3212,1,female,39.8,2,3,1.05,S,6,0,0
3217,1,male,8.1,5,0,53.09,C,6,0,0
3218,1,male,17.0,3,3,12.31,S,7,0,1
3224,1,male,44.0,4,0,31.87,S,5,0,0
3229,1,male,54.4,3,4,10.19,S,8,0,0
3230,1,male,41.1,1,1,98.44,C,3,0,0
3234,1,male,23.8,3,1,49.88,S,5,0,0
3237,1,male,56.1,1,2,25.19,S,4,0,1
3238,1,male,19.3,3,0,0.92,S,4,0,0
3242,1,male,4.0,0,0,55.3,S,1,1,0
3243,1,male,34.8,5,1,35.64,S,7,0,1
3246,1,female,34.8,2,0,60.3,S,3,0,0
3248,1,female,9.3,4,4,16.26,S,9,0,1
3249,1,male,37.2,3,0,51.0,S,4,0,1
3250,1,male,19.7,0,0,1.75,S,1,1,0
3251,1,male,8.9,0,2,12.3,S,3,0,0
3255,1,female,47.2,2,4,48.09,S,7,0,0
3256,1,female,21.1,2,3,28.0,S,6,0,1
3262,1,male,10.3,3,1,31.19,S,5,0,0
3268,1,male,10.9,1,0,35.26,Q,2,0,1
3270,1,male,50.0,2,4,0.61,S,7,0,0
3276,1,female,49.5,5,1,20.59,Q,7,0,1
3278,1,female,36.1,5,3,14.83,C,9,0,0
3282,1,female,19.6,0,1,36.7,S,2,0,1
3286,1,female,36.1,4,2,32.52,S,7,0,0
3289,1,male,29.7,1,1,17.47,C,3,0,0
3296,1,male,39.2,2,2,42.84,C,5,0,1
3298,1,female,3.2,5,0,24.08,S,6,0,0
3301,1,male,27.7,0,2,43.99,Q,3,0,1
3302,1,male,0.0,3,1,26.64,Q,5,0,0
3313,1,female,6.8,2,0,3.68,S,3,0,0
3316,1,male,31.2,2,3,6.49,C,6,0,0
3319,1,female,5.5,0,3,36.25,S,4,0,1
3320,1,male,24.4,0,0,50.08,S,1,1,0
3323,1,male,28.5,3,2,87.49,C,6,0,0
3327,1,male,48.2,0,3,16.89,S,4,0,0
3328,1,male,12.1,4,2,24.25,S,7,0,0
3337,1,female,25.2,1,4,121.84,S,6,0,1
3354,1,female,47.0,5,2,6.81,S,8,0,0
3356,1,male,37.9,2,3,18.69,S,6,0,1
3358,1,male,13.7,0,2,40.97,S,3,0,1
3359,1,male,38.5,1,1,8.55,C,3,0,1
3360,1,male,61.9,4,0,19.87,C,5,0,1
3363,1,female,24.1,2,3,7.29,S,6,0,0
3365,1,male,33.3,4,3,29.92,S,8,0,1
3374,1,male,34.5,5,2,6.5,S,8,0,1
3380,1,male,36.7,1,3,6.33,S,5,0,0
3381,1,male,32.2,3,1,6.16,S,5,0,0
3387,1,female,42.6,4,0,2.61,S,5,0,0
3390,1,female,21.5,0,3,1.52,S,4,0,0
3392,1,female,4.2,0,1,4.77,C,2,0,1
3394,1,male,26.7,4,1,13.01,S,6,0,1
3399,1,female,15.3,1,1,12.67,Q,3,0,0
3404,1,male,25.0,3,4,11.63,S,8,0,1
3405,1,male,29.6,0,1,24.4,S,2,0,1
3416,1,male,24.1,1,1,42.74,S,3,0,0
3421,1,male,17.2,0,1,65.15,S,2,0,1
3424,1,male,25.5,2,0,6.39,S,3,0,1
3429,1,female,36.9,3,3,6.07,S,7,0,0
3432,1,female,42.6,4,2,20.82,S,7,0,1
3435,1,female,16.9,1,0,7.69,S,2,0,0
3441,1,male,28.8,5,2,3.65,C,8,0,0
3445,1,female,17.1,2,1,9.26,S,4,0,1
3448,1,female,65.8,3,3,39.67,S,7,0,0
3450,1,female,44.2,0,0,44.77,C,1,1,0
3453,1,female,23.0,0,1,11.65,S,2,0,0
3455,1,male,27.5,3,4,69.18,S,8,0,0
3456,1,male,20.5,2,2,15.81,S,5,0,0
3460,1,male,44.2,4,2,67.75,S,7,0,0
3463,1,male,46.4,4,0,123.76,S,5,0,0
3467,1,male,8.5,4,4,45.22,S,9,0,1
3486,1,female,23.5,4,2,20.53,S,7,0,0
3491,1,female,25.1,0,2,101.47,Q,3,0,0
3497,1,male,32.5,5,0,28.05,S,6,0,1
3498,1,male,29.8,1,4,5.87,S,6,0,0
3499,1,male,25.9,2,4,111.98,S,7,0,1
3508,1,male,25.6,2,4,27.6,Q,7,0,1
3518,1,male,43.8,0,0,9.6,S,1,1,0
3520,1,female,32.3,1,1,29.04,C,3,0,0
3526,1,male,38.0,3,3,29.95,S,7,0,1
3527,1,female,25.9,4,0,79.31,S,5,0,1
3530,1,female,48.6,4,1,16.64,S,6,0,0
3531,1,male,23.1,2,0,74.28,S,3,0,1
3536,1,male,55.6,0,2,4.55,S,3,0,0
3549,1,female,36.4,1,2,67.99,Q,4,0,0
3556,1,male,35.7,1,1,72.28,S,3,0,0
3562,1,male,54.7,5,0,34.14,S,6,0,0
3564,1,male,41.6,1,4,40.88,S,6,0,0
3570,1,female,32.3,3,4,0.48,S,8,0,0
3572,1,female,33.7,1,2,54.31,S,4,0,1
3574,1,female,12.3,1,3,35.03,C,5,0,1
3578,1,male,39.3,5,0,41.8,S,6,0,1
3582,1,female,34.4,5,2,41.16,S,8,0,0
3585,1,male,0.0,5,1,23.41,S,7,0,0
3589,1,male,15.7,3,4,43.86,S,8,0,0
3590,1,male,63.0,3,0,22.4,S,4,0,1
3591,1,male,25.5,3,1,4.28,S,5,0,0
3596,1,male,21.8,2,0,43.86,C,3,0,0
3597,1,male,3.8,1,4,11.74,S,6,0,0
3602,1,female,14.2,0,3,46.25,S,4,0,0
3607,1,female,43.1,4,2,64.16,C,7,0,0
3611,1,male,25.0,1,4,2.73,S,6,0,0
3619,1,male,31.7,1,4,2.93,S,6,0,0
3626,1,male,17.7,5,3,0.56,S,9,0,0
3627,1,male,48.7,5,4,26.99,S,10,0,1
3648,1,female,26.9,0,2,1.67,S,3,0,0
3660,1,male,17.2,3,3,23.14,S,7,0,0
3664,1,male,8.9,4,4,1.0,C,9,0,0
3674,1,male,34.2,0,0,3.54,S,1,1,0
3680,1,male,13.4,3,1,12.09,S,5,0,1
3683,1,female,18.5,4,3,39.83,C,8,0,0
3684,1,female,45.1,5,4,15.22,S,10,0,1
3685,1,female,39.1,2,2,39.94,S,5,0,0
3687,1,male,30.8,1,4,27.86,S,6,0,0
3704,1,male,31.7,3,4,40.19,S,8,0,1
3714,1,male,29.2,4,4,4.76,S,9,0,1
3717,1,male,19.8,5,1,131.58,S,7,0,0
3724,1,male,38.4,4,2,1.5,S,7,0,0
3726,1,male,41.7,3,2,15.66,S,6,0,0
3727,1,male,35.6,4,2,5.17,S,7,0,0
3728,1,female,27.9,3,2,8.77,S,6,0,0
3744,1,female,52.8,5,4,13.22,Q,10,0,0
3746,1,female,42.6,0,3,2.69,C,4,0,1
3748,1,male,31.1,1,1,45.58,S,3,0,0
3750,1,female,37.0,3,1,12.35,S,5,0,1
3753,1,female,30.7,0,4,20.87,C,5,0,1
3755,1,male,42.9,1,1,15.62,S,3,0,0
3756,1,female,52.7,5,0,34.52,S,6,0,0
3760,1,male,18.3,2,3,7.73,S,6,0,0
3776,1,male,15.2,5,3,1.82,S,9,0,1
3781,1,male,22.9,5,1,81.92,S,7,0,0
3782,1,male,40.3,3,2,3.7,S,6,0,0
3786,1,female,39.6,4,4,40.88,C,9,0,0
3794,1,male,49.5,0,0,19.54,S,1,1,0
3808,1,female,20.8,2,1,10.87,C,4,0,0
3813,1,female,16.7,4,3,116.08,Q,8,0,0
3815,1,male,24.5,3,3,49.36,S,7,0,0
3817,1,male,7.9,4,3,17.34,S,8,0,1
3818,1,male,60.3,2,0,29.18,S,3,0,1
3819,1,male,48.3,1,0,5.04,S,2,0,0
3836,1,male,26.8,2,4,88.63,S,7,0,1
3851,1,female,15.7,0,2,52.07,S,3,0,0
3852,1,male,0.0,1,0,0.99,S,2,0,0
3856,1,female,27.4,0,0,38.67,S,1,1,0
3862,1,male,15.3,2,4,1.09,S,7,0,0
3863,1,female,25.1,5,2,2.78,C,8,0,0
3865,1,male,28.4,0,4,1.27,S,5,0,0
3866,1,male,19.8,0,2,0.37,S,3,0,0
3868,1,male,25.3,1,1,24.12,Q,3,0,1
3870,1,male,47.4,4,1,0.45,S,6,0,0
3873,1,male,31.6,5,4,45.15,S,10,0,1
3876,1,female,46.9,1,3,33.98,C,5,0,0
3879,1,male,33.0,5,3,31.47,S,9,0,0
3880,1,male,43.0,0,4,34.32,S,5,0,0
3889,1,female,14.2,2,4,25.11,S,7,0,0
3898,1,female,10.6,0,2,2.93,S,3,0,0
3904,1,female,20.0,3,1,20.56,C,5,0,1
3921,1,male,20.1,1,0,84.1,S,2,0,0
3923,1,female,39.9,0,0,76.06,S,1,1,0
3928,1,female,39.3,4,1,8.41,S,6,0,1
3934,1,male,37.8,1,2,17.84,S,4,0,0
3938,1,male,32.9,1,1,6.2,S,3,0,0
3941,1,female,13.1,3,2,11.4,C,6,0,1
3946,1,male,32.9,3,1,30.34,S,5,0,1
3951,1,male,42.1,5,0,19.43,S,6,0,1
3961,1,male,18.7,4,0,14.29,S,5,0,0
3963,1,male,41.1,4,3,18.35,S,8,0,0
3965,1,female,40.3,4,2,30.25,S,7,0,1
3966,1,male,25.1,3,4,7.94,S,8,0,0
3967,1,male,42.8,5,1,41.64,C,7,0,0
3979,1,female,39.2,1,1,40.85,S,3,0,0
3982,1,male,39.0,2,2,118.83,S,5,0,0
3987,1,female,27.2,3,2,37.18,S,6,0,0
3989,1,female,12.7,1,0,17.45,S,2,0,1
3991,1,male,20.0,0,3,19.06,S,4,0,0
3995,1,female,28.7,4,4,0.12,Q,9,0,0
3996,1,female,33.7,4,3,20.42,S,8,0,0
4001,1,male,35.9,1,4,66.66,S,6,0,1
4002,1,female,34.6,1,4,26.57,S,6,0,1
4003,1,female,41.1,4,0,42.75,S,5,0,0
4008,1,female,35.2,3,4,103.71,S,8,0,1
4009,1,male,14.9,4,4,29.53,S,9,0,0
4013,1,male,26.6,2,3,11.53,S,6,0,0
4014,1,female,33.3,2,2,33.67,S,5,0,1
4016,1,female,31.7,0,4,30.56,S,5,0,1
4017,1,female,30.2,1,0,20.42,S,2,0,1
4019,1,female,33.1,1,0,5.0,S,2,0,0
4020,1,female,5.9,1,3,1.76,S,5,0,0
4026,1,male,23.1,5,0,4.93,S,6,0,0
4028,1,female,12.2,3,4,109.0,S,8,0,1
4029,1,female,44.7,1,2,40.64,S,4,0,0
4039,1,male,52.0,3,2,6.36,S,6,0,0
4042,1,female,36.9,1,3,1.17,S,5,0,0
4045,1,female,51.3,4,2,5.44,S,7,0,0
4046,1,male,5.4,3,4,71.5,S,8,0,0
4050,1,male,36.2,5,2,52.48,S,8,0,1
4051,1,female,9.8,4,3,27.11,S,8,0,1
4057,1,male,38.9,3,3,5.89,C,7,0,0
4058,1,female,12.9,4,1,54.22,S,6,0,1
4064,1,male,8.0,2,0,127.33,C,3,0,1
4065,1,female,22.9,1,0,9.21,S,2,0,0
4066,1,male,25.8,1,1,0.33,S,3,0,0
4067,1,female,24.8,2,3,18.32,C,6,0,1
4069,1,female,35.1,5,2,13.11,Q,8,0,1
4070,1,female,12.5,0,1,13.99,C,2,0,0
4077,1,male,23.5,0,1,40.45,S,2,0,0
4078,1,male,23.8,0,4,42.67,C,5,0,1
4082,1,male,32.3,1,2,6.71,Q,4,0,1
4086,1,female,28.1,3,1,27.38,S,5,0,0
4090,1,male,27.7,3,4,1.4,S,8,0,1
4092,1,female,17.5,5,1,18.83,C,7,0,0
4093,1,male,23.8,1,2,91.66,S,4,0,1
4098,1,female,35.1,5,1,25.02,C,7,0,0
4101,1,male,35.9,3,1,15.71,S,5,0,0
4107,1,male,47.9,0,3,57.14,S,4,0,0
4117,1,male,11.0,4,1,26.43,S,6,0,0
4120,1,male,51.1,2,4,2.56,Q,7,0,0
4121,1,female,38.9,0,0,28.47,S,1,1,0
4137,1,male,40.7,0,3,17.82,C,4,0,0
4144,1,male,54.0,2,1,0.51,S,4,0,1
4145,1,male,19.9,2,3,21.79,S,6,0,1
4148,1,female,32.0,0,0,74.21,C,1,1,1
4152,1,female,14.9,4,1,50.1,S,6,0,1
4157,1,male,39.3,2,3,8.14,C,6,0,1
4158,1,male,39.7,0,2,30.29,S,3,0,1
4159,1,male,29.3,4,3,10.18,Q,8,0,0
4163,1,male,20.4,3,2,2.04,S,6,0,0
4166,1,male,42.1,5,1,29.19,S,7,0,0
4168,1,female,44.4,5,4,20.69,S,10,0,0
4172,1,male,22.1,1,0,1.02,S,2,0,0
4174,1,male,24.4,2,4,131.85,S,7,0,1
4177,1,male,25.4,2,1,99.82,S,4,0,1
4188,1,male,44.8,5,1,0.89,S,7,0,1
4196,1,male,31.2,3,0,28.29,Q,4,0,0
4199,1,male,11.1,0,2,5.56,S,3,0,0
4200,1,male,21.2,5,4,5.87,S,10,0,1
4203,1,male,26.1,3,1,0.56,C,5,0,1
4210,1,male,47.8,1,4,0.25,S,6,0,0
4215,1,female,25.3,4,2,10.72,S,7,0,1
4219,1,male,24.8,5,3,12.46,S,9,0,0
4220,1,female,26.4,3,2,19.18,S,6,0,0
4225,1,male,34.7,5,0,21.16,S,6,0,1
4228,1,male,31.8,0,4,55.72,C,5,0,0
4231,1,male,38.6,4,0,57.46,C,5,0,0
4237,1,male,17.6,2,0,63.35,C,3,0,1
4241,1,male,47.6,0,1,17.68,S,2,0,0
4247,1,male,47.2,1,4,21.09,C,6,0,0
4254,1,male,55.3,5,2,8.84,C,8,0,0
4257,1,male,16.1,3,3,4.03,Q,7,0,0
4258,1,male,65.4,4,2,7.56,S,7,0,0
4259,1,female,28.1,3,3,51.72,S,7,0,0
4262,1,male,1.2,0,3,88.6,C,4,0,0
4263,1,male,50.5,0,2,91.12,Q,3,0,0
4266,1,male,53.6,4,3,8.44,C,8,0,1
4272,1,female,32.9,2,4,53.84,C,7,0,0
4273,1,male,14.3,2,3,44.35,S,6,0,0
4278,1,female,51.3,1,1,37.48,S,3,0,0
4287,1,male,46.6,5,1,32.68,S,7,0,0
4295,1,female,36.7,5,2,29.63,S,8,0,0
4307,1,female,21.5,3,1,82.26,S,5,0,1
4312,1,male,27.2,0,3,6.18,S,4,0,0
4316,1,male,47.4,3,1,5.21,S,5,0,1
4323,1,female,41.9,3,4,20.93,S,8,0,0
4324,1,male,41.5,1,1,45.86,S,3,0,1
4326,1,female,21.5,3,4,23.27,S,8,0,0
4328,1,female,38.1,0,4,42.62,S,5,0,0
4330,1,female,24.8,1,3,39.31,S,5,0,0
4344,1,female,31.8,2,4,15.99,S,7,0,0
4346,1,male,36.8,2,1,5.34,S,4,0,1
4350,1,male,34.7,5,0,0.67,S,6,0,1
4351,1,male,12.5,3,4,37.25,C,8,0,0
4352,1,female,34.8,4,0,4.45,S,5,0,0
4359,1,male,34.0,4,0,87.74,C,5,0,0
4360,1,male,28.5,3,2,26.45,Q,6,0,0
4367,1,male,44.6,3,4,15.58,C,8,0,0
4370,1,male,15.6,4,1,43.73,S,6,0,0
4381,1,male,31.5,1,4,15.8,S,6,0,0
4392,1,male,37.0,1,1,31.12,S,3,0,1
4406,1,male,29.6,2,2,4.85,S,5,0,1
4411,1,male,36.9,4,2,14.04,S,7,0,0
4418,1,male,20.4,2,3,14.97,S,6,0,0
4423,1,female,25.0,0,2,1.85,S,3,0,1
4426,1,male,18.5,5,2,12.88,S,8,0,0
4431,1,female,41.9,1,1,34.83,C,3,0,0
4437,1,female,29.5,5,0,104.57,S,6,0,1
4442,1,male,18.5,2,2,0.45,S,5,0,0
4443,1,female,38.9,0,3,25.89,S,4,0,0
4444,1,female,19.7,0,2,23.55,S,3,0,0
4448,1,male,47.5,4,0,11.0,S,5,0,0
4456,1,female,36.3,2,4,38.78,S,7,0,1
4457,1,male,15.8,4,4,8.53,S,9,0,0
4459,1,male,36.5,2,0,42.85,S,3,0,0
4470,1,female,41.6,5,2,38.18,S,8,0,1
4472,1,male,75.1,5,4,66.05,S,10,0,0
4475,1,male,53.6,3,2,3.52,S,6,0,0
4476,1,female,30.2,4,3,110.9,S,8,0,0
4477,1,male,20.0,3,4,99.82,S,8,0,0
4481,1,male,53.6,5,1,55.88,S,7,0,0
4484,1,male,50.2,2,3,30.2,C,6,0,0
4487,1,male,43.4,1,3,144.72,S,5,0,0
4489,1,male,17.6,2,0,35.73,S,3,0,0
4500,1,male,48.3,5,3,22.33,S,9,0,0
4505,1,female,11.6,5,2,5.33,S,8,0,0
4517,1,male,26.4,5,1,60.81,S,7,0,1
4518,1,female,24.8,3,3,21.11,C,7,0,0
4531,1,male,42.9,5,4,19.91,S,10,0,0
4534,1,male,32.5,3,3,1.59,S,7,0,0
4539,1,female,49.5,1,0,4.79,S,2,0,0
4542,1,female,17.4,0,1,11.49,C,2,0,0
4543,1,male,7.2,2,3,30.37,S,6,0,0
4545,1,female,16.4,4,3,85.27,C,8,0,1
4551,1,female,21.8,0,4,30.25,S,5,0,0
4557,1,male,48.9,0,0,13.14,S,1,1,1
4561,1,female,17.5,4,3,0.72,S,8,0,0
4562,1,female,41.4,5,2,10.47,S,8,0,1
4563,1,female,27.4,5,2,1.25,S,8,0,0
4568,1,female,19.4,4,3,59.68,Q,8,0,0
4575,1,female,28.8,3,3,15.94,Q,7,0,0
4577,1,male,28.7,1,3,100.25,C,5,0,0
4579,1,male,9.4,4,4,1.0,S,9,0,1
4584,1,male,23.3,5,1,22.32,S,7,0,1
4591,1,male,32.6,3,2,12.53,C,6,0,0
4592,1,female,42.3,3,1,103.75,Q,5,0,0
4593,1,female,46.9,1,3,37.17,S,5,0,0
4600,1,female,55.4,1,3,63.13,Q,5,0,0
4601,1,male,16.4,1,4,1.72,C,6,0,1
4610,1,female,23.4,5,3,35.42,S,9,0,0
4611,1,male,33.9,4,0,28.73,S,5,0,0
4612,1,female,17.1,4,2,13.51,S,7,0,0
4615,1,male,35.9,3,4,8.4,S,8,0,0
4624,1,male,54.6,1,2,27.84,Q,4,0,1
4626,1,male,31.2,5,0,15.39,C,6,0,0
4631,1,female,37.6,0,4,2.9,C,5,0,0
4636,1,male,26.2,5,2,132.14,S,8,0,0
4637,1,male,30.3,1,2,14.15,S,4,0,1
4639,1,female,28.2,4,3,4.12,C,8,0,1
4646,1,female,32.2,1,0,1.84,S,2,0,1
4649,1,male,14.6,3,0,15.56,S,4,0,0
4661,1,male,24.2,2,3,19.38,S,6,0,0
4662,1,male,44.0,0,0,65.27,S,1,1,0
4667,1,female,8.3,2,2,30.4,S,5,0,1
4668,1,male,19.2,5,4,52.1,S,10,0,1
4674,1,female,7.6,3,0,4.4,Q,4,0,0
4678,1,male,3.6,0,2,62.2,S,3,0,1
4684,1,female,65.7,0,3,4.86,S,4,0,1
4690,1,male,56.2,4,2,4.73,S,7,0,0
4691,1,male,28.0,1,2,34.03,S,4,0,0
4692,1,male,34.9,5,1,19.25,C,7,0,0
4695,1,male,32.9,4,2,57.96,S,7,0,1
4708,1,male,2.6,3,2,4.09,S,6,0,1
4711,1,female,66.1,5,4,16.71,S,10,0,0
4713,1,male,30.9,5,2,67.62,S,8,0,1
4715,1,male,2.4,4,2,77.3,Q,7,0,0
4716,1,male,14.3,4,3,62.35,S,8,0,0
4719,1,male,33.0,3,0,63.83,S,4,0,1
4726,1,male,20.3,2,1,27.28,S,4,0,1
4727,1,male,45.7,2,1,13.74,S,4,0,1
4751,1,female,34.7,4,4,88.21,S,9,0,0
4752,1,male,23.0,1,3,5.54,C,5,0,1
4756,1,female,18.0,1,1,31.96,C,3,0,0
4767,1,male,15.3,0,3,56.26,S,4,0,0
4772,1,male,29.1,5,0,31.67,S,6,0,0
4780,1,male,42.3,1,3,1.02,S,5,0,0
4783,1,male,14.4,4,1,55.67,S,6,0,0
4787,1,male,36.8,3,0,7.23,S,4,0,1
4790,1,male,23.3,0,4,2.3,S,5,0,0
4793,1,male,28.8,0,4,15.02,S,5,0,0
4797,1,male,61.2,0,0,9.22,S,1,1,1
4801,1,female,13.1,2,1,100.59,S,4,0,0
4807,1,male,43.3,5,3,1.12,C,9,0,1
4810,1,male,32.8,4,1,10.3,S,6,0,0
4835,1,male,40.4,5,3,11.84,S,9,0,0
4838,1,female,29.1,3,3,8.55,S,7,0,0
4845,1,female,0.8,0,0,4.55,C,1,1,0
4846,1,male,36.6,1,0,23.89,S,2,0,1
4847,1,female,29.6,4,2,36.37,Q,7,0,0
4848,1,male,26.5,0,4,12.47,S,5,0,1
4852,1,male,17.3,4,3,9.16,Q,8,0,1
4856,1,female,30.2,1,2,1.34,S,4,0,0
4862,1,male,27.5,0,1,19.68,S,2,0,0
4871,1,male,39.2,4,4,26.96,S,9,0,0
4875,1,male,31.0,1,1,4.53,C,3,0,1
4876,1,male,0.0,1,2,74.01,S,4,0,0
4879,1,male,6.1,0,3,3.27,S,4,0,1
4883,1,female,8.4,4,3,13.28,S,8,0,0
4890,1,male,25.3,1,2,39.43,S,4,0,0
4891,1,male,41.5,1,0,7.79,C,2,0,0
4893,1,male,22.0,2,2,18.28,Q,5,0,0
4894,1,female,13.2,5,1,1.4,C,7,0,0
4900,1,female,36.1,1,4,16.91,S,6,0,0
4901,1,female,19.6,5,1,9.35,S,7,0,0
4902,1,female,32.3,4,1,9.45,S,6,0,0
4903,1,female,10.9,2,2,95.26,S,5,0,0
4904,1,female,15.6,0,0,11.66,S,1,1,1
4911,1,male,28.5,0,1,4.0,S,2,0,0
4914,1,male,0.1,2,0,14.93,S,3,0,0
4917,1,male,31.0,2,1,23.22,S,4,0,0
4924,1,male,20.8,4,2,13.95,C,7,0,0
4932,1,male,42.8,4,2,7.79,S,7,0,1
4939,1,female,34.9,0,0,22.43,S,1,1,1
4940,1,female,12.9,2,1,21.74,C,4,0,0
4947,1,male,30.1,2,0,2.32,S,3,0,1
4954,1,female,21.1,5,2,23.43,C,8,0,0
4961,1,male,35.3,3,3,70.86,S,7,0,0
4964,1,female,16.6,2,1,44.9,S,4,0,0
4965,1,female,50.9,3,0,5.64,S,4,0,0
4976,1,female,21.8,4,3,8.76,S,8,0,0
4978,1,male,24.0,5,4,26.35,Q,10,0,0
4988,1,male,39.6,5,3,246.08,S,9,0,1
4992,1,male,27.8,5,1,20.13,S,7,0,0
4996,1,male,24.6,0,4,25.68,C,5,0,0
4999,1,female,30.2,0,4,11.35,C,5,0,0
5001,1,male,45.0,5,1,51.22,S,7,0,0
5007,1,female,19.4,0,3,43.45,S,4,0,1
5009,1,male,20.2,3,2,39.97,S,6,0,0
5011,1,male,26.6,5,3,1.07,S,9,0,1
5012,1,female,32.1,5,4,6.42,S,10,0,0
5026,1,male,40.3,0,2,4.64,S,3,0,0
5027,1,male,39.7,2,4,11.41,C,7,0,0
5028,1,female,16.1,0,0,47.32,S,1,1,1
5029,1,female,29.9,1,2,164.24,S,4,0,0
5031,1,male,35.0,0,0,13.94,S,1,1,0
5034,1,female,10.8,3,2,74.9,S,6,0,0
5037,1,male,35.9,0,1,28.47,S,2,0,1
5039,1,female,24.4,1,0,84.58,S,2,0,1
5040,1,female,31.5,2,4,89.5,S,7,0,1
5044,1,male,31.5,5,2,9.91,S,8,0,1
5047,1,male,28.2,0,2,65.26,S,3,0,0
5050,1,female,31.4,5,4,5.11,S,10,0,0
5056,1,male,46.5,0,2,22.09,S,3,0,0
5057,1,male,14.0,3,0,21.4,S,4,0,0
5071,1,male,26.8,4,1,126.27,S,6,0,1
5076,1,male,23.7,1,1,72.65,S,3,0,0
5084,1,male,36.8,4,0,47.21,C,5,0,0
5086,1,female,36.4,1,4,11.46,S,6,0,1
5087,1,male,37.5,4,4,38.87,S,9,0,0
5099,1,male,38.9,1,0,39.94,S,2,0,0
5101,1,male,40.9,3,4,83.54,C,8,0,0
5105,1,male,23.5,3,1,2.41,Q,5,0,0
5118,1,male,27.1,3,0,8.11,S,4,0,1
5125,1,female,29.7,1,3,28.79,S,5,0,0
5127,1,male,13.5,3,2,21.86,S,6,0,0
5131,1,female,18.6,0,4,16.68,S,5,0,0
5134,1,male,16.2,4,4,77.97,S,9,0,1
5135,1,female,41.0,2,2,43.19,S,5,0,0
5137,1,male,29.8,4,2,22.64,S,7,0,0
5141,1,female,48.3,0,3,20.75,S,4,0,0
5147,1,female,49.2,4,3,50.15,S,8,0,1
5150,1,female,34.7,0,0,21.04,S,1,1,0
5151,1,female,44.5,4,0,246.6,S,5,0,0
5152,1,female,41.5,4,1,7.9,S,6,0,1
5155,1,female,20.9,2,0,106.38,S,3,0,0
5171,1,male,39.1,5,1,58.14,S,7,0,0
5172,1,male,32.8,3,1,10.89,S,5,0,0
5173,1,male,21.0,0,1,182.16,C,2,0,0
5175,1,male,45.5,1,1,78.51,S,3,0,1
5177,1,male,20.4,5,1,16.22,Q,7,0,0
5179,1,female,31.9,1,1,101.65,S,3,0,1
5185,1,male,29.8,5,1,11.94,S,7,0,1
5186,1,male,17.3,4,0,56.95,S,5,0,1
5187,1,female,25.1,3,2,3.2,Q,6,0,0
5189,1,female,20.4,3,0,22.95,S,4,0,0
5190,1,female,26.0,3,0,34.68,S,4,0,0
5197,1,male,14.3,4,1,41.24,S,6,0,0
5200,1,female,67.9,5,4,0.12,Q,10,0,0
5203,1,male,47.3,4,1,5.77,S,6,0,1
5209,1,male,24.3,0,0,5.1,C,1,1,0
5210,1,male,43.8,2,1,4.66,C,4,0,1
5211,1,female,47.6,0,2,4.55,S,3,0,0
5220,1,female,45.0,4,2,30.33,S,7,0,0
5226,1,female,26.9,4,4,6.97,Q,9,0,0
5227,1,female,7.7,5,1,11.72,S,7,0,1
5235,1,male,32.1,0,4,31.6,S,5,0,0
5236,1,female,43.6,1,0,88.82,S,2,0,1
5247,1,female,28.8,5,2,0.93,S,8,0,1
5256,1,male,25.7,5,2,3.97,C,8,0,0
5264,1,male,54.9,4,3,11.94,S,8,0,1
5265,1,male,15.3,4,4,27.93,C,9,0,0
5279,1,male,0.0,2,1,50.04,C,4,0,0
5280,1,male,59.1,3,2,83.0,Q,6,0,1
5283,1,female,47.7,3,1,12.15,S,5,0,1
5284,1,female,18.5,2,0,36.35,S,3,0,0
5295,1,male,59.3,3,1,77.15,S,5,0,0
5299,1,male,40.8,3,3,70.0,C,7,0,0
5303,1,female,52.4,0,3,39.07,Q,4,0,1
5307,1,female,38.2,1,2,82.05,S,4,0,0
5315,1,male,52.2,4,4,99.72,S,9,0,0
5318,1,male,44.0,1,0,110.55,S,2,0,0
5326,1,male,31.2,1,1,0.68,C,3,0,0
5330,1,male,35.9,2,0,14.14,S,3,0,0
5337,1,male,15.9,2,4,12.84,S,7,0,0
5343,1,male,23.3,5,0,52.87,C,6,0,0
5347,1,male,26.2,5,1,33.71,S,7,0,0
5364,1,male,36.5,1,4,46.49,Q,6,0,0
5368,1,male,23.6,0,2,3.09,C,3,0,1
5370,1,female,14.2,1,3,43.52,S,5,0,0
5385,1,male,20.8,4,2,21.96,S,7,0,0
5389,1,female,51.8,5,2,33.41,S,8,0,1
5391,1,female,21.8,4,4,2.0,Q,9,0,0
5394,1,female,13.2,2,0,14.75,S,3,0,1
5396,1,male,28.3,2,4,84.84,S,7,0,0
5410,1,male,0.0,2,3,102.01,Q,6,0,1
5415,1,female,48.6,5,0,16.45,S,6,0,0
5427,1,male,33.4,4,3,12.87,S,8,0,0
5428,1,male,28.2,3,3,29.09,S,7,0,1
5429,1,male,45.2,2,1,49.68,S,4,0,1
5438,1,female,22.3,0,4,72.61,S,5,0,0
5439,1,female,43.0,0,2,23.33,Q,3,0,1
5440,1,female,42.7,1,1,141.98,C,3,0,0
5444,1,female,28.8,2,4,20.42,S,7,0,0
5446,1,male,33.5,2,1,78.52,C,4,0,0
5447,1,male,36.5,0,0,27.4,S,1,1,1
5456,1,male,45.9,1,3,85.4,S,5,0,0
5461,1,male,7.9,1,4,27.67,S,6,0,0
5463,1,female,26.4,1,2,17.0,S,4,0,0
5465,1,male,0.0,2,4,69.69,S,7,0,0
5469,1,male,10.8,2,1,29.62,S,4,0,0
5471,1,male,9.0,2,0,54.26,Q,3,0,0
5472,1,male,43.3,1,2,121.96,S,4,0,0
5473,1,male,7.2,0,1,60.51,S,2,0,1
5478,1,female,54.2,2,3,20.65,S,6,0,1
5481,1,male,33.5,0,2,12.21,S,3,0,0
5489,1,male,6.5,3,0,125.15,S,4,0,1
5491,1,female,9.1,5,4,38.94,Q,10,0,1
5492,1,male,30.1,4,1,59.79,S,6,0,0
5497,1,male,46.7,4,4,37.11,C,9,0,1
5502,1,female,25.7,4,4,68.95,S,9,0,0
5507,1,male,38.5,3,1,19.0,S,5,0,0
5508,1,male,51.6,2,3,15.01,S,6,0,0
5510,1,male,0.0,1,2,47.84,S,4,0,0
5522,1,female,52.7,5,3,67.23,S,9,0,1
5525,1,female,34.7,2,4,40.86,S,7,0,0
5533,1,male,21.0,5,2,11.37,S,8,0,1
5536,1,female,17.8,1,4,34.97,S,6,0,0
5538,1,male,40.1,4,4,5.66,S,9,0,0
5541,1,male,33.9,0,1,63.38,Q,2,0,1
5543,1,female,9.8,2,1,71.34,S,4,0,1
5547,1,male,40.8,5,3,16.55,S,9,0,0
5552,1,male,29.8,0,3,68.74,C,4,0,1
5558,1,male,38.1,0,4,4.2,S,5,0,0
5559,1,female,34.4,1,0,46.46,S,2,0,1
5560,1,male,33.9,4,0,29.68,C,5,0,0
5561,1,male,8.3,5,0,19.3,C,6,0,1
5571,1,male,23.5,1,0,41.6,S,2,0,0
5572,1,male,30.5,4,0,23.84,C,5,0,1
5581,1,male,15.3,1,0,14.04,S,2,0,0
5583,1,female,23.0,2,2,48.79,S,5,0,1
5594,1,male,32.7,0,3,45.97,S,4,0,0
5595,1,male,43.0,5,0,51.13,S,6,0,0
5606,1,male,26.5,1,2,3.08,Q,4,0,1
5607,1,male,29.1,3,2,15.47,S,6,0,1
5615,1,female,11.8,1,2,21.94,S,4,0,1
5625,1,female,11.4,1,1,26.93,S,3,0,1
5634,1,male,21.0,4,3,30.57,C,8,0,0
5639,1,male,18.3,5,1,62.98,S,7,0,0
5642,1,female,42.4,4,2,22.35,S,7,0,0
5643,1,male,22.5,5,2,14.8,C,8,0,0
5644,1,female,21.9,0,2,4.41,S,3,0,0
5646,1,male,16.3,3,0,43.37,S,4,0,0
5648,1,male,19.2,0,1,37.2,C,2,0,1
5653,1,female,1.7,3,4,57.55,S,8,0,0
5656,1,male,22.2,3,4,11.86,S,8,0,1
5659,1,male,29.4,5,0,45.71,S,6,0,1
5662,1,male,14.5,3,3,35.68,S,7,0,1
5670,1,male,33.6,4,1,24.29,S,6,0,1
5675,1,male,15.7,5,3,47.73,S,9,0,0
5677,1,male,14.4,4,2,28.85,Q,7,0,0
5679,1,male,50.8,0,4,31.8,S,5,0,0
5714,1,male,46.4,2,4,13.77,C,7,0,1
5716,1,female,2.1,1,4,1.81,Q,6,0,0
5723,1,male,48.9,0,1,23.37,S,2,0,0
5724,1,male,2.1,0,1,209.15,S,2,0,0
5727,1,male,38.9,3,0,5.47,S,4,0,0
5737,1,male,13.8,2,1,128.99,C,4,0,0
5739,1,female,12.9,2,3,20.24,S,6,0,0
5747,1,male,23.2,2,3,0.67,Q,6,0,1
5755,1,male,24.8,0,0,74.03,S,1,1,0
5761,1,male,41.0,0,3,14.76,S,4,0,1
5765,1,female,9.5,5,0,28.36,S,6,0,1
5769,1,female,9.7,3,0,25.51,S,4,0,1
5770,1,female,20.0,2,3,7.1,Q,6,0,1
5771,1,female,15.9,1,1,25.54,S,3,0,1
5773,1,male,35.1,1,3,3.5,S,5,0,1
5781,1,male,43.1,0,3,4.87,S,4,0,0
5782,1,female,16.8,2,2,40.92,C,5,0,0
5785,1,male,38.1,3,1,37.52,S,5,0,1
5788,1,male,31.3,2,4,5.11,S,7,0,1
5790,1,male,26.5,0,2,16.3,S,3,0,0
5802,1,male,21.9,3,4,9.2,S,8,0,0
5805,1,male,31.3,3,4,62.8,C,8,0,0
5812,1,male,14.4,1,2,21.01,S,4,0,1
5814,1,female,0.6,5,3,16.67,S,9,0,0
5819,1,female,25.9,4,3,7.12,S,8,0,0
5821,1,male,50.1,3,0,32.24,S,4,0,0
5834,1,female,18.6,3,3,2.94,C,7,0,1
5840,1,male,26.6,1,3,26.08,S,5,0,0
5847,1,female,11.3,4,1,29.82,S,6,0,1
5849,1,male,23.8,4,0,57.94,S,5,0,0
5852,1,female,6.2,2,2,95.06,S,5,0,1
5864,1,male,13.0,2,2,10.3,Q,5,0,1
5865,1,male,35.2,5,1,7.64,S,7,0,0
5872,1,female,28.9,4,0,29.87,C,5,0,1
5874,1,male,47.5,0,4,19.38,C,5,0,0
5885,1,female,29.8,2,4,134.75,S,7,0,0
5887,1,female,24.3,3,0,0.64,S,4,0,1
5892,1,female,56.2,0,4,30.86,S,5,0,0
5897,1,male,23.8,0,4,28.02,S,5,0,0
5898,1,male,35.1,5,2,122.65,Q,8,0,1
5901,1,male,20.5,3,0,0.47,S,4,0,0
5909,1,female,35.0,5,1,13.44,S,7,0,0
5913,1,female,6.0,0,2,39.39,S,3,0,0
5919,1,male,28.6,3,1,57.42,C,5,0,0
5922,1,male,11.4,1,1,76.9,C,3,0,0
5927,1,male,31.3,0,4,68.99,S,5,0,1
5928,1,female,56.5,4,2,2.7,Q,7,0,0
5934,1,male,35.8,1,3,34.37,S,5,0,0
5935,1,female,29.9,0,0,5.42,S,1,1,1
5937,1,male,46.7,5,2,26.16,Q,8,0,0
5938,1,female,28.2,2,1,8.68,S,4,0,0
5947,1,male,24.4,0,0,13.31,S,1,1,0
5948,1,male,26.3,5,3,41.5,S,9,0,1
5961,1,male,25.6,4,3,10.93,C,8,0,1
5976,1,male,36.1,4,4,8.62,S,9,0,0
5982,1,female,34.0,5,1,35.35,C,7,0,1
5985,1,male,44.4,5,2,38.86,S,8,0,0
5991,1,female,47.8,5,0,14.05,S,6,0,0
5993,1,male,9.0,3,2,9.52,C,6,0,0
5995,1,male,52.2,3,0,15.55,S,4,0,1
6003,1,male,39.1,2,4,8.98,S,7,0,0
6004,1,female,25.7,2,0,103.83,S,3,0,0
6007,1,female,30.5,4,0,13.2,Q,5,0,0
6008,1,male,45.7,0,4,19.76,C,5,0,1
6009,1,male,26.7,4,3,13.37,Q,8,0,0
6013,1,female,17.7,2,2,39.57,S,5,0,0
6014,1,female,8.9,3,1,73.98,S,5,0,0
6018,1,female,29.8,2,2,46.94,S,5,0,0
6023,1,male,5.8,4,1,23.74,S,6,0,0
6032,1,male,33.4,5,3,37.21,S,9,0,1
6033,1,female,43.9,3,0,14.6,S,4,0,0
6035,1,female,39.2,3,2,13.09,C,6,0,0
6037,1,male,29.4,0,3,9.39,Q,4,0,1
6049,1,female,45.5,1,2,21.81,S,4,0,1
6051,1,male,33.1,3,3,11.12,S,7,0,1
6070,1,male,46.5,3,3,23.03,C,7,0,1
6072,1,male,53.3,2,4,3.5,S,7,0,0
6073,1,male,35.1,5,2,66.4,C,8,0,0
6075,1,male,17.9,1,4,26.88,S,6,0,0
6078,1,male,24.6,1,4,121.51,S,6,0,0
6085,1,male,46.4,3,0,9.17,S,4,0,0
6091,1,female,35.9,5,3,51.45,S,9,0,1
6092,1,male,42.0,4,2,99.37,C,7,0,0
6095,1,female,26.4,4,3,15.46,S,8,0,1
6097,1,male,39.9,5,1,65.64,Q,7,0,1
6101,1,male,45.2,5,2,22.16,S,8,0,1
6104,1,male,19.1,1,0,52.93,Q,2,0,0
6105,1,male,31.0,0,2,93.24,S,3,0,0
6108,1,male,42.0,4,3,14.18,C,8,0,0
6111,1,female,21.8,0,0,0.78,S,1,1,0
6113,1,male,22.8,2,3,1.72,S,6,0,0
6114,1,male,3.3,0,4,3.93,C,5,0,0
6115,1,female,14.7,4,0,0.59,S,5,0,1
6121,1,male,20.6,2,0,31.5,S,3,0,0
6128,1,female,38.0,0,3,56.84,S,4,0,0
6131,1,female,16.4,3,3,37.99,Q,7,0,1
6135,1,male,20.3,0,1,35.72,C,2,0,0
6138,1,male,40.0,2,4,14.77,S,7,0,1
6139,1,male,15.7,2,1,24.82,C,4,0,1
6141,1,male,36.3,2,1,9.39,C,4,0,0
6142,1,male,39.1,2,0,12.19,C,3,0,0
6154,1,male,21.8,0,1,65.18,S,2,0,0
6159,1,male,38.3,4,2,47.11,S,7,0,1
6160,1,female,0.0,2,1,17.04,S,4,0,0
6161,1,female,10.3,0,2,1.6,S,3,0,0
6163,1,female,45.5,1,4,99.63,C,6,0,0
6167,1,male,36.1,4,4,27.45,S,9,0,1
6172,1,female,17.0,0,4,1.08,S,5,0,0
6173,1,female,30.9,5,0,5.38,S,6,0,1
6176,1,male,16.9,4,4,34.61,S,9,0,0
6180,1,female,36.2,0,0,4.09,S,1,1,0
6182,1,male,58.6,5,2,30.8,S,8,0,0
6185,1,female,47.4,2,0,6.77,S,3,0,1
6187,1,female,41.3,3,2,1.64,S,6,0,0
6195,1,male,27.2,5,1,44.66,S,7,0,0
6199,1,male,8.3,1,2,26.32,S,4,0,0
6200,1,male,43.7,0,3,18.17,S,4,0,1
6204,1,male,56.8,2,2,58.02,S,5,0,0
6205,1,female,29.3,1,2,40.1,S,4,0,1
6208,1,male,13.7,4,0,21.2,Q,5,0,0
6209,1,male,42.8,4,2,26.59,C,7,0,0
6215,1,female,20.7,0,1,78.47,S,2,0,1
6227,1,female,10.1,5,2,0.55,S,8,0,1
6228,1,female,15.2,3,4,24.46,Q,8,0,1
6231,1,female,29.7,4,2,60.89,S,7,0,1
6235,1,female,45.5,0,0,12.49,S,1,1,1
6237,1,male,34.5,2,0,3.44,S,3,0,1
6242,1,female,25.8,1,0,4.44,S,2,0,0
6247,1,male,25.3,1,0,9.67,S,2,0,1
6248,1,male,29.8,5,1,9.93,S,7,0,1
6249,1,male,23.4,2,2,44.15,S,5,0,0
6251,1,female,26.8,4,4,27.25,C,9,0,0
6252,1,male,28.3,5,2,9.17,S,8,0,0
6255,1,female,42.1,2,2,155.99,S,5,0,0
6260,1,male,40.8,4,2,35.58,S,7,0,0
6266,1,male,29.7,0,0,12.27,S,1,1,1
6271,1,female,11.2,2,4,8.37,C,7,0,1
6275,1,female,53.7,0,0,23.83,S,1,1,1
6278,1,male,55.6,5,0,28.46,S,6,0,1
6279,1,female,43.2,0,2,14.38,Q,3,0,0
6288,1,male,14.3,5,3,8.05,S,9,0,1
6293,1,male,38.9,4,1,66.72,S,6,0,0
6304,1,female,78.5,4,0,34.43,S,5,0,0
6306,1,male,48.5,1,2,18.41,S,4,0,0
6307,1,male,16.3,0,0,1.71,S,1,1,0
6316,1,male,31.4,2,1,16.24,S,4,0,1
6317,1,male,34.4,0,3,31.78,S,4,0,0
6320,1,female,41.0,2,1,32.36,S,4,0,0
6331,1,male,27.6,2,0,65.07,S,3,0,1
6332,1,male,29.0,2,1,62.37,S,4,0,0
6337,1,male,62.8,1,0,3.5,C,2,0,0
6338,1,male,21.2,1,0,12.42,C,2,0,0
6340,1,male,38.4,0,1,28.09,S,2,0,0
6350,1,male,31.5,1,1,18.83,C,3,0,0
6353,1,female,32.4,3,1,0.5,Q,5,0,0
6355,1,male,42.7,3,3,12.27,S,7,0,1
6358,1,male,11.2,3,2,23.09,S,6,0,1
6372,1,female,15.8,0,2,79.76,S,3,0,1
6373,1,female,13.2,0,1,113.28,S,2,0,1
6376,1,male,6.2,3,4,22.86,S,8,0,1
6380,1,male,9.6,3,4,15.98,S,8,0,0
6382,1,female,40.8,3,2,7.97,S,6,0,0
6387,1,male,19.2,4,2,39.17,S,7,0,1
6389,1,male,35.7,3,1,54.64,Q,5,0,0
6391,1,male,31.6,5,1,17.02,S,7,0,0
6395,1,female,18.6,5,3,62.06,Q,9,0,0
6397,1,male,13.1,2,2,14.94,S,5,0,0
6402,1,male,47.2,3,0,3.33,S,4,0,0
6414,1,male,64.2,4,2,30.54,S,7,0,0
6416,1,male,42.5,5,0,34.44,S,6,0,0
6418,1,male,44.0,0,0,24.17,S,1,1,1
6421,1,female,39.9,4,3,10.18,Q,8,0,0
6424,1,female,28.4,4,2,5.25,S,7,0,0
6427,1,female,29.1,4,3,57.23,C,8,0,1
6439,1,male,24.2,2,4,38.19,C,7,0,0
6441,1,male,34.8,5,4,51.16,S,10,0,0
6447,1,male,24.9,1,3,119.07,S,5,0,0
6452,1,male,35.8,1,2,20.66,C,4,0,0
6455,1,male,29.4,0,0,34.23,C,1,1,0
6456,1,male,24.1,1,2,31.23,C,4,0,0
6466,1,male,43.5,4,3,17.29,Q,8,0,0
6470,1,male,22.6,2,4,151.81,S,7,0,1
6471,1,male,18.8,1,1,117.82,Q,3,0,1
6478,1,female,16.3,1,1,30.4,S,3,0,0
6481,1,male,30.3,5,2,7.2,S,8,0,0
6482,1,male,27.2,0,2,32.59,S,3,0,1
6487,1,female,36.5,2,1,121.5,S,4,0,0
6489,1,male,34.1,3,4,4.53,S,8,0,1
6498,1,female,29.1,2,1,98.32,Q,4,0,0
6501,1,male,20.6,2,4,7.68,S,7,0,0
6503,1,male,11.6,2,0,20.21,S,3,0,0
6510,1,male,18.9,2,3,5.07,S,6,0,0
6512,1,male,10.4,1,1,23.77,S,3,0,1
6516,1,female,39.5,2,2,19.4,S,5,0,1
6517,1,male,13.9,0,2,0.96,S,3,0,1
6518,1,male,16.4,4,3,12.17,S,8,0,1
6520,1,female,42.6,3,3,41.93,S,7,0,0
6522,1,female,37.7,2,0,28.76,S,3,0,1
6523,1,male,45.0,1,2,46.54,S,4,0,0
6525,1,male,7.6,0,0,13.77,C,1,1,1
6528,1,female,17.6,4,1,18.43,S,6,0,0
6531,1,male,53.6,0,4,27.37,C,5,0,1
6532,1,male,60.4,4,1,6.07,C,6,0,1
6534,1,male,5.9,4,2,4.83,S,7,0,0
6537,1,female,41.7,3,1,18.71,S,5,0,1
6543,1,male,19.6,0,3,19.89,S,4,0,0
6556,1,female,33.8,2,3,34.38,S,6,0,0
6561,1,male,48.2,2,0,13.04,S,3,0,0
6563,1,male,7.5,4,1,47.03,S,6,0,0
6564,1,male,20.2,0,4,6.59,S,5,0,0
6567,1,female,51.1,2,2,8.4,S,5,0,0
6570,1,male,18.5,1,2,17.05,S,4,0,0
6571,1,male,21.6,4,3,16.52,S,8,0,0
6573,1,female,6.2,0,0,3.69,S,1,1,1
6579,1,female,49.2,3,3,9.45,S,7,0,0
6582,1,female,48.7,4,4,20.7,S,9,0,1
6584,1,female,24.4,4,0,0.1,S,5,0,1
6585,1,male,30.3,4,3,8.62,S,8,0,0
6589,1,male,11.5,0,4,58.31,S,5,0,1
6591,1,male,42.1,4,0,28.04,S,5,0,0
6603,1,male,12.2,2,2,15.84,S,5,0,1
6604,1,female,47.5,1,1,50.87,S,3,0,0
6612,1,female,53.4,0,0,24.84,S,1,1,0
6617,1,female,48.4,0,1,2.17,S,2,0,0
6618,1,female,37.5,3,0,69.83,C,4,0,0
6620,1,male,20.6,0,0,72.26,S,1,1,0
6621,1,female,27.4,4,2,17.96,Q,7,0,0
6625,1,male,51.9,4,4,0.64,C,9,0,0
6633,1,female,16.2,3,3,35.64,Q,7,0,0
6635,1,male,41.2,0,2,0.32,S,3,0,0
6636,1,female,25.5,0,3,58.62,S,4,0,1
6637,1,male,29.3,0,1,171.15,S,2,0,0
6639,1,female,16.5,5,3,16.21,S,9,0,0
6642,1,female,19.3,5,1,142.6,C,7,0,0
6644,1,male,27.6,4,3,23.12,S,8,0,0
6647,1,male,9.5,3,3,41.69,C,7,0,1
6650,1,male,13.2,1,2,35.88,S,4,0,0
6653,1,female,6.3,2,3,20.62,S,6,0,0
6655,1,male,19.2,4,4,19.42,S,9,0,0
6657,1,male,27.4,0,4,48.5,S,5,0,0
6660,1,male,0.0,5,2,38.86,C,8,0,0
6662,1,female,27.6,0,2,23.63,S,3,0,0
6664,1,male,35.6,5,3,23.92,C,9,0,1
6668,1,female,39.0,5,2,17.73,C,8,0,0
6676,1,male,33.8,0,2,17.32,S,3,0,1
6679,1,female,45.5,5,0,2.2,S,6,0,0
6683,1,male,40.3,3,0,10.31,S,4,0,0
6684,1,male,28.9,4,0,26.56,Q,5,0,1
6686,1,male,33.2,4,3,18.12,S,8,0,0
6694,1,male,10.9,4,2,20.25,S,7,0,0
6700,1,male,21.9,2,3,26.02,S,6,0,0
6713,1,male,43.9,4,1,7.89,C,6,0,1
6715,1,male,51.0,1,0,14.31,S,2,0,0
6722,1,male,56.5,0,4,13.51,S,5,0,1
6729,1,female,23.3,2,1,127.97,S,4,0,1
6738,1,female,28.8,3,4,15.45,S,8,0,0
6739,1,female,39.5,2,4,236.71,S,7,0,1
6740,1,male,17.1,0,4,39.79,S,5,0,0
6748,1,male,17.2,2,2,25.77,S,5,0,1
6750,1,male,29.3,5,2,90.6,S,8,0,0
6753,1,female,44.1,1,1,10.02,S,3,0,0
6755,1,male,4.8,1,4,7.15,C,6,0,0
6758,1,male,44.2,0,1,40.04,S,2,0,1
6774,1,female,25.1,5,3,62.09,S,9,0,0
6778,1,male,44.0,4,1,5.13,S,6,0,1
6779,1,female,7.3,5,1,33.43,S,7,0,0
6791,1,male,2.7,2,1,29.22,S,4,0,0
6796,1,male,18.6,5,2,12.07,S,8,0,1
6804,1,male,24.8,0,2,212.19,S,3,0,0
6805,1,male,28.5,2,0,13.63,S,3,0,1
6806,1,male,32.1,5,0,63.95,S,6,0,1
6808,1,female,28.6,2,0,173.2,S,3,0,0
6809,1,male,17.3,3,0,16.9,S,4,0,0
6810,1,female,32.1,4,4,34.54,S,9,0,1
6811,1,male,36.1,3,0,166.55,S,4,0,0
6813,1,female,48.7,2,1,31.3,S,4,0,1
6816,1,male,23.7,0,0,7.98,S,1,1,0
6820,1,male,26.3,5,2,49.9,Q,8,0,0
6823,1,female,32.1,5,1,4.11,C,7,0,1
6848,1,female,36.3,4,2,42.8,S,7,0,0
6850,1,female,29.3,0,4,25.37,S,5,0,0
6851,1,female,31.5,0,0,34.81,S,1,1,1
6856,1,male,26.1,3,4,20.8,S,8,0,1
6859,1,male,3.4,5,2,19.69,Q,8,0,1
6867,1,male,37.7,3,4,31.89,S,8,0,0
6869,1,male,21.9,4,2,37.03,C,7,0,1
6873,1,female,24.0,3,1,2.63,S,5,0,0
6875,1,male,36.9,1,4,3.74,S,6,0,0
6879,1,female,44.9,4,2,83.39,S,7,0,0
6884,1,female,19.3,1,0,1.57,C,2,0,1
6889,1,male,44.9,3,1,28.23,Q,5,0,0
6891,1,male,43.2,5,3,135.1,S,9,0,1
6896,1,female,34.7,3,3,72.72,S,7,0,1
6897,1,female,0.8,3,4,55.95,Q,8,0,0
6898,1,male,22.7,4,2,0.45,S,7,0,0
6899,1,male,25.0,4,4,50.98,S,9,0,0
6901,1,female,24.7,1,0,12.22,S,2,0,0
6913,1,male,58.7,1,3,10.38,S,5,0,0
6920,1,male,27.2,3,4,4.7,S,8,0,1
6923,1,female,23.3,0,4,5.87,S,5,0,0
6926,1,female,49.2,5,4,45.62,S,10,0,0
6932,1,female,27.2,0,4,2.69,S,5,0,0
6935,1,male,23.2,3,2,25.93,Q,6,0,0
6937,1,male,14.5,5,4,39.99,Q,10,0,1
6940,1,male,30.0,5,1,2.65,S,7,0,1
6945,1,male,39.3,5,2,23.56,S,8,0,1
6955,1,female,39.7,4,4,13.89,Q,9,0,0
6960,1,male,35.5,5,2,6.65,S,8,0,0
6962,1,male,24.4,2,3,50.94,S,6,0,1
6976,1,male,25.5,5,2,29.33,S,8,0,1
6979,1,female,37.1,0,2,27.61,S,3,0,0
6980,1,male,26.4,2,4,0.24,S,7,0,0
6994,1,male,36.2,5,1,26.81,S,7,0,1
7001,1,male,30.9,1,2,2.46,S,4,0,0
7013,1,male,16.6,1,0,31.7,S,2,0,0
7025,1,male,44.5,0,4,9.56,S,5,0,0
7030,1,male,33.6,0,3,39.29,S,4,0,1
7037,1,female,46.2,2,2,7.14,Q,5,0,0
7045,1,male,27.9,5,0,18.64,C,6,0,0
7046,1,male,65.5,4,3,10.33,S,8,0,1
7047,1,male,56.0,4,2,24.84,C,7,0,0
7049,1,male,26.3,5,2,73.5,S,8,0,0
7051,1,female,28.2,5,3,17.77,S,9,0,0
7055,1,male,38.6,5,4,25.83,S,10,0,0
7062,1,male,36.5,5,1,51.79,S,7,0,1
7069,1,male,38.9,0,4,19.08,S,5,0,0
7072,1,male,36.8,3,3,26.95,C,7,0,1
7073,1,female,1.5,3,4,44.9,C,8,0,0
7100,1,male,10.5,3,1,10.17,S,5,0,0
7102,1,female,22.2,5,3,8.15,S,9,0,1
7104,1,male,20.6,4,1,7.83,S,6,0,0
7106,1,female,32.2,3,1,23.58,S,5,0,0
7109,1,male,35.1,2,0,18.93,S,3,0,0
7121,1,female,46.7,4,4,48.63,C,9,0,0
7125,1,male,4.6,2,4,2.67,S,7,0,0
7126,1,female,34.2,2,3,80.3,S,6,0,0
7131,1,male,44.2,5,0,1.09,S,6,0,0
7136,1,male,34.6,2,1,52.68,C,4,0,1
7137,1,male,18.2,1,0,24.18,S,2,0,1
7142,1,male,14.2,4,0,31.13,C,5,0,1
7153,1,male,46.6,1,4,11.34,S,6,0,1
7161,1,male,38.7,2,4,39.01,S,7,0,0
7164,1,male,38.0,2,2,10.75,S,5,0,1
7166,1,female,24.7,2,4,14.01,S,7,0,1
7168,1,female,58.1,5,0,18.69,C,6,0,0
7172,1,male,26.4,3,2,26.63,S,6,0,0
7173,1,female,40.1,0,1,38.65,S,2,0,1
7177,1,male,56.6,5,4,30.95,S,10,0,1
7179,1,male,5.1,5,4,11.53,Q,10,0,0
7191,1,male,12.3,0,3,1.73,S,4,0,0
7192,1,male,16.8,5,4,29.65,S,10,0,0
7194,1,male,45.0,1,1,28.17,S,3,0,1
7196,1,male,40.3,1,2,2.76,S,4,0,0
7200,1,male,20.5,5,3,9.03,S,9,0,0
7201,1,male,16.7,0,3,52.87,S,4,0,0
7202,1,female,15.0,0,0,8.58,S,1,1,0
7205,1,female,16.4,1,0,54.25,Q,2,0,0
7212,1,male,26.5,4,3,30.78,C,8,0,0
7216,1,male,11.5,1,4,0.48,S,6,0,0
7222,1,female,0.0,0,3,45.1,S,4,0,0
7229,1,female,28.3,2,2,24.98,C,5,0,0
7232,1,male,33.4,1,0,10.38,S,2,0,0
7234,1,female,56.9,3,0,39.48,C,4,0,0
7239,1,male,38.6,1,1,42.67,S,3,0,0
7245,1,male,5.5,4,4,86.87,S,9,0,0
7249,1,female,43.0,4,4,9.0,S,9,0,1
7251,1,female,20.2,2,4,36.13,S,7,0,1
7254,1,female,34.8,3,3,2.41,Q,7,0,0
7255,1,female,44.3,2,0,22.45,S,3,0,0
7258,1,male,40.5,5,3,4.38,S,9,0,1
7262,1,male,37.1,0,1,11.59,C,2,0,1
7263,1,male,37.6,4,1,18.62,C,6,0,0
7269,1,male,27.6,4,1,52.11,S,6,0,0
7290,1,male,20.8,5,1,24.88,S,7,0,1
7293,1,male,23.3,1,1,5.01,Q,3,0,0
7294,1,female,52.6,5,2,18.44,S,8,0,0
7295,1,male,20.2,5,0,40.72,S,6,0,1
7298,1,female,24.7,1,1,33.78,S,3,0,0
7307,1,male,21.9,5,3,19.33,Q,9,0,0
7312,1,male,22.9,0,1,5.02,S,2,0,0
7315,1,male,28.5,0,2,14.89,C,3,0,1
7319,1,female,28.0,1,0,34.67,S,2,0,1
7322,1,male,2.8,5,4,32.98,S,10,0,0
7328,1,male,21.2,3,3,102.85,S,7,0,0
7331,1,male,24.8,2,1,75.62,S,4,0,1
7337,1,male,38.9,3,0,30.28,Q,4,0,0
7345,1,male,30.3,1,4,33.27,S,6,0,0
7346,1,female,40.4,4,1,13.43,S,6,0,0
7350,1,male,0.0,4,0,98.94,S,5,0,0
7355,1,male,30.3,5,3,7.67,S,9,0,1
7357,1,male,34.0,4,1,13.98,C,6,0,1
7367,1,male,39.2,5,3,76.73,S,9,0,0
7370,1,female,42.3,2,4,43.09,S,7,0,1
7376,1,male,17.3,4,3,5.6,S,8,0,0
7382,1,male,1.0,3,3,88.72,Q,7,0,1
7384,1,male,32.7,4,3,70.42,C,8,0,1
7385,1,male,43.1,0,0,5.9,Q,1,1,0
7389,1,male,28.9,1,3,29.15,S,5,0,0
7390,1,male,41.6,2,3,32.76,Q,6,0,1
7393,1,male,40.5,0,2,21.86,S,3,0,0
7397,1,female,15.1,3,2,10.51,S,6,0,1
7400,1,male,45.2,3,1,31.77,S,5,0,0
7401,1,male,48.9,5,1,127.24,S,7,0,1
7403,1,male,43.7,3,4,47.79,S,8,0,0
7408,1,male,57.0,0,3,31.99,S,4,0,0
7411,1,male,37.4,4,0,27.08,S,5,0,0
7415,1,male,6.0,5,4,7.31,S,10,0,0
7420,1,male,10.6,0,4,87.51,C,5,0,0
7423,1,female,45.9,5,2,32.81,S,8,0,0
7424,1,male,73.7,4,3,15.27,S,8,0,0
7425,1,female,18.9,2,0,66.84,C,3,0,0
7432,1,male,48.0,2,2,8.96,S,5,0,0
7434,1,male,39.1,5,2,2.5,S,8,0,0
7442,1,male,33.7,3,1,14.93,S,5,0,0
7445,1,male,39.2,0,0,3.51,S,1,1,1
7446,1,female,31.5,2,4,15.23,S,7,0,0
7465,1,male,38.9,2,1,15.37,S,4,0,0
7476,1,female,36.2,4,3,9.58,C,8,0,1
7479,1,male,34.4,3,2,29.97,S,6,0,0
7483,1,female,7.5,1,4,39.29,Q,6,0,0
7501,1,male,1.1,3,2,31.36,C,6,0,1
7508,1,male,21.5,2,2,0.99,S,5,0,0
7518,1,male,29.8,2,1,13.51,S,4,0,1
7521,1,male,31.0,0,3,10.84,Q,4,0,0
7525,1,male,15.5,3,0,50.04,S,4,0,0
7530,1,male,13.0,4,4,6.21,C,9,0,0
7539,1,male,31.8,5,1,23.97,S,7,0,0
7541,1,male,33.9,1,4,52.83,S,6,0,0
7556,1,male,21.8,4,1,15.91,S,6,0,0
7566,1,female,28.7,1,4,27.31,S,6,0,1
7567,1,male,31.5,3,3,6.98,Q,7,0,0
7568,1,female,24.1,2,3,102.7,S,6,0,1
7570,1,female,49.6,2,0,8.06,C,3,0,0
7582,1,male,31.7,1,0,4.62,S,2,0,0
7588,1,female,11.8,0,3,59.7,S,4,0,0
7593,1,female,36.8,1,1,9.59,S,3,0,1
7595,1,male,41.2,4,4,17.34,S,9,0,1
7609,1,female,55.0,1,3,20.18,S,5,0,0
7613,1,male,31.0,3,3,3.87,S,7,0,0
7615,1,female,27.2,0,1,8.25,Q,2,0,0
7617,1,male,45.2,0,1,32.62,S,2,0,1
7623,1,female,19.5,5,1,159.96,Q,7,0,1
7624,1,male,2.7,5,4,6.82,S,10,0,0
7629,1,male,7.3,2,2,30.62,S,5,0,1
7637,1,male,38.2,4,1,32.49,S,6,0,1
7639,1,male,31.3,4,3,3.8,S,8,0,0
7642,1,male,11.1,5,2,12.2,S,8,0,0
7643,1,female,35.3,5,4,20.7,C,10,0,0
7645,1,male,20.8,5,2,126.99,C,8,0,1
7647,1,female,22.8,3,1,10.09,S,5,0,0
7650,1,male,21.7,3,0,41.44,S,4,0,0
7655,1,female,28.7,0,0,21.01,S,1,1,1
7656,1,male,47.4,0,4,12.32,S,5,0,1
7658,1,male,19.9,4,1,33.78,S,6,0,0
7665,1,male,54.1,3,1,17.48,C,5,0,0
7668,1,female,18.6,0,1,43.71,S,2,0,1
7681,1,male,9.8,2,4,1.42,S,7,0,0
7687,1,male,48.2,0,3,6.08,S,4,0,0
7688,1,female,27.6,4,2,21.47,S,7,0,0
7696,1,female,30.5,2,1,7.1,Q,4,0,0
7700,1,male,0.0,5,2,17.74,S,8,0,1
7708,1,male,29.4,3,1,35.38,S,5,0,0
7710,1,female,50.5,1,4,0.1,S,6,0,0
7714,1,female,28.5,2,1,11.97,S,4,0,0
7715,1,male,44.8,1,2,24.27,C,4,0,1
7718,1,male,33.3,1,0,43.45,S,2,0,0
7727,1,male,30.0,1,3,4.4,C,5,0,0
7729,1,female,16.7,3,1,97.48,S,5,0,0
7731,1,male,29.8,0,1,12.01,C,2,0,0
7733,1,male,24.1,1,0,49.77,C,2,0,1
7735,1,female,38.4,0,3,30.09,S,4,0,1
7737,1,male,31.8,0,3,11.99,S,4,0,0
7738,1,male,39.4,4,0,7.59,Q,5,0,1
7741,1,female,45.3,1,4,22.65,S,6,0,0
7758,1,male,31.3,5,3,58.69,S,9,0,1
7766,1,female,26.1,5,4,12.02,C,10,0,0
7767,1,male,0.0,2,4,25.83,C,7,0,0
7781,1,female,18.2,4,3,73.73,S,8,0,0
7783,1,male,31.4,2,2,24.08,S,5,0,0
7797,1,male,34.8,5,3,2.41,S,9,0,0
7800,1,male,27.7,4,1,51.24,S,6,0,0
7811,1,female,16.7,4,0,24.35,C,5,0,0
7812,1,female,56.8,5,0,12.92,S,6,0,0
7817,1,male,0.0,0,3,65.56,S,4,0,1
7820,1,male,21.6,4,0,94.63,S,5,0,0
7824,1,male,28.3,4,1,1.75,S,6,0,0
7834,1,female,30.4,4,2,37.26,S,7,0,0
7836,1,male,50.7,1,0,7.56,S,2,0,0
7837,1,female,27.3,3,3,93.19,S,7,0,1
7839,1,male,43.5,3,0,4.81,S,4,0,1
7847,1,male,37.7,3,4,14.38,C,8,0,0
7851,1,male,15.1,4,1,76.61,S,6,0,1
7857,1,female,20.2,4,3,41.02,S,8,0,0
7858,1,female,46.7,3,1,118.45,S,5,0,0
7861,1,male,27.6,3,3,3.61,S,7,0,0
7864,1,male,36.6,5,3,1.79,S,9,0,0
7869,1,male,0.0,4,4,21.79,S,9,0,0
7876,1,male,25.2,1,4,82.12,S,6,0,1
7887,1,male,14.9,2,4,6.98,S,7,0,0
7891,1,male,26.8,3,2,124.8,S,6,0,0
7898,1,male,29.2,5,4,50.89,S,10,0,0
7900,1,female,42.9,5,4,14.16,C,10,0,0
7904,1,male,42.2,2,4,25.89,S,7,0,0
7909,1,male,26.6,5,0,6.76,Q,6,0,0
7922,1,female,42.8,5,3,15.77,S,9,0,0
7926,1,male,13.4,4,4,13.48,S,9,0,1
7931,1,female,1.9,0,0,10.87,S,1,1,1
7936,1,male,46.9,1,0,41.72,S,2,0,0
7938,1,male,27.9,2,2,4.25,Q,5,0,0
7947,1,female,39.7,3,3,76.36,S,7,0,1
7956,1,male,33.7,4,4,6.36,S,9,0,1
7958,1,male,47.2,3,4,44.92,Q,8,0,0
7964,1,male,34.8,4,3,22.97,S,8,0,0
7965,1,male,30.9,3,3,49.31,S,7,0,0
7968,1,male,25.8,3,2,62.44,S,6,0,0
7972,1,female,48.5,5,0,51.16,S,6,0,0
7983,1,male,10.2,5,1,23.26,S,7,0,0
7984,1,male,37.6,3,1,5.47,S,5,0,0
7987,1,male,16.3,5,2,18.36,S,8,0,0
7990,1,male,22.1,5,1,38.58,C,7,0,1
7992,1,male,57.4,4,3,17.49,S,8,0,0
7993,1,female,30.8,1,4,43.87,S,6,0,0
7995,1,male,23.5,4,0,40.01,C,5,0,0
8001,1,female,27.9,2,2,54.74,C,5,0,1
8005,1,female,30.9,0,0,77.09,C,1,1,0
8014,1,female,19.4,4,0,152.6,S,5,0,1
8018,1,male,31.4,3,3,0.7,Q,7,0,0
8021,1,male,37.6,2,3,9.73,S,6,0,1
8023,1,male,49.0,1,1,11.11,S,3,0,0
8028,1,male,19.7,3,2,48.45,S,6,0,0
8029,1,female,25.2,3,4,11.73,S,8,0,1
8030,1,female,23.3,4,2,23.48,S,7,0,0
8032,1,male,60.6,4,4,84.65,C,9,0,0
8034,1,male,24.5,3,2,40.97,C,6,0,1
8038,1,male,52.9,3,3,27.45,S,7,0,0
8041,1,male,43.2,0,1,20.58,S,2,0,0
8054,1,female,24.4,2,1,18.27,S,4,0,1
8058,1,female,6.7,1,3,20.35,S,5,0,0
8059,1,male,12.1,1,3,14.15,C,5,0,0
8064,1,male,15.2,2,1,3.59,S,4,0,1
8065,1,male,16.5,3,3,12.59,Q,7,0,0
8067,1,female,25.4,5,3,37.88,S,9,0,0
8069,1,female,29.3,0,0,35.19,S,1,1,0
8085,1,male,53.8,5,3,15.28,Q,9,0,1
8091,1,female,20.6,4,1,34.93,S,6,0,0
8094,1,male,49.2,4,3,4.44,S,8,0,0
8095,1,male,30.0,5,3,35.68,S,9,0,1
8103,1,male,21.9,5,0,59.57,C,6,0,0
8110,1,male,21.4,0,0,4.27,C,1,1,0
8111,1,male,39.6,2,0,4.11,S,3,0,0
8115,1,male,47.2,5,2,2.37,S,8,0,0
8122,1,male,24.6,1,1,68.23,Q,3,0,0
8123,1,female,24.0,0,1,24.18,S,2,0,1
8124,1,male,54.4,0,4,119.35,S,5,0,0
8126,1,male,30.2,3,1,103.71,Q,5,0,0
8132,1,female,15.9,3,4,5.62,C,8,0,1
8133,1,male,16.5,3,1,133.03,S,5,0,0
8136,1,male,36.8,4,2,100.36,S,7,0,0
8146,1,female,15.5,5,1,24.35,S,7,0,0
8159,1,female,47.5,2,4,9.83,S,7,0,1
8168,1,male,41.7,0,3,2.28,S,4,0,0
8182,1,female,53.8,2,1,69.55,S,4,0,0
8183,1,male,20.7,5,3,7.27,C,9,0,1
8184,1,male,42.7,0,0,3.51,S,1,1,0
8187,1,female,23.3,1,2,65.28,C,4,0,1
8188,1,female,41.2,1,0,12.03,S,2,0,0
8191,1,male,35.0,5,2,60.01,S,8,0,0
8193,1,female,30.7,0,2,3.9,Q,3,0,0
8195,1,male,4.3,1,3,43.72,C,5,0,0
8199,1,female,36.4,1,1,53.33,S,3,0,0
8206,1,female,31.6,5,4,4.84,S,10,0,0
8210,1,female,26.9,2,0,14.87,Q,3,0,0
8218,1,female,22.7,2,3,6.48,S,6,0,0
8222,1,female,22.8,1,4,11.33,C,6,0,0
8223,1,female,20.6,3,1,2.53,S,5,0,1
8224,1,female,35.4,2,2,2.49,C,5,0,0
8227,1,male,27.3,1,0,1.07,C,2,0,0
8228,1,female,39.3,2,1,108.42,S,4,0,0
8229,1,male,23.0,4,2,21.32,S,7,0,0
8231,1,male,45.3,4,2,32.25,S,7,0,0
8246,1,female,1.5,3,4,22.84,Q,8,0,0
8251,1,female,43.9,0,4,65.16,C,5,0,1
8254,1,male,42.7,3,3,68.8,S,7,0,0
8257,1,male,62.6,2,1,11.77,S,4,0,1
8258,1,female,2.3,2,2,34.13,S,5,0,0
8261,1,female,2.7,4,2,16.87,S,7,0,0
8263,1,male,56.9,2,2,0.32,S,5,0,0
8265,1,male,21.0,2,0,93.63,S,3,0,0
8266,1,female,31.9,2,3,8.35,S,6,0,1
8267,1,female,20.9,1,0,25.15,Q,2,0,0
8271,1,female,8.1,3,0,41.36,S,4,0,0
8274,1,male,45.7,2,3,34.86,S,6,0,0
8275,1,male,14.8,2,1,22.91,S,4,0,1
8276,1,female,35.8,5,3,16.58,C,9,0,0
8286,1,male,39.2,1,0,16.6,S,2,0,0
8297,1,male,17.9,1,2,61.28,S,4,0,1
8300,1,female,40.0,4,2,5.43,S,7,0,1
8307,1,male,33.5,0,0,0.43,S,1,1,0
8310,1,male,47.5,2,0,2.3,S,3,0,0
8312,1,female,24.1,1,3,125.8,Q,5,0,0
8313,1,male,18.7,1,4,40.42,S,6,0,0
8314,1,male,34.9,2,2,19.26,S,5,0,0
8322,1,female,14.9,2,0,17.65,S,3,0,0
8324,1,male,58.8,0,2,7.39,S,3,0,0
8325,1,male,21.8,1,4,16.77,S,6,0,1
8340,1,male,15.6,5,4,10.58,S,10,0,1
8345,1,female,36.8,2,4,21.03,S,7,0,1
8347,1,male,25.5,5,1,8.53,Q,7,0,0
8354,1,male,18.4,1,3,37.5,S,5,0,0
8356,1,female,37.1,4,2,19.85,S,7,0,0
8357,1,male,52.6,5,1,8.78,S,7,0,0
8361,1,male,20.4,3,0,12.23,C,4,0,0
8362,1,male,28.8,5,3,23.69,S,9,0,0
8366,1,female,0.0,3,3,39.36,S,7,0,0
8367,1,male,25.7,2,1,15.68,S,4,0,1
8368,1,female,33.9,0,4,18.79,S,5,0,0
8370,1,male,32.3,4,1,6.77,C,6,0,0
8372,1,male,32.6,4,2,13.22,S,7,0,0
8374,1,male,27.8,1,0,11.29,Q,2,0,0
8376,1,male,3.8,0,4,10.39,S,5,0,0
8379,1,male,14.9,3,1,11.76,C,5,0,0
8385,1,male,13.8,5,4,57.53,C,10,0,0
8386,1,male,20.6,2,3,131.65,C,6,0,1
8389,1,male,45.7,2,2,22.6,S,5,0,0
8399,1,female,15.8,2,2,24.88,Q,5,0,1
8405,1,female,29.4,0,2,3.23,C,3,0,0
8410,1,male,50.1,4,2,10.13,C,7,0,0
8421,1,male,49.7,0,2,9.9,C,3,0,0
8426,1,female,28.0,4,1,89.79,Q,6,0,0
8428,1,female,47.0,0,1,33.17,S,2,0,0
8429,1,male,15.8,0,3,43.4,Q,4,0,0
8433,1,male,20.7,0,1,13.25,S,2,0,1
8436,1,female,23.1,2,3,10.5,S,6,0,0
8438,1,female,58.1,0,2,6.62,S,3,0,1
8449,1,male,18.5,3,0,35.47,S,4,0,1
8450,1,male,5.1,1,3,19.1,S,5,0,1
8452,1,female,12.4,2,2,8.34,S,5,0,1
8462,1,male,12.4,1,2,48.54,S,4,0,0
8463,1,female,38.1,1,0,20.51,S,2,0,1
8464,1,male,7.9,0,1,36.56,S,2,0,1
8465,1,female,28.1,0,1,20.6,Q,2,0,0
8477,1,male,9.5,1,3,110.81,C,5,0,1
8480,1,male,32.1,5,2,95.49,S,8,0,0
8495,1,female,25.2,5,2,34.48,S,8,0,1
8504,1,female,35.5,1,3,4.76,C,5,0,0
8505,1,male,44.6,2,0,18.28,S,3,0,1
8510,1,female,24.0,2,2,34.39,C,5,0,0
8513,1,female,47.9,2,4,57.3,S,7,0,1
8514,1,male,16.3,0,0,27.32,C,1,1,0
8517,1,male,42.4,4,1,0.12,C,6,0,1
8523,1,male,22.9,4,2,43.34,S,7,0,0
8524,1,male,30.0,2,4,28.91,S,7,0,0
8530,1,female,33.4,2,2,89.22,Q,5,0,1
8532,1,male,45.9,1,4,44.93,S,6,0,0
8534,1,female,26.7,5,1,87.05,S,7,0,0
8535,1,female,17.5,5,3,3.01,S,9,0,0
8536,1,male,20.1,5,1,38.72,C,7,0,0
8538,1,male,1.0,1,1,29.33,C,3,0,0
8553,1,male,19.4,3,4,74.89,S,8,0,0
8554,1,male,30.6,3,4,16.42,Q,8,0,0
8557,1,male,43.1,2,0,15.43,Q,3,0,0
8580,1,male,26.9,1,3,6.44,S,5,0,0
8585,1,female,47.2,1,3,37.35,S,5,0,0
8593,1,male,47.3,2,3,18.66,S,6,0,1
8596,1,female,21.4,4,1,52.54,C,6,0,0
8597,1,male,39.4,0,2,135.01,S,3,0,0
8598,1,female,3.5,2,2,20.19,S,5,0,0
8604,1,male,29.1,2,1,83.06,S,4,0,0
8610,1,male,45.0,4,3,54.91,S,8,0,0
8613,1,male,0.0,0,2,27.28,S,3,0,0
8616,1,male,24.2,0,4,13.5,S,5,0,1
8623,1,male,13.1,0,1,17.14,S,2,0,1
8631,1,female,45.6,2,1,27.93,Q,4,0,0
8639,1,female,35.7,2,2,23.7,C,5,0,0
8640,1,male,41.4,3,2,86.67,C,6,0,1
8642,1,male,41.7,1,4,66.53,S,6,0,0
8647,1,female,12.1,2,1,10.3,S,4,0,0
8651,1,female,50.6,3,0,14.2,S,4,0,0
8656,1,male,47.9,0,4,91.76,S,5,0,0
8661,1,female,41.4,3,0,6.98,C,4,0,0
8667,1,female,27.1,2,4,51.59,S,7,0,0
8668,1,female,52.2,4,0,47.7,Q,5,0,0
8679,1,male,13.8,0,0,25.16,C,1,1,0
8684,1,male,0.0,0,4,13.56,S,5,0,0
8686,1,male,35.1,2,1,9.45,S,4,0,0
8688,1,female,47.0,4,2,42.78,S,7,0,0
8691,1,male,33.3,2,1,0.65,S,4,0,1
8699,1,male,25.8,0,3,16.22,S,4,0,0
8706,1,male,49.3,1,0,6.36,S,2,0,1
8708,1,female,39.7,0,2,18.87,S,3,0,0
8709,1,male,14.6,2,2,33.56,S,5,0,1
8717,1,male,44.9,3,0,30.77,Q,4,0,1
8719,1,male,35.3,2,0,20.64,Q,3,0,0
8721,1,female,23.5,3,0,32.62,S,4,0,1
8727,1,male,35.0,5,1,19.86,S,7,0,0
8743,1,female,45.5,3,3,14.8,S,7,0,0
8744,1,male,56.3,1,1,12.77,S,3,0,0
8745,1,male,34.1,1,4,62.26,S,6,0,0
8746,1,male,20.7,3,2,21.31,S,6,0,0
8751,1,female,26.3,0,3,1.55,Q,4,0,0
8754,1,female,32.0,4,0,1.09,S,5,0,1
8755,1,female,39.4,0,4,0.83,S,5,0,1
8757,1,female,29.6,0,0,9.26,C,1,1,0
8759,1,female,25.0,2,2,45.13,S,5,0,0
8760,1,female,9.5,4,2,1.18,S,7,0,0
8763,1,male,52.0,0,3,12.01,S,4,0,1
8764,1,female,27.3,1,2,7.02,C,4,0,0
8770,1,male,31.4,5,3,12.48,S,9,0,0
8775,1,male,41.0,3,0,24.77,S,4,0,0
8781,1,female,34.2,0,3,81.55,S,4,0,1
8784,1,male,35.6,4,2,25.44,S,7,0,0
8788,1,male,35.6,4,3,1.42,S,8,0,0
8790,1,male,14.7,1,3,16.44,S,5,0,1
8794,1,female,33.3,5,0,76.73,S,6,0,0
8807,1,female,15.4,2,1,27.31,S,4,0,1
8809,1,male,19.7,4,1,62.89,S,6,0,0
8814,1,male,26.8,3,0,3.7,S,4,0,1
8824,1,male,18.9,3,2,2.47,S,6,0,1
8831,1,male,3.0,0,0,16.99,S,1,1,0
8833,1,male,25.6,3,1,55.48,S,5,0,0
8841,1,male,40.0,3,2,11.65,S,6,0,1
8851,1,male,48.8,4,0,115.68,S,5,0,0
8854,1,male,29.4,3,2,107.05,S,6,0,0
8858,1,male,23.8,0,3,21.52,C,4,0,0
8859,1,male,16.9,0,4,55.34,S,5,0,1
8860,1,male,28.3,3,4,50.65,C,8,0,0
8863,1,male,29.4,5,2,38.84,S,8,0,0
8866,1,female,32.5,4,3,25.28,S,8,0,0
8868,1,female,21.9,0,4,0.16,S,5,0,1
8884,1,male,19.7,3,1,25.61,S,5,0,1
8887,1,female,36.0,3,2,80.76,S,6,0,1
8894,1,female,38.7,0,2,34.98,S,3,0,0
8902,1,female,4.1,3,2,5.3,S,6,0,1
8903,1,female,39.9,2,3,32.0,Q,6,0,1
8905,1,female,35.9,5,0,5.17,S,6,0,1
8912,1,male,9.0,4,0,50.84,S,5,0,1
8915,1,female,13.4,1,0,47.78,S,2,0,0
8918,1,male,6.6,5,4,9.84,C,10,0,0
8921,1,male,30.0,3,4,29.8,C,8,0,0
8928,1,male,40.2,1,3,4.25,S,5,0,0
8930,1,female,54.4,2,4,84.02,S,7,0,0
8932,1,male,26.7,1,2,4.34,S,4,0,0
8934,1,female,18.1,2,2,27.49,C,5,0,0
8943,1,female,43.4,4,4,15.51,S,9,0,1
8944,1,female,10.4,2,2,43.65,S,5,0,0
8957,1,female,9.5,0,2,9.93,S,3,0,1
8961,1,male,29.1,3,3,8.59,S,7,0,0
8963,1,male,33.2,3,0,94.56,S,4,0,0
8966,1,male,34.5,0,3,24.08,S,4,0,0
8967,1,male,33.7,3,1,36.04,S,5,0,1
8969,1,female,30.6,2,1,27.11,S,4,0,0
8980,1,male,34.0,3,3,39.64,S,7,0,1
8984,1,male,39.5,5,0,33.03,S,6,0,0
8990,1,male,31.5,2,3,5.4,S,6,0,0
8992,1,female,36.8,0,4,42.57,S,5,0,0
8994,1,female,39.9,4,1,14.76,S,6,0,0
8998,1,male,39.0,2,1,38.5,S,4,0,0
9002,1,female,44.0,5,1,3.67,S,7,0,1
9009,1,male,46.7,3,4,12.01,S,8,0,0
9012,1,male,29.8,4,1,26.79,S,6,0,0
9015,1,male,26.6,3,0,32.23,C,4,0,0
9016,1,male,21.9,3,4,45.51,S,8,0,0
9019,1,female,32.5,5,2,40.75,S,8,0,1
9027,1,male,44.9,2,1,21.46,S,4,0,0
9028,1,female,40.2,4,4,55.97,S,9,0,1
9031,1,male,21.4,1,1,0.72,S,3,0,1
9032,1,male,40.0,5,4,12.49,S,10,0,0
9034,1,male,41.4,3,4,23.93,C,8,0,0
9036,1,male,8.9,4,2,22.6,S,7,0,0
9037,1,male,57.6,2,2,10.91,S,5,0,1
9046,1,male,22.1,3,0,7.27,S,4,0,0
9050,1,male,42.5,2,1,1.3,C,4,0,1
9053,1,female,49.5,5,4,10.79,S,10,0,0
9054,1,male,45.5,4,4,41.29,S,9,0,0
9057,1,male,46.6,0,2,2.02,S,3,0,0
9059,1,female,36.6,5,2,28.23,S,8,0,0
9064,1,male,27.9,4,0,38.09,Q,5,0,0
9066,1,female,51.1,0,1,19.67,S,2,0,0
9071,1,male,31.7,4,1,16.89,C,6,0,1
9073,1,male,18.5,0,4,58.45,S,5,0,0
9075,1,male,37.6,5,4,1.85,S,10,0,1
9076,1,male,15.9,0,4,150.18,S,5,0,1
9079,1,female,30.0,3,3,5.68,Q,7,0,0
9081,1,male,27.1,1,1,8.47,S,3,0,0
9082,1,male,29.4,0,0,8.03,S,1,1,0
9085,1,male,47.7,2,2,58.84,S,5,0,0
9086,1,female,48.8,3,3,26.99,S,7,0,0
9090,1,female,31.5,5,0,17.25,C,6,0,0
9102,1,male,31.4,2,1,35.12,S,4,0,0
9108,1,male,53.9,0,0,9.0,S,1,1,0
9115,1,male,44.4,3,2,6.99,Q,6,0,0
9116,1,male,14.9,1,3,69.73,Q,5,0,0
9124,1,female,29.6,3,3,3.02,Q,7,0,0
9127,1,female,28.8,2,2,17.99,S,5,0,0
9132,1,male,21.6,4,1,0.62,S,6,0,0
9134,1,male,58.1,0,1,23.06,S,2,0,1
9143,1,male,23.1,4,2,204.71,S,7,0,0
9144,1,male,25.3,0,1,6.25,S,2,0,1
9147,1,male,28.4,3,1,31.95,S,5,0,0
9148,1,male,31.3,2,2,32.18,S,5,0,0
9149,1,female,36.0,3,2,12.17,S,6,0,0
9152,1,male,44.6,4,0,25.08,S,5,0,0
9157,1,male,30.7,2,3,87.27,S,6,0,0
9163,1,male,18.9,0,1,7.24,C,2,0,0
9165,1,male,9.8,0,2,20.16,C,3,0,1
9183,1,male,37.9,1,2,16.96,S,4,0,1
9186,1,male,38.6,3,0,15.73,S,4,0,1
9193,1,male,0.0,3,3,8.6,S,7,0,1
9198,1,male,37.4,0,1,46.97,S,2,0,1
9201,1,female,22.9,2,2,15.05,C,5,0,0
9206,1,male,0.0,3,1,42.98,S,5,0,0
9208,1,male,34.0,4,0,0.84,S,5,0,1
9217,1,male,20.6,4,4,6.89,C,9,0,1
9225,1,male,11.7,2,4,27.27,C,7,0,1
9229,1,male,15.9,4,2,24.34,S,7,0,1
9230,1,male,42.4,2,4,16.7,S,7,0,0
9232,1,male,32.7,5,0,1.67,S,6,0,1
9233,1,male,17.4,5,3,36.06,S,9,0,0
9243,1,female,38.3,5,0,17.5,S,6,0,1
9257,1,male,20.9,5,4,120.64,S,10,0,0
9259,1,male,25.9,5,0,45.32,S,6,0,0
9268,1,male,29.4,4,0,143.73,S,5,0,0
9269,1,male,35.6,3,4,33.8,S,8,0,0
9271,1,male,54.5,5,4,7.21,S,10,0,0
9273,1,female,27.4,3,0,1.62,C,4,0,0
9277,1,male,27.9,0,4,10.11,S,5,0,0
9280,1,male,30.9,2,1,74.09,S,4,0,0
9283,1,female,57.6,5,2,139.32,C,8,0,0
9291,1,male,11.8,3,2,12.69,S,6,0,0
9303,1,female,34.6,1,3,8.94,S,5,0,0
9305,1,female,42.1,5,3,19.27,S,9,0,0
9306,1,female,28.4,4,2,3.29,S,7,0,0
9317,1,male,19.7,0,4,23.6,S,5,0,0
9318,1,male,47.9,4,1,98.23,S,6,0,1
9322,1,male,13.0,3,3,50.49,S,7,0,0
9327,1,male,27.7,3,1,22.05,S,5,0,0
9331,1,male,31.1,0,2,18.27,Q,3,0,1
9336,1,male,38.7,2,2,96.03,S,5,0,1
9347,1,male,27.8,4,1,16.27,C,6,0,1
9350,1,female,43.2,4,4,29.31,S,9,0,0
9351,1,male,35.8,1,0,7.38,Q,2,0,0
9353,1,female,15.3,4,2,2.67,S,7,0,0
9354,1,male,29.1,0,2,3.4,S,3,0,0
9363,1,male,40.1,2,1,4.94,S,4,0,0
9365,1,male,12.0,2,4,1.92,S,7,0,0
9366,1,female,19.5,1,1,18.78,C,3,0,0
9368,1,female,25.5,4,3,2.28,S,8,0,1
9372,1,male,11.3,2,3,95.64,Q,6,0,0
9377,1,male,25.0,5,3,3.51,S,9,0,0
9378,1,male,43.9,1,3,5.98,S,5,0,1
9380,1,male,27.0,4,3,33.96,S,8,0,0
9393,1,female,37.5,0,0,62.46,C,1,1,1
9395,1,male,46.4,3,0,2.71,S,4,0,0
9396,1,male,26.7,1,2,38.32,Q,4,0,0
9398,1,female,11.4,4,0,4.47,S,5,0,0
9401,1,male,45.0,3,1,77.21,S,5,0,0
9426,1,male,37.4,2,3,30.06,S,6,0,0
9429,1,male,17.1,2,1,28.04,S,4,0,1
9432,1,male,34.0,0,4,72.97,S,5,0,1
9435,1,male,28.6,5,2,15.83,S,8,0,0
9438,1,male,33.6,1,0,0.71,C,2,0,0
9441,1,male,10.7,0,2,1.06,S,3,0,0
9442,1,female,60.4,3,4,100.64,S,8,0,0
9443,1,male,20.6,3,2,15.71,C,6,0,0
9444,1,male,12.7,3,1,3.9,Q,5,0,0
9447,1,male,23.5,2,3,206.82,S,6,0,1
9448,1,male,30.7,4,1,4.6,S,6,0,0
9452,1,male,27.4,1,3,15.47,S,5,0,0
9455,1,male,18.9,3,3,32.0,C,7,0,0
9458,1,male,32.0,0,2,8.32,C,3,0,1
9467,1,female,18.0,3,0,52.9,C,4,0,1
9473,1,male,26.9,4,3,34.3,S,8,0,0
9481,1,male,22.6,5,4,63.03,S,10,0,0
9486,1,male,25.9,5,3,33.84,S,9,0,0
9491,1,male,28.0,5,0,4.18,Q,6,0,0
9492,1,male,44.6,1,2,2.56,C,4,0,0
9493,1,female,22.2,2,1,33.12,S,4,0,0
9494,1,male,11.2,0,0,50.36,S,1,1,1
9496,1,male,25.7,1,0,11.47,C,2,0,0
9500,1,male,39.3,2,1,2.95,S,4,0,0
9505,1,female,20.5,1,1,45.98,S,3,0,0
9506,1,female,0.0,5,3,26.16,S,9,0,0
9513,1,male,29.8,1,3,34.05,S,5,0,1
9515,1,male,46.2,5,0,85.1,S,6,0,0
9526,1,female,28.3,4,3,35.82,S,8,0,1
9527,1,male,33.0,5,1,39.75,S,7,0,0
9528,1,male,44.0,4,0,28.28,S,5,0,1
9534,1,male,7.1,3,2,16.83,S,6,0,0
9538,1,female,8.6,3,2,56.67,S,6,0,0
9542,1,female,30.1,5,0,37.83,S,6,0,0
9549,1,female,25.6,0,3,5.31,S,4,0,1
9550,1,female,0.0,0,2,23.4,S,3,0,0
9555,1,male,2.2,5,2,21.19,C,8,0,1
9556,1,male,23.3,3,0,5.23,S,4,0,0
9565,1,female,28.1,4,1,29.47,S,6,0,0
9569,1,male,35.8,0,3,3.81,Q,4,0,1
9570,1,female,46.5,4,2,2.63,Q,7,0,0
9578,1,male,36.8,5,3,5.61,C,9,0,0
9579,1,female,43.7,4,4,39.84,S,9,0,0
9581,1,male,29.1,3,2,31.03,S,6,0,0
9587,1,female,33.6,3,2,44.76,S,6,0,0
9594,1,female,18.7,2,0,38.72,Q,3,0,0
9599,1,female,47.3,2,3,19.54,S,6,0,0
9616,1,male,15.9,4,4,2.67,S,9,0,1
9617,1,female,28.0,0,3,1.88,S,4,0,1
9620,1,female,14.5,4,1,12.3,S,6,0,0
9624,1,female,27.0,5,0,26.48,S,6,0,0
9625,1,male,29.1,1,2,11.88,C,4,0,0
9627,1,male,40.3,5,4,64.59,Q,10,0,1
9629,1,male,18.9,1,0,17.83,C,2,0,0
9633,1,male,14.3,5,2,42.69,S,8,0,1
9636,1,male,45.8,3,0,34.52,Q,4,0,1
9640,1,female,1.5,3,4,73.98,S,8,0,0
9641,1,male,5.9,1,2,2.96,S,4,0,0
9647,1,male,33.9,1,1,2.07,S,3,0,0
9649,1,male,24.5,2,0,105.76,Q,3,0,0
9651,1,female,33.9,4,4,10.39,C,9,0,0
9652,1,male,16.1,3,1,13.39,S,5,0,0
9655,1,male,18.4,1,1,79.89,C,3,0,0
9658,1,female,39.6,5,2,108.83,S,8,0,1
9659,1,male,52.1,5,0,4.3,S,6,0,1
9670,1,female,38.9,4,1,27.58,S,6,0,0
9684,1,female,21.3,5,2,10.79,S,8,0,0
9693,1,female,20.8,5,1,7.28,S,7,0,1
9695,1,male,66.6,2,2,8.67,S,5,0,0
9699,1,female,13.3,0,1,28.8,C,2,0,1
9711,1,male,46.5,5,2,13.71,S,8,0,1
9715,1,male,41.8,0,2,24.06,Q,3,0,0
9719,1,female,33.1,5,0,13.87,Q,6,0,1
9725,1,female,25.3,3,3,34.32,S,7,0,1
9729,1,male,28.6,1,1,34.97,C,3,0,0
9731,1,female,20.4,5,4,23.68,S,10,0,1
9733,1,female,20.8,1,1,2.31,S,3,0,1
9735,1,male,27.9,5,2,11.5,S,8,0,0
9742,1,male,54.1,4,0,2.87,S,5,0,1
9746,1,female,58.3,1,1,25.34,Q,3,0,1
9753,1,male,26.3,5,2,50.45,S,8,0,1
9756,1,female,16.1,0,2,10.17,S,3,0,0
9757,1,female,25.8,3,4,54.34,S,8,0,1
9758,1,male,17.7,5,2,30.37,C,8,0,0
9760,1,male,47.0,3,0,2.19,C,4,0,1
9766,1,female,14.1,1,2,5.39,S,4,0,1
9771,1,female,41.0,2,3,132.27,S,6,0,0
9773,1,male,32.9,5,1,87.28,S,7,0,0
9774,1,male,8.1,1,0,16.57,S,2,0,1
9783,1,male,35.6,0,4,5.35,Q,5,0,1
9789,1,male,30.1,5,0,0.72,C,6,0,0
9791,1,male,35.7,4,1,37.17,C,6,0,0
9810,1,female,36.0,5,2,32.56,Q,8,0,0
9821,1,male,37.1,1,4,20.18,S,6,0,1
9827,1,male,31.6,3,4,20.55,S,8,0,0
9830,1,female,8.8,5,4,82.55,S,10,0,0
9835,1,male,3.2,2,4,6.66,Q,7,0,0
9844,1,male,35.7,0,1,58.97,S,2,0,0
9847,1,male,21.9,0,4,52.85,Q,5,0,0
9848,1,female,47.4,4,0,19.37,C,5,0,0
9857,1,male,29.3,3,2,0.2,Q,6,0,0
9860,1,male,28.3,0,1,42.82,C,2,0,1
9864,1,female,31.9,0,3,6.47,S,4,0,1
9868,1,male,17.7,0,1,2.56,S,2,0,1
9872,1,male,28.1,4,1,42.51,C,6,0,0
9874,1,male,13.6,1,0,48.54,S,2,0,0
9877,1,female,4.3,4,1,2.26,S,6,0,0
9879,1,female,30.6,2,3,18.69,S,6,0,0
9881,1,female,31.2,4,4,0.58,S,9,0,0
9882,1,male,10.6,1,4,24.18,S,6,0,0
9885,1,male,5.4,3,4,8.7,S,8,0,1
9886,1,male,12.9,4,2,30.12,S,7,0,1
9887,1,male,15.0,2,1,139.23,C,4,0,1
9892,1,female,30.9,3,1,31.31,Q,5,0,1
9894,1,male,19.2,3,0,4.2,S,4,0,1
9898,1,male,23.6,0,2,27.55,C,3,0,1
9899,1,female,43.1,3,4,12.07,Q,8,0,0
9902,1,male,19.3,1,2,10.63,S,4,0,0
9903,1,male,22.7,4,2,15.27,S,7,0,0
9909,1,male,29.4,4,4,56.34,S,9,0,0
9911,1,male,10.3,3,1,30.37,S,5,0,1
9912,1,female,22.2,2,1,61.32,S,4,0,0
9913,1,male,13.9,4,2,45.55,S,7,0,0
9922,1,male,16.2,1,2,16.86,S,4,0,0
9924,1,male,20.9,0,3,11.98,S,4,0,0
9938,1,male,38.3,3,0,20.64,Q,4,0,1
9939,1,female,43.2,0,1,35.43,S,2,0,1
9940,1,female,50.6,2,4,9.14,Q,7,0,1
9941,1,male,10.1,1,2,25.84,S,4,0,0
9946,1,male,0.0,0,3,23.05,S,4,0,0
9948,1,female,7.8,3,4,47.94,S,8,0,0
9950,1,female,31.5,1,2,46.75,S,4,0,0
9952,1,male,51.1,1,4,16.08,S,6,0,0
9960,1,male,38.7,1,1,11.65,S,3,0,0
9966,1,female,36.9,1,2,27.52,S,4,0,1
9971,1,male,8.7,3,3,3.25,S,7,0,1
9973,1,female,37.0,0,4,82.9,Q,5,0,0
9975,1,male,29.0,4,3,4.6,S,8,0,0
9976,1,male,53.5,3,4,17.5,C,8,0,0
9991,1,male,29.8,5,3,1.88,S,9,0,0
9993,1,male,55.8,5,4,18.27,Q,10,0,1
9994,1,female,23.7,4,3,41.85,S,8,0,0
10000,1,male,43.1,2,0,1.7,C,3,0,0
10001,1,male,37.5,5,2,9.73,C,8,0,0
10005,1,male,25.3,0,1,118.67,S,2,0,1
10006,1,male,27.2,1,1,16.59,S,3,0,0
10009,1,male,46.3,1,2,37.11,C,4,0,1
10013,1,female,49.7,4,1,11.13,S,6,0,0
10014,1,male,17.0,5,4,3.94,S,10,0,0
10020,1,male,23.0,5,4,17.62,S,10,0,0
10021,1,female,48.5,1,1,5.41,S,3,0,0
10028,1,female,26.9,1,4,10.92,Q,6,0,1
10036,1,female,0.0,4,4,12.03,C,9,0,1
10043,1,male,10.8,3,2,53.83,C,6,0,0
10044,1,male,38.3,2,1,36.18,C,4,0,1
10045,1,female,0.0,2,0,64.56,S,3,0,0
10046,1,male,36.6,3,1,30.61,S,5,0,0
10055,1,male,5.3,0,4,77.47,Q,5,0,0
10059,1,male,31.5,0,3,5.02,S,4,0,0
10060,1,male,30.1,0,1,3.28,S,2,0,0
10070,1,female,55.3,2,4,5.11,S,7,0,1
10071,1,male,0.0,0,2,0.22,S,3,0,1
10073,1,female,35.6,3,0,16.23,S,4,0,0
10093,1,female,44.7,2,3,26.83,S,6,0,1
10095,1,female,13.5,0,4,27.09,S,5,0,0
10100,1,male,59.4,0,2,45.63,S,3,0,1
10103,1,female,38.8,5,3,20.41,S,9,0,0
10106,1,male,46.2,5,2,32.78,S,8,0,0
10109,1,female,40.2,0,1,32.54,S,2,0,0
10114,1,male,26.7,4,2,36.27,S,7,0,0
10116,1,female,29.7,4,1,84.98,S,6,0,0
10129,1,female,20.0,5,0,9.52,C,6,0,1
10134,1,female,5.2,5,4,70.54,S,10,0,0
10135,1,female,17.8,5,4,8.83,S,10,0,0
10140,1,male,15.1,0,3,8.94,S,4,0,0
10144,1,male,32.6,2,3,65.35,S,6,0,1
10145,1,male,13.4,0,3,13.56,S,4,0,1
10146,1,female,25.2,4,3,49.46,C,8,0,1
10148,1,female,4.1,4,0,42.24,C,5,0,1
10149,1,male,11.1,2,3,36.15,S,6,0,0
10163,1,male,29.4,1,0,30.43,S,2,0,0
10167,1,male,26.0,4,0,42.57,S,5,0,0
10169,1,male,31.2,0,0,1.51,S,1,1,0
10172,1,male,18.4,2,3,29.09,S,6,0,0
10192,1,female,49.0,0,1,87.88,S,2,0,0
10193,1,female,22.7,3,1,23.62,C,5,0,1
10196,1,male,24.6,2,1,75.68,S,4,0,1
10203,1,male,15.3,0,2,23.97,Q,3,0,0
10205,1,male,13.0,4,1,9.29,S,6,0,0
10211,1,male,0.0,0,3,30.2,Q,4,0,0
10214,1,male,2.2,0,1,87.72,S,2,0,1
10215,1,male,13.3,1,1,6.73,S,3,0,1
10232,1,male,19.7,1,2,75.48,S,4,0,1
10238,1,female,31.3,2,4,52.9,S,7,0,1
10242,1,male,10.9,4,4,40.44,S,9,0,0
10244,1,female,18.2,4,3,6.15,S,8,0,0
10248,1,female,22.8,1,4,12.13,S,6,0,1
10249,1,female,25.1,5,0,4.32,C,6,0,0
10258,1,male,29.4,3,0,26.31,S,4,0,1
10265,1,male,10.9,5,2,16.37,S,8,0,0
10267,1,female,0.9,4,3,39.27,S,8,0,0
10268,1,male,5.4,2,1,55.14,S,4,0,0
10284,1,male,57.6,3,4,18.69,S,8,0,0
10285,1,male,43.0,0,1,10.1,S,2,0,0
10290,1,female,39.9,0,2,5.04,S,3,0,0
10291,1,male,14.5,3,4,65.79,S,8,0,0
10294,1,male,23.7,0,0,1.6,S,1,1,0
10297,1,female,26.2,5,3,87.1,S,9,0,0
10303,1,female,11.3,0,4,24.28,S,5,0,1
10305,1,female,17.4,0,2,56.4,S,3,0,1
10311,1,female,42.9,4,2,2.75,S,7,0,0
10315,1,male,10.1,2,3,24.66,S,6,0,0
10316,1,male,0.0,2,0,28.57,C,3,0,0
10318,1,female,19.0,2,2,69.4,S,5,0,1
10320,1,male,27.8,5,3,52.42,S,9,0,0
10321,1,male,38.3,2,0,99.04,S,3,0,0
10326,1,female,55.2,2,3,63.55,C,6,0,0
10327,1,female,31.5,3,0,21.32,S,4,0,0
10328,1,male,28.2,3,3,54.92,S,7,0,0
10330,1,male,54.2,3,2,27.51,Q,6,0,1
10332,1,female,35.2,0,2,72.65,S,3,0,0
10347,1,female,26.6,2,4,60.08,Q,7,0,1
10348,1,male,11.8,0,0,102.9,S,1,1,0
10355,1,male,28.3,0,3,14.94,C,4,0,0
10356,1,female,62.5,2,3,15.39,C,6,0,1
10359,1,male,13.4,0,0,12.05,S,1,1,1
10374,1,male,49.9,1,0,1.85,Q,2,0,1
10379,1,male,34.4,2,1,22.46,S,4,0,1
10380,1,female,30.8,5,3,60.68,S,9,0,1
10390,1,male,8.3,3,4,57.83,S,8,0,1
10402,1,female,17.9,5,3,45.1,S,9,0,0
10406,1,female,27.3,4,3,126.99,S,8,0,0
10410,1,male,34.1,1,4,32.42,S,6,0,1
10415,1,female,22.4,0,0,20.64,S,1,1,1
10423,1,male,30.7,4,4,61.97,S,9,0,0
10425,1,male,15.6,0,1,55.73,S,2,0,1
10426,1,male,36.6,2,1,21.1,S,4,0,0
10427,1,male,33.0,3,2,28.69,C,6,0,1
10431,1,male,32.2,0,2,15.75,S,3,0,0
10436,1,male,13.9,2,0,47.74,C,3,0,0
10445,1,male,28.1,2,1,5.3,S,4,0,1
10448,1,female,56.4,0,4,11.66,S,5,0,0
10455,1,male,53.2,2,2,8.65,S,5,0,0
10458,1,male,31.2,0,4,34.7,S,5,0,0
10461,1,male,0.0,0,1,66.95,C,2,0,0
10466,1,male,10.2,4,2,12.3,S,7,0,0
10470,1,female,37.5,4,0,55.11,S,5,0,0
10476,1,female,39.2,2,2,132.37,C,5,0,0
10479,1,female,40.9,3,4,21.86,S,8,0,0
10480,1,male,21.3,4,4,10.19,C,9,0,0
10481,1,male,46.4,3,4,32.93,C,8,0,1
10482,1,male,23.4,0,0,59.75,S,1,1,1
10484,1,female,16.4,1,1,0.1,S,3,0,0
10491,1,female,37.3,2,3,26.95,S,6,0,0
10494,1,male,22.2,4,1,30.94,C,6,0,0
10507,1,male,13.0,3,0,23.64,C,4,0,0
10508,1,female,5.6,3,4,13.01,S,8,0,1
10514,1,male,47.0,3,4,17.34,S,8,0,1
10515,1,female,43.6,2,0,26.91,S,3,0,0
10522,1,female,19.0,1,3,27.63,S,5,0,1
10525,1,female,28.0,5,1,9.12,S,7,0,1
10526,1,male,15.8,3,1,105.45,S,5,0,0
10528,1,male,29.0,0,3,3.31,Q,4,0,1
10530,1,male,30.9,0,3,33.6,S,4,0,1
10533,1,male,12.8,2,3,24.98,S,6,0,0
10544,1,male,39.5,4,1,10.09,S,6,0,1
10545,1,male,37.4,0,2,13.34,S,3,0,0
10551,1,male,27.4,4,4,3.7,Q,9,0,0
10554,1,male,31.1,3,4,101.25,S,8,0,1
10561,1,male,30.5,4,4,14.45,C,9,0,1
10572,1,male,32.5,1,2,59.22,Q,4,0,0
10574,1,female,14.2,3,0,35.1,Q,4,0,1
10575,1,male,40.9,0,4,39.2,C,5,0,1
10577,1,female,32.7,4,1,24.15,S,6,0,1
10580,1,male,17.1,1,4,15.77,C,6,0,0
10582,1,male,40.5,4,2,21.55,C,7,0,0
10586,1,female,23.5,1,4,17.46,Q,6,0,0
10588,1,female,60.2,0,1,12.09,S,2,0,1
10596,1,male,33.2,4,4,7.27,S,9,0,0
10599,1,male,43.9,0,2,148.68,Q,3,0,0
10600,1,male,38.1,2,1,5.84,S,4,0,0
10613,1,male,34.8,4,1,9.03,C,6,0,0
10616,1,male,21.2,1,2,13.47,S,4,0,1
10617,1,female,9.0,4,4,30.63,Q,9,0,1
10624,1,male,28.2,3,1,1.31,S,5,0,1
10625,1,female,26.2,4,4,14.51,S,9,0,1
10630,1,female,24.5,3,1,50.56,S,5,0,0
10638,1,male,28.2,0,1,5.86,S,2,0,1
10639,1,female,13.5,5,4,8.67,C,10,0,0
10640,1,male,28.9,0,4,53.3,S,5,0,0
10647,1,female,21.6,1,4,29.0,S,6,0,1
10652,1,male,28.9,5,4,39.02,C,10,0,1
10658,1,female,42.0,3,1,74.03,Q,5,0,0
10659,1,male,36.7,3,0,23.18,S,4,0,0
10661,1,male,23.3,3,1,15.46,Q,5,0,0
10666,1,male,16.7,3,0,17.63,Q,4,0,0
10671,1,male,46.8,2,3,8.15,S,6,0,0
10676,1,male,39.8,0,3,3.77,S,4,0,1
10677,1,female,16.3,0,2,43.11,S,3,0,0
10682,1,male,49.9,4,0,52.96,S,5,0,0
10688,1,male,30.2,4,1,37.35,S,6,0,1
10695,1,male,14.9,2,3,42.65,S,6,0,1
10701,1,male,17.3,2,2,25.06,C,5,0,0
10707,1,female,0.0,4,1,60.46,C,6,0,0
10711,1,male,11.4,0,2,34.55,C,3,0,0
10712,1,male,12.9,4,2,19.61,S,7,0,1
10713,1,male,6.7,3,3,25.62,S,7,0,1
10716,1,male,51.6,0,2,9.89,C,3,0,0
10720,1,male,19.4,2,2,21.51,C,5,0,1
10721,1,male,30.4,4,0,4.33,S,5,0,0
10722,1,female,16.7,4,2,35.87,S,7,0,0
10725,1,male,41.1,0,2,61.77,C,3,0,0
10727,1,male,32.5,5,3,1.49,S,9,0,0
10728,1,male,43.7,3,2,49.19,Q,6,0,0
10737,1,male,36.9,2,1,1.84,C,4,0,0
10740,1,male,23.4,5,3,7.36,Q,9,0,0
10742,1,male,36.7,5,1,12.91,S,7,0,0
10746,1,female,43.0,2,0,30.99,S,3,0,1
10749,1,male,31.4,1,3,118.61,Q,5,0,0
10753,1,male,27.2,4,3,57.02,S,8,0,1
10755,1,female,27.7,4,0,19.25,S,5,0,1
10759,1,male,28.7,2,0,9.66,S,3,0,1
10766,1,male,22.7,3,0,91.97,C,4,0,0
10770,1,male,26.2,2,3,36.13,S,6,0,0
10772,1,female,43.6,0,0,125.26,Q,1,1,0
10775,1,female,37.1,1,3,41.65,S,5,0,0
10782,1,male,28.9,5,4,12.48,C,10,0,1
10784,1,male,30.3,4,0,30.38,S,5,0,1
10786,1,male,50.0,2,1,37.95,S,4,0,0
10789,1,male,27.8,5,3,5.9,S,9,0,0
10798,1,male,35.6,4,0,32.74,C,5,0,1
10807,1,male,25.4,3,4,5.57,S,8,0,0
10817,1,female,22.4,4,4,2.58,S,9,0,1
10823,1,male,30.4,0,4,37.02,S,5,0,0
10826,1,male,41.4,0,4,2.7,S,5,0,0
10833,1,male,0.0,1,3,25.42,S,5,0,0
10835,1,female,19.4,5,3,178.25,S,9,0,1
10843,1,male,34.0,0,3,6.78,S,4,0,0
10847,1,male,13.3,2,4,24.36,S,7,0,1
10861,1,male,33.2,1,4,30.42,S,6,0,0
10863,1,male,9.2,3,0,71.4,C,4,0,0
10865,1,female,8.2,1,2,5.5,S,4,0,1
10866,1,male,38.8,1,4,4.06,C,6,0,0
10870,1,female,15.2,3,2,30.28,S,6,0,0
10875,1,male,28.3,4,3,4.12,S,8,0,0
10883,1,male,9.6,5,0,2.8,S,6,0,0
10888,1,female,15.1,3,1,20.83,S,5,0,1
10894,1,female,32.6,0,4,33.93,S,5,0,0
10898,1,female,38.6,4,2,48.96,S,7,0,0
10899,1,male,37.1,5,0,46.78,C,6,0,0
10903,1,male,44.7,2,0,34.0,Q,3,0,1
10905,1,male,35.2,0,2,104.91,S,3,0,0
10909,1,female,18.3,1,2,27.19,Q,4,0,0
10911,1,female,19.4,4,2,67.72,C,7,0,1
10912,1,male,39.5,2,1,52.1,C,4,0,0
10922,1,male,36.4,5,4,47.72,C,10,0,0
10923,1,male,29.5,4,1,98.38,S,6,0,0
10925,1,female,33.6,3,2,28.01,S,6,0,0
10930,1,male,58.4,0,3,35.17,Q,4,0,1
10932,1,female,61.6,4,3,3.41,S,8,0,0
10939,1,female,44.2,3,2,92.77,C,6,0,0
10948,1,male,26.8,1,3,23.73,S,5,0,0
10952,1,female,16.9,5,0,53.79,S,6,0,0
10964,1,male,24.4,4,2,17.13,S,7,0,1
10966,1,female,18.0,3,4,6.03,Q,8,0,0
10982,1,male,2.3,4,2,43.45,C,7,0,1
10989,1,male,8.1,0,0,1.25,S,1,1,1
10994,1,female,39.9,5,2,4.36,S,8,0,1
11000,1,female,46.7,1,1,112.22,S,3,0,0
11001,1,female,36.8,2,4,107.33,C,7,0,0
11006,1,male,20.2,3,2,17.81,S,6,0,1
11008,1,female,37.4,4,1,19.96,S,6,0,1
11009,1,female,56.1,0,4,6.55,S,5,0,0
11012,1,male,26.4,4,2,15.22,C,7,0,1
11015,1,male,43.0,2,3,33.2,S,6,0,1
11019,1,male,34.2,4,0,23.76,S,5,0,1
11022,1,female,18.6,0,2,41.1,C,3,0,1
11023,1,male,25.4,3,1,0.01,Q,5,0,0
11024,1,female,37.9,5,1,2.78,Q,7,0,0
11025,1,male,30.8,0,0,24.97,S,1,1,0
11033,1,female,26.7,1,2,3.69,S,4,0,1
11036,1,male,48.1,0,2,7.55,S,3,0,0
11037,1,female,26.9,5,0,31.17,S,6,0,0
11041,1,female,49.5,1,3,17.22,S,5,0,1
11050,1,female,39.6,5,3,32.9,S,9,0,0
11053,1,male,31.6,1,1,27.89,S,3,0,1
11055,1,female,29.5,2,1,19.74,S,4,0,0
11056,1,female,39.1,1,0,35.57,S,2,0,0
11067,1,female,67.7,4,4,51.3,S,9,0,0
11072,1,male,25.1,2,2,7.35,S,5,0,0
11077,1,male,26.2,3,4,8.1,C,8,0,0
11081,1,male,35.6,2,2,29.59,C,5,0,0
11082,1,male,46.8,4,4,6.91,S,9,0,0
11085,1,male,41.2,5,0,1.89,Q,6,0,0
11086,1,male,14.2,4,0,24.77,S,5,0,1
11089,1,male,26.4,4,1,4.94,S,6,0,1
11099,1,male,20.8,5,0,62.27,S,6,0,1
11105,1,male,13.5,1,3,15.14,S,5,0,0
11106,1,female,17.5,1,0,3.25,S,2,0,1
11114,1,male,33.2,3,0,31.02,C,4,0,0
11115,1,male,19.6,5,1,30.57,S,7,0,1
11116,1,male,13.9,0,2,0.87,S,3,0,1
11118,1,male,31.3,2,2,36.05,S,5,0,1
11124,1,male,21.3,4,4,45.72,S,9,0,0
11125,1,female,40.7,4,4,25.41,C,9,0,1
11126,1,male,46.3,3,1,19.66,C,5,0,1
11127,1,female,13.5,1,0,9.79,S,2,0,0
11133,1,male,38.2,1,2,3.8,S,4,0,1
11134,1,female,34.4,5,4,77.28,S,10,0,0
11139,1,male,29.0,0,3,24.96,S,4,0,1
11141,1,female,33.6,5,2,9.69,C,8,0,1
11145,1,male,18.7,2,0,68.54,S,3,0,1
11147,1,female,17.7,2,4,28.09,S,7,0,0
11152,1,male,39.6,2,2,38.63,S,5,0,0
11153,1,female,13.7,1,3,21.48,S,5,0,0
11154,1,male,67.1,5,2,13.04,S,8,0,1
11155,1,male,8.6,0,3,81.46,C,4,0,0
11157,1,male,22.2,2,1,1.4,C,4,0,0
11170,1,male,35.5,2,3,0.2,S,6,0,1
11171,1,male,23.8,2,0,14.77,C,3,0,1
11172,1,male,9.2,5,4,2.95,C,10,0,1
11177,1,female,42.1,1,4,19.68,S,6,0,1
11183,1,female,46.6,3,0,78.43,S,4,0,0
11194,1,male,36.9,0,2,61.65,S,3,0,0
11200,1,female,30.4,1,1,13.79,S,3,0,0
11208,1,male,48.9,1,2,3.68,S,4,0,0
11213,1,male,41.1,4,0,5.9,S,5,0,0
11225,1,female,4.1,3,0,13.95,C,4,0,0
11229,1,male,31.3,4,3,70.76,S,8,0,0
11236,1,male,38.5,3,2,24.04,S,6,0,0
11238,1,male,41.5,1,0,9.37,S,2,0,0
11242,1,female,21.0,5,0,69.76,S,6,0,0
11244,1,female,31.1,1,4,92.99,S,6,0,0
11248,1,female,44.1,3,0,3.83,C,4,0,0
11250,1,male,30.1,3,0,39.91,S,4,0,0
11254,1,female,48.6,0,0,71.99,S,1,1,0
11257,1,female,53.7,2,4,74.37,S,7,0,0
11268,1,male,29.5,0,0,6.44,S,1,1,1
11270,1,male,21.9,0,0,20.21,Q,1,1,0
11271,1,male,60.0,4,2,43.72,S,7,0,0
11273,1,male,14.5,5,1,12.06,S,7,0,0
11279,1,female,44.0,3,2,16.37,S,6,0,1
11297,1,male,34.2,0,4,31.34,C,5,0,0
11302,1,female,40.7,4,0,13.35,S,5,0,0
11304,1,male,45.3,3,4,27.37,S,8,0,0
11305,1,male,21.8,2,3,1.51,C,6,0,0
11310,1,male,24.3,0,0,1.02,C,1,1,0
11320,1,female,19.8,2,1,81.52,S,4,0,0
11328,1,male,22.2,3,2,19.48,S,6,0,1
11329,1,male,44.1,4,3,5.94,S,8,0,0
11333,1,female,5.6,5,0,37.68,Q,6,0,1
11337,1,male,15.1,5,4,67.86,S,10,0,0
11343,1,male,31.4,4,0,10.05,S,5,0,1
11345,1,female,20.3,4,3,101.95,S,8,0,1
11346,1,female,18.8,4,3,39.21,S,8,0,1
11349,1,female,29.7,2,1,10.85,S,4,0,1
11355,1,female,9.4,2,4,37.56,C,7,0,0
11356,1,male,52.7,0,0,33.71,S,1,1,0
11357,1,male,28.7,4,0,53.13,Q,5,0,1
11367,1,male,25.8,2,0,29.59,S,3,0,1
11370,1,male,17.3,5,3,1.32,S,9,0,1
11373,1,male,45.6,5,3,2.47,S,9,0,0
11374,1,male,36.2,4,2,11.3,C,7,0,1
11379,1,male,22.4,1,4,12.77,C,6,0,0
11380,1,male,36.2,5,1,56.28,S,7,0,0
11384,1,male,18.8,4,3,131.2,S,8,0,0
11387,1,male,15.6,0,2,26.22,C,3,0,1
11389,1,male,25.7,0,1,10.92,C,2,0,0
11395,1,male,21.1,1,1,12.42,Q,3,0,0
11411,1,male,17.5,3,0,8.98,S,4,0,0
11413,1,female,41.5,2,2,18.58,S,5,0,0
11415,1,male,11.5,1,1,42.26,S,3,0,0
11416,1,male,43.9,3,0,16.73,C,4,0,1
11428,1,male,38.5,3,1,8.94,C,5,0,0
11431,1,male,30.8,0,4,0.71,S,5,0,1
11433,1,female,0.0,0,4,30.36,S,5,0,0
11441,1,male,12.4,3,2,24.88,Q,6,0,0
11447,1,female,16.8,2,0,1.21,S,3,0,0
11448,1,male,38.5,2,3,7.5,C,6,0,0
11451,1,female,5.2,3,2,19.45,S,6,0,1
11453,1,female,22.9,3,3,0.0,S,7,0,0
11456,1,male,20.9,3,2,62.49,S,6,0,0
11458,1,female,25.2,1,2,8.45,S,4,0,1
11461,1,male,29.7,2,2,19.72,S,5,0,0
11465,1,female,17.9,3,3,9.5,S,7,0,0
11466,1,male,31.8,2,0,12.63,C,3,0,0
11475,1,male,39.2,3,0,10.51,S,4,0,0
11482,1,male,26.0,5,0,59.66,S,6,0,0
11492,1,male,35.8,1,4,0.69,S,6,0,0
11497,1,male,40.1,0,2,91.26,S,3,0,0
11505,1,male,35.3,4,0,21.07,S,5,0,1
11507,1,male,16.6,0,1,2.56,C,2,0,0
11510,1,male,35.9,3,0,3.5,S,4,0,0
11514,1,male,27.8,5,4,4.66,S,10,0,1
11520,1,female,35.8,5,1,2.66,S,7,0,1
11523,1,male,34.8,1,3,9.81,S,5,0,0
11524,1,female,28.2,0,2,20.67,S,3,0,0
11528,1,female,20.1,4,1,51.16,S,6,0,0
11530,1,male,15.7,1,0,45.01,S,2,0,1
11535,1,male,41.9,1,3,33.32,C,5,0,1
11538,1,male,10.9,2,4,1.85,C,7,0,0
11549,1,male,47.7,2,1,29.28,C,4,0,1
11552,1,female,8.6,1,2,45.98,S,4,0,1
11553,1,male,38.6,1,1,49.44,S,3,0,1
11558,1,male,36.8,3,1,4.57,Q,5,0,0
11560,1,male,64.3,2,3,61.68,C,6,0,0
11570,1,male,30.2,0,2,18.18,C,3,0,0
11575,1,male,19.1,0,0,6.0,S,1,1,0
11581,1,male,56.4,5,0,27.91,S,6,0,0
11583,1,female,26.1,0,3,2.66,S,4,0,1
11589,1,male,20.7,3,1,19.19,S,5,0,1
11591,1,male,45.5,5,2,34.73,S,8,0,1
11594,1,female,18.0,2,2,9.88,C,5,0,1
11595,1,male,22.3,1,2,117.54,C,4,0,1
11605,1,female,2.7,4,0,71.75,Q,5,0,1
11607,1,male,45.9,2,3,55.74,C,6,0,0
11611,1,male,25.9,5,0,15.05,Q,6,0,0
11614,1,male,48.2,2,3,0.08,S,6,0,0
11617,1,female,33.0,0,0,44.12,S,1,1,0
11621,1,male,17.7,4,1,22.24,S,6,0,0
11623,1,male,19.1,0,4,67.4,C,5,0,0
11625,1,male,18.7,5,4,19.14,S,10,0,0
11628,1,male,30.2,0,1,65.53,S,2,0,0
11629,1,male,26.3,2,3,51.84,S,6,0,0
11631,1,male,31.1,4,3,3.76,S,8,0,1
11637,1,female,42.8,1,0,6.47,C,2,0,1
11644,1,male,20.2,4,4,25.53,S,9,0,0
11652,1,male,23.5,5,3,5.52,C,9,0,0
11655,1,male,5.5,4,3,45.08,C,8,0,0
11659,1,female,42.0,0,2,5.0,S,3,0,0
11661,1,female,16.1,3,2,3.75,S,6,0,1
11669,1,male,42.0,4,0,79.32,S,5,0,0
11670,1,male,32.0,1,4,7.27,S,6,0,0
11671,1,male,35.9,0,3,7.29,S,4,0,0
11675,1,male,45.7,0,4,16.9,S,5,0,0
11677,1,female,35.0,3,4,58.85,C,8,0,0
11680,1,male,33.5,3,3,0.5,S,7,0,0
11691,1,male,13.7,3,0,11.82,S,4,0,0
11693,1,female,29.6,0,3,30.44,S,4,0,1
11694,1,female,27.9,2,3,24.46,C,6,0,0
11695,1,male,25.3,3,3,11.33,C,7,0,0
11696,1,male,11.3,2,2,98.12,S,5,0,0
11697,1,female,23.5,4,3,11.27,S,8,0,1
11698,1,male,19.7,0,0,16.4,S,1,1,1
11701,1,female,28.5,0,3,17.92,S,4,0,0
11703,1,male,9.4,5,2,2.35,S,8,0,0
11704,1,male,36.8,5,2,53.34,S,8,0,0
11714,1,male,31.2,4,3,47.86,S,8,0,0
11716,1,male,38.3,3,3,17.43,Q,7,0,0
11722,1,female,41.4,3,2,14.8,Q,6,0,0
11741,1,male,33.8,3,4,17.68,S,8,0,0
11749,1,male,44.0,3,4,19.05,S,8,0,0
11765,1,female,29.1,2,4,26.08,C,7,0,1
11766,1,male,21.3,2,4,2.6,S,7,0,0
11774,1,male,47.7,4,4,57.86,S,9,0,1
11783,1,male,38.0,3,0,14.87,Q,4,0,1
11785,1,male,0.0,5,2,32.79,C,8,0,1
11788,1,female,12.2,1,0,18.46,S,2,0,0
11792,1,male,27.6,5,4,16.67,S,10,0,1
11794,1,female,22.2,0,0,32.05,S,1,1,0
11797,1,female,40.1,2,3,8.33,S,6,0,0
11799,1,male,32.8,3,3,109.33,S,7,0,0
11806,1,female,40.9,2,4,16.37,S,7,0,1
11808,1,male,22.3,2,4,19.55,C,7,0,0
11811,1,male,31.8,4,1,8.91,S,6,0,1
11813,1,male,50.9,4,0,123.6,S,5,0,0
11815,1,female,15.3,4,4,16.51,Q,9,0,0
11817,1,male,27.1,5,0,60.12,Q,6,0,0
11823,1,female,16.6,5,0,3.0,S,6,0,1
11825,1,female,16.3,5,1,2.12,C,7,0,0
11826,1,male,25.4,3,4,111.27,S,8,0,0
11827,1,female,49.0,3,0,0.27,S,4,0,1
11829,1,male,20.5,2,4,2.05,S,7,0,0
11836,1,female,8.5,0,1,5.16,S,2,0,0
11840,1,female,36.6,4,3,37.49,S,8,0,0
11841,1,male,33.8,4,0,20.55,S,5,0,0
11843,1,male,24.6,4,3,34.01,C,8,0,1
11845,1,female,14.0,3,4,58.03,S,8,0,0
11849,1,female,25.4,3,3,56.55,S,7,0,1
11854,1,female,0.0,3,0,9.01,S,4,0,0
11862,1,female,21.5,5,0,0.27,S,6,0,1
11863,1,male,18.8,2,3,1.57,S,6,0,1
11867,1,male,42.4,1,4,89.44,S,6,0,0
11871,1,male,25.5,4,4,8.16,S,9,0,0
11874,1,male,41.5,1,1,26.57,S,3,0,1
11880,1,male,19.3,0,0,15.47,S,1,1,0
11881,1,male,17.0,5,4,95.89,S,10,0,0
11883,1,female,21.2,4,0,46.61,S,5,0,0
11886,1,male,14.4,3,0,65.46,S,4,0,0
11894,1,female,16.5,0,1,23.84,S,2,0,0
11895,1,male,0.6,4,4,38.74,S,9,0,0
11896,1,female,19.3,2,0,48.11,Q,3,0,0
11899,1,male,22.5,4,2,39.81,S,7,0,0
11901,1,male,26.3,3,4,3.24,C,8,0,1
11917,1,male,12.9,5,1,21.37,S,7,0,1
11921,1,male,34.3,3,2,43.14,S,6,0,0
11925,1,female,27.0,5,2,41.47,S,8,0,1
11927,1,female,36.0,1,3,4.53,S,5,0,0
11931,1,male,0.0,2,1,8.55,Q,4,0,0
11933,1,male,38.5,5,1,7.31,Q,7,0,0
11934,1,male,34.1,3,1,2.1,S,5,0,0
11940,1,male,1.0,4,4,2.45,S,9,0,0
11942,1,female,20.2,1,0,33.44,Q,2,0,0
11944,1,male,26.8,1,4,27.42,S,6,0,1
11945,1,male,26.4,1,2,16.96,S,4,0,1
11947,1,male,29.7,3,4,38.15,S,8,0,0
11948,1,male,6.0,0,4,61.25,S,5,0,0
11949,1,male,41.7,4,4,23.41,Q,9,0,1
11950,1,female,33.9,2,2,48.63,S,5,0,1
11953,1,male,33.8,3,1,36.93,C,5,0,1
11954,1,female,1.6,5,2,11.44,C,8,0,1
11959,1,male,21.7,0,3,143.68,S,4,0,1
11962,1,male,9.4,5,1,97.95,C,7,0,0
11965,1,female,51.0,4,1,14.67,C,6,0,0
11968,1,male,29.0,5,4,65.65,S,10,0,0
11971,1,male,21.7,1,4,48.78,S,6,0,0
11980,1,male,37.7,5,2,65.22,S,8,0,0
11982,1,male,12.0,3,1,1.16,S,5,0,0
11984,1,female,43.8,1,2,5.21,S,4,0,0
11987,1,female,24.1,5,1,26.6,C,7,0,0
11991,1,male,22.6,1,4,4.91,S,6,0,0
11999,1,male,24.7,2,4,21.54,C,7,0,0
12001,1,female,12.0,2,1,59.9,S,4,0,0
12005,1,male,12.5,3,2,9.52,C,6,0,1
12010,1,male,23.9,2,3,70.47,C,6,0,1
12018,1,male,25.4,4,0,15.37,C,5,0,0
12024,1,female,27.3,1,3,13.56,S,5,0,0
12027,1,male,28.0,5,1,42.56,S,7,0,0
12031,1,male,52.7,0,2,37.13,S,3,0,0
12034,1,female,23.3,0,2,77.91,S,3,0,1
12037,1,male,54.5,4,4,4.42,S,9,0,1
12041,1,female,7.3,0,3,100.32,S,4,0,0
12046,1,male,8.2,2,0,55.26,S,3,0,0
12051,1,male,17.4,4,3,7.44,S,8,0,0
12053,1,male,6.3,4,0,102.19,C,5,0,1
12055,1,male,16.6,2,4,44.65,Q,7,0,0
12056,1,male,1.2,0,2,31.46,C,3,0,1
12074,1,male,25.8,3,2,28.69,S,6,0,0
12077,1,male,68.2,0,2,20.21,S,3,0,0
12084,1,female,30.2,4,4,3.54,Q,9,0,0
12087,1,female,47.2,3,4,37.65,C,8,0,0
12094,1,female,47.3,0,4,4.38,C,5,0,0
12100,1,female,22.6,4,2,76.39,S,7,0,0
12102,1,male,25.1,4,4,35.41,Q,9,0,1
12121,1,male,28.4,5,4,50.88,S,10,0,0
12124,1,male,22.9,1,2,23.23,S,4,0,0
12134,1,female,45.1,1,1,13.47,C,3,0,0
12141,1,male,23.4,0,0,48.94,S,1,1,1
12151,1,male,51.3,5,0,39.38,C,6,0,0
12152,1,male,28.0,1,4,3.47,S,6,0,0
12159,1,male,33.1,5,1,16.62,S,7,0,0
12172,1,male,16.8,1,4,46.01,S,6,0,0
12178,1,male,0.0,3,4,81.91,S,8,0,0
12182,1,male,5.7,1,4,5.35,S,6,0,0
12184,1,male,22.9,1,2,17.64,C,4,0,0
12193,1,female,41.2,0,4,36.87,S,5,0,0
12197,1,male,13.6,3,0,15.48,S,4,0,0
12201,1,female,47.8,4,0,35.69,S,5,0,1
12204,1,male,11.9,4,2,23.2,S,7,0,0
12207,1,male,29.8,2,2,10.21,S,5,0,0
12210,1,male,42.9,3,4,0.0,S,8,0,0
12211,1,male,56.5,2,2,57.69,S,5,0,0
12214,1,female,11.6,2,4,1.72,C,7,0,1
12220,1,male,18.1,0,1,53.95,C,2,0,0
12223,1,female,44.2,4,2,3.17,S,7,0,0
12224,1,male,32.6,2,0,6.76,S,3,0,1
12225,1,male,20.8,2,0,20.39,S,3,0,0
12227,1,male,17.2,0,2,6.91,C,3,0,0
12230,1,male,38.5,5,0,17.84,C,6,0,0
12232,1,male,31.6,1,4,172.66,S,6,0,0
12233,1,male,3.2,2,1,13.62,S,4,0,0
12240,1,male,15.4,4,3,9.29,S,8,0,0
12242,1,female,56.3,5,3,1.29,C,9,0,1
12244,1,male,20.7,4,0,11.87,S,5,0,0
12247,1,male,23.8,4,2,9.17,S,7,0,0
12250,1,female,59.8,0,0,10.69,S,1,1,1
12252,1,male,37.2,4,0,3.44,S,5,0,1
12253,1,male,15.9,2,0,6.1,C,3,0,0
12254,1,male,13.1,0,2,5.5,S,3,0,1
12256,1,female,55.8,0,1,15.75,S,2,0,0
12257,1,female,21.4,3,1,63.72,S,5,0,0
12261,1,female,20.1,3,1,85.7,Q,5,0,0
12265,1,male,25.0,5,3,79.68,S,9,0,0
12269,1,male,41.6,3,4,115.26,S,8,0,0
12270,1,female,39.7,4,2,13.18,S,7,0,1
12273,1,female,33.8,5,1,18.02,C,7,0,1
12275,1,male,29.7,5,4,105.95,S,10,0,0
12279,1,male,50.4,5,0,33.58,S,6,0,0
12284,1,male,70.4,2,4,117.29,S,7,0,0
12286,1,male,46.3,4,2,29.93,S,7,0,1
12289,1,female,18.7,4,1,23.21,S,6,0,0
12299,1,male,21.5,5,1,10.38,C,7,0,0
12300,1,male,26.9,4,1,13.46,C,6,0,1
12311,1,male,50.7,4,0,82.44,S,5,0,1
12312,1,female,8.0,1,4,4.63,S,6,0,0
12313,1,female,19.8,4,4,27.37,C,9,0,0
12314,1,male,41.2,4,1,67.51,Q,6,0,1
12315,1,female,23.4,5,3,107.93,Q,9,0,0
12321,1,male,26.4,2,0,27.44,C,3,0,1
12328,1,female,49.9,0,1,32.9,S,2,0,1
12330,1,female,31.1,0,4,30.04,C,5,0,0
12334,1,male,46.6,5,1,21.08,S,7,0,0
12335,1,male,54.6,5,4,51.14,S,10,0,0
12337,1,male,21.1,5,2,60.51,S,8,0,0
12341,1,female,38.1,4,4,27.71,S,9,0,0
12347,1,female,5.8,1,1,15.66,C,3,0,1
12354,1,male,40.3,1,0,7.47,S,2,0,0
12357,1,female,42.8,1,1,88.08,S,3,0,1
12358,1,female,38.6,1,0,3.84,S,2,0,0
12361,1,male,11.0,2,3,5.78,S,6,0,0
12362,1,female,35.8,4,4,41.89,Q,9,0,1
12363,1,female,12.7,4,2,7.58,S,7,0,0
12372,1,female,22.0,2,4,6.55,C,7,0,0
12374,1,female,16.4,4,2,60.09,S,7,0,1
12375,1,male,11.7,3,1,8.68,S,5,0,1
12376,1,female,0.0,2,4,6.06,S,7,0,0
12383,1,male,24.1,3,4,8.97,S,8,0,0
12385,1,male,38.9,1,3,0.75,S,5,0,0
12396,1,male,54.0,4,3,56.4,S,8,0,0
12403,1,male,44.6,4,0,84.61,S,5,0,0
12408,1,male,34.5,5,1,6.38,S,7,0,1
12411,1,female,28.8,2,3,6.35,S,6,0,1
12415,1,male,40.3,1,1,2.24,S,3,0,0
12420,1,female,31.4,5,3,43.82,Q,9,0,1
12425,1,male,28.7,3,4,40.05,S,8,0,1
12429,1,female,9.5,2,1,26.05,S,4,0,1
12432,1,male,37.8,5,2,40.32,S,8,0,1
12434,1,male,42.1,2,4,43.28,S,7,0,0
12448,1,male,20.4,2,2,6.32,S,5,0,1
12449,1,female,23.5,5,3,35.78,S,9,0,0
12450,1,male,46.5,0,2,10.77,C,3,0,1
12454,1,male,41.9,3,1,156.56,S,5,0,0
12461,1,female,50.3,0,2,0.92,S,3,0,1
12465,1,male,24.8,1,4,2.14,S,6,0,0
12466,1,female,32.1,4,4,2.06,S,9,0,0
12472,1,female,32.3,2,0,35.05,S,3,0,0
12474,1,male,55.1,3,4,10.36,C,8,0,1
12477,1,male,10.0,3,4,22.42,S,8,0,0
12480,1,female,40.1,2,1,43.83,S,4,0,1
12481,1,female,10.8,0,1,33.87,Q,2,0,1
12492,1,female,44.2,3,4,14.37,S,8,0,0
12494,1,male,36.1,0,1,34.35,C,2,0,0
12501,1,male,36.3,3,0,12.03,S,4,0,0
12504,1,male,38.8,5,1,49.89,S,7,0,0
12507,1,male,52.9,4,0,25.61,Q,5,0,1
12514,1,female,11.4,4,4,37.95,S,9,0,1
12518,1,female,0.7,1,4,5.23,S,6,0,0
12522,1,male,29.7,3,2,19.68,S,6,0,1
12524,1,male,23.8,2,4,19.46,S,7,0,0
12530,1,male,42.3,1,4,12.83,S,6,0,0
12535,1,female,38.8,4,3,26.42,S,8,0,0
12544,1,female,0.0,0,2,14.38,S,3,0,0
12551,1,female,50.8,3,1,36.25,C,5,0,0
12553,1,male,22.8,1,2,11.89,C,4,0,1
12555,1,female,3.7,1,4,34.56,S,6,0,0
12560,1,male,8.5,2,0,9.17,S,3,0,1
12561,1,male,25.3,2,0,32.57,S,3,0,0
12571,1,male,28.1,0,3,18.39,C,4,0,1
12572,1,female,38.3,5,0,3.2,S,6,0,0
12575,1,female,7.5,2,3,29.28,S,6,0,0
12579,1,female,37.3,1,3,32.89,C,5,0,0
12582,1,female,28.1,3,2,12.82,S,6,0,1
12591,1,male,30.7,0,1,5.56,Q,2,0,1
12596,1,female,31.3,3,3,81.05,S,7,0,1
12600,1,female,49.2,1,2,31.54,C,4,0,0
12601,1,male,4.5,4,3,1.14,S,8,0,0
12602,1,female,14.8,0,3,75.43,C,4,0,0
12605,1,male,8.2,2,2,4.31,S,5,0,0
12615,1,male,41.5,5,0,8.8,S,6,0,1
12616,1,male,40.3,0,2,48.84,S,3,0,0
12618,1,male,21.6,0,3,59.09,S,4,0,0
12622,1,male,0.0,0,3,12.28,S,4,0,1
12628,1,female,30.0,4,1,25.67,C,6,0,0
12630,1,male,11.1,1,2,18.63,C,4,0,0
12631,1,male,26.5,2,4,174.88,S,7,0,0
12636,1,male,25.2,0,0,12.32,S,1,1,1
12644,1,male,40.4,5,3,2.27,S,9,0,0
12647,1,female,47.0,1,0,3.43,S,2,0,0
12651,1,female,35.4,1,4,46.33,C,6,0,0
12654,1,male,33.9,3,3,19.15,C,7,0,0
12655,1,female,8.4,0,0,38.05,C,1,1,0
12657,1,male,12.0,5,4,16.54,S,10,0,0
12663,1,male,22.7,2,1,15.89,C,4,0,1
12664,1,male,38.2,4,4,23.5,S,9,0,0
12666,1,male,39.8,4,0,58.23,S,5,0,1
12668,1,male,28.5,3,1,5.76,C,5,0,0
12669,1,female,36.5,1,3,27.79,S,5,0,0
12675,1,male,22.3,2,0,8.99,S,3,0,1
12676,1,male,29.3,2,3,69.11,S,6,0,0
12680,1,male,11.5,3,0,32.07,S,4,0,1
12681,1,male,31.3,5,0,54.34,S,6,0,1
12685,1,male,45.9,5,2,7.22,S,8,0,1
12695,1,male,22.9,5,0,1.36,S,6,0,0
12698,1,male,29.0,4,3,10.41,S,8,0,1
12703,1,male,15.2,0,4,15.45,S,5,0,1
12706,1,female,23.8,1,2,21.43,Q,4,0,0
12709,1,male,45.7,1,1,9.66,C,3,0,0
12712,1,female,12.0,3,1,87.01,S,5,0,1
12715,1,female,23.6,4,2,8.17,S,7,0,0
12717,1,male,52.5,2,4,32.73,S,7,0,1
12718,1,male,27.0,1,3,14.05,S,5,0,1
12719,1,male,32.2,5,3,14.34,S,9,0,0
12725,1,male,42.6,5,2,16.53,C,8,0,1
12727,1,male,29.1,5,4,24.51,S,10,0,1
12728,1,female,36.5,4,0,14.17,S,5,0,0
12730,1,male,42.2,4,3,12.56,S,8,0,0
12733,1,male,39.0,5,2,8.17,S,8,0,0
12739,1,male,9.7,4,4,7.76,S,9,0,1
12744,1,male,40.2,1,3,22.47,S,5,0,1
12745,1,male,23.2,1,4,0.63,S,6,0,0
12746,1,male,13.8,1,3,106.68,C,5,0,0
12750,1,female,21.9,3,1,5.52,S,5,0,0
12751,1,male,16.0,5,0,3.61,S,6,0,0
12754,1,male,30.7,1,0,79.84,S,2,0,1
12755,1,female,17.6,0,1,7.2,S,2,0,1
12757,1,male,27.1,1,0,6.58,C,2,0,1
12763,1,female,26.4,3,2,24.8,S,6,0,0
12768,1,male,53.2,1,0,51.55,S,2,0,0
12769,1,female,40.8,5,1,47.87,S,7,0,0
12776,1,male,58.4,0,1,3.11,S,2,0,0
12779,1,male,45.7,4,2,12.15,S,7,0,0
12786,1,female,30.6,5,4,9.73,C,10,0,0
12792,1,female,29.8,1,4,57.6,S,6,0,1
12793,1,male,49.9,5,4,13.36,S,10,0,1
12800,1,male,44.7,0,2,57.1,S,3,0,0
12802,1,male,34.5,5,4,37.86,S,10,0,1
12803,1,male,19.9,5,4,13.33,C,10,0,0
12807,1,male,19.4,3,2,3.11,C,6,0,0
12809,1,male,9.7,2,1,28.77,C,4,0,0
12817,1,male,40.1,5,1,22.84,S,7,0,1
12822,1,female,26.8,3,0,13.31,S,4,0,0
12828,1,male,14.4,2,3,49.07,S,6,0,0
12829,1,female,62.7,4,2,70.3,C,7,0,0
12830,1,male,52.2,5,1,1.31,S,7,0,0
12836,1,male,31.8,4,1,14.15,C,6,0,1
12839,1,male,34.9,1,3,15.56,Q,5,0,0
12844,1,male,20.6,5,4,50.67,S,10,0,0
12846,1,female,33.3,5,0,35.02,C,6,0,1
12847,1,male,36.7,2,3,20.45,S,6,0,1
12859,1,male,24.9,5,4,6.92,S,10,0,0
12860,1,male,21.1,1,2,4.97,S,4,0,0
12865,1,female,47.6,1,4,11.66,S,6,0,1
12870,1,female,31.5,2,4,44.39,S,7,0,1
12878,1,female,64.3,2,4,76.42,S,7,0,0
12880,1,female,36.7,3,2,31.04,S,6,0,1
12886,1,female,36.6,3,1,8.97,Q,5,0,0
12888,1,male,15.1,4,2,13.78,S,7,0,1
12892,1,female,2.7,4,1,5.91,S,6,0,0
12895,1,male,29.1,0,4,14.58,C,5,0,0
12902,1,male,10.7,3,2,6.58,S,6,0,0
12904,1,male,26.8,4,4,20.8,S,9,0,1
12905,1,male,23.4,3,4,87.91,S,8,0,0
12906,1,male,43.7,0,2,9.63,C,3,0,0
12919,1,male,15.7,5,0,0.55,S,6,0,0
12920,1,male,23.8,5,1,35.14,S,7,0,1
12925,1,male,38.1,0,4,7.19,S,5,0,0
12931,1,male,29.5,3,2,11.4,S,6,0,1
12937,1,male,27.8,0,0,1.67,S,1,1,0
12940,1,female,51.6,4,0,109.96,S,5,0,0
12944,1,female,5.6,0,4,72.24,S,5,0,0
12949,1,female,8.5,1,3,12.02,S,5,0,0
12953,1,male,11.4,0,0,153.98,C,1,1,0
12959,1,female,13.4,3,0,44.59,S,4,0,1
12962,1,female,33.4,1,3,9.76,Q,5,0,1
12963,1,male,47.7,4,1,40.94,S,6,0,0
12965,1,male,0.0,2,1,36.88,C,4,0,0
12974,1,male,7.2,0,4,21.58,Q,5,0,1
12984,1,male,4.2,5,4,55.47,S,10,0,0
12992,1,male,60.1,5,0,38.66,S,6,0,0
12995,1,male,31.6,4,4,63.19,Q,9,0,1
12998,1,male,14.0,0,4,37.96,S,5,0,0
12999,1,male,23.4,2,2,0.93,S,5,0,0
13009,1,male,23.4,5,2,36.08,S,8,0,0
13033,1,female,32.7,2,2,63.99,S,5,0,0
13040,1,male,4.3,4,1,24.07,S,6,0,0
13045,1,male,25.6,4,1,0.69,S,6,0,1
13047,1,female,28.4,4,0,51.77,Q,5,0,0
13048,1,male,40.5,0,3,29.61,S,4,0,1
13050,1,male,21.6,5,4,15.76,C,10,0,1
13058,1,male,43.2,0,3,29.59,Q,4,0,1
13061,1,male,61.3,2,4,7.13,S,7,0,0
13063,1,male,10.0,3,3,81.23,S,7,0,1
13065,1,male,55.1,2,0,26.09,S,3,0,0
13066,1,male,20.1,0,1,73.95,C,2,0,0
13076,1,female,41.8,2,3,6.54,S,6,0,1
13078,1,male,29.4,3,4,16.81,C,8,0,1
13080,1,male,38.3,1,1,12.9,S,3,0,0
13084,1,female,20.6,0,0,2.41,C,1,1,0
13086,1,female,28.4,2,0,59.69,C,3,0,0
13090,1,male,21.5,0,2,12.41,S,3,0,0
13091,1,male,33.1,0,1,10.59,S,2,0,0
13093,1,male,11.4,5,0,6.92,C,6,0,0
13094,1,female,45.5,2,0,33.46,S,3,0,1
13097,1,male,30.5,1,0,3.93,S,2,0,0
13100,1,male,61.3,0,4,46.19,C,5,0,0
13104,1,male,43.1,4,1,7.81,S,6,0,1
13108,1,male,8.9,5,4,20.82,S,10,0,1
13109,1,female,3.7,1,0,52.31,S,2,0,0
13126,1,male,23.1,3,0,4.65,S,4,0,0
13128,1,female,71.9,4,1,22.03,S,6,0,1
13135,1,female,14.6,3,4,40.14,S,8,0,1
13137,1,male,41.7,2,2,0.24,S,5,0,0
13138,1,male,14.8,2,1,40.32,S,4,0,1
13139,1,female,31.1,0,4,13.91,C,5,0,0
13140,1,male,21.8,0,2,11.58,S,3,0,1
13143,1,male,41.7,0,3,3.89,S,4,0,0
13145,1,male,46.4,3,3,18.85,S,7,0,1
13148,1,male,35.7,4,4,27.31,S,9,0,1
13155,1,female,12.3,2,4,60.88,S,7,0,0
13156,1,male,22.4,1,4,35.31,S,6,0,0
13158,1,female,25.2,5,1,63.2,C,7,0,1
13159,1,male,37.9,4,3,14.76,S,8,0,0
13165,1,female,23.3,1,0,33.95,Q,2,0,0
13169,1,male,0.0,2,4,7.42,S,7,0,1
13171,1,female,27.9,2,2,5.88,S,5,0,0
13174,1,female,42.5,4,2,6.82,Q,7,0,0
13177,1,male,37.1,2,3,58.37,S,6,0,0
13178,1,male,17.9,5,0,0.27,S,6,0,0
13179,1,female,15.9,1,3,60.25,S,5,0,0
13183,1,female,33.8,4,3,75.91,S,8,0,0
13184,1,male,13.3,2,3,27.51,C,6,0,0
13190,1,male,31.6,3,2,54.36,S,6,0,1
13193,1,male,50.5,5,4,56.79,C,10,0,0
13202,1,male,44.0,3,1,83.63,C,5,0,0
13207,1,male,54.7,5,0,3.08,Q,6,0,1
13208,1,male,34.3,0,0,103.85,S,1,1,0
13211,1,male,17.7,0,2,50.49,C,3,0,0
13212,1,male,35.8,4,2,21.29,S,7,0,0
13214,1,male,17.7,4,1,11.67,S,6,0,0
13216,1,male,23.0,0,1,7.79,S,2,0,0
13218,1,female,25.1,1,1,8.52,S,3,0,1
13221,1,male,46.7,5,4,17.99,S,10,0,1
13228,1,female,69.5,2,0,58.84,C,3,0,0
13230,1,female,20.0,1,4,9.15,Q,6,0,0
13235,1,female,9.1,0,2,61.3,S,3,0,1
13237,1,female,10.6,5,0,8.16,S,6,0,1
13241,1,female,47.3,1,2,4.69,C,4,0,0
13246,1,male,63.5,0,0,24.3,S,1,1,0
13249,1,male,24.9,1,3,6.6,S,5,0,0
13250,1,female,23.4,1,4,94.1,S,6,0,1
13253,1,female,47.3,2,0,30.45,S,3,0,0
13254,1,male,10.8,3,0,74.92,S,4,0,0
13259,1,male,36.0,2,2,38.81,S,5,0,0
13261,1,male,4.4,4,3,17.74,S,8,0,0
13263,1,male,42.5,4,4,7.82,S,9,0,1
13273,1,male,26.7,3,4,100.99,S,8,0,0
13275,1,female,59.3,0,1,11.04,S,2,0,0
13278,1,male,12.6,2,3,18.53,S,6,0,0
13281,1,female,27.1,0,4,33.31,Q,5,0,0
13284,1,male,44.1,5,0,4.43,S,6,0,0
13287,1,female,43.9,2,2,6.04,S,5,0,0
13298,1,male,45.3,1,3,7.51,S,5,0,0
13303,1,female,28.3,0,3,29.66,S,4,0,1
13307,1,male,0.4,3,2,17.11,C,6,0,1
13310,1,female,1.1,4,1,13.13,S,6,0,0
13323,1,male,28.2,1,3,20.56,S,5,0,0
13327,1,female,2.5,5,4,104.59,S,10,0,0
13329,1,female,18.3,0,3,131.13,C,4,0,1
13333,1,male,22.5,4,3,40.67,S,8,0,1
13334,1,male,27.4,5,4,48.94,S,10,0,0
13340,1,male,21.5,4,4,9.54,S,9,0,1
13348,1,female,15.3,3,3,9.97,S,7,0,0
13353,1,female,35.9,3,0,16.28,C,4,0,1
13355,1,female,0.0,4,3,20.61,S,8,0,1
13357,1,male,47.5,1,4,26.5,C,6,0,1
13358,1,male,7.2,3,3,39.6,S,7,0,1
13363,1,male,23.8,0,3,95.16,C,4,0,0
13364,1,female,40.9,0,3,25.98,S,4,0,0
13368,1,female,54.6,1,2,96.7,S,4,0,1
13372,1,female,34.9,4,3,284.63,S,8,0,0
13385,1,male,35.4,5,3,9.62,C,9,0,0
13387,1,male,24.5,0,1,69.05,C,2,0,0
13389,1,male,20.1,2,3,73.18,S,6,0,0
13391,1,male,31.2,4,1,56.35,S,6,0,0
13394,1,female,42.1,3,2,2.87,S,6,0,0
13395,1,male,46.7,2,4,13.73,S,7,0,0
13398,1,female,40.8,0,4,10.14,S,5,0,0
13399,1,male,27.3,2,4,28.2,S,7,0,0
13407,1,female,7.3,2,0,24.51,Q,3,0,1
13408,1,male,26.5,1,4,3.6,C,6,0,0
13411,1,female,27.8,1,1,18.0,S,3,0,0
13417,1,female,47.3,3,0,41.31,C,4,0,1
13430,1,female,32.1,0,4,64.67,S,5,0,0
13436,1,female,5.5,4,3,25.41,S,8,0,0
13451,1,female,21.6,4,1,54.08,S,6,0,0
13453,1,female,16.9,0,3,60.89,S,4,0,0
13456,1,male,25.1,1,0,27.37,S,2,0,0
13457,1,male,26.9,1,3,53.98,S,5,0,0
13462,1,female,29.6,0,1,172.19,Q,2,0,0
13463,1,male,28.1,0,1,24.47,S,2,0,1
13465,1,female,53.2,0,4,0.39,S,5,0,0
13469,1,male,46.2,2,3,2.95,C,6,0,0
13475,1,male,39.5,5,3,50.78,Q,9,0,0
13479,1,male,45.4,2,3,59.81,Q,6,0,1
13480,1,male,40.7,4,4,9.43,C,9,0,1
13482,1,female,22.3,1,2,3.27,S,4,0,0
13486,1,male,22.8,2,2,13.92,S,5,0,0
13493,1,male,37.2,1,2,5.38,S,4,0,0
13496,1,male,15.6,3,2,60.19,C,6,0,1
13498,1,female,41.7,3,3,2.7,S,7,0,0
13499,1,male,32.8,3,3,29.42,S,7,0,1
13502,1,male,24.7,1,2,21.54,S,4,0,0
13504,1,female,16.4,4,4,24.75,S,9,0,0
13505,1,female,45.2,1,1,1.18,S,3,0,1
13506,1,male,42.5,4,3,26.77,S,8,0,0
13507,1,male,9.8,1,4,21.49,C,6,0,1
13508,1,female,25.9,2,0,97.59,C,3,0,0
13514,1,male,32.5,5,4,7.74,S,10,0,0
13516,1,female,22.1,2,1,27.84,Q,4,0,0
13523,1,male,38.2,3,4,9.22,S,8,0,1
13524,1,male,57.9,2,0,17.07,S,3,0,0
13526,1,female,33.3,3,2,2.94,C,6,0,1
13527,1,male,15.8,2,2,26.86,S,5,0,0
13534,1,male,38.0,0,2,24.71,S,3,0,0
13544,1,female,34.4,1,4,1.09,C,6,0,0
13545,1,male,38.7,4,0,33.73,S,5,0,1
13552,1,male,17.1,2,0,12.08,S,3,0,1
13553,1,female,9.7,3,3,6.07,S,7,0,0
13559,1,male,17.5,2,0,65.43,C,3,0,0
13560,1,male,32.0,3,2,51.33,S,6,0,0
13562,1,male,0.0,1,1,4.21,C,3,0,0
13569,1,female,44.3,5,1,31.23,C,7,0,1
13574,1,male,36.6,2,2,4.17,S,5,0,0
13580,1,female,17.0,2,4,1.82,C,7,0,0
13581,1,male,46.0,2,4,5.04,S,7,0,0
13595,1,male,37.6,4,2,29.45,S,7,0,0
13596,1,male,32.9,5,2,17.79,C,8,0,0
13601,1,male,9.4,5,0,41.51,Q,6,0,0
13602,1,male,51.7,0,1,29.33,S,2,0,0
13609,1,male,45.5,0,0,19.41,S,1,1,0
13614,1,male,47.5,1,4,7.59,Q,6,0,0
13615,1,male,4.5,0,3,1.02,S,4,0,1
13616,1,male,34.0,2,3,7.99,S,6,0,0
13625,1,male,41.1,4,1,3.24,C,6,0,0
13629,1,female,49.1,5,4,1.2,S,10,0,1
13633,1,male,4.9,4,2,24.08,S,7,0,1
13634,1,male,62.8,1,1,42.53,Q,3,0,1
13639,1,male,48.4,0,4,7.54,S,5,0,1
13649,1,male,50.6,5,3,103.93,C,9,0,1
13656,1,male,24.3,3,2,110.6,C,6,0,0
13658,1,male,50.1,4,4,63.31,S,9,0,0
13661,1,male,0.0,2,0,5.54,S,3,0,0
13668,1,female,19.6,3,3,25.79,S,7,0,1
13670,1,male,19.7,0,1,16.13,S,2,0,0
13671,1,male,38.5,0,0,13.95,S,1,1,0
13677,1,female,22.0,3,1,1.8,C,5,0,1
13679,1,male,33.7,4,1,60.95,S,6,0,0
13685,1,female,35.1,2,1,106.27,C,4,0,0
13689,1,male,15.6,2,1,3.45,C,4,0,1
13691,1,female,23.1,0,1,46.29,Q,2,0,0
13692,1,male,28.9,4,3,72.11,C,8,0,1
13695,1,male,36.6,1,2,29.13,S,4,0,0
13701,1,male,12.6,5,2,5.14,S,8,0,1
13703,1,female,51.8,3,0,24.77,S,4,0,0
13704,1,male,17.1,2,1,12.22,S,4,0,0
13706,1,male,24.0,2,0,10.83,C,3,0,0
13711,1,female,2.3,5,2,54.04,C,8,0,0
13715,1,male,0.0,4,2,10.42,C,7,0,0
13718,1,male,33.1,2,4,29.97,S,7,0,0
13719,1,male,29.3,5,1,22.88,S,7,0,0
13720,1,male,37.0,4,3,36.35,S,8,0,0
13731,1,female,11.8,3,2,53.37,S,6,0,0
13732,1,male,46.1,5,1,43.24,S,7,0,1
13733,1,female,27.2,0,4,33.04,C,5,0,1
13738,1,male,30.1,2,3,27.68,S,6,0,0
13744,1,female,52.0,1,4,36.09,S,6,0,0
13745,1,female,40.5,4,0,30.26,S,5,0,0
13748,1,female,64.4,0,4,0.1,S,5,0,1
13749,1,female,35.8,2,4,5.85,C,7,0,0
13754,1,male,50.3,3,1,19.54,S,5,0,0
13761,1,male,36.2,1,4,13.49,S,6,0,0
13765,1,female,32.4,2,3,1.57,S,6,0,0
13769,1,male,17.0,1,2,46.59,S,4,0,0
13771,1,male,27.4,4,0,84.87,S,5,0,1
13773,1,male,61.2,1,0,16.55,S,2,0,1
13777,1,male,40.3,2,4,24.78,S,7,0,0
13785,1,female,15.7,2,4,30.34,C,7,0,0
13795,1,male,50.5,4,4,5.76,Q,9,0,1
13796,1,male,16.6,2,1,13.05,C,4,0,1
13798,1,male,30.9,1,0,25.65,S,2,0,1
13811,1,male,19.3,4,3,26.65,S,8,0,0
13812,1,male,33.2,4,4,20.72,S,9,0,0
13822,1,male,22.8,4,2,16.4,S,7,0,1
13828,1,male,37.2,1,0,18.66,C,2,0,0
13829,1,male,34.6,3,4,1.9,S,8,0,0
13832,1,male,34.5,5,0,22.98,S,6,0,1
13835,1,male,40.2,4,2,43.76,S,7,0,1
13839,1,male,33.0,5,0,11.83,S,6,0,1
13842,1,male,23.8,0,2,8.2,S,3,0,0
13848,1,female,11.3,0,4,50.2,S,5,0,0
13861,1,male,48.9,0,2,23.02,S,3,0,0
13873,1,male,36.5,2,4,9.04,S,7,0,1
13885,1,female,31.6,1,1,21.6,Q,3,0,1
13889,1,male,40.7,1,4,13.37,Q,6,0,1
13898,1,female,21.9,5,3,65.03,C,9,0,1
13900,1,male,36.4,1,4,12.76,S,6,0,0
13911,1,female,28.5,1,1,10.8,S,3,0,0
13918,1,male,42.1,2,1,48.34,S,4,0,1
13929,1,female,53.3,0,3,49.47,S,4,0,0
13930,1,male,12.2,2,0,13.33,S,3,0,0
13933,1,male,44.0,5,2,65.36,S,8,0,1
13939,1,male,33.2,2,1,14.52,S,4,0,1
13940,1,male,8.6,0,2,24.52,S,3,0,0
13948,1,female,34.7,2,3,4.64,S,6,0,0
13955,1,female,32.0,5,2,44.76,S,8,0,1
13958,1,female,61.1,0,0,2.68,S,1,1,1
13959,1,female,23.5,1,4,76.13,C,6,0,0
13970,1,male,41.0,5,3,1.85,S,9,0,0
13974,1,female,34.1,4,2,2.12,S,7,0,1
13975,1,male,44.7,1,0,60.16,S,2,0,0
13976,1,female,53.5,4,0,39.84,Q,5,0,0
13981,1,female,34.5,5,3,1.92,Q,9,0,1
13982,1,male,38.5,1,2,144.94,S,4,0,0
13983,1,male,27.5,4,0,14.94,S,5,0,0
13988,1,male,23.6,5,1,20.14,S,7,0,0
13989,1,male,8.7,5,2,35.23,S,8,0,0
13992,1,male,32.7,3,3,21.4,S,7,0,0
13993,1,male,23.6,0,4,176.94,S,5,0,0
13998,1,male,30.2,4,3,13.71,S,8,0,0
14000,1,male,53.6,5,3,27.1,S,9,0,0
14001,1,female,36.4,3,2,27.82,S,6,0,0
14003,1,female,13.5,5,3,154.77,S,9,0,0
14009,1,female,31.7,4,1,36.86,S,6,0,1
14012,1,male,19.4,1,1,0.63,C,3,0,0
14015,1,male,49.9,2,2,3.29,S,5,0,0
14018,1,male,25.4,4,4,26.59,S,9,0,1
14019,1,male,39.2,1,2,107.2,S,4,0,0
14031,1,male,50.6,0,2,47.13,S,3,0,1
14037,1,male,21.8,5,3,41.21,S,9,0,0
14044,1,male,13.9,2,2,5.71,S,5,0,0
14045,1,female,16.5,2,0,35.24,S,3,0,0
14047,1,male,8.5,5,1,23.51,S,7,0,0
14049,1,male,48.2,0,3,17.26,Q,4,0,0
14050,1,male,14.8,1,4,31.11,S,6,0,1
14055,1,male,20.1,1,4,7.82,S,6,0,1
14057,1,male,28.7,3,0,34.94,S,4,0,1
14061,1,male,49.0,4,0,35.62,C,5,0,1
14063,1,female,26.9,4,4,11.82,S,9,0,0
14073,1,male,57.4,0,2,35.53,C,3,0,1
14076,1,male,25.1,1,4,23.55,S,6,0,0
14084,1,female,0.8,3,4,13.7,S,8,0,0
14087,1,female,58.7,0,3,8.27,S,4,0,0
14094,1,male,17.3,3,3,4.32,S,7,0,1
14095,1,female,12.7,3,2,41.1,S,6,0,1
14098,1,male,13.1,4,3,14.29,S,8,0,1
14109,1,male,21.0,3,4,30.82,C,8,0,0
14112,1,male,25.6,2,3,78.44,S,6,0,0
14113,1,male,34.7,2,2,69.27,Q,5,0,0
14115,1,male,20.8,2,2,21.66,S,5,0,0
14118,1,female,21.3,5,3,82.45,S,9,0,1
14121,1,female,29.9,2,2,60.64,S,5,0,0
14122,1,female,25.5,3,2,2.93,S,6,0,1
14127,1,female,39.9,5,1,82.97,S,7,0,0
14128,1,male,29.2,5,4,6.08,S,10,0,1
14129,1,male,32.3,4,3,2.41,S,8,0,0
14137,1,male,33.1,2,1,74.35,Q,4,0,0
14146,1,female,19.3,2,2,18.54,Q,5,0,1
14154,1,male,26.1,5,4,15.21,S,10,0,1
14158,1,male,45.9,2,1,86.75,Q,4,0,1
14166,1,male,27.1,0,4,37.01,C,5,0,0
14174,1,male,42.9,2,0,0.81,S,3,0,1
14176,1,female,55.4,5,0,34.45,S,6,0,0
14177,1,male,9.8,0,4,24.13,S,5,0,0
14179,1,male,22.7,2,4,23.32,S,7,0,0
14180,1,male,19.9,1,3,60.55,Q,5,0,0
14183,1,male,30.6,4,3,34.77,S,8,0,0
14184,1,male,9.1,2,2,46.91,C,5,0,0
14185,1,male,27.0,5,3,4.58,S,9,0,0
14189,1,female,34.4,0,2,6.52,S,3,0,1
14195,1,female,52.4,0,3,10.45,S,4,0,0
14197,1,male,36.7,1,2,18.62,Q,4,0,1
14202,1,male,11.0,2,0,22.4,S,3,0,1
14204,1,male,55.4,5,4,3.25,C,10,0,1
14208,1,male,41.6,3,0,33.33,S,4,0,1
14209,1,female,46.5,0,4,1.59,S,5,0,0
14215,1,female,40.5,4,2,21.67,C,7,0,0
14218,1,female,42.6,5,1,66.05,S,7,0,0
14220,1,female,21.6,4,0,24.17,S,5,0,1
14222,1,female,45.8,0,0,12.01,C,1,1,0
14223,1,male,21.8,5,1,42.61,C,7,0,0
14228,1,female,49.5,3,4,29.35,Q,8,0,0
14230,1,male,5.3,1,4,31.08,S,6,0,0
14235,1,male,43.9,3,1,31.12,S,5,0,1
14239,1,male,23.7,5,1,21.93,S,7,0,0
14241,1,male,17.9,5,2,89.53,C,8,0,1
14244,1,female,28.6,3,2,4.21,Q,6,0,1
14248,1,male,28.0,0,2,13.4,S,3,0,0
14252,1,male,30.9,5,2,0.39,S,8,0,0
14253,1,male,9.8,2,4,72.25,S,7,0,1
14256,1,female,24.8,4,2,16.51,S,7,0,0
14258,1,male,46.8,5,2,15.99,S,8,0,0
14261,1,male,8.6,0,3,31.11,S,4,0,1
14262,1,female,46.1,1,4,115.21,S,6,0,0
14263,1,male,32.5,0,0,32.23,S,1,1,1
14264,1,male,40.5,0,2,93.93,S,3,0,1
14265,1,female,0.0,5,1,67.32,S,7,0,0
14272,1,female,34.6,5,3,45.14,S,9,0,0
14274,1,male,43.7,5,4,68.39,C,10,0,0
14283,1,male,34.2,1,3,16.68,S,5,0,1
14284,1,female,36.2,2,4,5.87,S,7,0,0
14290,1,male,30.7,3,2,19.35,S,6,0,1
14294,1,male,17.7,0,0,23.91,Q,1,1,1
14297,1,male,1.7,0,2,17.32,S,3,0,0
14299,1,male,33.1,4,1,8.46,S,6,0,1
14306,1,female,48.0,4,1,0.43,S,6,0,0
14309,1,female,44.0,5,2,49.57,S,8,0,0
14315,1,male,35.6,0,2,19.0,S,3,0,1
14318,1,male,34.7,5,4,2.97,S,10,0,1
14322,1,female,32.7,4,0,6.8,S,5,0,1
14336,1,male,45.6,4,0,24.34,S,5,0,0
14342,1,female,17.1,2,3,6.93,S,6,0,0
14343,1,female,37.8,1,2,7.19,C,4,0,1
14344,1,male,35.7,3,4,34.63,S,8,0,1
14345,1,male,33.6,1,0,10.8,C,2,0,0
14346,1,female,26.4,0,0,9.25,S,1,1,0
14352,1,female,23.3,1,1,53.99,S,3,0,0
14356,1,female,35.4,2,2,55.52,S,5,0,1
14357,1,male,19.5,1,1,7.65,S,3,0,0
14362,1,male,43.0,0,1,10.06,S,2,0,1
14364,1,female,32.9,1,0,9.28,S,2,0,0
14365,1,female,17.1,3,0,34.68,S,4,0,0
14366,1,male,28.1,1,3,15.92,S,5,0,1
14368,1,female,25.0,2,2,30.39,S,5,0,1
14373,1,male,28.9,5,4,12.72,C,10,0,0
14376,1,male,32.1,3,3,24.05,S,7,0,1
14378,1,female,42.4,2,3,1.72,Q,6,0,0
14390,1,female,29.7,1,3,25.86,S,5,0,0
14394,1,male,19.2,4,2,7.78,C,7,0,0
14397,1,male,35.3,2,1,6.83,C,4,0,0
14400,1,male,42.4,0,2,21.66,C,3,0,0
14410,1,male,34.0,0,1,145.38,C,2,0,0
14412,1,female,28.6,5,0,32.75,Q,6,0,0
14418,1,female,30.5,3,3,69.26,S,7,0,1
14422,1,female,27.3,5,3,100.32,S,9,0,1
14426,1,male,27.9,1,1,12.77,S,3,0,1
14428,1,male,3.0,1,1,12.69,S,3,0,0
14429,1,male,33.6,5,2,30.06,S,8,0,0
14430,1,male,22.7,2,2,2.82,Q,5,0,1
14432,1,male,22.5,3,1,62.9,S,5,0,0
14434,1,male,23.3,0,0,8.84,C,1,1,1
14437,1,male,22.3,5,0,60.89,S,6,0,0
14448,1,female,45.8,0,1,0.38,S,2,0,0
14449,1,male,22.6,1,3,4.99,S,5,0,1
14456,1,male,36.3,3,1,37.62,S,5,0,0
14461,1,male,25.8,1,0,73.39,S,2,0,1
14463,1,male,44.3,1,0,0.89,S,2,0,0
14464,1,male,41.8,0,4,7.93,S,5,0,1
14466,1,female,31.9,4,1,39.58,Q,6,0,0
14469,1,male,6.0,4,3,77.99,S,8,0,0
14470,1,female,19.6,0,1,18.51,S,2,0,1
14472,1,male,22.1,0,3,0.75,S,4,0,0
14481,1,female,29.0,0,1,27.12,S,2,0,0
14484,1,male,39.2,2,2,54.5,S,5,0,0
14485,1,male,22.7,4,2,1.39,S,7,0,0
14494,1,male,4.1,5,4,33.48,C,10,0,1
14499,1,male,36.5,2,3,19.24,Q,6,0,0
14501,1,male,41.5,0,1,17.23,C,2,0,1
14511,1,female,0.9,4,3,13.1,S,8,0,1
14524,1,male,10.2,0,2,22.51,S,3,0,0
14546,1,male,44.8,3,1,55.73,S,5,0,0
14548,1,male,21.3,1,3,24.78,S,5,0,0
14550,1,male,24.3,3,1,10.35,Q,5,0,0
14552,1,male,49.2,1,0,89.31,S,2,0,1
14559,1,male,19.0,1,4,6.74,C,6,0,0
14565,1,male,30.4,2,0,12.99,S,3,0,0
14568,1,female,40.1,3,2,19.19,S,6,0,1
14569,1,female,24.1,4,4,35.07,S,9,0,0
14578,1,female,40.1,3,0,121.28,C,4,0,0
14583,1,female,25.1,3,4,40.85,S,8,0,0
14584,1,male,3.8,0,4,1.88,S,5,0,1
14590,1,male,26.7,5,4,11.12,S,10,0,1
14596,1,male,44.9,5,3,18.08,S,9,0,1
14597,1,male,17.5,4,1,40.43,S,6,0,1
14599,1,male,34.0,4,1,44.4,Q,6,0,1
14601,1,female,29.0,5,1,10.92,S,7,0,0
14603,1,male,58.5,0,1,21.64,S,2,0,0
14622,1,male,58.6,5,4,21.1,S,10,0,0
14637,1,male,50.5,2,0,50.16,S,3,0,0
14640,1,male,26.0,4,2,28.82,S,7,0,0
14646,1,female,43.5,3,1,0.29,S,5,0,1
14653,1,male,25.7,1,1,14.86,S,3,0,1
14655,1,female,17.6,3,2,23.67,S,6,0,1
14660,1,male,17.4,3,1,51.78,S,5,0,1
14676,1,male,8.2,0,2,6.91,C,3,0,0
14680,1,male,25.0,4,0,14.1,S,5,0,0
14685,1,male,8.3,4,2,9.79,S,7,0,0
14709,1,male,6.4,5,0,15.34,Q,6,0,0
14711,1,male,32.0,4,3,87.91,Q,8,0,0
14716,1,male,48.4,1,0,25.7,S,2,0,1
14717,1,male,27.0,3,3,6.72,Q,7,0,1
14720,1,female,40.1,2,1,1.47,S,4,0,0
14721,1,male,28.7,1,3,23.96,Q,5,0,0
14723,1,male,64.3,1,3,18.94,S,5,0,0
14727,1,male,15.9,1,3,28.11,S,5,0,0
14728,1,male,15.5,2,4,106.02,C,7,0,1
14733,1,female,53.8,1,4,42.98,S,6,0,1
14736,1,male,51.0,2,2,24.68,S,5,0,0
14747,1,male,26.4,0,1,94.94,S,2,0,0
14749,1,female,26.9,3,2,0.28,S,6,0,1
14751,1,male,37.3,1,4,65.42,S,6,0,0
14757,1,female,24.3,1,3,31.03,S,5,0,0
14759,1,male,33.7,5,4,15.2,S,10,0,0
14769,1,male,19.3,5,2,30.66,S,8,0,0
14770,1,male,43.6,2,1,81.14,S,4,0,1
14771,1,male,45.1,5,1,9.55,S,7,0,1
14779,1,male,26.5,4,1,120.53,S,6,0,1
14782,1,male,42.1,3,2,32.19,S,6,0,1
14784,1,female,35.4,3,1,11.17,S,5,0,0
14797,1,female,26.8,0,0,3.94,S,1,1,0
14802,1,female,18.0,0,0,52.9,S,1,1,1
14807,1,male,21.0,4,3,6.9,S,8,0,1
14809,1,female,19.8,2,0,0.74,S,3,0,1
14811,1,male,29.3,1,1,134.23,S,3,0,0
14816,1,male,20.2,2,0,89.41,S,3,0,0
14819,1,male,20.9,2,2,37.35,S,5,0,0
14824,1,male,31.8,0,1,7.92,S,2,0,0
14836,1,male,5.9,0,2,1.09,Q,3,0,0
14844,1,female,49.4,2,0,45.81,S,3,0,1
14847,1,female,32.0,0,4,7.73,S,5,0,1
14848,1,female,35.3,0,3,27.87,S,4,0,0
14852,1,female,23.9,0,0,22.25,S,1,1,1
14853,1,male,8.4,2,0,1.79,S,3,0,0
14855,1,female,19.2,5,4,93.16,S,10,0,1
14857,1,female,35.4,1,1,26.1,S,3,0,1
14861,1,female,25.7,5,2,17.42,S,8,0,0
14862,1,male,15.9,4,1,21.9,S,6,0,0
14863,1,male,33.3,2,3,10.21,C,6,0,1
14866,1,male,39.7,0,0,15.21,S,1,1,1
14869,1,male,0.0,2,2,2.96,S,5,0,0
14871,1,male,37.9,0,4,54.9,S,5,0,0
14879,1,male,67.8,5,3,3.83,S,9,0,0
14884,1,male,38.0,1,4,11.16,C,6,0,0
14886,1,male,33.5,2,1,8.55,S,4,0,0
14894,1,male,25.9,0,4,7.95,Q,5,0,0
14906,1,male,26.8,0,2,7.91,S,3,0,0
14909,1,male,50.3,0,1,24.38,C,2,0,0
14911,1,male,31.7,1,0,31.69,S,2,0,0
14917,1,female,38.7,5,2,2.65,Q,8,0,0
14925,1,female,27.4,0,2,51.65,S,3,0,0
14934,1,male,18.2,5,4,27.54,S,10,0,0
14938,1,female,60.2,5,1,117.23,S,7,0,0
14945,1,male,36.9,4,4,13.91,S,9,0,1
14946,1,male,29.3,1,0,12.16,C,2,0,0
14947,1,male,43.3,5,2,26.55,Q,8,0,0
14950,1,female,32.2,3,4,35.15,C,8,0,0
14956,1,male,10.9,0,4,79.19,S,5,0,1
14958,1,female,23.6,5,0,22.96,S,6,0,0
14960,1,male,15.9,2,0,33.32,S,3,0,0
14961,1,male,35.3,1,3,0.69,Q,5,0,1
14962,1,male,16.4,1,4,42.93,C,6,0,1
14965,1,male,41.8,3,1,5.09,S,5,0,1
14968,1,male,32.0,0,3,2.16,S,4,0,0
14969,1,male,30.7,3,4,5.2,S,8,0,0
14976,1,male,42.7,4,4,2.99,Q,9,0,0
14980,1,female,26.7,0,4,191.3,S,5,0,0
14984,1,male,31.8,2,2,2.98,C,5,0,1
14987,1,female,51.8,3,0,24.88,S,4,0,1
14992,1,female,36.1,0,1,37.6,C,2,0,0
14993,1,male,4.1,5,0,63.19,S,6,0,0
14997,1,male,23.0,0,2,109.4,S,3,0,0
