,Pclass,Sex,Age,SibSp,Parch,Fare,Embarked,FamilySize,IsAlone,Survived
0,3,male,43.2,4,3,23.01,S,8,0,0
3,1,male,15.7,0,4,3.42,S,5,0,0
4,1,male,49.6,2,0,54.24,S,3,0,0
6,2,female,34.6,3,0,53.03,S,4,0,0
8,3,female,39.2,3,2,0.25,S,6,0,0
10,1,male,24.5,4,4,1.86,S,9,0,0
13,3,female,13.4,3,1,31.48,S,5,0,0
16,3,male,22.8,5,3,19.82,S,9,0,0
17,3,male,21.1,3,2,147.67,S,6,0,0
18,1,female,49.6,5,4,5.87,S,10,0,0
19,3,male,29.6,4,1,42.02,S,6,0,0
20,2,female,31.8,4,3,33.17,S,8,0,0
21,3,male,20.3,4,1,34.87,S,6,0,0
22,1,male,28.6,5,4,13.57,S,10,0,0
23,3,female,15.3,3,1,7.81,S,5,0,0
26,2,male,39.4,1,3,119.33,S,5,0,0
27,3,female,18.7,1,1,20.98,S,3,0,0
28,3,male,42.3,1,4,17.74,S,6,0,0
31,3,male,47.4,2,1,9.44,S,4,0,0
36,2,female,37.4,3,4,37.12,S,8,0,0
42,1,male,25.7,4,1,30.25,S,6,0,0
44,3,male,22.0,3,1,16.24,S,5,0,0
46,1,male,19.8,3,2,32.58,S,6,0,0
47,2,female,14.3,0,2,28.81,S,3,0,0
54,3,male,45.3,2,3,0.14,S,6,0,0
56,1,female,24.9,0,3,0.66,S,4,0,0
58,1,male,19.7,1,0,8.12,S,2,0,0
59,2,female,24.8,3,2,29.24,S,6,0,0
60,1,male,18.6,2,4,113.45,S,7,0,0
61,1,male,41.7,4,2,81.9,S,7,0,0
63,1,male,28.5,1,0,43.31,S,2,0,0
64,1,female,53.2,4,1,39.82,S,6,0,0
65,3,male,34.8,3,1,37.16,S,5,0,0
68,1,male,11.3,5,2,8.0,S,8,0,0
71,1,male,28.4,0,4,109.2,S,5,0,0
72,3,male,37.3,3,0,43.05,S,4,0,0
77,2,male,29.2,4,2,17.75,S,7,0,0
78,1,male,9.3,0,0,7.41,S,1,1,0
82,2,female,12.5,3,1,3.65,S,5,0,0
84,2,male,44.3,4,3,14.15,S,8,0,0
85,1,male,39.2,4,1,35.23,S,6,0,0
89,2,male,22.6,0,3,53.83,S,4,0,0
90,1,female,37.6,1,2,14.08,S,4,0,0
93,2,female,55.1,0,2,6.41,S,3,0,0
95,3,female,53.7,1,1,85.08,S,3,0,0
96,2,female,3.5,3,3,1.54,S,7,0,0
97,3,male,20.2,1,4,20.31,S,6,0,0
98,3,female,34.7,0,4,14.95,S,5,0,0
100,3,male,0.2,5,4,12.74,S,10,0,0
102,1,male,63.6,0,3,53.0,S,4,0,0
103,3,male,32.5,2,3,94.07,S,6,0,0
105,3,male,20.0,4,3,8.58,S,8,0,0
106,1,male,32.4,3,3,17.38,S,7,0,0
111,3,male,30.0,2,3,8.53,S,6,0,0
117,3,male,16.5,3,4,73.47,S,8,0,0
122,3,female,22.1,5,1,166.81,S,7,0,0
123,3,male,21.8,1,4,30.47,S,6,0,0
125,2,female,41.1,2,2,19.33,S,5,0,0
128,3,female,30.8,5,0,11.5,S,6,0,0
129,2,male,43.9,0,3,48.85,S,4,0,0
130,2,male,47.6,3,2,4.25,S,6,0,0
132,3,female,37.0,0,2,30.48,S,3,0,0
133,1,male,23.3,1,0,4.48,S,2,0,0
135,1,male,30.3,4,1,1.14,S,6,0,0
136,1,female,42.4,4,0,35.37,S,5,0,0
138,2,female,36.7,3,3,66.52,S,7,0,0
141,3,female,0.0,1,3,3.51,S,5,0,0
142,3,male,19.0,4,4,1.76,S,9,0,0
143,2,male,42.1,2,1,30.16,S,4,0,0
145,3,male,18.7,1,1,3.15,S,3,0,0
146,3,female,31.3,0,3,14.27,S,4,0,0
147,3,male,26.4,3,4,12.18,S,8,0,0
148,3,male,38.7,0,0,13.42,S,1,1,0
149,1,male,59.9,5,4,12.97,S,10,0,0
151,3,male,19.6,1,4,13.96,S,6,0,0
152,3,female,27.9,5,4,12.84,S,10,0,0
153,1,male,48.6,1,4,0.96,S,6,0,0
158,2,male,37.5,3,3,50.57,S,7,0,0
160,2,male,36.5,2,4,20.52,S,7,0,0
163,3,male,27.6,1,0,14.85,S,2,0,0
164,2,male,29.7,0,2,11.25,S,3,0,0
167,1,female,31.2,0,1,16.4,S,2,0,0
168,3,female,36.7,2,3,81.78,S,6,0,0
169,3,male,25.9,4,0,14.43,S,5,0,0
171,1,female,10.8,0,2,49.81,S,3,0,0
172,3,male,4.6,2,4,74.77,S,7,0,0
175,3,male,45.9,0,4,17.39,S,5,0,0
179,1,male,35.0,1,3,6.13,S,5,0,0
180,1,male,36.1,3,1,15.18,S,5,0,0
184,1,male,27.9,3,2,51.41,S,6,0,0
187,3,male,32.8,5,3,4.99,S,9,0,0
188,1,female,16.2,5,4,83.77,S,10,0,0
189,3,male,60.6,2,1,31.29,S,4,0,0
195,2,female,33.8,3,4,2.08,S,8,0,0
201,3,male,14.1,1,0,62.78,S,2,0,0
202,2,female,10.8,2,2,18.66,S,5,0,0
205,2,male,38.1,3,2,3.08,S,6,0,0
206,3,female,30.6,1,1,140.64,S,3,0,0
208,1,male,24.7,4,0,82.03,S,5,0,0
209,1,female,32.6,0,2,34.73,S,3,0,0
210,3,female,35.6,0,4,22.38,S,5,0,0
213,1,male,31.4,5,2,61.19,S,8,0,0
215,3,male,32.4,3,2,52.06,S,6,0,0
216,3,male,30.9,4,0,64.67,S,5,0,0
221,3,male,44.2,3,4,53.37,S,8,0,0
222,3,female,40.2,1,0,90.52,S,2,0,0
223,3,male,23.2,1,3,88.47,S,5,0,0
224,1,male,25.3,2,4,124.74,S,7,0,0
227,2,female,22.8,3,1,32.07,S,5,0,0
231,3,male,0.4,1,1,52.55,S,3,0,0
232,3,female,17.0,1,1,14.37,S,3,0,0
234,1,male,18.5,1,0,74.75,S,2,0,0
236,2,female,43.9,2,1,27.14,S,4,0,0
239,1,male,30.9,2,3,3.49,S,6,0,0
243,3,female,17.7,2,2,85.14,S,5,0,0
244,1,female,39.4,3,0,16.77,S,4,0,0
246,3,female,32.7,0,3,3.6,S,4,0,0
250,1,male,27.7,1,1,15.66,S,3,0,0
251,3,male,15.9,3,2,61.08,S,6,0,0
253,3,male,39.4,0,3,10.61,S,4,0,0
259,3,female,17.8,2,4,2.44,S,7,0,0
260,3,male,43.6,5,0,16.23,S,6,0,0
268,1,female,16.6,3,4,52.19,S,8,0,0
275,3,female,0.9,1,0,62.65,S,2,0,0
282,3,male,16.5,1,3,33.59,S,5,0,0
283,2,male,60.1,1,2,4.01,S,4,0,0
287,3,female,54.0,2,1,2.59,S,4,0,0
288,3,male,12.0,4,2,3.14,S,7,0,0
289,3,female,26.1,2,1,8.61,S,4,0,0
291,3,male,36.1,3,3,21.29,S,7,0,0
293,3,female,44.9,4,1,60.59,S,6,0,0
294,2,female,33.8,4,3,6.82,S,8,0,0
295,3,female,23.2,1,3,9.61,S,5,0,0
297,1,female,35.1,3,2,0.88,S,6,0,0
299,2,male,31.2,2,0,23.58,S,3,0,0
302,1,male,35.7,3,2,7.67,S,6,0,0
307,3,female,32.3,2,3,24.41,S,6,0,0
309,1,male,15.4,4,1,37.74,S,6,0,0
311,3,female,21.6,3,2,39.58,S,6,0,0
312,1,male,20.4,4,4,13.38,S,9,0,0
316,1,male,21.9,0,0,1.29,S,1,1,0
318,3,male,35.2,4,0,0.24,S,5,0,0
319,3,female,5.6,5,0,70.13,S,6,0,0
320,3,female,33.1,0,0,55.95,S,1,1,0
323,3,male,35.5,0,2,3.55,S,3,0,0
327,1,female,0.0,0,1,22.0,S,2,0,0
328,3,male,10.2,5,2,94.7,S,8,0,0
330,1,male,21.2,1,1,133.37,S,3,0,0
332,3,male,29.2,1,0,4.87,S,2,0,0
334,3,female,43.3,0,0,41.54,S,1,1,0
335,3,male,26.2,5,0,10.68,S,6,0,0
338,3,male,44.6,0,3,46.14,S,4,0,0
340,3,male,14.0,3,2,43.29,S,6,0,0
341,2,female,19.1,4,3,2.4,S,8,0,0
342,2,male,44.2,3,2,13.07,S,6,0,0
343,1,female,16.5,3,4,46.42,S,8,0,0
344,3,male,19.8,3,1,50.68,S,5,0,0
345,3,male,15.5,2,4,12.28,S,7,0,0
347,3,male,39.4,5,1,10.21,S,7,0,0
350,1,male,38.1,4,1,25.65,S,6,0,0
354,2,male,32.0,3,3,5.54,S,7,0,0
359,2,male,37.0,5,2,45.04,S,8,0,0
360,3,female,47.8,4,0,37.91,S,5,0,0
362,1,male,28.9,3,0,13.26,S,4,0,0
363,1,male,29.2,4,1,12.25,S,6,0,0
368,1,female,50.8,2,3,207.32,S,6,0,0
369,2,female,35.6,0,0,0.05,S,1,1,0
370,1,female,30.5,1,3,37.15,S,5,0,0
371,3,male,38.2,5,0,24.54,S,6,0,0
372,3,female,38.2,2,1,19.73,S,4,0,0
374,1,male,18.4,3,2,22.64,S,6,0,0
375,3,female,22.3,0,4,19.52,S,5,0,0
377,3,female,39.7,3,2,60.67,S,6,0,0
379,1,male,11.2,3,2,29.12,S,6,0,0
380,3,male,34.5,1,2,63.89,S,4,0,0
387,2,female,46.8,2,4,2.12,S,7,0,0
391,3,female,19.6,1,1,60.37,S,3,0,0
392,2,male,27.6,4,4,4.21,S,9,0,0
394,3,male,16.6,0,1,57.93,S,2,0,0
397,3,male,26.7,3,2,11.18,S,6,0,0
400,3,female,36.4,1,0,3.61,S,2,0,0
402,3,male,25.5,5,1,82.69,S,7,0,0
406,3,male,37.0,2,4,38.66,S,7,0,0
407,2,male,31.2,4,3,48.47,S,8,0,0
409,2,male,29.9,5,2,9.81,S,8,0,0
410,3,male,19.5,2,1,45.78,S,4,0,0
413,2,female,18.3,2,0,21.04,S,3,0,0
415,3,male,22.1,4,4,7.72,S,9,0,0
416,1,female,34.9,1,0,1.59,S,2,0,0
417,2,female,29.7,1,0,14.98,S,2,0,0
422,1,male,36.0,4,1,14.94,S,6,0,0
423,3,male,63.2,0,2,12.58,S,3,0,0
424,3,female,15.2,4,0,81.3,S,5,0,0
425,3,male,29.6,5,0,70.3,S,6,0,0
428,3,female,19.6,0,1,50.3,S,2,0,0
429,2,male,27.3,3,1,34.88,S,5,0,0
430,3,male,31.2,1,4,26.61,S,6,0,0
432,3,male,4.0,3,4,4.62,S,8,0,0
433,3,male,49.0,0,4,85.16,S,5,0,0
434,2,female,40.7,3,2,115.49,S,6,0,0
436,3,male,16.5,2,4,93.88,S,7,0,0
440,3,male,41.1,0,2,7.18,S,3,0,0
442,3,male,4.6,1,4,9.66,S,6,0,0
449,2,male,38.3,4,4,6.58,S,9,0,0
452,3,male,10.2,0,0,83.55,S,1,1,0
454,1,male,19.0,0,2,37.91,S,3,0,0
455,3,male,29.9,4,3,60.84,S,8,0,0
456,3,male,23.5,4,2,22.58,S,7,0,0
457,1,male,32.7,1,1,45.08,S,3,0,0
458,3,female,41.3,0,4,119.17,S,5,0,0
459,3,female,19.1,0,0,5.66,S,1,1,0
460,1,male,31.1,5,1,2.34,S,7,0,0
463,2,male,38.6,0,0,11.26,S,1,1,0
466,3,male,34.8,3,3,9.83,S,7,0,0
470,1,male,34.0,3,3,3.34,S,7,0,0
472,3,male,33.7,2,0,3.26,S,3,0,0
474,3,male,1.9,1,3,6.92,S,5,0,0
476,3,female,43.6,2,0,3.63,S,3,0,0
479,1,female,14.5,0,4,7.36,S,5,0,0
482,3,female,29.6,5,3,28.99,S,9,0,0
487,1,female,51.9,0,0,56.01,S,1,1,0
490,3,male,29.4,5,1,13.64,S,7,0,0
492,3,male,23.7,2,1,39.28,S,4,0,0
493,2,male,29.7,2,3,1.22,S,6,0,0
494,2,female,48.3,3,4,34.88,S,8,0,0
495,3,male,23.0,3,3,4.09,S,7,0,0
496,2,female,43.9,1,1,10.87,S,3,0,0
497,1,male,27.9,4,1,53.11,S,6,0,0
501,3,female,42.7,1,0,35.27,S,2,0,0
502,2,male,40.7,3,4,4.52,S,8,0,0
505,3,male,51.6,2,2,56.1,S,5,0,0
514,3,male,8.7,0,4,19.79,S,5,0,0
515,1,male,28.3,3,0,93.89,S,4,0,0
516,1,male,14.1,0,0,27.92,S,1,1,0
525,1,male,9.0,0,0,5.54,S,1,1,0
526,3,male,15.0,4,3,0.73,S,8,0,0
527,3,male,43.7,1,4,32.84,S,6,0,0
528,3,male,36.6,0,4,29.56,S,5,0,0
533,1,male,48.1,0,0,7.96,S,1,1,0
537,3,male,26.8,0,1,4.2,S,2,0,0
539,3,male,17.2,1,3,63.66,S,5,0,0
541,2,female,23.6,3,4,50.12,S,8,0,0
544,3,female,17.1,0,2,31.54,S,3,0,0
545,3,male,59.3,5,3,38.46,S,9,0,0
550,3,male,36.1,3,4,6.91,S,8,0,0
555,3,male,30.5,0,0,122.02,S,1,1,0
556,3,female,14.7,3,0,71.87,S,4,0,0
557,3,female,47.1,1,4,22.67,S,6,0,0
561,1,male,31.6,3,2,66.24,S,6,0,0
564,2,male,62.0,2,0,8.25,S,3,0,0
566,3,female,34.3,4,3,6.01,S,8,0,0
567,2,male,8.8,1,1,52.8,S,3,0,0
570,3,female,31.9,2,1,92.49,S,4,0,0
576,3,male,41.4,2,3,0.48,S,6,0,0
578,3,female,17.5,0,0,16.73,S,1,1,0
579,3,female,26.8,2,2,31.91,S,5,0,0
580,3,male,46.2,5,1,126.18,S,7,0,0
582,1,female,44.8,5,4,14.39,S,10,0,0
583,3,female,20.8,3,4,21.2,S,8,0,0
585,2,male,28.6,3,3,43.55,S,7,0,0
586,1,female,13.4,1,3,39.04,S,5,0,0
587,2,female,2.4,3,0,0.34,S,4,0,0
590,3,male,46.0,3,2,9.23,S,6,0,0
593,3,female,48.1,3,0,13.36,S,4,0,0
595,2,male,35.6,5,3,85.8,S,9,0,0
597,3,female,0.0,4,3,19.35,S,8,0,0
598,3,male,22.3,1,1,2.93,S,3,0,0
599,1,male,3.0,5,4,11.18,S,10,0,0
600,2,male,38.3,0,2,25.29,S,3,0,0
602,3,female,71.3,1,2,24.64,S,4,0,0
603,3,male,21.7,2,0,12.01,S,3,0,0
607,3,female,11.5,1,2,20.49,S,4,0,0
608,3,male,11.1,4,1,13.01,S,6,0,0
613,2,female,11.6,1,1,9.33,S,3,0,0
617,3,male,32.3,1,4,208.04,S,6,0,0
620,2,male,17.9,1,1,60.19,S,3,0,0
621,3,male,32.8,4,1,13.97,S,6,0,0
623,3,male,16.5,3,0,18.36,S,4,0,0
624,3,male,32.9,1,1,21.08,S,3,0,0
625,2,male,39.4,2,3,259.95,S,6,0,0
626,3,male,16.0,1,3,0.63,S,5,0,0
629,1,male,14.3,4,3,30.79,S,8,0,0
632,3,male,41.2,4,1,26.65,S,6,0,0
636,3,female,34.7,2,1,1.09,S,4,0,0
639,3,male,24.0,1,2,24.78,S,4,0,0
640,3,female,37.4,0,4,16.12,S,5,0,0
642,3,female,45.9,3,4,7.18,S,8,0,0
643,2,male,13.2,0,3,17.87,S,4,0,0
644,2,female,13.2,1,2,11.59,S,4,0,0
650,1,male,29.1,4,3,7.03,S,8,0,0
652,3,male,36.2,5,0,2.95,S,6,0,0
654,3,male,36.7,5,1,41.35,S,7,0,0
656,2,male,20.4,1,1,34.88,S,3,0,0
660,2,female,39.3,3,4,51.22,S,8,0,0
662,3,female,49.7,0,0,5.2,S,1,1,0
663,2,female,9.8,0,2,49.98,S,3,0,0
664,3,female,34.7,2,0,109.97,S,3,0,0
667,1,male,17.4,3,3,12.4,S,7,0,0
668,3,male,49.2,2,1,48.66,S,4,0,0
669,1,male,20.8,5,1,25.07,S,7,0,0
670,3,male,0.0,3,0,1.91,S,4,0,0
672,1,male,25.7,0,3,44.72,S,4,0,0
673,3,male,55.0,1,1,12.61,S,3,0,0
676,2,female,26.2,3,2,133.64,S,6,0,0
677,3,male,26.1,4,2,45.3,S,7,0,0
685,3,female,37.3,0,4,30.33,S,5,0,0
686,3,female,17.7,3,0,13.34,S,4,0,0
689,3,female,22.4,5,4,4.49,S,10,0,0
690,1,male,0.0,1,0,5.06,S,2,0,0
692,3,male,33.1,3,3,26.81,S,7,0,0
693,1,male,22.7,5,1,41.7,S,7,0,0
694,2,female,16.5,2,0,37.17,S,3,0,0
695,3,male,51.4,2,1,15.22,S,4,0,0
696,3,female,14.1,5,3,34.02,S,9,0,0
699,3,female,49.3,3,3,30.57,S,7,0,0
701,1,female,18.7,3,1,2.65,S,5,0,0
704,1,female,44.8,0,4,25.3,S,5,0,0
706,2,male,30.6,5,2,0.35,S,8,0,0
708,3,male,41.4,0,2,46.11,S,3,0,0
711,3,male,50.5,3,1,60.7,S,5,0,0
712,1,male,33.7,4,3,37.19,S,8,0,0
713,3,male,32.2,4,0,11.63,S,5,0,0
714,1,male,26.5,0,4,43.38,S,5,0,0
718,2,female,46.2,1,4,3.14,S,6,0,0
726,3,female,30.5,2,3,45.11,S,6,0,0
728,2,male,22.3,0,4,14.38,S,5,0,0
730,3,male,58.2,2,4,4.47,S,7,0,0
733,2,male,27.3,0,2,5.91,S,3,0,0
736,2,female,19.0,4,1,44.32,S,6,0,0
739,2,male,26.9,1,3,8.73,S,5,0,0
740,2,male,25.9,5,1,25.51,S,7,0,0
741,3,female,39.6,3,4,22.93,S,8,0,0
743,3,male,26.7,1,3,47.43,S,5,0,0
744,3,male,26.5,4,3,89.15,S,8,0,0
746,3,male,22.1,2,3,42.83,S,6,0,0
747,1,male,37.3,5,4,72.14,S,10,0,0
754,3,male,18.0,3,1,97.91,S,5,0,0
757,2,female,40.7,5,3,5.4,S,9,0,0
760,1,female,15.8,1,2,85.45,S,4,0,0
768,3,male,46.6,1,4,63.84,S,6,0,0
775,3,male,47.3,1,2,10.12,S,4,0,0
776,3,male,41.2,5,2,67.91,S,8,0,0
781,3,female,29.3,2,2,4.89,S,5,0,0
782,2,male,49.8,4,2,81.58,S,7,0,0
786,2,male,21.3,1,2,37.85,S,4,0,0
787,2,female,24.3,2,2,11.02,S,5,0,0
788,2,male,35.4,3,3,82.74,S,7,0,0
790,3,male,8.8,4,3,13.37,S,8,0,0
791,3,female,1.7,2,2,19.72,S,5,0,0
792,1,male,15.7,3,3,16.68,S,7,0,0
793,3,male,23.3,0,4,87.61,S,5,0,0
797,3,female,34.9,1,2,2.3,S,4,0,0
801,2,male,50.8,1,3,24.48,S,5,0,0
802,3,male,27.2,0,1,8.8,S,2,0,0
803,3,male,24.3,2,2,19.68,S,5,0,0
808,3,female,32.8,5,0,99.21,S,6,0,0
809,1,male,19.7,0,2,78.61,S,3,0,0
812,3,male,28.1,3,0,53.66,S,4,0,0
815,3,male,27.6,1,2,14.5,S,4,0,0
817,3,female,29.4,3,2,32.95,S,6,0,0
818,1,female,18.9,4,4,55.74,S,9,0,0
821,3,female,44.6,3,2,28.18,S,6,0,0
823,3,female,20.3,3,4,1.29,S,8,0,0
824,1,male,50.4,2,2,8.96,S,5,0,0
827,3,female,48.4,4,3,48.16,S,8,0,0
829,1,male,50.8,4,0,35.38,S,5,0,0
830,3,female,38.4,4,0,5.7,S,5,0,0
831,2,female,13.6,5,1,9.49,S,7,0,0
832,3,female,28.3,5,3,1.98,S,9,0,0
833,1,male,8.7,0,4,191.39,S,5,0,0
834,3,female,16.9,3,3,3.48,S,7,0,0
838,3,male,22.8,1,0,69.94,S,2,0,0
840,3,female,24.9,3,0,64.84,S,4,0,0
842,2,female,59.3,2,2,4.52,S,5,0,0
844,1,female,33.7,4,4,2.14,S,9,0,0
845,3,male,17.2,5,1,51.79,S,7,0,0
846,3,male,39.7,5,1,34.25,S,7,0,0
850,1,male,10.0,0,3,3.0,S,4,0,0
854,1,female,20.0,2,4,3.23,S,7,0,0
855,2,male,67.2,3,1,47.38,S,5,0,0
856,3,male,39.2,0,1,38.16,S,2,0,0
857,3,male,28.2,0,1,42.66,S,2,0,0
858,1,male,19.1,2,2,107.72,S,5,0,0
859,3,male,35.2,0,0,33.65,S,1,1,0
861,3,male,21.8,4,0,2.85,S,5,0,0
863,2,male,32.0,2,0,7.89,S,3,0,0
864,3,male,27.0,2,1,21.74,S,4,0,0
865,1,male,19.3,5,3,100.76,S,9,0,0
867,3,male,5.9,3,0,1.16,S,4,0,0
871,1,male,22.6,1,0,10.44,S,2,0,0
874,3,male,3.3,3,1,1.62,S,5,0,0
875,3,male,28.1,1,3,10.13,S,5,0,0
878,1,female,18.8,5,3,5.78,S,9,0,0
879,1,female,45.6,2,4,53.97,S,7,0,0
880,1,male,26.5,2,2,1.22,S,5,0,0
882,2,male,45.8,4,4,32.17,S,9,0,0
885,1,male,35.5,0,4,0.07,S,5,0,0
888,3,male,46.4,0,3,30.35,S,4,0,0
889,3,male,36.0,0,1,22.12,S,2,0,0
895,2,female,43.4,2,2,148.47,S,5,0,0
896,3,female,50.5,2,0,12.44,S,3,0,0
898,1,male,10.3,4,0,16.53,S,5,0,0
899,1,female,10.8,3,1,48.94,S,5,0,0
903,1,female,54.9,3,0,7.71,S,4,0,0
904,1,female,36.4,3,4,16.63,S,8,0,0
907,1,female,4.0,0,4,60.76,S,5,0,0
908,1,male,45.2,3,0,10.52,S,4,0,0
909,2,female,1.7,5,0,28.75,S,6,0,0
910,3,male,36.1,0,0,20.88,S,1,1,0
911,3,female,3.3,0,4,82.24,S,5,0,0
914,3,male,6.1,1,4,32.58,S,6,0,0
915,2,male,26.9,3,1,12.29,S,5,0,0
916,2,female,37.8,2,2,3.05,S,5,0,0
919,3,female,35.9,2,3,76.76,S,6,0,0
921,3,female,56.1,5,3,38.48,S,9,0,0
924,1,female,31.7,0,1,3.49,S,2,0,0
925,3,female,37.6,4,4,16.42,S,9,0,0
926,1,female,40.1,3,4,9.34,S,8,0,0
929,2,female,25.0,2,2,4.61,S,5,0,0
930,1,male,8.7,3,4,12.5,S,8,0,0
935,1,male,4.4,2,2,23.18,S,5,0,0
938,2,male,10.7,5,4,8.67,S,10,0,0
940,2,female,29.0,0,2,3.18,S,3,0,0
941,2,male,48.8,4,4,39.7,S,9,0,0
944,2,female,20.6,2,1,2.78,S,4,0,0
945,3,female,33.7,1,4,92.86,S,6,0,0
946,1,male,46.1,1,2,18.96,S,4,0,0
950,3,male,31.6,3,1,7.04,S,5,0,0
952,2,male,54.4,2,0,82.0,S,3,0,0
954,1,male,31.0,5,0,18.67,S,6,0,0
955,3,male,14.6,3,1,41.88,S,5,0,0
957,3,female,15.2,0,4,100.29,S,5,0,0
958,3,female,24.3,1,1,108.23,S,3,0,0
960,3,female,63.7,2,2,44.66,S,5,0,0
961,3,female,22.6,0,2,15.61,S,3,0,0
962,3,female,42.8,2,2,17.95,S,5,0,0
963,2,male,19.8,3,0,3.53,S,4,0,0
964,3,male,60.3,0,3,35.81,S,4,0,0
965,2,female,33.7,5,3,10.1,S,9,0,0
969,3,male,33.7,2,2,8.32,S,5,0,0
973,3,male,24.5,2,3,50.54,S,6,0,0
974,3,female,41.2,5,4,17.92,S,10,0,0
976,3,male,2.1,0,3,11.72,S,4,0,0
977,3,female,38.0,0,2,85.78,S,3,0,0
980,3,female,54.3,3,4,7.1,S,8,0,0
982,3,male,20.2,4,4,28.04,S,9,0,0
983,3,male,13.4,5,1,152.45,S,7,0,0
985,2,male,9.8,0,1,57.68,S,2,0,0
992,3,female,24.1,0,4,11.6,S,5,0,0
993,3,female,30.4,0,3,0.07,S,4,0,0
997,3,male,26.8,0,0,109.26,S,1,1,0
999,3,female,24.6,3,3,8.9,S,7,0,0
1001,1,male,53.7,2,0,23.21,S,3,0,0
1008,3,female,26.1,5,3,15.0,S,9,0,0
1010,1,female,33.2,3,4,5.68,S,8,0,0
1016,3,male,24.1,4,4,57.74,S,9,0,0
1021,3,male,36.9,4,4,31.16,S,9,0,0
1025,3,female,19.6,1,3,13.8,S,5,0,0
1032,3,male,10.1,5,2,21.71,S,8,0,0
1034,3,male,23.0,2,3,53.66,S,6,0,0
1036,2,male,38.7,3,1,38.55,S,5,0,0
1038,3,female,27.5,4,2,48.78,S,7,0,0
1039,2,male,38.5,4,2,56.75,S,7,0,0
1040,1,female,23.9,5,3,73.11,S,9,0,0
1046,3,male,54.0,2,0,64.92,S,3,0,0
1047,1,male,20.0,2,0,16.66,S,3,0,0
1049,3,male,22.4,0,3,23.39,S,4,0,0
1055,3,female,18.7,0,3,74.04,S,4,0,0
1057,3,female,62.9,4,3,63.46,S,8,0,0
1058,2,male,36.9,4,4,265.95,S,9,0,0
1064,1,female,30.6,5,3,8.98,S,9,0,0
1067,1,female,46.4,5,4,9.45,S,10,0,0
1068,1,male,29.9,2,0,69.48,S,3,0,0
1069,1,male,27.2,4,2,1.12,S,7,0,0
1071,3,male,27.1,3,0,103.45,S,4,0,0
1073,3,male,35.5,3,0,25.42,S,4,0,0
1075,1,male,32.1,0,0,22.37,S,1,1,0
1076,2,male,30.1,1,0,14.35,S,2,0,0
1081,2,male,34.6,4,0,62.9,S,5,0,0
1082,2,male,42.5,4,1,31.35,S,6,0,0
1085,3,female,44.9,1,0,108.67,S,2,0,0
1087,3,male,17.9,1,1,6.46,S,3,0,0
1089,3,male,35.1,4,0,8.91,S,5,0,0
1092,3,male,26.7,1,0,0.62,S,2,0,0
1093,2,male,9.8,5,4,17.54,S,10,0,0
1094,3,female,23.9,0,2,1.32,S,3,0,0
1095,3,male,19.0,3,4,7.46,S,8,0,0
1100,3,male,42.2,0,3,19.88,S,4,0,0
1105,2,female,62.0,1,3,1.99,S,5,0,0
1106,3,female,42.0,1,0,1.11,S,2,0,0
1109,1,female,0.0,1,1,104.97,S,3,0,0
1112,2,male,28.0,2,2,9.55,S,5,0,0
1113,3,female,36.9,1,3,91.29,S,5,0,0
1114,3,male,38.6,1,0,0.4,S,2,0,0
1115,3,female,23.2,3,3,29.5,S,7,0,0
1116,3,male,34.3,0,2,6.31,S,3,0,0
1118,2,male,35.4,4,3,9.4,S,8,0,0
1119,1,male,25.5,0,2,88.46,S,3,0,0
1125,3,male,35.4,0,4,16.56,S,5,0,0
1127,2,male,29.5,5,2,22.22,S,8,0,0
1131,3,female,45.9,5,4,50.0,S,10,0,0
1133,1,female,27.6,5,1,7.2,S,7,0,0
1135,3,female,44.3,1,3,0.18,S,5,0,0
1137,3,female,45.8,2,2,15.31,S,5,0,0
1138,3,male,5.8,1,3,64.58,S,5,0,0
1139,1,female,35.4,3,4,126.57,S,8,0,0
1141,1,male,45.1,0,3,96.04,S,4,0,0
1143,3,male,25.6,5,4,7.2,S,10,0,0
1154,3,male,14.5,4,2,37.19,S,7,0,0
1159,1,male,39.9,0,4,59.86,S,5,0,0
1161,3,female,23.7,2,0,114.62,S,3,0,0
1162,3,female,42.4,5,1,15.01,S,7,0,0
1164,2,female,40.9,1,0,33.1,S,2,0,0
1168,2,male,19.8,3,4,6.39,S,8,0,0
1169,3,female,23.9,4,0,102.11,S,5,0,0
1175,2,male,3.6,3,0,18.22,S,4,0,0
1177,3,male,10.6,3,2,15.82,S,6,0,0
1181,3,male,52.0,2,4,44.51,S,7,0,0
1184,1,female,43.6,3,0,33.39,S,4,0,0
1188,3,male,25.9,3,1,21.48,S,5,0,0
1192,3,male,22.9,1,3,13.5,S,5,0,0
1194,3,male,7.6,2,1,19.55,S,4,0,0
1199,3,female,34.0,3,3,45.9,S,7,0,0
1202,1,female,36.5,3,4,0.36,S,8,0,0
1207,2,male,10.4,5,0,13.78,S,6,0,0
1208,3,male,8.5,5,0,123.7,S,6,0,0
1210,3,male,16.8,1,4,1.55,S,6,0,0
1211,1,male,37.1,3,4,1.54,S,8,0,0
1212,3,female,20.7,4,1,54.67,S,6,0,0
1215,3,male,58.3,4,3,82.73,S,8,0,0
1219,3,male,9.3,0,1,2.42,S,2,0,0
1221,2,male,25.5,0,4,41.92,S,5,0,0
1224,1,female,26.1,5,2,7.41,S,8,0,0
1227,3,male,65.7,0,1,61.96,S,2,0,0
1229,3,male,37.6,4,1,89.83,S,6,0,0
1232,3,male,34.1,1,1,13.23,S,3,0,0
1235,3,male,35.1,3,2,38.57,S,6,0,0
1237,3,male,34.9,1,3,19.54,S,5,0,0
1239,3,male,46.5,4,3,19.84,S,8,0,0
1246,2,female,43.4,2,1,8.35,S,4,0,0
1247,3,male,39.5,1,3,12.47,S,5,0,0
1249,1,male,14.3,3,2,28.5,S,6,0,0
1251,2,male,60.5,3,4,52.25,S,8,0,0
1252,1,female,7.7,1,0,14.24,S,2,0,0
1256,3,female,21.4,1,2,11.23,S,4,0,0
1257,1,male,37.6,0,4,91.71,S,5,0,0
1259,3,male,28.7,4,1,8.14,S,6,0,0
1260,2,male,25.2,2,1,49.2,S,4,0,0
1262,3,female,22.0,2,3,0.08,S,6,0,0
1264,1,male,33.2,0,1,19.87,S,2,0,0
1265,3,female,39.7,3,4,25.29,S,8,0,0
1266,3,male,26.8,4,4,15.21,S,9,0,0
1267,3,male,0.0,5,0,4.41,S,6,0,0
1268,3,male,21.0,4,0,13.53,S,5,0,0
1269,2,male,41.7,0,1,55.2,S,2,0,0
1273,3,male,28.7,2,2,42.19,S,5,0,0
1274,3,female,19.4,0,1,21.42,S,2,0,0
1275,1,female,13.1,5,4,4.3,S,10,0,0
1276,1,male,49.1,2,0,73.85,S,3,0,0
1278,1,female,38.0,1,4,13.25,S,6,0,0
1279,3,female,41.7,3,1,47.56,S,5,0,0
1282,3,male,19.7,2,0,1.1,S,3,0,0
1283,3,male,48.3,5,3,66.42,S,9,0,0
1284,1,female,47.0,4,1,50.28,S,6,0,0
1285,3,female,34.3,1,0,23.83,S,2,0,0
1286,3,male,25.0,1,1,5.56,S,3,0,0
1289,1,male,52.6,4,4,107.24,S,9,0,0
1290,2,male,12.7,0,3,39.48,S,4,0,0
1292,3,female,22.4,0,2,53.71,S,3,0,0
1295,2,male,18.5,2,2,9.59,S,5,0,0
1296,1,male,38.1,5,0,128.01,S,6,0,0
1297,3,male,39.8,0,1,60.88,S,2,0,0
1300,2,male,13.6,5,3,9.12,S,9,0,0
1310,3,female,36.6,0,3,30.34,S,4,0,0
1314,1,female,20.3,4,1,11.18,S,6,0,0
1316,2,female,26.8,2,3,17.57,S,6,0,0
1318,2,male,44.0,2,2,47.16,S,5,0,0
1319,3,male,18.8,3,2,9.92,S,6,0,0
1320,3,male,27.8,2,1,17.63,S,4,0,0
1321,3,male,44.0,3,3,23.45,S,7,0,0
1325,1,male,13.2,2,3,44.65,S,6,0,0
1330,1,female,39.7,0,1,53.32,S,2,0,0
1332,3,male,49.4,5,1,11.68,S,7,0,0
1336,2,male,19.2,5,2,12.39,S,8,0,0
1338,3,female,24.3,4,2,13.89,S,7,0,0
1339,2,male,22.6,5,3,55.23,S,9,0,0
1341,3,male,17.1,0,4,13.82,S,5,0,0
1351,3,female,27.2,0,4,70.16,S,5,0,0
1352,1,female,38.7,1,2,5.1,S,4,0,0
1354,3,female,32.8,0,0,21.31,S,1,1,0
1357,3,male,6.0,3,2,5.8,S,6,0,0
1358,2,female,24.1,3,4,4.88,S,8,0,0
1359,3,male,34.3,3,1,5.38,S,5,0,0
1361,2,male,25.0,3,4,30.95,S,8,0,0
1365,2,female,17.9,4,3,84.13,S,8,0,0
1368,2,male,18.6,1,1,19.87,S,3,0,0
1369,1,male,17.6,4,1,59.14,S,6,0,0
1371,3,female,45.1,4,3,139.33,S,8,0,0
1373,2,male,33.8,3,2,44.75,S,6,0,0
1374,1,male,38.7,4,3,4.66,S,8,0,0
1376,1,female,43.2,2,4,32.8,S,7,0,0
1377,3,male,12.2,5,1,34.66,S,7,0,0
1378,3,male,13.8,2,4,5.11,S,7,0,0
1379,3,female,13.0,5,0,61.57,S,6,0,0
1380,1,female,34.9,5,2,66.22,S,8,0,0
1381,3,female,36.1,2,3,17.24,S,6,0,0
1383,3,male,25.7,1,4,22.88,S,6,0,0
1385,1,female,19.3,1,2,3.03,S,4,0,0
1387,3,male,19.4,4,0,21.44,S,5,0,0
1390,2,male,9.4,4,4,15.28,S,9,0,0
1392,3,female,0.0,1,4,49.47,S,6,0,0
1394,2,female,57.7,2,2,4.79,S,5,0,0
1396,3,male,9.0,3,4,0.57,S,8,0,0
1401,3,male,33.5,1,4,32.0,S,6,0,0
1402,2,female,41.4,3,1,8.85,S,5,0,0
1405,3,male,10.8,4,0,15.55,S,5,0,0
1408,3,female,19.4,5,3,12.72,S,9,0,0
1410,2,female,38.8,1,3,85.92,S,5,0,0
1413,3,male,33.0,4,3,12.05,S,8,0,0
1414,3,female,20.1,4,0,15.9,S,5,0,0
1416,3,male,32.1,3,3,12.67,S,7,0,0
1417,3,female,23.3,2,4,20.32,S,7,0,0
1418,3,male,24.7,4,1,45.53,S,6,0,0
1420,3,male,48.2,4,0,40.34,S,5,0,0
1422,2,male,26.1,3,2,63.77,S,6,0,0
1423,3,female,22.9,0,1,0.77,S,2,0,0
1426,2,female,8.5,4,4,4.3,S,9,0,0
1430,2,male,38.4,1,2,3.25,S,4,0,0
1432,3,male,46.9,5,0,22.48,S,6,0,0
1434,2,male,18.4,0,1,34.67,S,2,0,0
1436,3,male,36.1,0,4,28.22,S,5,0,0
1438,3,male,17.8,5,3,38.25,S,9,0,0
1441,2,male,15.4,1,4,44.08,S,6,0,0
1443,3,female,31.9,1,1,60.78,S,3,0,0
1450,3,male,28.2,0,1,13.02,S,2,0,0
1451,1,female,31.8,4,0,0.36,S,5,0,0
1454,1,male,50.8,3,3,6.97,S,7,0,0
1458,2,female,46.9,1,1,3.25,S,3,0,0
1462,1,female,34.8,3,4,98.35,S,8,0,0
1465,1,male,24.6,1,0,6.8,S,2,0,0
1470,2,male,31.9,2,1,1.61,S,4,0,0
1474,3,male,7.9,4,1,18.13,S,6,0,0
1479,3,female,40.1,1,1,22.27,S,3,0,0
1482,1,female,28.2,4,0,9.27,S,5,0,0
1483,2,female,50.3,3,0,7.04,S,4,0,0
1484,2,male,38.0,4,3,0.46,S,8,0,0
1485,3,male,19.9,2,0,59.22,S,3,0,0
1486,3,male,5.5,0,2,15.24,S,3,0,0
1488,3,female,32.5,0,1,12.52,S,2,0,0
1489,2,male,28.0,3,2,45.14,S,6,0,0
1490,1,male,54.3,2,0,2.31,S,3,0,0
1492,2,male,0.0,0,0,70.93,S,1,1,0
1493,2,male,23.3,2,4,9.85,S,7,0,0
1496,2,male,26.5,3,0,64.75,S,4,0,0
1497,1,male,24.2,2,4,10.79,S,7,0,0
1498,2,male,1.0,5,3,8.42,S,9,0,0
1500,2,male,24.3,4,2,35.48,S,7,0,0
1504,1,female,15.6,1,1,63.55,S,3,0,0
1513,3,male,12.6,0,1,0.83,S,2,0,0
1514,3,male,17.7,3,4,13.08,S,8,0,0
1518,3,male,24.0,3,0,70.42,S,4,0,0
1522,3,female,17.4,0,4,25.99,S,5,0,0
1523,3,male,27.9,0,2,50.31,S,3,0,0
1524,3,female,21.9,0,0,11.01,S,1,1,0
1525,3,female,60.0,4,3,8.82,S,8,0,0
1526,2,female,43.8,1,1,23.34,S,3,0,0
1527,3,male,20.7,3,4,21.05,S,8,0,0
1530,3,male,30.9,1,0,41.55,S,2,0,0
1535,3,male,52.8,5,1,71.17,S,7,0,0
1536,3,male,29.8,3,1,15.51,S,5,0,0
1538,3,male,28.7,2,1,25.01,S,4,0,0
1539,3,male,28.1,4,0,10.09,S,5,0,0
1541,3,male,24.3,5,0,2.59,S,6,0,0
1542,3,male,12.2,0,1,33.77,S,2,0,0
1545,3,male,36.9,4,0,26.84,S,5,0,0
1547,1,female,56.4,0,0,108.63,S,1,1,0
1548,3,female,20.7,0,0,13.13,S,1,1,0
1551,2,male,38.3,4,4,0.54,S,9,0,0
1554,3,male,22.1,2,0,62.55,S,3,0,0
1555,2,male,53.2,1,3,40.24,S,5,0,0
1557,3,male,43.3,2,1,12.72,S,4,0,0
1560,1,male,13.4,4,2,40.59,S,7,0,0
1561,3,male,36.4,5,3,0.94,S,9,0,0
1563,3,female,3.4,3,2,68.21,S,6,0,0
1565,3,male,24.2,0,3,47.04,S,4,0,0
1567,3,female,28.1,5,3,6.11,S,9,0,0
1569,2,male,17.0,0,4,25.74,S,5,0,0
1570,2,female,32.0,4,3,20.37,S,8,0,0
1571,1,male,31.0,5,2,74.27,S,8,0,0
1576,3,female,38.8,3,3,4.56,S,7,0,0
1578,1,male,12.4,5,3,157.7,S,9,0,0
1579,3,female,8.9,5,3,27.55,S,9,0,0
1581,3,male,16.5,2,3,16.79,S,6,0,0
1582,3,male,46.1,1,4,29.67,S,6,0,0
1587,2,female,18.3,3,0,23.7,S,4,0,0
1588,1,female,39.0,1,2,1.84,S,4,0,0
1592,3,female,23.5,1,0,9.89,S,2,0,0
1593,2,female,16.0,0,0,51.43,S,1,1,0
1596,1,male,0.0,3,3,26.71,S,7,0,0
1602,3,male,27.5,4,1,7.38,S,6,0,0
1603,3,female,49.5,5,1,30.02,S,7,0,0
1605,3,female,58.6,4,2,25.42,S,7,0,0
1609,3,male,29.3,3,2,17.73,S,6,0,0
1613,1,male,46.6,1,3,40.37,S,5,0,0
1621,3,female,22.3,5,2,6.91,S,8,0,0
1622,2,male,28.3,1,4,3.22,S,6,0,0
1624,3,female,12.8,0,4,64.66,S,5,0,0
1626,3,male,25.1,1,1,48.32,S,3,0,0
1628,3,male,50.6,0,1,12.03,S,2,0,0
1629,2,female,30.1,5,1,15.74,S,7,0,0
1631,3,female,41.4,0,3,34.94,S,4,0,0
1636,3,female,28.5,3,4,24.63,S,8,0,0
1637,1,male,22.4,3,3,1.42,S,7,0,0
1640,3,female,34.9,0,0,15.69,S,1,1,0
1642,3,male,24.3,0,0,23.79,S,1,1,0
1646,3,male,43.0,3,4,2.14,S,8,0,0
1650,1,female,31.3,1,1,0.1,S,3,0,0
1651,1,male,25.7,0,0,64.66,S,1,1,0
1652,2,male,47.9,1,2,114.37,S,4,0,0
1654,3,male,35.0,2,2,21.09,S,5,0,0
1656,3,male,50.4,2,4,118.19,S,7,0,0
1659,1,male,17.3,4,2,26.65,S,7,0,0
1661,1,male,23.8,3,3,45.78,S,7,0,0
1663,3,female,1.2,1,4,82.66,S,6,0,0
1668,3,male,14.2,1,4,3.36,S,6,0,0
1675,2,female,42.4,0,4,2.22,S,5,0,0
1676,3,male,35.0,4,2,12.76,S,7,0,0
1678,1,male,43.6,2,2,16.26,S,5,0,0
1680,3,male,9.6,0,2,5.23,S,3,0,0
1684,2,male,14.8,3,4,2.97,S,8,0,0
1690,3,male,36.8,1,1,44.18,S,3,0,0
1691,2,male,38.5,4,2,28.43,S,7,0,0
1692,3,male,17.8,3,1,18.24,S,5,0,0
1693,1,female,40.7,4,4,12.48,S,9,0,0
1694,3,male,32.4,4,4,73.5,S,9,0,0
1696,3,male,30.3,3,2,4.88,S,6,0,0
1697,3,female,43.8,4,2,0.48,S,7,0,0
1699,1,female,0.0,1,0,62.3,S,2,0,0
1701,1,male,40.4,0,3,3.46,S,4,0,0
1702,1,male,23.7,4,4,48.43,S,9,0,0
1703,3,male,30.6,4,4,32.79,S,9,0,0
1704,3,male,30.6,4,2,15.69,S,7,0,0
1705,1,female,1.3,5,4,2.81,S,10,0,0
1710,3,male,38.3,5,3,56.08,S,9,0,0
1711,2,female,17.7,4,2,7.57,S,7,0,0
1714,3,male,48.0,5,4,34.19,S,10,0,0
1716,2,male,53.4,3,3,13.02,S,7,0,0
1720,2,male,74.9,3,3,89.03,S,7,0,0
1721,2,female,37.6,0,1,79.88,S,2,0,0
1722,3,male,48.8,0,3,17.88,S,4,0,0
1723,3,female,35.1,5,2,17.02,S,8,0,0
1725,3,female,18.0,2,1,42.0,S,4,0,0
1726,1,male,19.4,3,3,25.56,S,7,0,0
1729,3,male,36.0,5,3,74.93,S,9,0,0
1730,3,male,0.0,3,1,40.48,S,5,0,0
1733,3,female,48.3,1,4,144.17,S,6,0,0
1734,3,female,37.3,3,3,36.98,S,7,0,0
1736,3,female,32.1,5,2,0.18,S,8,0,0
1738,3,male,38.3,1,3,20.33,S,5,0,0
1739,3,female,23.5,1,4,76.93,S,6,0,0
1744,1,male,20.5,4,0,7.68,S,5,0,0
1745,3,female,34.1,0,0,43.66,S,1,1,0
1746,3,male,33.0,4,2,11.29,S,7,0,0
1747,1,male,29.4,0,2,1.01,S,3,0,0
1749,1,female,14.2,5,2,34.34,S,8,0,0
1750,3,male,18.5,3,3,49.79,S,7,0,0
1752,1,male,28.4,3,0,17.68,S,4,0,0
1758,3,male,35.5,2,1,20.07,S,4,0,0
1759,3,female,30.0,5,0,33.66,S,6,0,0
1760,1,female,34.7,4,3,24.83,S,8,0,0
1762,1,male,40.3,4,0,31.5,S,5,0,0
1764,3,female,39.1,4,0,4.09,S,5,0,0
1765,1,male,31.3,2,2,32.67,S,5,0,0
1767,2,male,30.2,2,4,12.28,S,7,0,0
1769,3,female,21.5,0,0,7.95,S,1,1,0
1770,3,female,26.8,3,0,24.7,S,4,0,0
1775,2,female,22.6,3,1,93.75,S,5,0,0
1777,3,male,27.7,5,2,11.17,S,8,0,0
1778,2,female,23.1,4,0,14.03,S,5,0,0
1782,1,female,15.9,4,2,20.15,S,7,0,0
1787,3,male,33.0,5,4,17.23,S,10,0,0
1789,3,male,22.1,2,3,57.73,S,6,0,0
1790,3,female,13.1,0,0,4.11,S,1,1,0
1794,2,male,49.7,1,4,14.16,S,6,0,0
1795,1,female,42.2,5,3,13.32,S,9,0,0
1797,1,male,0.5,2,4,4.07,S,7,0,0
1799,3,female,32.7,2,3,2.35,S,6,0,0
1802,3,male,29.3,1,4,16.01,S,6,0,0
1808,3,male,23.6,1,1,6.8,S,3,0,0
1809,1,male,29.1,1,3,80.94,S,5,0,0
1812,3,male,35.4,1,0,24.27,S,2,0,0
1813,2,male,17.0,4,2,54.88,S,7,0,0
1814,3,female,18.9,4,1,31.6,S,6,0,0
1816,2,male,23.6,1,3,44.68,S,5,0,0
1819,3,male,33.1,0,2,185.92,S,3,0,0
1821,3,female,15.7,0,2,27.14,S,3,0,0
1822,1,male,35.8,2,1,16.66,S,4,0,0
1825,1,male,53.9,1,3,36.72,S,5,0,0
1826,3,female,60.0,4,3,56.42,S,8,0,0
1829,3,female,32.8,0,4,51.14,S,5,0,0
1831,1,male,16.8,1,0,0.13,S,2,0,0
1836,3,male,18.5,2,2,32.23,S,5,0,0
1840,3,male,24.1,2,0,6.76,S,3,0,0
1843,3,male,46.8,5,2,22.96,S,8,0,0
1845,3,male,47.2,2,2,99.51,S,5,0,0
1846,3,male,5.7,3,4,65.14,S,8,0,0
1847,3,female,19.7,1,2,21.65,S,4,0,0
1850,3,female,27.2,5,0,0.91,S,6,0,0
1855,3,male,30.3,2,3,8.15,S,6,0,0
1857,1,female,36.0,3,3,8.44,S,7,0,0
1862,2,male,31.2,3,4,51.48,S,8,0,0
1863,2,male,2.3,2,4,19.59,S,7,0,0
1866,3,male,35.4,4,4,17.98,S,9,0,0
1868,1,male,52.4,0,1,49.55,S,2,0,0
1871,3,female,1.9,5,1,83.49,S,7,0,0
1872,1,female,29.2,4,1,0.58,S,6,0,0
1875,3,female,24.7,5,1,55.38,S,7,0,0
1878,1,female,41.1,1,1,37.98,S,3,0,0
1879,2,male,32.5,1,3,8.63,S,5,0,0
1884,3,female,51.3,2,1,47.18,S,4,0,0
1885,2,female,9.5,2,4,50.61,S,7,0,0
1886,3,male,8.8,5,2,34.75,S,8,0,0
1887,3,male,32.7,3,3,42.6,S,7,0,0
1890,3,male,28.7,4,4,19.61,S,9,0,0
1891,3,male,37.7,5,3,34.93,S,9,0,0
1893,3,female,12.1,4,1,15.04,S,6,0,0
1894,3,female,17.9,4,2,26.53,S,7,0,0
1896,1,female,11.4,2,0,2.41,S,3,0,0
1898,3,male,29.9,4,3,83.39,S,8,0,0
1900,2,female,31.9,0,0,24.11,S,1,1,0
1903,2,female,13.0,3,0,13.95,S,4,0,0
1907,1,male,25.7,2,0,30.23,S,3,0,0
1909,1,male,32.1,2,3,28.99,S,6,0,0
1910,3,female,20.5,2,2,46.25,S,5,0,0
1913,1,male,11.9,0,1,41.51,S,2,0,0
1914,1,male,32.8,4,2,22.72,S,7,0,0
1917,2,male,24.5,2,0,34.83,S,3,0,0
1921,1,male,25.3,1,2,67.27,S,4,0,0
1923,3,female,32.7,3,0,10.57,S,4,0,0
1925,3,male,21.0,5,0,1.91,S,6,0,0
1926,1,female,44.1,2,2,139.92,S,5,0,0
1929,3,male,31.3,3,3,28.06,S,7,0,0
1931,2,female,42.0,2,2,18.22,S,5,0,0
1933,1,male,29.7,1,3,34.7,S,5,0,0
1936,2,female,52.5,2,1,3.69,S,4,0,0
1938,3,male,42.0,4,0,13.51,S,5,0,0
1939,3,female,25.9,0,1,36.24,S,2,0,0
1940,3,male,27.3,5,0,8.27,S,6,0,0
1941,1,female,40.4,2,4,31.67,S,7,0,0
1946,3,male,27.2,2,0,48.61,S,3,0,0
1947,3,male,34.3,0,3,38.2,S,4,0,0
1948,1,male,27.8,5,4,0.69,S,10,0,0
1949,2,male,0.0,4,2,22.48,S,7,0,0
1950,3,male,10.6,3,2,44.48,S,6,0,0
1951,1,male,42.6,0,4,7.82,S,5,0,0
1957,1,female,33.6,5,2,32.39,S,8,0,0
1960,3,female,22.3,0,3,45.06,S,4,0,0
1961,3,female,52.4,4,2,10.48,S,7,0,0
1963,3,male,35.8,5,2,25.46,S,8,0,0
1965,3,male,27.2,4,4,6.22,S,9,0,0
1966,3,female,28.9,4,2,11.72,S,7,0,0
1969,3,male,17.2,0,3,23.63,S,4,0,0
1972,3,male,48.4,3,4,93.69,S,8,0,0
1976,2,male,18.0,3,1,16.3,S,5,0,0
1977,3,male,13.1,0,0,25.0,S,1,1,0
1980,3,female,18.8,1,2,7.19,S,4,0,0
1982,3,female,20.9,1,3,2.36,S,5,0,0
1983,3,female,30.3,0,2,8.55,S,3,0,0
1984,2,female,25.3,4,4,40.68,S,9,0,0
1985,1,female,9.3,1,2,7.74,S,4,0,0
1988,3,male,40.3,4,0,143.53,S,5,0,0
1991,3,male,18.6,4,0,22.9,S,5,0,0
1997,3,female,44.4,3,4,3.4,S,8,0,0
1998,3,male,23.1,4,4,65.56,S,9,0,0
2001,3,male,41.4,4,2,26.97,S,7,0,0
2003,2,female,8.3,4,0,22.22,S,5,0,0
2006,2,male,24.0,0,4,212.84,S,5,0,0
2008,3,female,46.4,3,3,2.06,S,7,0,0
2009,3,female,29.9,2,2,41.39,S,5,0,0
2010,3,male,28.9,3,0,3.4,S,4,0,0
2011,3,male,55.6,0,0,15.85,S,1,1,0
2013,1,male,18.0,0,4,4.39,S,5,0,0
2014,2,female,34.8,5,3,11.08,S,9,0,0
2016,2,female,23.8,5,1,65.31,S,7,0,0
2018,3,female,42.5,4,0,24.56,S,5,0,0
2021,2,male,19.3,3,1,5.86,S,5,0,0
2024,3,male,13.6,4,0,1.42,S,5,0,0
2025,2,female,35.3,5,0,94.34,S,6,0,0
2028,3,female,29.0,0,4,11.04,S,5,0,0
2030,3,male,48.4,0,0,30.89,S,1,1,0
2031,2,female,48.8,4,4,11.01,S,9,0,0
2034,3,female,14.2,4,4,16.23,S,9,0,0
2035,3,male,44.0,2,3,25.97,S,6,0,0
2036,1,male,40.5,2,0,51.45,S,3,0,0
2037,1,female,17.6,1,4,65.74,S,6,0,0
2038,3,male,19.4,3,1,8.97,S,5,0,0
2039,3,male,35.4,0,0,8.83,S,1,1,0
2041,3,female,20.2,0,4,17.85,S,5,0,0
2042,1,female,14.4,2,4,60.37,S,7,0,0
2043,3,male,14.9,3,0,0.24,S,4,0,0
2046,3,female,4.4,1,4,68.5,S,6,0,0
2049,1,male,42.6,1,0,12.77,S,2,0,0
2052,1,female,17.6,2,2,44.05,S,5,0,0
2056,3,male,41.7,0,3,28.44,S,4,0,0
2060,1,male,36.5,2,3,40.04,S,6,0,0
2061,3,male,15.1,2,0,10.69,S,3,0,0
2063,1,male,19.8,2,2,31.62,S,5,0,0
2066,3,female,13.5,1,3,119.46,S,5,0,0
2067,3,male,34.7,4,1,4.69,S,6,0,0
2068,3,male,8.3,5,0,2.78,S,6,0,0
2072,3,male,31.8,2,2,11.68,S,5,0,0
2076,1,male,29.7,0,4,9.08,S,5,0,0
2080,3,female,16.6,3,0,11.25,S,4,0,0
2081,3,female,26.9,0,3,13.54,S,4,0,0
2082,1,female,23.1,0,0,101.29,S,1,1,0
2084,3,male,30.9,0,4,69.7,S,5,0,0
2085,3,male,34.1,4,0,42.72,S,5,0,0
2092,3,female,45.6,0,2,27.09,S,3,0,0
2093,2,female,12.1,5,1,46.83,S,7,0,0
2099,1,male,42.4,2,0,33.45,S,3,0,0
2101,3,female,34.8,0,0,3.46,S,1,1,0
2102,3,male,0.0,2,1,2.35,S,4,0,0
2110,3,male,32.7,2,3,60.84,S,6,0,0
2111,3,male,47.9,5,4,27.78,S,10,0,0
2112,2,female,29.4,2,2,63.67,S,5,0,0
2115,2,female,43.1,1,3,33.14,S,5,0,0
2117,2,male,41.4,5,4,26.35,S,10,0,0
2118,3,male,38.4,0,3,52.44,S,4,0,0
2121,3,male,24.8,4,4,37.03,S,9,0,0
2123,3,male,46.0,2,1,31.38,S,4,0,0
2127,2,male,38.4,0,0,18.06,S,1,1,0
2129,3,male,45.6,1,3,3.11,S,5,0,0
2130,3,male,42.1,5,4,9.76,S,10,0,0
2132,3,male,22.3,0,1,130.32,S,2,0,0
2133,2,male,38.3,4,2,57.56,S,7,0,0
2138,3,female,32.7,4,0,43.93,S,5,0,0
2141,3,female,26.0,0,1,72.21,S,2,0,0
2144,3,female,26.5,4,3,87.34,S,8,0,0
2146,3,female,32.0,5,1,37.14,S,7,0,0
2148,2,male,23.9,2,0,6.12,S,3,0,0
2150,3,male,0.0,4,2,191.76,S,7,0,0
2151,3,female,45.9,4,4,40.73,S,9,0,0
2155,2,female,49.3,3,3,33.57,S,7,0,0
2156,3,male,12.8,4,4,21.49,S,9,0,0
2162,3,male,34.4,1,0,102.89,S,2,0,0
2169,2,female,26.6,4,3,1.16,S,8,0,0
2171,1,male,36.3,3,1,21.76,S,5,0,0
2172,1,male,39.6,3,3,0.3,S,7,0,0
2174,1,female,15.3,5,2,58.42,S,8,0,0
2176,2,female,32.1,4,1,21.71,S,6,0,0
2180,3,male,27.7,0,1,1.93,S,2,0,0
2181,3,female,29.7,2,1,62.39,S,4,0,0
2193,3,male,14.4,3,3,2.53,S,7,0,0
2194,1,male,53.0,1,0,10.97,S,2,0,0
2195,2,male,15.5,1,0,8.22,S,2,0,0
2196,1,female,7.7,5,1,36.47,S,7,0,0
2198,1,male,32.2,1,3,45.59,S,5,0,0
2199,3,female,30.0,3,1,17.81,S,5,0,0
2201,3,male,18.2,1,1,6.46,S,3,0,0
2202,2,female,32.3,4,4,71.3,S,9,0,0
2203,2,male,44.8,5,1,2.49,S,7,0,0
2206,3,female,3.3,4,0,7.72,S,5,0,0
2208,3,male,42.9,1,2,124.05,S,4,0,0
2212,3,male,11.0,4,3,19.47,S,8,0,0
2217,3,female,30.0,4,0,23.32,S,5,0,0
2219,2,male,36.2,2,2,5.45,S,5,0,0
2221,3,female,0.0,0,1,13.59,S,2,0,0
2222,3,male,38.0,1,0,4.72,S,2,0,0
2223,3,male,39.2,5,4,209.84,S,10,0,0
2224,3,male,11.6,0,3,18.89,S,4,0,0
2225,1,male,12.6,4,1,24.78,S,6,0,0
2226,3,male,36.2,1,1,30.67,S,3,0,0
2227,3,male,31.7,0,1,6.97,S,2,0,0
2229,1,male,17.5,1,3,2.08,S,5,0,0
2231,3,male,38.5,1,4,20.49,S,6,0,0
2235,3,male,47.5,4,0,49.94,S,5,0,0
2237,2,male,19.7,5,1,79.48,S,7,0,0
2239,3,female,11.3,3,0,39.9,S,4,0,0
2241,3,male,26.6,2,2,2.52,S,5,0,0
2242,2,male,23.4,1,3,55.06,S,5,0,0
2245,3,female,27.5,4,4,78.73,S,9,0,0
2246,1,female,29.5,5,1,13.65,S,7,0,0
2248,3,male,11.3,4,4,18.66,S,9,0,0
2250,1,male,21.3,0,1,0.16,S,2,0,0
2256,1,female,18.9,0,0,12.07,S,1,1,0
2258,3,male,14.6,0,0,101.21,S,1,1,0
2261,2,male,20.6,0,3,36.79,S,4,0,0
2263,2,female,28.8,3,2,13.03,S,6,0,0
2264,3,male,8.6,4,2,1.85,S,7,0,0
2266,2,female,52.3,3,4,14.4,S,8,0,0
2269,2,male,38.4,5,2,6.77,S,8,0,0
2271,3,male,28.4,5,0,45.07,S,6,0,0
2275,2,male,17.6,3,0,70.2,S,4,0,0
2279,1,male,50.5,1,3,43.75,S,5,0,0
2281,2,male,37.3,4,0,8.45,S,5,0,0
2282,2,female,32.7,1,4,187.11,S,6,0,0
2284,2,male,13.2,1,1,127.44,S,3,0,0
2285,3,male,21.9,5,4,83.54,S,10,0,0
2287,1,female,14.2,2,1,27.91,S,4,0,0
2288,3,male,32.4,0,0,0.15,S,1,1,0
2289,3,female,28.8,0,3,32.28,S,4,0,0
2290,2,female,26.3,2,0,47.37,S,3,0,0
2291,3,male,37.0,5,4,42.24,S,10,0,0
2292,2,female,13.4,5,1,6.04,S,7,0,0
2293,3,female,18.1,1,0,25.17,S,2,0,0
2294,3,male,27.1,5,4,25.57,S,10,0,0
2295,3,male,12.2,0,4,33.86,S,5,0,0
2297,3,male,17.8,0,0,38.34,S,1,1,0
2299,3,male,16.7,1,4,0.61,S,6,0,0
2301,3,male,6.5,2,3,1.32,S,6,0,0
2305,1,male,17.4,3,4,2.68,S,8,0,0
2307,3,female,7.6,2,2,89.9,S,5,0,0
2308,1,male,29.5,1,4,168.28,S,6,0,0
2309,2,female,17.7,1,3,1.65,S,5,0,0
2310,3,male,25.4,0,2,56.81,S,3,0,0
2312,3,female,17.8,5,4,31.05,S,10,0,0
2315,3,male,8.3,1,3,20.83,S,5,0,0
2316,3,male,16.7,2,4,5.88,S,7,0,0
2317,3,male,41.0,3,2,48.43,S,6,0,0
2318,3,male,42.6,5,2,23.07,S,8,0,0
2322,3,female,1.8,3,0,11.22,S,4,0,0
2323,1,male,23.4,1,4,77.76,S,6,0,0
2329,2,male,21.5,4,4,41.2,S,9,0,0
2330,3,female,21.7,4,2,9.94,S,7,0,0
2331,3,female,27.1,1,4,29.79,S,6,0,0
2332,1,male,33.3,4,3,25.87,S,8,0,0
2334,1,female,41.2,3,3,3.94,S,7,0,0
2335,3,female,47.4,4,3,21.54,S,8,0,0
2338,1,male,40.2,5,0,19.77,S,6,0,0
2339,1,male,28.8,2,0,32.68,S,3,0,0
2341,3,female,16.6,1,1,6.95,S,3,0,0
2343,2,male,26.5,2,0,43.03,S,3,0,0
2347,3,male,39.8,5,0,11.28,S,6,0,0
2349,1,male,33.8,1,1,13.49,S,3,0,0
2352,3,female,42.8,4,4,5.06,S,9,0,0
2355,2,male,49.4,1,3,10.45,S,5,0,0
2357,1,male,13.7,2,4,29.76,S,7,0,0
2358,3,male,19.9,1,4,38.69,S,6,0,0
2362,3,male,18.3,2,0,57.55,S,3,0,0
2365,3,male,2.7,3,1,25.65,S,5,0,0
2366,3,male,0.0,1,4,32.66,S,6,0,0
2367,3,male,23.7,2,2,14.93,S,5,0,0
2368,3,male,32.5,5,4,25.19,S,10,0,0
2373,3,male,29.0,4,4,22.51,S,9,0,0
2375,3,male,39.0,4,4,48.14,S,9,0,0
2378,3,male,17.2,5,0,83.35,S,6,0,0
2384,2,female,18.4,4,0,5.93,S,5,0,0
2386,3,female,7.1,4,2,25.76,S,7,0,0
2387,3,male,25.8,1,2,62.99,S,4,0,0
2390,3,female,37.6,4,3,111.97,S,8,0,0
2393,3,female,11.9,0,0,31.84,S,1,1,0
2396,2,female,37.7,2,0,23.21,S,3,0,0
2397,3,male,25.5,5,1,86.06,S,7,0,0
2400,3,male,46.4,1,1,37.08,S,3,0,0
2402,1,male,35.4,2,3,92.24,S,6,0,0
2403,3,male,34.4,4,1,21.33,S,6,0,0
2405,3,female,14.3,5,1,0.84,S,7,0,0
2406,2,male,25.9,1,3,24.36,S,5,0,0
2409,3,female,32.8,1,0,22.07,S,2,0,0
2411,2,male,36.1,5,4,14.26,S,10,0,0
2412,1,male,29.9,2,0,1.69,S,3,0,0
2416,3,male,25.7,0,2,46.95,S,3,0,0
2417,2,female,33.0,2,4,4.19,S,7,0,0
2418,3,male,17.1,2,4,1.62,S,7,0,0
2419,3,male,1.0,2,0,0.56,S,3,0,0
2420,3,female,12.9,2,0,23.61,S,3,0,0
2421,1,male,28.1,0,2,22.24,S,3,0,0
2423,3,female,28.7,1,4,13.62,S,6,0,0
2424,2,male,19.8,5,4,24.18,S,10,0,0
2433,1,male,30.8,3,0,10.8,S,4,0,0
2435,3,male,21.1,2,4,15.37,S,7,0,0
2437,3,female,2.5,1,1,8.22,S,3,0,0
2438,2,female,34.1,5,3,4.7,S,9,0,0
2440,3,male,23.9,1,4,8.93,S,6,0,0
2441,3,male,7.4,0,3,1.05,S,4,0,0
2447,3,male,20.9,5,4,39.73,S,10,0,0
2449,2,female,32.0,4,0,41.74,S,5,0,0
2450,3,female,30.5,1,2,16.94,S,4,0,0
2452,3,male,20.3,0,0,28.49,S,1,1,0
2453,1,male,24.4,0,3,7.02,S,4,0,0
2455,3,male,42.1,1,1,28.19,S,3,0,0
2456,3,female,33.7,2,4,55.4,S,7,0,0
2458,1,female,31.9,2,0,23.77,S,3,0,0
2459,2,male,44.4,5,1,2.46,S,7,0,0
2463,1,male,29.0,3,3,114.65,S,7,0,0
2465,3,female,61.6,1,1,34.23,S,3,0,0
2466,2,female,40.5,2,4,4.98,S,7,0,0
2467,1,male,41.8,5,0,40.68,S,6,0,0
2468,3,male,21.4,1,0,119.77,S,2,0,0
2469,2,male,31.2,2,1,134.51,S,4,0,0
2470,3,male,27.7,3,3,4.32,S,7,0,0
2474,2,female,10.8,0,4,12.97,S,5,0,0
2476,2,male,16.9,2,3,13.38,S,6,0,0
2478,3,female,16.9,4,3,52.99,S,8,0,0
2483,1,female,20.6,1,4,30.14,S,6,0,0
2484,3,male,37.1,3,1,58.68,S,5,0,0
2488,3,male,14.0,4,0,16.57,S,5,0,0
2491,1,female,41.9,5,4,11.81,S,10,0,0
2493,1,male,5.3,1,4,1.68,S,6,0,0
2494,2,male,21.9,1,4,5.07,S,6,0,0
2495,3,female,12.8,5,4,93.79,S,10,0,0
2496,3,male,41.1,2,1,0.31,S,4,0,0
2499,3,male,31.4,0,1,38.4,S,2,0,0
2504,3,female,46.4,3,3,14.2,S,7,0,0
2507,3,female,28.3,2,3,68.69,S,6,0,0
2510,1,male,46.0,1,2,29.34,S,4,0,0
2512,1,female,23.7,1,1,5.46,S,3,0,0
2513,3,male,33.3,1,3,52.79,S,5,0,0
2516,3,female,16.7,5,4,2.86,S,10,0,0
2517,3,female,37.3,3,2,8.73,S,6,0,0
2521,3,male,14.4,5,0,30.26,S,6,0,0
2522,2,female,19.3,5,1,16.8,S,7,0,0
2523,3,female,41.7,1,3,1.15,S,5,0,0
2528,3,male,40.7,3,1,58.77,S,5,0,0
2532,3,male,14.7,2,0,52.81,S,3,0,0
2537,3,male,28.0,4,1,19.87,S,6,0,0
2545,3,male,3.6,1,0,23.55,S,2,0,0
2546,3,female,26.1,4,4,24.15,S,9,0,0
2547,3,male,19.1,2,3,18.4,S,6,0,0
2551,1,female,11.0,2,2,3.81,S,5,0,0
2556,2,male,27.2,4,0,6.46,S,5,0,0
2557,1,male,25.7,4,3,9.78,S,8,0,0
2558,3,male,5.4,2,1,13.95,S,4,0,0
2559,3,female,18.4,0,3,1.29,S,4,0,0
2562,3,female,26.4,4,2,13.34,S,7,0,0
2564,3,female,17.6,0,1,7.05,S,2,0,0
2565,3,male,44.3,5,4,133.83,S,10,0,0
2566,3,male,41.6,4,1,5.14,S,6,0,0
2567,3,male,40.1,2,4,75.47,S,7,0,0
2570,3,male,44.2,2,1,22.63,S,4,0,0
2572,3,female,24.7,4,4,9.03,S,9,0,0
2573,1,male,35.3,3,3,73.24,S,7,0,0
2574,3,male,32.1,0,2,28.31,S,3,0,0
2577,1,male,2.3,1,4,4.28,S,6,0,0
2578,1,male,30.2,0,2,57.9,S,3,0,0
2580,3,female,3.9,0,4,11.05,S,5,0,0
2583,3,female,40.4,2,2,86.69,S,5,0,0
2586,3,female,20.8,2,1,32.26,S,4,0,0
2588,2,female,5.1,1,3,18.18,S,5,0,0
2596,1,female,28.9,3,4,4.67,S,8,0,0
2597,1,female,24.3,5,1,6.47,S,7,0,0
2598,3,male,6.9,5,4,24.91,S,10,0,0
2599,3,male,20.1,5,2,22.42,S,8,0,0
2601,3,male,37.9,4,0,17.81,S,5,0,0
2603,3,male,7.3,0,0,9.44,S,1,1,0
2604,1,female,23.6,4,4,21.72,S,9,0,0
2605,2,male,22.0,2,2,2.11,S,5,0,0
2606,1,female,56.4,2,0,13.92,S,3,0,0
2607,3,male,33.1,5,1,7.56,S,7,0,0
2611,2,female,34.1,3,2,5.6,S,6,0,0
2614,3,female,26.1,4,3,72.75,S,8,0,0
2616,2,female,27.2,2,0,22.49,S,3,0,0
2617,3,male,4.0,0,0,7.59,S,1,1,0
2619,1,female,20.9,2,3,56.35,S,6,0,0
2626,3,female,12.7,3,4,6.52,S,8,0,0
2628,3,male,15.7,3,4,2.31,S,8,0,0
2632,3,male,27.6,0,1,14.59,S,2,0,0
2633,3,male,39.8,5,0,90.45,S,6,0,0
2640,2,male,21.4,0,3,18.18,S,4,0,0
2641,3,male,9.3,0,2,2.24,S,3,0,0
2644,3,male,26.2,5,4,28.49,S,10,0,0
2649,3,male,25.0,3,2,9.53,S,6,0,0
2650,2,male,31.5,3,2,39.4,S,6,0,0
2652,3,male,41.0,2,2,4.76,S,5,0,0
2653,3,male,32.3,0,0,59.88,S,1,1,0
2655,3,female,33.4,1,3,9.25,S,5,0,0
2660,3,female,14.4,1,3,38.08,S,5,0,0
2662,3,male,24.9,0,3,72.25,S,4,0,0
2664,3,male,25.2,3,3,24.07,S,7,0,0
2669,3,male,22.5,4,4,108.67,S,9,0,0
2671,3,male,26.6,0,0,45.56,S,1,1,0
2673,1,male,17.5,0,2,11.23,S,3,0,0
2677,1,male,5.4,1,3,9.97,S,5,0,0
2678,3,female,41.4,0,4,14.01,S,5,0,0
2679,2,male,4.6,4,2,48.44,S,7,0,0
2680,3,female,36.5,1,0,30.42,S,2,0,0
2682,3,male,36.9,5,0,80.53,S,6,0,0
2684,3,female,8.9,1,2,41.19,S,4,0,0
2685,3,female,48.0,0,4,34.1,S,5,0,0
2687,3,male,36.0,2,0,53.55,S,3,0,0
2688,3,male,20.0,0,1,144.41,S,2,0,0
2689,3,female,40.4,5,3,15.26,S,9,0,0
2691,2,female,0.0,3,4,45.64,S,8,0,0
2692,3,female,7.1,2,1,66.47,S,4,0,0
2693,2,female,16.1,4,0,1.79,S,5,0,0
2695,3,male,22.9,5,2,52.67,S,8,0,0
2697,3,male,19.9,3,3,45.05,S,7,0,0
2700,3,female,25.3,4,4,53.38,S,9,0,0
2703,3,male,25.6,1,0,42.48,S,2,0,0
2706,3,female,8.1,5,3,11.62,S,9,0,0
2707,1,female,28.7,0,3,0.69,S,4,0,0
2709,1,male,27.7,5,1,20.6,S,7,0,0
2712,3,male,31.6,0,2,0.33,S,3,0,0
2713,3,male,0.0,3,4,16.82,S,8,0,0
2714,2,male,10.1,4,0,6.0,S,5,0,0
2715,2,male,56.6,3,3,81.26,S,7,0,0
2723,3,male,40.6,3,2,14.9,S,6,0,0
2724,3,male,31.3,4,4,15.96,S,9,0,0
2728,3,male,36.0,4,3,11.27,S,8,0,0
2729,3,male,19.2,4,0,21.11,S,5,0,0
2731,3,female,14.6,0,0,18.0,S,1,1,0
2732,1,male,22.8,4,2,51.94,S,7,0,0
2737,3,male,15.7,0,0,97.99,S,1,1,0
2739,2,male,33.1,5,3,13.04,S,9,0,0
2740,2,male,3.1,1,1,20.97,S,3,0,0
2742,3,female,15.6,1,0,27.85,S,2,0,0
2746,3,male,14.1,0,0,26.59,S,1,1,0
2747,2,female,30.7,4,0,3.39,S,5,0,0
2752,3,female,51.9,0,3,13.93,S,4,0,0
2755,2,male,9.4,1,3,3.81,S,5,0,0
2756,3,female,19.5,2,1,87.99,S,4,0,0
2760,3,male,14.6,5,4,25.9,S,10,0,0
2761,3,male,22.9,5,1,3.65,S,7,0,0
2763,3,female,26.7,4,3,57.51,S,8,0,0
2766,1,female,28.8,0,2,4.76,S,3,0,0
2767,3,female,13.8,4,0,55.94,S,5,0,0
2770,3,female,28.0,4,0,28.44,S,5,0,0
2773,1,female,42.7,1,2,16.28,S,4,0,0
2774,3,female,14.6,2,4,2.09,S,7,0,0
2776,3,female,40.8,2,4,18.7,S,7,0,0
2777,1,male,17.4,2,3,158.68,S,6,0,0
2778,2,male,26.5,5,1,18.03,S,7,0,0
2779,3,female,26.8,1,0,5.19,S,2,0,0
2787,3,male,26.3,4,1,33.67,S,6,0,0
2796,2,male,26.5,0,4,21.05,S,5,0,0
2799,3,male,38.9,3,4,18.17,S,8,0,0
2804,3,male,25.0,4,2,21.12,S,7,0,0
2807,3,female,21.6,4,4,82.25,S,9,0,0
2808,2,male,28.9,1,1,12.07,S,3,0,0
2813,2,female,33.4,1,3,10.49,S,5,0,0
2814,3,female,38.3,1,1,8.18,S,3,0,0
2816,3,male,15.8,1,1,46.42,S,3,0,0
2817,3,male,35.6,0,3,0.88,S,4,0,0
2818,3,female,27.1,0,3,6.76,S,4,0,0
2819,1,female,22.7,5,1,39.83,S,7,0,0
2821,1,male,46.9,5,4,43.27,S,10,0,0
2823,2,male,29.1,1,0,68.28,S,2,0,0
2824,1,female,12.5,3,0,0.33,S,4,0,0
2827,1,male,28.7,3,4,20.25,S,8,0,0
2828,2,male,23.9,4,1,5.04,S,6,0,0
2829,3,male,39.2,2,2,8.53,S,5,0,0
2830,1,female,29.8,3,1,49.34,S,5,0,0
2839,3,female,22.3,2,1,82.59,S,4,0,0
2840,3,male,31.7,1,4,12.31,S,6,0,0
2845,2,male,35.1,3,1,37.35,S,5,0,0
2847,2,female,15.9,2,1,64.35,S,4,0,0
2848,2,male,14.3,4,2,13.15,S,7,0,0
2849,3,male,34.4,0,4,2.97,S,5,0,0
2856,3,female,15.9,0,4,0.55,S,5,0,0
2857,3,male,41.2,4,1,22.74,S,6,0,0
2858,2,male,50.5,1,4,35.17,S,6,0,0
2859,3,male,17.2,5,3,13.92,S,9,0,0
2861,1,male,41.8,5,1,59.84,S,7,0,0
2863,1,male,36.9,0,3,68.96,S,4,0,0
2864,3,male,29.7,5,1,5.55,S,7,0,0
2865,1,male,14.2,2,1,8.14,S,4,0,0
2866,1,male,30.7,5,3,28.35,S,9,0,0
2868,3,male,33.4,0,0,3.63,S,1,1,0
2869,2,female,51.7,0,1,6.18,S,2,0,0
2873,2,female,16.7,5,0,7.58,S,6,0,0
2875,3,female,25.4,1,2,63.75,S,4,0,0
2876,1,female,24.1,0,4,9.08,S,5,0,0
2877,2,male,33.8,4,4,28.52,S,9,0,0
2879,2,male,48.0,5,4,29.2,S,10,0,0
2880,2,male,55.7,5,4,29.38,S,10,0,0
2882,3,female,34.8,2,3,33.87,S,6,0,0
2883,3,male,26.0,3,0,103.27,S,4,0,0
2884,1,female,13.9,1,0,11.4,S,2,0,0
2887,3,male,35.3,0,3,1.99,S,4,0,0
2890,2,male,21.6,4,3,7.93,S,8,0,0
2894,1,male,44.7,0,2,19.56,S,3,0,0
2896,1,male,28.7,2,4,4.18,S,7,0,0
2897,3,female,48.8,0,2,16.54,S,3,0,0
2899,2,male,39.2,4,0,22.19,S,5,0,0
2900,1,male,9.2,1,1,58.93,S,3,0,0
2902,3,male,14.9,3,0,54.32,S,4,0,0
2903,1,male,22.6,1,2,1.55,S,4,0,0
2904,3,female,31.5,1,2,7.73,S,4,0,0
2905,3,male,28.5,1,2,2.93,S,4,0,0
2908,3,female,40.8,5,1,1.05,S,7,0,0
2910,1,male,62.1,0,3,3.16,S,4,0,0
2914,1,male,25.3,0,1,32.23,S,2,0,0
2920,1,female,53.8,4,1,15.63,S,6,0,0
2929,3,female,17.0,4,1,8.16,S,6,0,0
2930,3,male,29.7,5,4,76.96,S,10,0,0
2932,3,female,33.9,2,1,13.74,S,4,0,0
2933,1,female,6.2,3,2,7.58,S,6,0,0
2935,3,female,19.4,3,1,86.77,S,5,0,0
2937,3,female,41.7,0,3,21.46,S,4,0,0
2939,3,male,45.8,2,3,16.81,S,6,0,0
2940,3,male,4.6,1,4,92.67,S,6,0,0
2941,2,male,50.6,2,2,144.08,S,5,0,0
2942,3,female,46.3,3,2,10.92,S,6,0,0
2945,2,female,8.1,2,1,20.52,S,4,0,0
2946,2,female,41.9,1,1,17.15,S,3,0,0
2948,2,female,23.3,2,4,91.7,S,7,0,0
2953,2,male,32.0,4,3,178.44,S,8,0,0
2958,1,male,24.1,4,0,12.57,S,5,0,0
2960,2,female,18.1,0,1,128.47,S,2,0,0
2961,1,female,39.6,3,3,9.86,S,7,0,0
2969,1,female,56.9,1,2,3.71,S,4,0,0
2970,1,male,31.5,3,3,42.01,S,7,0,0
2971,3,male,29.0,1,2,29.13,S,4,0,0
2975,1,male,1.7,5,3,22.62,S,9,0,0
2977,1,female,15.5,5,0,24.86,S,6,0,0
2981,1,male,10.2,4,4,34.01,S,9,0,0
2986,3,male,57.7,5,3,75.32,S,9,0,0
2987,3,male,37.5,4,4,48.26,S,9,0,0
2990,2,male,40.6,3,0,140.37,S,4,0,0
2992,1,male,26.4,1,3,21.54,S,5,0,0
2994,3,male,31.3,5,2,22.92,S,8,0,0
2996,3,male,35.5,3,0,28.74,S,4,0,0
2997,3,male,50.0,2,2,137.97,S,5,0,0
3002,3,female,7.8,2,1,3.74,S,4,0,0
3004,3,male,20.8,2,0,2.48,S,3,0,0
3007,3,female,48.6,3,1,16.08,S,5,0,0
3012,3,male,33.9,5,0,27.61,S,6,0,0
3017,3,male,34.4,4,0,15.01,S,5,0,0
3018,2,male,11.7,1,4,4.3,S,6,0,0
3021,2,male,26.4,3,2,58.03,S,6,0,0
3023,3,male,50.3,3,0,135.84,S,4,0,0
3024,3,male,7.6,3,1,48.43,S,5,0,0
3030,3,male,33.7,1,0,9.93,S,2,0,0
3031,3,female,32.2,5,2,16.9,S,8,0,0
3033,2,female,20.8,5,0,31.6,S,6,0,0
3034,3,female,18.5,5,1,100.32,S,7,0,0
3035,3,female,26.7,4,3,66.01,S,8,0,0
3036,3,male,42.5,5,4,17.83,S,10,0,0
3039,3,male,36.1,0,0,16.76,S,1,1,0
3040,3,female,42.8,5,2,8.23,S,8,0,0
3042,2,female,19.0,2,2,4.76,S,5,0,0
3043,1,female,36.3,3,4,19.31,S,8,0,0
3046,3,female,42.7,4,2,18.62,S,7,0,0
3047,1,male,40.5,0,2,15.51,S,3,0,0
3049,3,male,29.2,4,0,41.04,S,5,0,0
3050,1,female,16.1,5,3,22.57,S,9,0,0
3052,3,male,5.0,1,2,91.85,S,4,0,0
3053,3,male,30.9,3,4,10.35,S,8,0,0
3058,2,male,29.7,0,3,62.57,S,4,0,0
3060,1,male,33.6,3,1,36.4,S,5,0,0
3062,3,female,30.8,0,1,24.58,S,2,0,0
3065,3,male,9.7,0,1,41.49,S,2,0,0
3066,1,male,37.6,2,3,34.2,S,6,0,0
3068,3,male,21.6,1,4,32.22,S,6,0,0
3071,3,male,8.6,2,1,35.74,S,4,0,0
3072,3,male,51.6,2,2,18.83,S,5,0,0
3073,3,male,28.9,5,0,9.18,S,6,0,0
3074,1,male,1.5,0,3,52.0,S,4,0,0
3077,2,male,46.2,0,0,21.82,S,1,1,0
3078,1,male,23.1,5,4,3.09,S,10,0,0
3086,2,male,28.3,2,0,17.15,S,3,0,0
3088,2,female,30.6,3,0,88.16,S,4,0,0
3089,1,female,25.5,0,4,22.15,S,5,0,0
3092,1,male,20.4,1,4,26.2,S,6,0,0
3094,3,male,33.0,3,4,66.62,S,8,0,0
3097,3,male,16.1,0,0,96.22,S,1,1,0
3098,2,male,41.0,0,4,10.35,S,5,0,0
3099,1,male,33.2,5,3,12.98,S,9,0,0
3100,1,male,35.9,5,1,37.18,S,7,0,0
3103,1,female,44.8,3,2,9.4,S,6,0,0
3105,3,male,39.1,5,2,90.25,S,8,0,0
3108,2,male,27.9,0,0,16.74,S,1,1,0
3109,1,female,30.1,2,4,2.92,S,7,0,0
3111,1,male,35.2,5,4,15.41,S,10,0,0
3114,2,male,33.8,0,2,8.96,S,3,0,0
3117,3,male,34.0,1,1,73.2,S,3,0,0
3118,3,male,21.0,3,4,7.26,S,8,0,0
3119,3,female,20.6,5,2,2.73,S,8,0,0
3120,3,female,33.8,1,1,13.98,S,3,0,0
3123,3,male,30.1,3,3,6.67,S,7,0,0
3125,1,male,52.3,2,2,49.6,S,5,0,0
3133,3,male,40.1,0,2,8.78,S,3,0,0
3134,2,male,46.7,1,1,19.61,S,3,0,0
3135,3,female,27.6,0,2,68.13,S,3,0,0
3138,1,female,19.9,3,3,70.38,S,7,0,0
3139,3,female,31.7,5,0,21.79,S,6,0,0
3140,2,female,39.2,5,3,21.99,S,9,0,0
3142,3,female,54.3,1,0,6.35,S,2,0,0
3143,2,male,23.9,5,1,40.16,S,7,0,0
3144,1,male,45.7,3,0,8.42,S,4,0,0
3149,3,male,17.9,1,0,2.78,S,2,0,0
3151,3,male,38.4,1,3,34.78,S,5,0,0
3153,1,male,39.4,2,0,109.04,S,3,0,0
3157,1,male,54.0,5,2,15.71,S,8,0,0
3159,3,female,44.3,5,2,16.51,S,8,0,0
3160,3,male,14.5,4,2,26.17,S,7,0,0
3162,3,male,25.2,0,4,22.91,S,5,0,0
3163,3,female,45.6,2,0,19.56,S,3,0,0
3165,2,male,52.5,4,0,8.82,S,5,0,0
3167,3,female,14.0,5,4,41.14,S,10,0,0
3171,3,male,20.5,3,1,9.85,S,5,0,0
3172,1,male,17.5,2,3,55.06,S,6,0,0
3173,1,male,41.5,2,4,6.58,S,7,0,0
3174,3,female,0.0,2,3,2.25,S,6,0,0
3180,3,male,24.9,0,3,1.94,S,4,0,0
3181,1,male,45.7,3,4,1.17,S,8,0,0
3182,1,male,28.8,3,0,79.78,S,4,0,0
3183,1,male,54.3,4,0,3.12,S,5,0,0
3185,1,female,15.5,4,2,2.31,S,7,0,0
3186,1,male,56.1,3,2,6.48,S,6,0,0
3187,3,male,32.9,4,2,5.69,S,7,0,0
3190,2,male,32.8,2,1,4.26,S,4,0,0
3193,2,female,46.8,3,0,47.33,S,4,0,0
3194,3,male,56.1,0,4,23.92,S,5,0,0
3198,3,male,0.0,3,4,12.12,S,8,0,0
3199,2,female,36.2,2,1,19.14,S,4,0,0
3200,3,female,36.3,2,2,25.49,S,5,0,0
3202,3,male,34.2,5,1,27.96,S,7,0,0
3208,3,female,29.6,5,1,8.66,S,7,0,0
3209,3,female,26.0,4,4,31.7,S,9,0,0
3212,1,female,39.8,2,3,1.05,S,6,0,0
3214,3,female,34.5,1,4,17.49,S,6,0,0
3215,2,female,30.2,5,2,49.66,S,8,0,0
3220,2,male,49.7,5,3,51.99,S,9,0,0
3221,3,female,27.4,0,3,41.64,S,4,0,0
3222,3,male,36.7,2,2,28.46,S,5,0,0
3223,3,male,46.7,4,3,69.99,S,8,0,0
3224,1,male,44.0,4,0,31.87,S,5,0,0
3226,3,male,19.1,4,0,22.33,S,5,0,0
3229,1,male,54.4,3,4,10.19,S,8,0,0
3231,3,female,31.9,4,1,101.49,S,6,0,0
3232,3,male,36.2,0,3,5.84,S,4,0,0
3233,2,female,31.5,0,3,24.2,S,4,0,0
3234,1,male,23.8,3,1,49.88,S,5,0,0
3235,3,male,36.0,5,2,1.8,S,8,0,0
3236,2,male,25.6,0,1,4.22,S,2,0,0
3238,1,male,19.3,3,0,0.92,S,4,0,0
3242,1,male,4.0,0,0,55.3,S,1,1,0
3245,3,male,44.2,0,4,0.97,S,5,0,0
3246,1,female,34.8,2,0,60.3,S,3,0,0
3247,3,female,31.1,1,2,39.3,S,4,0,0
3250,1,male,19.7,0,0,1.75,S,1,1,0
3251,1,male,8.9,0,2,12.3,S,3,0,0
3252,3,male,35.0,1,3,13.39,S,5,0,0
3253,3,male,11.4,2,3,3.55,S,6,0,0
3255,1,female,47.2,2,4,48.09,S,7,0,0
3257,2,male,4.6,4,4,17.31,S,9,0,0
3258,3,female,15.5,2,3,29.89,S,6,0,0
3260,2,male,45.0,3,4,14.17,S,8,0,0
3262,1,male,10.3,3,1,31.19,S,5,0,0
3263,3,female,42.7,2,3,36.83,S,6,0,0
3265,3,male,32.2,4,1,62.82,S,6,0,0
3266,3,male,22.1,3,0,13.9,S,4,0,0
3270,1,male,50.0,2,4,0.61,S,7,0,0
3271,2,male,23.8,1,1,56.07,S,3,0,0
3273,3,female,39.7,1,3,3.21,S,5,0,0
3277,2,female,29.7,2,4,21.18,S,7,0,0
3286,1,female,36.1,4,2,32.52,S,7,0,0
3290,3,female,27.7,4,4,2.83,S,9,0,0
3292,2,female,27.1,0,2,115.92,S,3,0,0
3293,3,male,41.3,1,4,33.49,S,6,0,0
3295,3,male,41.9,2,4,26.53,S,7,0,0
3297,3,male,23.4,0,3,5.44,S,4,0,0
3298,1,female,3.2,5,0,24.08,S,6,0,0
3303,3,female,26.8,4,3,38.41,S,8,0,0
3304,2,male,30.9,4,1,29.0,S,6,0,0
3305,3,male,41.0,0,2,48.59,S,3,0,0
3307,3,male,41.6,2,1,36.24,S,4,0,0
3308,3,female,34.8,0,1,8.18,S,2,0,0
3313,1,female,6.8,2,0,3.68,S,3,0,0
3314,3,male,43.9,3,2,64.48,S,6,0,0
3317,3,male,33.5,5,3,42.76,S,9,0,0
3320,1,male,24.4,0,0,50.08,S,1,1,0
3321,3,male,36.7,1,3,26.96,S,5,0,0
3327,1,male,48.2,0,3,16.89,S,4,0,0
3328,1,male,12.1,4,2,24.25,S,7,0,0
3332,2,female,37.1,0,4,8.48,S,5,0,0
3338,2,male,28.5,0,2,6.26,S,3,0,0
3341,3,male,14.4,4,3,13.21,S,8,0,0
3343,3,male,12.3,3,2,9.75,S,6,0,0
3344,3,male,55.4,2,0,17.76,S,3,0,0
3346,3,male,18.2,2,2,14.96,S,5,0,0
3347,3,female,25.0,2,2,2.88,S,5,0,0
3348,3,male,40.9,3,2,43.41,S,6,0,0
3349,2,male,38.3,1,4,28.42,S,6,0,0
3354,1,female,47.0,5,2,6.81,S,8,0,0
3355,3,female,20.9,1,4,2.79,S,6,0,0
3357,3,male,20.9,2,2,94.21,S,5,0,0
3361,3,female,36.6,4,4,51.1,S,9,0,0
3363,1,female,24.1,2,3,7.29,S,6,0,0
3366,3,male,18.3,1,4,0.94,S,6,0,0
3367,2,female,28.1,1,3,28.35,S,5,0,0
3368,2,male,32.0,3,2,55.84,S,6,0,0
3370,3,male,50.2,3,3,35.17,S,7,0,0
3371,3,female,46.9,1,3,7.93,S,5,0,0
3372,3,female,31.8,3,3,54.24,S,7,0,0
3377,3,male,26.2,1,3,124.05,S,5,0,0
3378,3,female,35.9,4,3,12.31,S,8,0,0
3380,1,male,36.7,1,3,6.33,S,5,0,0
3381,1,male,32.2,3,1,6.16,S,5,0,0
3382,3,male,21.8,3,4,3.62,S,8,0,0
3383,3,female,27.9,1,4,17.86,S,6,0,0
3384,2,male,13.1,1,3,0.39,S,5,0,0
3386,3,female,0.0,0,4,31.47,S,5,0,0
3387,1,female,42.6,4,0,2.61,S,5,0,0
3388,3,male,39.2,0,1,54.6,S,2,0,0
3390,1,female,21.5,0,3,1.52,S,4,0,0
3393,3,male,40.5,5,3,50.76,S,9,0,0
3398,3,male,34.6,5,4,10.32,S,10,0,0
3400,3,male,22.7,1,3,46.87,S,5,0,0
3401,3,male,30.9,0,2,32.58,S,3,0,0
3403,3,male,20.9,2,0,94.72,S,3,0,0
3408,2,female,19.5,1,1,11.01,S,3,0,0
3413,3,male,29.9,5,3,42.35,S,9,0,0
3415,3,male,14.3,1,2,4.15,S,4,0,0
3416,1,male,24.1,1,1,42.74,S,3,0,0
3418,3,male,35.6,2,3,27.82,S,6,0,0
3419,3,male,29.5,5,3,29.7,S,9,0,0
3423,3,male,0.0,3,4,46.46,S,8,0,0
3425,2,female,27.5,1,0,17.05,S,2,0,0
3426,3,male,0.7,3,3,40.21,S,7,0,0
3429,1,female,36.9,3,3,6.07,S,7,0,0
3433,3,male,48.3,3,0,6.82,S,4,0,0
3435,1,female,16.9,1,0,7.69,S,2,0,0
3436,2,male,6.0,0,4,8.31,S,5,0,0
3437,3,female,34.2,4,1,114.47,S,6,0,0
3442,3,male,12.8,0,1,1.27,S,2,0,0
3448,1,female,65.8,3,3,39.67,S,7,0,0
3449,2,female,40.7,3,1,105.03,S,5,0,0
3453,1,female,23.0,0,1,11.65,S,2,0,0
3455,1,male,27.5,3,4,69.18,S,8,0,0
3456,1,male,20.5,2,2,15.81,S,5,0,0
3460,1,male,44.2,4,2,67.75,S,7,0,0
3461,3,male,18.4,2,1,21.33,S,4,0,0
3463,1,male,46.4,4,0,123.76,S,5,0,0
3469,2,male,14.9,5,3,151.26,S,9,0,0
3470,3,male,34.8,0,3,29.13,S,4,0,0
3472,2,female,32.3,1,4,54.44,S,6,0,0
3477,2,male,45.3,4,2,13.98,S,7,0,0
3479,3,female,34.1,1,3,29.36,S,5,0,0
3480,2,female,30.7,1,3,26.67,S,5,0,0
3481,3,male,21.9,4,2,37.27,S,7,0,0
3482,3,male,9.5,3,1,6.12,S,5,0,0
3484,3,male,39.6,2,3,62.61,S,6,0,0
3485,3,male,57.3,0,4,7.8,S,5,0,0
3486,1,female,23.5,4,2,20.53,S,7,0,0
3487,2,male,32.8,0,0,21.42,S,1,1,0
3490,3,male,20.3,3,2,2.24,S,6,0,0
3498,1,male,29.8,1,4,5.87,S,6,0,0
3500,3,female,18.3,0,4,0.93,S,5,0,0
3503,2,male,16.0,4,4,60.91,S,9,0,0
3507,3,female,38.9,0,1,46.25,S,2,0,0
3509,2,male,32.4,0,1,36.36,S,2,0,0
3511,3,male,4.9,4,1,1.81,S,6,0,0
3516,3,female,39.0,5,2,24.48,S,8,0,0
3517,2,male,16.5,4,1,35.57,S,6,0,0
3518,1,male,43.8,0,0,9.6,S,1,1,0
3519,2,female,40.5,2,2,28.94,S,5,0,0
3521,2,male,35.6,0,0,59.66,S,1,1,0
3522,3,male,45.3,5,0,25.7,S,6,0,0
3523,3,female,20.7,2,4,11.19,S,7,0,0
3524,2,male,38.3,4,0,23.67,S,5,0,0
3525,3,male,53.4,0,2,3.63,S,3,0,0
3529,3,female,32.2,4,3,11.06,S,8,0,0
3530,1,female,48.6,4,1,16.64,S,6,0,0
3532,3,female,43.9,1,4,53.66,S,6,0,0
3533,2,male,21.4,5,1,52.01,S,7,0,0
3534,3,male,33.5,2,4,26.57,S,7,0,0
3535,3,female,20.5,4,2,16.16,S,7,0,0
3536,1,male,55.6,0,2,4.55,S,3,0,0
3539,3,male,30.3,2,2,9.3,S,5,0,0
3540,3,male,36.5,0,4,46.24,S,5,0,0
3545,3,male,5.9,2,0,21.59,S,3,0,0
3546,3,male,16.7,1,2,1.67,S,4,0,0
3547,2,male,26.8,0,4,21.4,S,5,0,0
3548,3,male,21.6,0,2,19.42,S,3,0,0
3553,3,male,8.4,2,1,20.18,S,4,0,0
3554,2,male,35.4,4,1,9.67,S,6,0,0
3556,1,male,35.7,1,1,72.28,S,3,0,0
3557,3,male,4.4,0,1,73.63,S,2,0,0
3558,3,female,11.0,3,4,10.19,S,8,0,0
3560,3,male,20.2,2,4,80.35,S,7,0,0
3562,1,male,54.7,5,0,34.14,S,6,0,0
3563,2,male,30.9,0,0,11.06,S,1,1,0
3564,1,male,41.6,1,4,40.88,S,6,0,0
3566,3,female,10.2,5,3,16.78,S,9,0,0
3570,1,female,32.3,3,4,0.48,S,8,0,0
3576,3,female,0.0,2,0,2.07,S,3,0,0
3577,3,male,23.8,1,1,7.81,S,3,0,0
3579,2,male,49.9,4,2,9.81,S,7,0,0
3582,1,female,34.4,5,2,41.16,S,8,0,0
3584,3,male,20.4,2,0,17.96,S,3,0,0
3585,1,male,0.0,5,1,23.41,S,7,0,0
3588,3,male,48.4,2,0,64.29,S,3,0,0
3589,1,male,15.7,3,4,43.86,S,8,0,0
3591,1,male,25.5,3,1,4.28,S,5,0,0
3592,2,male,19.3,4,3,0.76,S,8,0,0
3593,3,male,26.0,5,4,2.23,S,10,0,0
3594,3,male,31.4,2,0,44.39,S,3,0,0
3597,1,male,3.8,1,4,11.74,S,6,0,0
3600,2,female,16.7,5,3,81.83,S,9,0,0
3601,3,female,5.0,0,3,19.26,S,4,0,0
3602,1,female,14.2,0,3,46.25,S,4,0,0
3605,3,male,25.1,1,1,0.92,S,3,0,0
3611,1,male,25.0,1,4,2.73,S,6,0,0
3614,3,female,15.8,1,2,42.85,S,4,0,0
3616,3,male,34.6,2,4,0.21,S,7,0,0
3619,1,male,31.7,1,4,2.93,S,6,0,0
3621,3,male,38.8,1,2,19.29,S,4,0,0
3624,3,male,40.2,3,0,55.75,S,4,0,0
3626,1,male,17.7,5,3,0.56,S,9,0,0
3632,3,female,30.1,5,3,14.54,S,9,0,0
3633,3,female,25.9,2,0,37.98,S,3,0,0
3634,2,male,34.2,0,0,19.79,S,1,1,0
3635,3,female,31.3,5,1,84.35,S,7,0,0
3637,3,female,10.5,0,3,27.92,S,4,0,0
3643,2,female,39.7,4,2,5.35,S,7,0,0
3645,3,male,47.2,5,3,0.07,S,9,0,0
3646,2,female,18.5,5,3,79.18,S,9,0,0
3648,1,female,26.9,0,2,1.67,S,3,0,0
3653,3,female,32.8,5,1,7.05,S,7,0,0
3654,3,female,28.0,1,0,22.91,S,2,0,0
3655,3,female,18.0,3,1,12.4,S,5,0,0
3658,3,male,61.9,4,3,70.69,S,8,0,0
3660,1,male,17.2,3,3,23.14,S,7,0,0
3661,3,male,32.9,3,2,9.04,S,6,0,0
3663,3,female,14.0,5,2,65.55,S,8,0,0
3665,3,male,18.2,4,4,77.5,S,9,0,0
3667,3,male,11.0,3,1,11.9,S,5,0,0
3669,3,female,0.0,4,2,78.42,S,7,0,0
3670,2,male,35.9,2,2,6.19,S,5,0,0
3671,3,male,21.2,0,4,8.07,S,5,0,0
3673,3,male,37.2,4,0,87.31,S,5,0,0
3674,1,male,34.2,0,0,3.54,S,1,1,0
3676,3,female,35.3,4,0,78.68,S,5,0,0
3679,3,male,39.6,1,1,74.36,S,3,0,0
3681,3,male,45.5,4,3,7.46,S,8,0,0
3685,1,female,39.1,2,2,39.94,S,5,0,0
3687,1,male,30.8,1,4,27.86,S,6,0,0
3689,2,female,6.7,4,4,26.4,S,9,0,0
3691,3,female,24.0,3,1,47.23,S,5,0,0
3695,2,male,31.0,3,0,39.67,S,4,0,0
3699,3,male,33.2,5,2,25.7,S,8,0,0
3700,2,female,35.4,4,4,27.15,S,9,0,0
3702,2,male,55.2,0,3,67.68,S,4,0,0
3708,3,female,26.5,0,0,4.9,S,1,1,0
3710,3,female,24.1,0,2,6.01,S,3,0,0
3716,3,female,14.3,1,4,0.99,S,6,0,0
3717,1,male,19.8,5,1,131.58,S,7,0,0
3718,2,male,51.0,3,3,24.28,S,7,0,0
3724,1,male,38.4,4,2,1.5,S,7,0,0
3726,1,male,41.7,3,2,15.66,S,6,0,0
3727,1,male,35.6,4,2,5.17,S,7,0,0
3728,1,female,27.9,3,2,8.77,S,6,0,0
3730,3,male,72.4,5,3,53.21,S,9,0,0
3733,3,female,49.8,2,3,11.87,S,6,0,0
3734,3,male,31.6,1,1,68.29,S,3,0,0
3735,3,male,58.6,5,3,63.8,S,9,0,0
3739,2,female,66.2,3,1,11.77,S,5,0,0
3743,3,female,40.9,3,4,24.4,S,8,0,0
3745,3,male,18.0,0,2,22.83,S,3,0,0
3747,2,male,24.9,1,3,3.58,S,5,0,0
3748,1,male,31.1,1,1,45.58,S,3,0,0
3755,1,male,42.9,1,1,15.62,S,3,0,0
3756,1,female,52.7,5,0,34.52,S,6,0,0
3757,2,male,31.7,5,3,10.16,S,9,0,0
3760,1,male,18.3,2,3,7.73,S,6,0,0
3762,2,male,38.6,5,3,8.31,S,9,0,0
3763,2,female,36.7,2,0,24.62,S,3,0,0
3765,3,male,31.0,3,3,2.58,S,7,0,0
3767,2,male,39.3,0,3,15.0,S,4,0,0
3768,3,female,28.0,4,4,33.12,S,9,0,0
3769,3,male,19.4,5,4,63.43,S,10,0,0
3770,3,male,35.3,2,1,25.77,S,4,0,0
3772,3,male,27.9,3,1,49.13,S,5,0,0
3780,3,female,26.4,5,4,2.23,S,10,0,0
3781,1,male,22.9,5,1,81.92,S,7,0,0
3782,1,male,40.3,3,2,3.7,S,6,0,0
3785,3,female,0.0,0,2,1.47,S,3,0,0
3787,3,male,37.7,4,2,111.48,S,7,0,0
3788,3,female,28.9,2,3,23.55,S,6,0,0
3794,1,male,49.5,0,0,19.54,S,1,1,0
3796,3,male,17.6,2,0,0.9,S,3,0,0
3798,3,male,32.9,1,2,26.44,S,4,0,0
3800,3,male,30.7,4,0,137.75,S,5,0,0
3804,2,male,30.3,5,4,1.57,S,10,0,0
3806,3,male,36.9,3,0,3.43,S,4,0,0
3807,2,male,26.4,3,3,93.64,S,7,0,0
3809,3,male,16.0,4,4,53.84,S,9,0,0
3811,3,female,39.3,4,2,60.08,S,7,0,0
3812,2,male,6.1,4,0,26.05,S,5,0,0
3815,1,male,24.5,3,3,49.36,S,7,0,0
3816,2,male,59.1,5,4,8.96,S,10,0,0
3819,1,male,48.3,1,0,5.04,S,2,0,0
3820,3,female,41.7,3,2,107.95,S,6,0,0
3821,2,female,49.2,0,3,3.72,S,4,0,0
3823,3,female,5.2,1,4,1.91,S,6,0,0
3824,3,male,36.2,2,0,3.47,S,3,0,0
3825,3,male,8.3,1,1,31.24,S,3,0,0
3826,3,male,21.6,4,2,19.28,S,7,0,0
3827,3,male,27.9,5,3,0.12,S,9,0,0
3830,3,male,26.0,0,3,65.68,S,4,0,0
3833,3,male,30.8,4,2,96.48,S,7,0,0
3835,3,male,12.6,5,4,5.6,S,10,0,0
3837,2,male,15.5,5,2,3.84,S,8,0,0
3840,3,male,61.7,0,0,6.16,S,1,1,0
3841,3,male,33.2,4,2,0.59,S,7,0,0
3842,3,female,30.0,4,1,19.67,S,6,0,0
3844,3,male,38.2,3,1,17.5,S,5,0,0
3847,3,male,40.8,0,4,15.73,S,5,0,0
3849,3,female,46.4,0,2,6.29,S,3,0,0
3851,1,female,15.7,0,2,52.07,S,3,0,0
3852,1,male,0.0,1,0,0.99,S,2,0,0
3855,3,male,56.0,4,2,122.11,S,7,0,0
3856,1,female,27.4,0,0,38.67,S,1,1,0
3857,3,male,34.2,2,3,95.48,S,6,0,0
3858,2,male,39.9,0,4,2.19,S,5,0,0
3862,1,male,15.3,2,4,1.09,S,7,0,0
3864,3,male,0.0,3,3,42.1,S,7,0,0
3865,1,male,28.4,0,4,1.27,S,5,0,0
3866,1,male,19.8,0,2,0.37,S,3,0,0
3869,2,male,14.8,4,4,30.42,S,9,0,0
3870,1,male,47.4,4,1,0.45,S,6,0,0
3874,3,male,35.5,1,1,13.7,S,3,0,0
3875,3,female,9.9,5,2,14.11,S,8,0,0
3878,2,male,28.7,2,3,1.92,S,6,0,0
3879,1,male,33.0,5,3,31.47,S,9,0,0
3880,1,male,43.0,0,4,34.32,S,5,0,0
3883,2,male,24.1,4,0,0.29,S,5,0,0
3889,1,female,14.2,2,4,25.11,S,7,0,0
3893,3,female,15.9,3,1,2.47,S,5,0,0
3896,3,female,46.3,5,1,9.35,S,7,0,0
3898,1,female,10.6,0,2,2.93,S,3,0,0
3900,2,male,26.3,4,1,25.67,S,6,0,0
3901,3,female,32.5,2,0,108.37,S,3,0,0
3905,2,male,28.0,2,3,55.63,S,6,0,0
3906,3,male,30.8,5,4,1.72,S,10,0,0
3907,3,female,10.7,1,0,1.18,S,2,0,0
3908,3,female,33.6,3,3,55.19,S,7,0,0
3909,2,female,29.5,3,0,55.59,S,4,0,0
3910,3,female,52.3,4,1,7.14,S,6,0,0
3912,3,male,25.2,5,0,2.13,S,6,0,0
3917,3,male,58.3,2,3,77.61,S,6,0,0
3921,1,male,20.1,1,0,84.1,S,2,0,0
3923,1,female,39.9,0,0,76.06,S,1,1,0
3925,2,female,34.0,2,1,8.43,S,4,0,0
3926,3,female,56.1,0,1,6.81,S,2,0,0
3929,3,male,17.6,4,0,24.22,S,5,0,0
3931,3,male,29.9,3,1,22.11,S,5,0,0
3934,1,male,37.8,1,2,17.84,S,4,0,0
3935,3,male,17.7,0,0,12.96,S,1,1,0
3937,3,female,7.5,0,0,27.81,S,1,1,0
3938,1,male,32.9,1,1,6.2,S,3,0,0
3942,2,male,28.3,1,1,35.43,S,3,0,0
3943,3,male,33.9,4,4,6.47,S,9,0,0
3947,3,male,22.8,0,0,20.48,S,1,1,0
3948,3,male,43.5,1,1,12.92,S,3,0,0
3950,3,male,6.7,5,3,20.23,S,9,0,0
3954,2,male,56.5,0,0,19.68,S,1,1,0
3957,3,male,21.8,4,4,7.24,S,9,0,0
3959,3,male,7.7,4,0,18.3,S,5,0,0
3961,1,male,18.7,4,0,14.29,S,5,0,0
3963,1,male,41.1,4,3,18.35,S,8,0,0
3964,2,female,33.8,1,0,25.38,S,2,0,0
3966,1,male,25.1,3,4,7.94,S,8,0,0
3972,3,male,45.3,1,4,27.81,S,6,0,0
3974,2,female,70.0,3,1,17.5,S,5,0,0
3977,3,male,5.2,5,0,8.16,S,6,0,0
3978,2,male,42.4,5,4,28.45,S,10,0,0
3979,1,female,39.2,1,1,40.85,S,3,0,0
3982,1,male,39.0,2,2,118.83,S,5,0,0
3986,3,male,7.2,0,0,5.37,S,1,1,0
3987,1,female,27.2,3,2,37.18,S,6,0,0
3988,2,male,1.7,3,2,45.05,S,6,0,0
3990,2,male,13.6,5,3,8.9,S,9,0,0
3991,1,male,20.0,0,3,19.06,S,4,0,0
3994,3,female,30.6,4,2,18.75,S,7,0,0
3996,1,female,33.7,4,3,20.42,S,8,0,0
3997,2,male,11.5,0,4,13.65,S,5,0,0
3998,2,female,30.0,1,3,26.02,S,5,0,0
3999,3,female,49.1,4,3,2.3,S,8,0,0
4003,1,female,41.1,4,0,42.75,S,5,0,0
4005,2,female,40.8,2,3,28.55,S,6,0,0
4006,3,female,36.1,0,2,30.77,S,3,0,0
4007,3,male,38.2,1,1,13.98,S,3,0,0
4009,1,male,14.9,4,4,29.53,S,9,0,0
4010,3,male,12.6,1,3,149.11,S,5,0,0
4011,3,male,24.1,2,3,18.12,S,6,0,0
4013,1,male,26.6,2,3,11.53,S,6,0,0
4015,2,male,1.5,5,4,77.18,S,10,0,0
4019,1,female,33.1,1,0,5.0,S,2,0,0
4020,1,female,5.9,1,3,1.76,S,5,0,0
4021,3,male,18.8,3,1,39.74,S,5,0,0
4026,1,male,23.1,5,0,4.93,S,6,0,0
4027,3,female,31.3,4,1,17.22,S,6,0,0
4029,1,female,44.7,1,2,40.64,S,4,0,0
4031,3,male,4.8,4,4,3.33,S,9,0,0
4032,3,male,42.9,5,3,18.85,S,9,0,0
4034,2,male,30.0,3,2,50.44,S,6,0,0
4039,1,male,52.0,3,2,6.36,S,6,0,0
4042,1,female,36.9,1,3,1.17,S,5,0,0
4043,3,male,31.9,0,4,26.62,S,5,0,0
4044,3,female,27.1,5,1,44.69,S,7,0,0
4045,1,female,51.3,4,2,5.44,S,7,0,0
4046,1,male,5.4,3,4,71.5,S,8,0,0
4047,2,male,9.1,1,2,2.6,S,4,0,0
4049,2,female,45.8,0,3,6.04,S,4,0,0
4053,3,female,28.6,2,0,13.59,S,3,0,0
4055,3,female,31.6,3,1,19.92,S,5,0,0
4060,3,male,47.1,2,4,19.26,S,7,0,0
4061,3,female,42.6,3,2,0.54,S,6,0,0
4063,2,male,27.9,1,1,18.1,S,3,0,0
4065,1,female,22.9,1,0,9.21,S,2,0,0
4066,1,male,25.8,1,1,0.33,S,3,0,0
4073,3,female,42.7,0,0,78.08,S,1,1,0
4075,3,male,58.1,5,1,22.75,S,7,0,0
4077,1,male,23.5,0,1,40.45,S,2,0,0
4079,3,male,49.9,2,2,15.26,S,5,0,0
4084,3,male,42.5,2,2,24.83,S,5,0,0
4085,3,female,10.3,4,2,34.94,S,7,0,0
4086,1,female,28.1,3,1,27.38,S,5,0,0
4087,3,male,26.4,2,3,29.02,S,6,0,0
4089,3,male,41.3,5,1,33.73,S,7,0,0
4094,3,female,14.7,5,3,33.09,S,9,0,0
4095,2,male,41.1,1,1,14.05,S,3,0,0
4096,3,female,43.5,4,4,19.6,S,9,0,0
4097,3,female,52.5,2,2,59.79,S,5,0,0
4101,1,male,35.9,3,1,15.71,S,5,0,0
4102,3,female,31.8,2,0,73.65,S,3,0,0
4107,1,male,47.9,0,3,57.14,S,4,0,0
4110,3,male,18.0,5,0,14.27,S,6,0,0
4112,3,female,36.0,0,2,49.61,S,3,0,0
4113,2,male,23.7,5,3,6.35,S,9,0,0
4114,2,male,40.9,5,3,2.37,S,9,0,0
4117,1,male,11.0,4,1,26.43,S,6,0,0
4118,3,male,36.8,2,3,50.89,S,6,0,0
4121,1,female,38.9,0,0,28.47,S,1,1,0
4129,2,male,7.4,0,0,30.41,S,1,1,0
4130,2,male,50.1,4,3,7.67,S,8,0,0
4135,3,male,6.0,2,0,15.95,S,3,0,0
4140,3,male,6.7,1,1,22.41,S,3,0,0
4141,3,male,27.5,4,0,8.77,S,5,0,0
4142,3,male,41.0,1,2,46.07,S,4,0,0
4147,3,female,33.3,1,2,26.95,S,4,0,0
4150,3,female,18.6,0,0,8.94,S,1,1,0
4151,3,male,0.0,1,3,4.83,S,5,0,0
4155,2,male,42.5,2,4,53.23,S,7,0,0
4156,2,male,33.8,1,1,9.31,S,3,0,0
4160,3,female,29.4,0,0,17.81,S,1,1,0
4161,3,female,0.0,5,1,19.41,S,7,0,0
4162,3,male,19.8,3,4,7.34,S,8,0,0
4163,1,male,20.4,3,2,2.04,S,6,0,0
4164,3,male,27.5,1,1,46.57,S,3,0,0
4165,3,male,16.0,2,1,48.98,S,4,0,0
4166,1,male,42.1,5,1,29.19,S,7,0,0
4167,2,male,16.7,0,0,5.15,S,1,1,0
4168,1,female,44.4,5,4,20.69,S,10,0,0
4170,3,male,20.5,4,4,68.19,S,9,0,0
4172,1,male,22.1,1,0,1.02,S,2,0,0
4173,3,female,45.5,4,3,0.05,S,8,0,0
4176,3,female,18.6,2,1,64.28,S,4,0,0
4178,3,male,32.0,3,1,11.79,S,5,0,0
4179,3,male,26.0,5,4,24.86,S,10,0,0
4180,3,male,26.9,2,1,33.36,S,4,0,0
4184,3,male,27.8,5,0,9.58,S,6,0,0
4186,3,male,36.3,5,1,22.54,S,7,0,0
4187,3,female,30.4,3,0,14.89,S,4,0,0
4192,3,male,28.4,5,3,6.73,S,9,0,0
4194,3,male,33.5,2,0,2.29,S,3,0,0
4195,3,female,28.2,2,4,17.75,S,7,0,0
4197,2,female,40.0,2,0,74.9,S,3,0,0
4199,1,male,11.1,0,2,5.56,S,3,0,0
4201,2,male,27.9,5,0,0.26,S,6,0,0
4202,3,female,24.4,2,0,37.25,S,3,0,0
4205,3,male,30.4,4,0,32.21,S,5,0,0
4206,3,female,34.4,2,0,5.21,S,3,0,0
4207,3,female,0.9,2,0,5.32,S,3,0,0
4209,3,male,68.9,4,2,15.57,S,7,0,0
4210,1,male,47.8,1,4,0.25,S,6,0,0
4211,3,male,22.8,5,3,43.86,S,9,0,0
4213,2,female,29.4,2,4,14.62,S,7,0,0
4217,2,male,0.0,2,1,16.23,S,4,0,0
4219,1,male,24.8,5,3,12.46,S,9,0,0
4220,1,female,26.4,3,2,19.18,S,6,0,0
4221,3,female,32.8,1,0,33.15,S,2,0,0
4224,2,female,45.8,5,3,5.05,S,9,0,0
4226,3,female,26.9,0,3,10.2,S,4,0,0
4232,2,male,30.2,5,1,37.52,S,7,0,0
4234,3,male,25.0,4,3,25.43,S,8,0,0
4235,3,male,38.1,3,3,63.46,S,7,0,0
4236,3,male,13.6,1,0,6.72,S,2,0,0
4239,3,male,29.5,5,3,31.07,S,9,0,0
4241,1,male,47.6,0,1,17.68,S,2,0,0
4244,3,female,32.5,5,3,85.84,S,9,0,0
4250,3,male,0.0,2,4,5.06,S,7,0,0
4251,2,female,8.9,1,0,24.96,S,2,0,0
4252,2,male,3.1,5,0,15.69,S,6,0,0
4253,3,male,8.8,0,2,33.57,S,3,0,0
4258,1,male,65.4,4,2,7.56,S,7,0,0
4259,1,female,28.1,3,3,51.72,S,7,0,0
4260,2,male,42.9,4,4,89.62,S,9,0,0
4265,3,male,27.3,0,1,42.57,S,2,0,0
4267,3,male,24.1,0,2,18.65,S,3,0,0
4273,1,male,14.3,2,3,44.35,S,6,0,0
4276,3,male,45.2,1,3,71.57,S,5,0,0
4278,1,female,51.3,1,1,37.48,S,3,0,0
4283,3,male,35.0,0,3,2.84,S,4,0,0
4284,3,female,48.8,2,4,42.03,S,7,0,0
4287,1,male,46.6,5,1,32.68,S,7,0,0
4288,3,male,45.4,3,1,35.12,S,5,0,0
4290,3,female,28.9,1,0,26.02,S,2,0,0
4292,3,female,43.8,1,1,3.62,S,3,0,0
4294,3,male,65.2,4,1,34.17,S,6,0,0
4295,1,female,36.7,5,2,29.63,S,8,0,0
4296,3,male,33.6,3,4,6.58,S,8,0,0
4298,2,male,56.8,2,3,43.81,S,6,0,0
4299,3,male,20.4,0,0,42.1,S,1,1,0
4300,3,female,26.2,1,0,28.98,S,2,0,0
4303,2,female,41.4,5,0,16.66,S,6,0,0
4306,2,male,22.7,0,1,42.28,S,2,0,0
4312,1,male,27.2,0,3,6.18,S,4,0,0
4315,3,male,4.5,0,3,35.2,S,4,0,0
4317,3,male,55.6,4,4,18.3,S,9,0,0
4318,3,male,43.5,2,3,0.16,S,6,0,0
4319,3,male,44.0,4,0,9.69,S,5,0,0
4320,3,female,25.5,2,2,1.34,S,5,0,0
4323,1,female,41.9,3,4,20.93,S,8,0,0
4326,1,female,21.5,3,4,23.27,S,8,0,0
4328,1,female,38.1,0,4,42.62,S,5,0,0
4330,1,female,24.8,1,3,39.31,S,5,0,0
4331,3,male,53.2,1,2,33.93,S,4,0,0
4332,3,male,37.4,0,2,18.73,S,3,0,0
4335,3,male,48.9,5,0,137.34,S,6,0,0
4336,3,male,6.4,4,2,38.01,S,7,0,0
4338,3,male,25.8,3,4,44.56,S,8,0,0
4339,3,female,15.3,1,3,36.39,S,5,0,0
4341,3,male,7.3,5,3,4.52,S,9,0,0
4344,1,female,31.8,2,4,15.99,S,7,0,0
4345,3,male,29.7,0,2,13.41,S,3,0,0
4352,1,female,34.8,4,0,4.45,S,5,0,0
4355,3,male,19.0,4,0,121.93,S,5,0,0
4356,3,female,19.6,0,0,18.12,S,1,1,0
4358,2,male,37.0,0,1,1.35,S,2,0,0
4361,3,male,31.8,4,4,12.07,S,9,0,0
4364,2,female,39.6,5,4,43.89,S,10,0,0
4369,2,female,37.3,3,3,130.26,S,7,0,0
4370,1,male,15.6,4,1,43.73,S,6,0,0
4372,2,male,33.8,4,3,74.81,S,8,0,0
4373,3,male,6.8,4,4,0.86,S,9,0,0
4378,2,male,28.6,4,4,5.77,S,9,0,0
4380,3,female,41.0,1,3,1.26,S,5,0,0
4381,1,male,31.5,1,4,15.8,S,6,0,0
4383,3,male,33.2,1,4,34.03,S,6,0,0
4385,3,male,17.0,1,2,0.28,S,4,0,0
4389,2,female,38.0,5,0,15.17,S,6,0,0
4396,3,female,21.1,1,0,44.43,S,2,0,0
4397,3,female,10.6,5,3,25.15,S,9,0,0
4398,2,male,29.5,1,0,87.81,S,2,0,0
4399,2,male,44.5,0,2,15.41,S,3,0,0
4401,3,male,48.6,5,4,27.4,S,10,0,0
4402,3,male,46.0,5,2,58.96,S,8,0,0
4403,3,male,34.6,4,3,22.15,S,8,0,0
4408,3,male,29.4,1,2,63.34,S,4,0,0
4411,1,male,36.9,4,2,14.04,S,7,0,0
4414,3,male,19.0,5,1,23.08,S,7,0,0
4415,2,male,21.3,4,4,1.64,S,9,0,0
4418,1,male,20.4,2,3,14.97,S,6,0,0
4420,3,male,18.8,3,0,12.55,S,4,0,0
4424,3,male,29.4,1,3,135.29,S,5,0,0
4426,1,male,18.5,5,2,12.88,S,8,0,0
4427,2,female,9.5,0,1,58.05,S,2,0,0
4428,2,female,47.7,5,2,37.24,S,8,0,0
4432,2,female,55.8,5,2,96.18,S,8,0,0
4434,3,male,13.3,1,0,118.34,S,2,0,0
4435,3,female,38.3,3,3,19.42,S,7,0,0
4442,1,male,18.5,2,2,0.45,S,5,0,0
4443,1,female,38.9,0,3,25.89,S,4,0,0
4444,1,female,19.7,0,2,23.55,S,3,0,0
4446,3,female,14.8,5,1,42.18,S,7,0,0
4448,1,male,47.5,4,0,11.0,S,5,0,0
4450,2,female,45.6,5,4,40.06,S,10,0,0
4455,2,female,2.3,5,0,20.62,S,6,0,0
4457,1,male,15.8,4,4,8.53,S,9,0,0
4458,2,female,12.4,0,0,58.37,S,1,1,0
4459,1,male,36.5,2,0,42.85,S,3,0,0
4461,3,female,32.0,1,0,4.1,S,2,0,0
4463,3,male,19.6,5,1,126.04,S,7,0,0
4465,2,female,31.7,2,1,59.63,S,4,0,0
4467,2,female,35.9,0,1,6.47,S,2,0,0
4472,1,male,75.1,5,4,66.05,S,10,0,0
4473,2,male,36.7,5,2,12.74,S,8,0,0
4475,1,male,53.6,3,2,3.52,S,6,0,0
4476,1,female,30.2,4,3,110.9,S,8,0,0
4477,1,male,20.0,3,4,99.82,S,8,0,0
4478,2,male,47.3,1,1,54.79,S,3,0,0
4479,3,female,48.1,5,3,125.93,S,9,0,0
4481,1,male,53.6,5,1,55.88,S,7,0,0
4482,3,female,27.8,0,2,22.32,S,3,0,0
4487,1,male,43.4,1,3,144.72,S,5,0,0
4489,1,male,17.6,2,0,35.73,S,3,0,0
4490,3,male,47.7,2,0,51.92,S,3,0,0
4495,2,female,7.0,2,3,6.75,S,6,0,0
4496,3,male,39.0,0,1,46.1,S,2,0,0
4497,3,female,34.7,1,4,9.95,S,6,0,0
4498,2,female,52.2,5,3,57.1,S,9,0,0
4499,3,male,25.9,0,2,7.72,S,3,0,0
4500,1,male,48.3,5,3,22.33,S,9,0,0
4501,2,male,28.4,4,4,38.02,S,9,0,0
4502,3,male,30.9,5,3,175.36,S,9,0,0
4503,2,male,32.9,3,0,10.11,S,4,0,0
4504,2,female,58.3,2,4,32.3,S,7,0,0
4505,1,female,11.6,5,2,5.33,S,8,0,0
4510,3,male,44.5,1,2,14.07,S,4,0,0
4516,3,male,56.8,2,3,4.57,S,6,0,0
4525,3,male,21.4,2,1,74.46,S,4,0,0
4531,1,male,42.9,5,4,19.91,S,10,0,0
4532,2,male,1.8,4,4,17.39,S,9,0,0
4533,3,male,33.7,0,2,37.25,S,3,0,0
4534,1,male,32.5,3,3,1.59,S,7,0,0
4535,3,female,5.4,1,0,13.97,S,2,0,0
4536,3,male,17.8,0,0,24.37,S,1,1,0
4537,3,male,17.8,5,0,21.18,S,6,0,0
4538,2,male,29.7,4,1,32.91,S,6,0,0
4539,1,female,49.5,1,0,4.79,S,2,0,0
4540,3,male,44.0,1,1,16.49,S,3,0,0
4541,3,male,24.0,0,2,32.13,S,3,0,0
4543,1,male,7.2,2,3,30.37,S,6,0,0
4546,3,female,28.5,0,3,41.37,S,4,0,0
4551,1,female,21.8,0,4,30.25,S,5,0,0
4552,3,female,49.1,2,2,7.85,S,5,0,0
4554,3,male,36.4,5,0,12.3,S,6,0,0
4555,3,male,43.2,0,3,10.35,S,4,0,0
4561,1,female,17.5,4,3,0.72,S,8,0,0
4563,1,female,27.4,5,2,1.25,S,8,0,0
4564,2,male,10.0,5,1,46.62,S,7,0,0
4566,2,male,59.1,5,4,22.19,S,10,0,0
4567,3,female,15.2,0,3,26.14,S,4,0,0
4570,3,female,12.1,4,4,5.67,S,9,0,0
4572,3,female,54.5,0,1,43.32,S,2,0,0
4576,3,male,23.5,0,3,25.92,S,4,0,0
4581,3,male,26.3,5,2,42.98,S,8,0,0
4586,3,male,41.5,0,2,18.7,S,3,0,0
4587,3,male,42.8,0,0,21.71,S,1,1,0
4590,3,male,52.1,2,3,71.04,S,6,0,0
4593,1,female,46.9,1,3,37.17,S,5,0,0
4594,2,male,32.1,5,4,72.43,S,10,0,0
4597,2,female,28.3,4,4,26.67,S,9,0,0
4598,3,male,19.7,5,4,2.85,S,10,0,0
4603,3,female,33.5,1,3,143.61,S,5,0,0
4607,2,female,21.0,0,4,24.95,S,5,0,0
4610,1,female,23.4,5,3,35.42,S,9,0,0
4611,1,male,33.9,4,0,28.73,S,5,0,0
4612,1,female,17.1,4,2,13.51,S,7,0,0
4614,3,female,17.9,0,2,33.12,S,3,0,0
4615,1,male,35.9,3,4,8.4,S,8,0,0
4618,3,female,17.2,1,0,35.67,S,2,0,0
4627,3,male,20.6,4,0,44.62,S,5,0,0
4629,3,male,44.7,0,0,6.66,S,1,1,0
4630,2,male,32.7,0,1,115.85,S,2,0,0
4634,2,female,22.4,1,4,62.81,S,6,0,0
4636,1,male,26.2,5,2,132.14,S,8,0,0
4641,3,female,43.6,0,1,33.86,S,2,0,0
4647,3,male,29.0,1,1,51.96,S,3,0,0
4649,1,male,14.6,3,0,15.56,S,4,0,0
4652,3,male,28.8,3,3,14.67,S,7,0,0
4654,3,male,53.7,0,3,10.23,S,4,0,0
4658,3,female,15.9,0,0,21.88,S,1,1,0
4660,3,female,55.2,4,3,7.42,S,8,0,0
4661,1,male,24.2,2,3,19.38,S,6,0,0
4662,1,male,44.0,0,0,65.27,S,1,1,0
4666,3,male,29.9,4,0,18.24,S,5,0,0
4670,3,male,25.3,1,3,7.47,S,5,0,0
4673,3,male,35.4,4,4,87.21,S,9,0,0
4676,3,male,64.6,2,4,1.14,S,7,0,0
4681,2,male,30.4,3,3,29.67,S,7,0,0
4683,3,male,59.7,2,0,78.72,S,3,0,0
4686,3,male,41.2,0,0,18.13,S,1,1,0
4687,2,male,41.9,4,1,22.05,S,6,0,0
4688,3,male,43.8,4,2,3.24,S,7,0,0
4690,1,male,56.2,4,2,4.73,S,7,0,0
4691,1,male,28.0,1,2,34.03,S,4,0,0
4696,3,male,12.4,2,2,9.3,S,5,0,0
4700,3,male,36.7,5,4,0.38,S,10,0,0
4701,3,male,35.1,3,3,16.23,S,7,0,0
4703,3,female,49.7,2,2,8.16,S,5,0,0
4704,3,male,28.9,1,0,37.3,S,2,0,0
4705,2,female,8.6,0,2,27.1,S,3,0,0
4707,3,male,45.4,0,1,26.56,S,2,0,0
4710,2,female,37.1,2,0,25.04,S,3,0,0
4711,1,female,66.1,5,4,16.71,S,10,0,0
4712,3,female,45.9,1,4,19.91,S,6,0,0
4716,1,male,14.3,4,3,62.35,S,8,0,0
4718,3,male,31.3,3,1,32.81,S,5,0,0
4720,3,male,29.5,5,3,151.42,S,9,0,0
4721,2,male,28.9,4,0,20.4,S,5,0,0
4722,3,male,30.4,3,3,63.33,S,7,0,0
4724,2,female,25.8,0,4,11.86,S,5,0,0
4725,3,female,11.6,5,2,18.71,S,8,0,0
4729,3,male,37.3,2,4,15.33,S,7,0,0
4730,3,female,30.6,2,3,17.65,S,6,0,0
4737,3,male,38.1,2,3,55.6,S,6,0,0
4738,3,male,7.7,5,0,22.91,S,6,0,0
4741,2,female,42.8,5,1,6.18,S,7,0,0
4744,3,male,39.3,2,1,15.58,S,4,0,0
4746,3,male,46.6,5,3,1.24,S,9,0,0
4747,3,male,18.2,2,0,8.17,S,3,0,0
4748,3,female,31.5,3,0,41.75,S,4,0,0
4751,1,female,34.7,4,4,88.21,S,9,0,0
4758,3,male,48.1,0,2,32.19,S,3,0,0
4760,3,male,28.7,2,0,9.14,S,3,0,0
4763,2,male,27.8,5,2,63.98,S,8,0,0
4764,2,male,12.3,2,2,11.58,S,5,0,0
4767,1,male,15.3,0,3,56.26,S,4,0,0
4769,2,female,43.0,2,2,55.46,S,5,0,0
4770,3,male,32.1,1,1,31.79,S,3,0,0
4772,1,male,29.1,5,0,31.67,S,6,0,0
4774,3,male,32.7,3,3,87.74,S,7,0,0
4776,2,male,45.2,4,4,106.99,S,9,0,0
4777,3,female,36.2,1,0,19.03,S,2,0,0
4778,2,male,12.2,2,3,83.05,S,6,0,0
4779,3,female,37.8,2,1,8.21,S,4,0,0
4780,1,male,42.3,1,3,1.02,S,5,0,0
4781,3,female,11.7,0,1,4.39,S,2,0,0
4782,2,male,0.0,1,2,5.59,S,4,0,0
4783,1,male,14.4,4,1,55.67,S,6,0,0
4784,3,male,27.6,4,1,16.4,S,6,0,0
4785,3,male,43.1,3,3,8.5,S,7,0,0
4788,3,female,0.0,2,3,2.59,S,6,0,0
4790,1,male,23.3,0,4,2.3,S,5,0,0
4792,3,female,2.5,2,1,38.56,S,4,0,0
4793,1,male,28.8,0,4,15.02,S,5,0,0
4794,3,male,2.4,0,1,2.93,S,2,0,0
4795,3,male,21.3,0,2,16.51,S,3,0,0
4796,3,male,5.2,1,0,23.03,S,2,0,0
4798,3,female,24.0,0,3,6.0,S,4,0,0
4800,3,male,28.4,4,1,2.25,S,6,0,0
4801,1,female,13.1,2,1,100.59,S,4,0,0
4805,3,female,11.9,4,0,25.35,S,5,0,0
4808,3,female,25.7,5,4,62.86,S,10,0,0
4810,1,male,32.8,4,1,10.3,S,6,0,0
4812,3,male,26.4,5,1,2.74,S,7,0,0
4813,2,female,22.3,4,3,13.71,S,8,0,0
4819,3,male,18.1,4,0,11.62,S,5,0,0
4820,3,male,17.5,4,3,30.93,S,8,0,0
4821,2,male,30.0,1,0,6.27,S,2,0,0
4823,3,male,33.9,4,0,85.84,S,5,0,0
4824,3,male,31.6,4,0,85.21,S,5,0,0
4828,3,female,43.3,0,1,122.89,S,2,0,0
4833,3,male,33.3,2,4,32.35,S,7,0,0
4834,2,male,32.5,3,0,59.36,S,4,0,0
4835,1,male,40.4,5,3,11.84,S,9,0,0
4836,3,male,16.8,5,4,27.6,S,10,0,0
4838,1,female,29.1,3,3,8.55,S,7,0,0
4839,3,female,40.8,2,4,4.78,S,7,0,0
4844,3,male,56.4,0,0,49.08,S,1,1,0
4849,2,female,0.0,4,0,9.64,S,5,0,0
4851,2,male,27.3,0,3,13.85,S,4,0,0
4853,3,male,29.6,2,1,26.48,S,4,0,0
4855,3,male,4.6,3,0,47.99,S,4,0,0
4856,1,female,30.2,1,2,1.34,S,4,0,0
4862,1,male,27.5,0,1,19.68,S,2,0,0
4863,3,male,40.2,5,3,15.17,S,9,0,0
4864,3,male,24.6,5,2,37.6,S,8,0,0
4867,3,male,19.4,1,2,6.65,S,4,0,0
4868,3,male,27.6,4,4,0.08,S,9,0,0
4870,3,male,11.5,4,2,3.65,S,7,0,0
4871,1,male,39.2,4,4,26.96,S,9,0,0
4872,2,female,0.0,5,0,45.56,S,6,0,0
4874,2,female,10.2,2,3,17.12,S,6,0,0
4876,1,male,0.0,1,2,74.01,S,4,0,0
4878,3,male,38.2,1,3,17.26,S,5,0,0
4880,3,female,31.7,5,4,59.88,S,10,0,0
4881,3,female,36.2,0,1,5.95,S,2,0,0
4883,1,female,8.4,4,3,13.28,S,8,0,0
4884,3,male,6.5,4,3,62.81,S,8,0,0
4888,3,male,37.9,3,2,7.64,S,6,0,0
4890,1,male,25.3,1,2,39.43,S,4,0,0
4892,3,female,9.1,3,2,9.7,S,6,0,0
4895,3,male,18.2,0,3,46.81,S,4,0,0
4896,2,male,45.6,0,4,2.62,S,5,0,0
4897,3,male,48.7,5,1,42.74,S,7,0,0
4898,3,female,32.6,1,0,9.98,S,2,0,0
4900,1,female,36.1,1,4,16.91,S,6,0,0
4901,1,female,19.6,5,1,9.35,S,7,0,0
4902,1,female,32.3,4,1,9.45,S,6,0,0
4903,1,female,10.9,2,2,95.26,S,5,0,0
4905,2,male,27.8,4,2,6.47,S,7,0,0
4907,3,male,11.2,4,0,38.02,S,5,0,0
4909,3,male,45.0,3,4,6.02,S,8,0,0
4911,1,male,28.5,0,1,4.0,S,2,0,0
4912,3,male,37.2,4,1,16.28,S,6,0,0
4913,2,female,21.1,0,1,63.43,S,2,0,0
4914,1,male,0.1,2,0,14.93,S,3,0,0
4916,2,female,24.7,2,0,49.81,S,3,0,0
4917,1,male,31.0,2,1,23.22,S,4,0,0
4919,3,female,25.1,5,4,7.74,S,10,0,0
4922,3,female,9.9,5,4,45.76,S,10,0,0
4926,3,male,24.6,1,4,34.84,S,6,0,0
4927,2,male,22.3,1,0,32.94,S,2,0,0
4930,2,female,37.5,3,3,18.29,S,7,0,0
4931,3,female,28.4,3,2,22.97,S,6,0,0
4935,2,male,34.2,3,4,12.33,S,8,0,0
4951,3,male,39.8,5,0,57.29,S,6,0,0
4952,3,male,46.6,1,3,12.81,S,5,0,0
4960,3,male,36.4,1,0,26.45,S,2,0,0
4961,1,male,35.3,3,3,70.86,S,7,0,0
4962,3,female,23.5,5,3,0.67,S,9,0,0
4964,1,female,16.6,2,1,44.9,S,4,0,0
4965,1,female,50.9,3,0,5.64,S,4,0,0
4969,3,female,18.2,2,3,3.78,S,6,0,0
4970,2,female,23.8,2,3,42.52,S,6,0,0
4974,3,female,15.9,3,2,40.99,S,6,0,0
4976,1,female,21.8,4,3,8.76,S,8,0,0
4977,2,male,25.8,5,4,91.89,S,10,0,0
4979,2,female,39.1,0,2,13.94,S,3,0,0
4984,2,male,31.6,0,4,2.2,S,5,0,0
4985,3,male,41.7,0,3,145.36,S,4,0,0
4987,3,male,0.0,2,4,23.81,S,7,0,0
4991,3,female,31.8,2,1,44.99,S,4,0,0
4992,1,male,27.8,5,1,20.13,S,7,0,0
4994,3,male,20.4,2,3,4.11,S,6,0,0
5001,1,male,45.0,5,1,51.22,S,7,0,0
5003,3,male,12.5,2,0,10.18,S,3,0,0
5005,3,male,26.2,5,0,53.33,S,6,0,0
5008,3,male,26.6,4,1,70.26,S,6,0,0
5009,1,male,20.2,3,2,39.97,S,6,0,0
5010,2,male,31.4,2,4,5.94,S,7,0,0
5012,1,female,32.1,5,4,6.42,S,10,0,0
5014,2,male,24.9,3,3,1.74,S,7,0,0
5015,3,female,18.7,1,4,45.27,S,6,0,0
5016,3,male,0.9,0,4,32.81,S,5,0,0
5017,3,male,39.8,3,4,40.51,S,8,0,0
5018,3,male,30.1,0,0,3.22,S,1,1,0
5026,1,male,40.3,0,2,4.64,S,3,0,0
5029,1,female,29.9,1,2,164.24,S,4,0,0
5030,3,female,16.4,4,2,23.92,S,7,0,0
5031,1,male,35.0,0,0,13.94,S,1,1,0
5034,1,female,10.8,3,2,74.9,S,6,0,0
5035,3,male,44.4,0,4,60.41,S,5,0,0
5036,3,male,56.2,2,4,22.81,S,7,0,0
5041,3,female,33.9,4,1,37.46,S,6,0,0
5042,3,male,26.4,5,0,6.81,S,6,0,0
5045,3,male,33.3,0,3,6.1,S,4,0,0
5046,2,male,26.7,2,1,9.24,S,4,0,0
5047,1,male,28.2,0,2,65.26,S,3,0,0
5048,3,male,46.1,2,3,47.08,S,6,0,0
5049,3,male,31.0,0,1,1.43,S,2,0,0
5050,1,female,31.4,5,4,5.11,S,10,0,0
5052,3,male,23.9,1,2,8.2,S,4,0,0
5053,2,male,9.3,0,4,32.2,S,5,0,0
5054,3,male,51.0,0,2,7.36,S,3,0,0
5056,1,male,46.5,0,2,22.09,S,3,0,0
5057,1,male,14.0,3,0,21.4,S,4,0,0
5058,3,female,49.2,5,2,33.25,S,8,0,0
5062,3,female,40.2,1,3,3.28,S,5,0,0
5063,3,male,17.1,3,2,76.82,S,6,0,0
5065,2,female,14.7,1,0,18.46,S,2,0,0
5066,2,female,20.6,0,0,3.68,S,1,1,0
5069,3,male,35.5,2,4,2.45,S,7,0,0
5070,2,male,3.9,5,0,28.74,S,6,0,0
5072,3,male,36.7,3,2,65.51,S,6,0,0
5073,3,female,39.5,1,0,38.84,S,2,0,0
5075,3,male,32.5,3,0,62.88,S,4,0,0
5076,1,male,23.7,1,1,72.65,S,3,0,0
5078,3,male,24.8,4,1,4.18,S,6,0,0
5080,3,female,35.0,4,1,16.46,S,6,0,0
5081,3,male,28.1,5,2,11.16,S,8,0,0
5083,3,female,44.7,4,4,25.49,S,9,0,0
5087,1,male,37.5,4,4,38.87,S,9,0,0
5088,3,female,8.5,3,3,49.67,S,7,0,0
5089,3,male,33.3,0,1,20.8,S,2,0,0
5090,3,male,24.6,0,3,81.26,S,4,0,0
5093,2,male,42.8,3,1,71.37,S,5,0,0
5094,3,female,58.9,2,3,4.71,S,6,0,0
5095,3,female,17.8,4,0,18.52,S,5,0,0
5099,1,male,38.9,1,0,39.94,S,2,0,0
5102,2,male,41.9,1,3,1.51,S,5,0,0
5103,2,male,49.4,4,2,28.98,S,7,0,0
5104,3,female,17.5,2,4,23.67,S,7,0,0
5106,3,female,53.3,1,1,38.09,S,3,0,0
5107,3,female,1.6,3,4,105.12,S,8,0,0
5112,3,male,35.7,1,2,84.1,S,4,0,0
5116,2,male,45.3,0,3,19.59,S,4,0,0
5117,3,male,30.9,3,2,9.29,S,6,0,0
5119,2,male,19.3,4,1,62.24,S,6,0,0
5120,3,female,34.2,2,1,40.08,S,4,0,0
5122,3,female,18.9,2,1,45.32,S,4,0,0
5125,1,female,29.7,1,3,28.79,S,5,0,0
5126,3,female,33.2,5,4,15.16,S,10,0,0
5127,1,male,13.5,3,2,21.86,S,6,0,0
5131,1,female,18.6,0,4,16.68,S,5,0,0
5132,3,male,54.9,3,3,3.06,S,7,0,0
5133,2,female,34.4,4,1,34.58,S,6,0,0
5135,1,female,41.0,2,2,43.19,S,5,0,0
5136,2,female,32.2,5,4,7.44,S,10,0,0
5137,1,male,29.8,4,2,22.64,S,7,0,0
5140,3,male,3.7,3,3,10.65,S,7,0,0
5141,1,female,48.3,0,3,20.75,S,4,0,0
5144,3,male,10.3,0,1,18.25,S,2,0,0
5149,3,male,24.8,2,1,16.52,S,4,0,0
5150,1,female,34.7,0,0,21.04,S,1,1,0
5151,1,female,44.5,4,0,246.6,S,5,0,0
5155,1,female,20.9,2,0,106.38,S,3,0,0
5156,3,female,14.5,5,3,11.72,S,9,0,0
5161,3,female,36.9,1,4,21.94,S,6,0,0
5166,3,male,28.2,0,4,1.19,S,5,0,0
5167,3,male,3.4,5,4,12.44,S,10,0,0
5168,3,male,29.4,5,4,186.38,S,10,0,0
5171,1,male,39.1,5,1,58.14,S,7,0,0
5172,1,male,32.8,3,1,10.89,S,5,0,0
5174,2,male,26.4,2,2,21.3,S,5,0,0
5180,3,male,20.9,2,3,15.1,S,6,0,0
5182,3,male,8.6,0,2,34.49,S,3,0,0
5189,1,female,20.4,3,0,22.95,S,4,0,0
5190,1,female,26.0,3,0,34.68,S,4,0,0
5194,2,male,18.0,4,1,56.77,S,6,0,0
5197,1,male,14.3,4,1,41.24,S,6,0,0
5198,3,male,26.0,2,4,44.75,S,7,0,0
5199,3,female,33.9,2,1,2.81,S,4,0,0
5205,2,male,29.1,3,1,42.85,S,5,0,0
5207,3,male,20.0,0,0,34.62,S,1,1,0
5211,1,female,47.6,0,2,4.55,S,3,0,0
5212,2,male,35.0,4,0,9.61,S,5,0,0
5214,3,male,32.6,5,0,7.42,S,6,0,0
5215,2,female,40.3,5,2,34.53,S,8,0,0
5216,3,male,43.0,1,0,114.08,S,2,0,0
5218,3,female,50.4,3,1,51.2,S,5,0,0
5219,3,male,20.4,3,1,95.32,S,5,0,0
5220,1,female,45.0,4,2,30.33,S,7,0,0
5221,3,male,38.9,2,0,46.87,S,3,0,0
5223,3,female,32.3,2,1,117.46,S,4,0,0
5224,3,male,33.2,5,2,33.34,S,8,0,0
5225,2,male,27.0,3,1,10.21,S,5,0,0
5228,3,male,19.4,1,3,45.9,S,5,0,0
5229,3,female,25.7,3,4,34.2,S,8,0,0
5233,3,male,27.5,5,0,45.3,S,6,0,0
5234,2,male,59.3,0,1,2.05,S,2,0,0
5235,1,male,32.1,0,4,31.6,S,5,0,0
5238,3,male,19.7,3,4,28.18,S,8,0,0
5239,2,female,32.7,0,0,8.24,S,1,1,0
5241,3,male,27.8,3,1,65.28,S,5,0,0
5242,3,female,35.3,0,1,14.5,S,2,0,0
5245,2,male,28.3,1,2,12.22,S,4,0,0
5248,3,male,38.1,5,3,7.25,S,9,0,0
5249,2,male,33.1,0,0,41.93,S,1,1,0
5250,3,female,31.6,0,2,33.41,S,3,0,0
5255,3,female,30.9,0,1,2.63,S,2,0,0
5257,3,male,35.6,3,0,26.85,S,4,0,0
5258,3,male,28.5,4,0,20.44,S,5,0,0
5260,3,female,31.2,2,0,20.8,S,3,0,0
5263,3,male,33.7,1,1,19.41,S,3,0,0
5266,3,female,22.0,2,3,0.09,S,6,0,0
5267,2,female,67.9,0,2,42.27,S,3,0,0
5269,2,male,47.0,2,2,4.15,S,5,0,0
5270,2,male,25.8,2,4,16.49,S,7,0,0
5271,3,male,29.8,3,2,5.02,S,6,0,0
5272,3,male,27.2,5,4,95.11,S,10,0,0
5274,3,male,6.9,3,0,0.65,S,4,0,0
5277,2,female,2.9,5,3,2.81,S,9,0,0
5282,3,female,9.9,1,0,130.98,S,2,0,0
5284,1,female,18.5,2,0,36.35,S,3,0,0
5287,2,male,16.9,0,0,25.32,S,1,1,0
5288,2,male,18.6,3,2,34.15,S,6,0,0
5290,3,male,45.3,3,0,3.73,S,4,0,0
5291,3,female,11.6,5,4,31.06,S,10,0,0
5292,3,female,32.8,4,0,1.54,S,5,0,0
5295,1,male,59.3,3,1,77.15,S,5,0,0
5297,3,female,14.8,0,4,0.12,S,5,0,0
5298,3,male,39.2,5,0,19.67,S,6,0,0
5301,2,female,49.6,2,1,12.49,S,4,0,0
5304,3,male,35.6,5,0,32.97,S,6,0,0
5305,3,female,46.8,4,1,14.45,S,6,0,0
5306,2,female,34.2,5,3,2.1,S,9,0,0
5307,1,female,38.2,1,2,82.05,S,4,0,0
5310,2,male,28.5,0,0,13.87,S,1,1,0
5311,2,male,16.4,5,4,21.85,S,10,0,0
5314,2,female,20.6,2,3,12.79,S,6,0,0
5315,1,male,52.2,4,4,99.72,S,9,0,0
5316,3,female,37.7,5,3,3.74,S,9,0,0
5318,1,male,44.0,1,0,110.55,S,2,0,0
5319,3,male,37.6,5,3,0.66,S,9,0,0
5320,3,male,55.1,3,0,2.29,S,4,0,0
5322,2,male,15.0,2,3,42.56,S,6,0,0
5324,2,male,9.7,5,4,24.62,S,10,0,0
5329,3,female,21.9,2,4,4.07,S,7,0,0
5330,1,male,35.9,2,0,14.14,S,3,0,0
5331,3,male,3.4,4,0,14.81,S,5,0,0
5332,3,male,31.0,5,3,102.06,S,9,0,0
5336,3,male,19.3,1,2,42.72,S,4,0,0
5337,1,male,15.9,2,4,12.84,S,7,0,0
5347,1,male,26.2,5,1,33.71,S,7,0,0
5352,2,female,41.2,5,4,14.51,S,10,0,0
5353,3,female,12.2,3,4,8.36,S,8,0,0
5354,3,female,33.2,2,2,6.98,S,5,0,0
5356,3,male,19.1,0,1,62.92,S,2,0,0
5359,2,male,16.0,1,4,10.71,S,6,0,0
5361,2,female,29.4,5,3,1.45,S,9,0,0
5362,2,male,30.1,4,2,2.23,S,7,0,0
5366,3,male,40.1,2,4,20.84,S,7,0,0
5370,1,female,14.2,1,3,43.52,S,5,0,0
5372,3,male,20.5,4,1,15.77,S,6,0,0
5374,2,male,14.3,3,3,59.4,S,7,0,0
5376,3,male,25.3,3,0,1.29,S,4,0,0
5377,3,male,26.1,4,1,5.79,S,6,0,0
5379,3,male,9.1,1,4,11.58,S,6,0,0
5381,2,female,11.6,3,2,10.93,S,6,0,0
5382,2,male,23.7,2,0,17.88,S,3,0,0
5383,2,male,16.3,3,2,1.62,S,6,0,0
5385,1,male,20.8,4,2,21.96,S,7,0,0
5386,3,male,0.0,4,1,1.34,S,6,0,0
5388,3,male,40.3,1,3,2.66,S,5,0,0
5390,2,female,25.8,3,4,164.16,S,8,0,0
5393,3,male,34.8,5,0,4.43,S,6,0,0
5395,2,male,25.6,0,0,57.71,S,1,1,0
5396,1,male,28.3,2,4,84.84,S,7,0,0
5403,3,male,13.8,4,2,1.65,S,7,0,0
5404,2,male,38.0,3,4,55.17,S,8,0,0
5407,3,female,12.5,4,2,2.43,S,7,0,0
5408,3,female,39.7,2,3,111.67,S,6,0,0
5409,2,male,2.3,1,1,77.77,S,3,0,0
5411,3,male,21.2,3,2,100.47,S,6,0,0
5413,3,male,39.2,2,2,10.33,S,5,0,0
5414,3,male,28.7,3,4,12.57,S,8,0,0
5415,1,female,48.6,5,0,16.45,S,6,0,0
5417,3,male,32.4,3,2,83.65,S,6,0,0
5418,3,male,25.2,2,0,18.57,S,3,0,0
5419,2,male,16.8,1,2,11.48,S,4,0,0
5420,2,female,23.3,1,0,8.9,S,2,0,0
5421,3,male,12.1,0,1,9.48,S,2,0,0
5424,3,female,27.6,5,1,11.18,S,7,0,0
5427,1,male,33.4,4,3,12.87,S,8,0,0
5431,2,male,25.2,1,1,2.33,S,3,0,0
5433,3,male,17.0,4,3,10.77,S,8,0,0
5434,3,male,26.3,1,1,14.43,S,3,0,0
5436,2,male,17.5,5,3,43.64,S,9,0,0
5438,1,female,22.3,0,4,72.61,S,5,0,0
5441,2,female,27.7,3,3,38.6,S,7,0,0
5444,1,female,28.8,2,4,20.42,S,7,0,0
5448,3,male,33.9,3,4,1.74,S,8,0,0
5449,3,female,40.8,3,4,38.21,S,8,0,0
5450,3,male,26.2,5,0,87.83,S,6,0,0
5451,3,female,31.3,4,3,48.62,S,8,0,0
5455,3,male,42.9,0,4,1.05,S,5,0,0
5456,1,male,45.9,1,3,85.4,S,5,0,0
5457,3,male,18.3,1,0,78.62,S,2,0,0
5461,1,male,7.9,1,4,27.67,S,6,0,0
5462,2,female,29.0,0,4,26.03,S,5,0,0
5463,1,female,26.4,1,2,17.0,S,4,0,0
5464,3,female,51.3,2,4,138.72,S,7,0,0
5465,1,male,0.0,2,4,69.69,S,7,0,0
5469,1,male,10.8,2,1,29.62,S,4,0,0
5472,1,male,43.3,1,2,121.96,S,4,0,0
5474,2,female,8.8,1,3,4.43,S,5,0,0
5475,3,male,31.8,5,3,25.3,S,9,0,0
5479,2,male,26.8,4,3,86.35,S,8,0,0
5481,1,male,33.5,0,2,12.21,S,3,0,0
5482,3,male,42.4,3,0,76.45,S,4,0,0
5486,2,male,24.0,3,1,22.08,S,5,0,0
5488,3,female,22.1,4,4,33.27,S,9,0,0
5490,3,female,39.9,1,2,1.13,S,4,0,0
5492,1,male,30.1,4,1,59.79,S,6,0,0
5493,3,male,47.8,0,1,28.4,S,2,0,0
5494,3,male,36.0,5,3,118.99,S,9,0,0
5495,3,female,25.5,5,4,17.3,S,10,0,0
5496,2,male,24.1,4,4,44.34,S,9,0,0
5498,3,male,11.9,2,1,1.02,S,4,0,0
5501,3,male,36.6,5,2,24.08,S,8,0,0
5502,1,female,25.7,4,4,68.95,S,9,0,0
5503,3,male,26.8,5,4,31.83,S,10,0,0
5504,2,male,22.3,2,3,28.84,S,6,0,0
5505,3,female,19.9,4,3,35.71,S,8,0,0
5506,3,female,30.6,1,4,24.05,S,6,0,0
5507,1,male,38.5,3,1,19.0,S,5,0,0
5508,1,male,51.6,2,3,15.01,S,6,0,0
5509,2,male,1.6,4,4,38.54,S,9,0,0
5510,1,male,0.0,1,2,47.84,S,4,0,0
5514,3,male,36.0,5,4,27.28,S,10,0,0
5518,3,male,22.7,1,4,20.99,S,6,0,0
5521,3,male,18.1,1,3,49.5,S,5,0,0
5523,3,male,30.7,0,0,8.92,S,1,1,0
5524,3,male,12.6,0,2,56.45,S,3,0,0
5525,1,female,34.7,2,4,40.86,S,7,0,0
5527,3,male,43.9,5,4,25.2,S,10,0,0
5528,3,male,18.4,0,1,11.94,S,2,0,0
5529,3,male,13.5,4,0,24.89,S,5,0,0
5530,2,female,49.0,3,2,15.52,S,6,0,0
5531,3,male,6.3,3,4,70.29,S,8,0,0
5536,1,female,17.8,1,4,34.97,S,6,0,0
5538,1,male,40.1,4,4,5.66,S,9,0,0
5539,3,male,48.0,1,0,40.3,S,2,0,0
5545,3,male,11.0,5,0,13.35,S,6,0,0
5546,3,female,0.0,4,0,22.44,S,5,0,0
5547,1,male,40.8,5,3,16.55,S,9,0,0
5549,3,male,36.8,1,3,16.61,S,5,0,0
5550,3,male,34.3,4,1,18.77,S,6,0,0
5551,3,male,30.2,4,0,6.09,S,5,0,0
5553,3,male,52.7,4,1,11.07,S,6,0,0
5556,2,male,44.5,0,4,0.98,S,5,0,0
5558,1,male,38.1,0,4,4.2,S,5,0,0
5563,3,female,40.0,4,1,12.75,S,6,0,0
5565,3,female,9.6,3,0,75.38,S,4,0,0
5571,1,male,23.5,1,0,41.6,S,2,0,0
5575,3,male,20.8,0,3,151.56,S,4,0,0
5579,3,male,20.3,3,3,33.85,S,7,0,0
5580,3,male,50.3,0,1,34.18,S,2,0,0
5581,1,male,15.3,1,0,14.04,S,2,0,0
5584,3,female,21.2,3,1,40.69,S,5,0,0
5585,3,female,34.3,5,4,0.94,S,10,0,0
5586,2,female,23.1,2,1,149.22,S,4,0,0
5587,2,male,54.9,2,1,40.55,S,4,0,0
5594,1,male,32.7,0,3,45.97,S,4,0,0
5595,1,male,43.0,5,0,51.13,S,6,0,0
5600,3,male,23.3,5,3,9.95,S,9,0,0
5601,2,female,13.8,0,3,41.57,S,4,0,0
5602,3,female,37.7,3,4,24.12,S,8,0,0
5604,2,male,18.2,1,3,83.81,S,5,0,0
5605,3,male,25.7,1,1,28.37,S,3,0,0
5609,3,female,23.3,2,0,30.83,S,3,0,0
5610,2,male,38.8,0,4,8.09,S,5,0,0
5613,3,male,52.6,5,0,23.98,S,6,0,0
5614,2,female,17.0,5,4,12.25,S,10,0,0
5617,3,male,32.6,0,4,7.62,S,5,0,0
5619,3,male,19.8,4,4,5.39,S,9,0,0
5620,3,male,27.1,2,0,59.02,S,3,0,0
5624,2,male,27.6,2,2,5.06,S,5,0,0
5627,3,male,27.6,4,1,49.62,S,6,0,0
5628,3,female,36.1,0,1,32.96,S,2,0,0
5629,3,female,37.3,4,3,45.23,S,8,0,0
5632,3,male,46.7,0,4,17.72,S,5,0,0
5633,3,male,20.0,4,2,78.84,S,7,0,0
5635,2,female,32.8,5,2,24.97,S,8,0,0
5636,3,male,24.3,5,0,27.63,S,6,0,0
5638,3,male,36.7,5,1,0.36,S,7,0,0
5639,1,male,18.3,5,1,62.98,S,7,0,0
5640,2,female,26.4,5,0,0.95,S,6,0,0
5642,1,female,42.4,4,2,22.35,S,7,0,0
5644,1,female,21.9,0,2,4.41,S,3,0,0
5646,1,male,16.3,3,0,43.37,S,4,0,0
5652,2,male,15.7,1,0,24.99,S,2,0,0
5653,1,female,1.7,3,4,57.55,S,8,0,0
5655,3,female,55.0,5,2,41.62,S,8,0,0
5660,3,female,27.3,3,1,21.32,S,5,0,0
5661,3,male,0.0,2,4,2.91,S,7,0,0
5663,2,male,13.4,0,4,28.57,S,5,0,0
5664,3,male,6.9,1,1,0.38,S,3,0,0
5668,3,female,45.1,2,3,35.83,S,6,0,0
5671,2,male,36.0,4,1,52.38,S,6,0,0
5673,2,female,19.0,0,4,2.86,S,5,0,0
5675,1,male,15.7,5,3,47.73,S,9,0,0
5676,2,male,53.1,3,4,8.47,S,8,0,0
5679,1,male,50.8,0,4,31.8,S,5,0,0
5680,2,female,12.2,2,3,13.19,S,6,0,0
5683,3,male,61.6,5,1,23.16,S,7,0,0
5684,2,female,2.5,5,4,18.16,S,10,0,0
5688,3,male,36.3,3,0,4.34,S,4,0,0
5690,2,male,45.2,0,2,32.36,S,3,0,0
5691,3,male,32.3,3,4,11.83,S,8,0,0
5693,3,male,20.5,0,0,18.54,S,1,1,0
5696,2,male,31.7,4,0,106.34,S,5,0,0
5697,3,female,18.6,3,0,5.22,S,4,0,0
5699,3,female,29.4,5,1,4.79,S,7,0,0
5700,3,male,29.0,1,4,77.77,S,6,0,0
5701,2,male,20.7,5,0,82.82,S,6,0,0
5703,3,male,36.8,3,1,73.12,S,5,0,0
5705,3,male,55.3,2,3,16.2,S,6,0,0
5715,3,male,48.5,3,0,2.08,S,4,0,0
5719,3,male,34.4,2,2,21.37,S,5,0,0
5720,3,male,71.1,2,4,123.58,S,7,0,0
5721,2,female,51.2,3,0,0.57,S,4,0,0
5723,1,male,48.9,0,1,23.37,S,2,0,0
5724,1,male,2.1,0,1,209.15,S,2,0,0
5726,3,male,36.4,2,2,2.21,S,5,0,0
5727,1,male,38.9,3,0,5.47,S,4,0,0
5728,3,male,21.9,4,0,1.1,S,5,0,0
5731,3,male,0.0,0,0,3.01,S,1,1,0
5733,2,female,16.4,3,2,118.06,S,6,0,0
5738,2,male,30.6,4,4,57.7,S,9,0,0
5739,1,female,12.9,2,3,20.24,S,6,0,0
5741,3,male,24.4,2,3,44.09,S,6,0,0
5750,3,female,14.7,0,3,13.76,S,4,0,0
5755,1,male,24.8,0,0,74.03,S,1,1,0
5757,3,female,45.2,3,0,25.26,S,4,0,0
5763,3,female,41.9,2,2,78.6,S,5,0,0
5766,3,female,36.1,5,2,1.6,S,8,0,0
5768,3,male,32.9,3,0,49.98,S,4,0,0
5772,3,male,34.6,2,1,110.26,S,4,0,0
5775,3,male,42.5,5,3,47.75,S,9,0,0
5777,3,male,33.9,5,2,53.94,S,8,0,0
5779,3,male,21.4,5,2,27.3,S,8,0,0
5781,1,male,43.1,0,3,4.87,S,4,0,0
5783,3,male,38.8,3,3,32.78,S,7,0,0
5786,3,female,27.9,1,0,36.35,S,2,0,0
5789,3,male,43.1,2,4,14.39,S,7,0,0
5790,1,male,26.5,0,2,16.3,S,3,0,0
5799,3,male,28.8,0,2,38.75,S,3,0,0
5801,3,male,32.9,4,3,20.16,S,8,0,0
5802,1,male,21.9,3,4,9.2,S,8,0,0
5804,3,female,20.6,3,2,56.46,S,6,0,0
5806,3,male,23.8,5,1,55.92,S,7,0,0
5809,3,male,31.1,1,0,6.8,S,2,0,0
5810,3,male,32.8,5,1,5.4,S,7,0,0
5813,2,female,26.7,4,1,3.04,S,6,0,0
5814,1,female,0.6,5,3,16.67,S,9,0,0
5815,3,female,39.9,1,3,160.18,S,5,0,0
5816,3,male,19.1,1,2,7.64,S,4,0,0
5817,2,female,25.3,3,0,16.2,S,4,0,0
5819,1,female,25.9,4,3,7.12,S,8,0,0
5821,1,male,50.1,3,0,32.24,S,4,0,0
5824,3,male,41.2,1,2,14.33,S,4,0,0
5825,2,female,8.6,5,3,4.17,S,9,0,0
5827,2,male,34.3,0,0,25.82,S,1,1,0
5829,3,male,21.0,3,1,1.58,S,5,0,0
5831,3,male,23.7,5,0,18.22,S,6,0,0
5833,3,male,45.9,3,2,39.92,S,6,0,0
5838,3,female,34.3,1,0,32.05,S,2,0,0
5840,1,male,26.6,1,3,26.08,S,5,0,0
5841,3,male,22.6,5,2,38.15,S,8,0,0
5842,2,male,19.3,1,0,1.11,S,2,0,0
5845,3,male,42.0,2,2,4.65,S,5,0,0
5846,3,female,13.9,0,2,55.08,S,3,0,0
5848,3,male,25.5,5,0,25.31,S,6,0,0
5849,1,male,23.8,4,0,57.94,S,5,0,0
5854,3,female,25.1,5,3,32.11,S,9,0,0
5856,3,female,59.8,4,0,8.51,S,5,0,0
5857,3,male,47.0,1,1,157.54,S,3,0,0
5858,3,female,31.9,5,0,24.76,S,6,0,0
5859,3,female,9.8,2,1,102.19,S,4,0,0
5860,2,male,10.0,3,0,2.88,S,4,0,0
5862,2,male,23.4,1,0,92.45,S,2,0,0
5863,3,female,26.6,5,3,5.41,S,9,0,0
5865,1,male,35.2,5,1,7.64,S,7,0,0
5867,3,male,50.3,1,1,9.79,S,3,0,0
5869,3,female,38.0,5,2,51.0,S,8,0,0
5870,3,female,27.7,0,1,23.06,S,2,0,0
5871,3,male,41.3,4,4,28.52,S,9,0,0
5875,2,male,30.4,5,4,118.77,S,10,0,0
5878,3,male,18.7,4,3,11.07,S,8,0,0
5879,2,female,34.8,3,0,6.74,S,4,0,0
5884,3,female,33.9,3,1,24.61,S,5,0,0
5885,1,female,29.8,2,4,134.75,S,7,0,0
5886,3,male,14.6,0,2,15.79,S,3,0,0
5889,2,male,57.9,1,0,15.49,S,2,0,0
5891,3,male,26.4,3,4,66.5,S,8,0,0
5892,1,female,56.2,0,4,30.86,S,5,0,0
5894,2,male,47.1,4,2,83.3,S,7,0,0
5895,2,male,37.3,5,4,27.48,S,10,0,0
5897,1,male,23.8,0,4,28.02,S,5,0,0
5899,3,female,29.5,2,2,70.82,S,5,0,0
5901,1,male,20.5,3,0,0.47,S,4,0,0
5903,3,male,24.7,4,0,12.06,S,5,0,0
5904,3,female,56.5,5,3,24.77,S,9,0,0
5908,2,female,8.5,1,0,1.89,S,2,0,0
5909,1,female,35.0,5,1,13.44,S,7,0,0
5910,3,male,11.0,2,2,4.79,S,5,0,0
5913,1,female,6.0,0,2,39.39,S,3,0,0
5914,3,male,46.8,1,3,2.42,S,5,0,0
5915,3,male,36.3,0,3,44.93,S,4,0,0
5918,3,male,26.6,4,4,11.0,S,9,0,0
5920,3,male,43.2,0,2,57.48,S,3,0,0
5924,3,male,10.6,0,2,72.33,S,3,0,0
5930,3,male,34.8,2,2,36.66,S,5,0,0
5931,3,male,43.5,4,3,114.6,S,8,0,0
5932,3,female,33.8,2,2,114.74,S,5,0,0
5934,1,male,35.8,1,3,34.37,S,5,0,0
5938,1,female,28.2,2,1,8.68,S,4,0,0
5939,3,male,13.3,3,4,7.82,S,8,0,0
5940,3,female,15.5,5,1,0.74,S,7,0,0
5941,3,male,36.5,4,2,2.44,S,7,0,0
5942,3,female,43.7,5,2,39.77,S,8,0,0
5946,3,female,30.3,4,4,5.45,S,9,0,0
5947,1,male,24.4,0,0,13.31,S,1,1,0
5950,3,male,19.8,2,0,9.06,S,3,0,0
5951,3,female,39.5,1,3,12.67,S,5,0,0
5953,3,female,10.8,3,0,21.98,S,4,0,0
5954,3,female,18.0,0,2,19.61,S,3,0,0
5956,3,male,33.7,2,2,19.53,S,5,0,0
5960,3,male,23.2,3,0,25.5,S,4,0,0
5962,3,male,10.3,2,3,95.68,S,6,0,0
5967,3,female,39.8,0,4,47.82,S,5,0,0
5971,3,female,27.5,2,1,8.89,S,4,0,0
5974,2,male,13.1,4,0,24.9,S,5,0,0
5976,1,male,36.1,4,4,8.62,S,9,0,0
5978,2,female,33.0,3,3,9.18,S,7,0,0
5981,3,male,30.9,4,0,145.54,S,5,0,0
5983,3,male,25.9,3,2,43.32,S,6,0,0
5984,3,female,13.9,5,1,1.4,S,7,0,0
5985,1,male,44.4,5,2,38.86,S,8,0,0
5986,3,male,24.1,4,1,17.37,S,6,0,0
5990,3,female,19.4,3,2,6.42,S,6,0,0
5991,1,female,47.8,5,0,14.05,S,6,0,0
5994,3,male,32.4,1,4,26.17,S,6,0,0
5996,3,male,20.6,4,2,16.17,S,7,0,0
5999,2,male,47.8,2,0,10.24,S,3,0,0
6001,3,female,27.3,4,4,2.7,S,9,0,0
6003,1,male,39.1,2,4,8.98,S,7,0,0
6004,1,female,25.7,2,0,103.83,S,3,0,0
6006,3,female,21.1,5,1,19.84,S,7,0,0
6013,1,female,17.7,2,2,39.57,S,5,0,0
6014,1,female,8.9,3,1,73.98,S,5,0,0
6017,3,male,27.0,5,4,73.36,S,10,0,0
6018,1,female,29.8,2,2,46.94,S,5,0,0
6020,2,male,20.9,5,3,2.07,S,9,0,0
6023,1,male,5.8,4,1,23.74,S,6,0,0
6024,3,female,44.3,5,4,3.0,S,10,0,0
6025,3,male,28.8,0,4,26.87,S,5,0,0
6027,3,male,41.8,4,0,24.43,S,5,0,0
6029,3,male,20.9,1,3,27.82,S,5,0,0
6031,3,male,37.3,5,0,25.47,S,6,0,0
6033,1,female,43.9,3,0,14.6,S,4,0,0
6040,3,female,26.5,3,0,21.9,S,4,0,0
6042,3,male,21.2,2,4,42.55,S,7,0,0
6046,2,male,19.2,0,2,19.47,S,3,0,0
6047,3,male,40.5,3,0,25.8,S,4,0,0
6052,3,female,25.4,4,2,0.91,S,7,0,0
6055,3,female,10.7,0,0,55.52,S,1,1,0
6056,3,female,29.2,5,0,34.14,S,6,0,0
6057,3,male,40.7,4,4,42.63,S,9,0,0
6061,3,female,24.8,4,3,87.72,S,8,0,0
6062,2,female,14.0,4,0,175.34,S,5,0,0
6064,3,male,0.0,4,3,43.23,S,8,0,0
6066,3,male,46.8,2,2,0.89,S,5,0,0
6067,2,male,9.4,3,2,35.98,S,6,0,0
6068,2,male,6.3,3,0,9.43,S,4,0,0
6072,1,male,53.3,2,4,3.5,S,7,0,0
6074,2,male,43.7,5,0,6.74,S,6,0,0
6075,1,male,17.9,1,4,26.88,S,6,0,0
6076,2,male,49.8,2,0,30.11,S,3,0,0
6078,1,male,24.6,1,4,121.51,S,6,0,0
6083,3,male,24.5,1,4,63.46,S,6,0,0
6084,2,male,18.2,2,3,11.62,S,6,0,0
6085,1,male,46.4,3,0,9.17,S,4,0,0
6089,3,female,23.4,5,1,7.18,S,7,0,0
6090,3,female,61.0,3,1,20.11,S,5,0,0
6094,3,male,30.8,3,3,6.97,S,7,0,0
6098,3,male,17.2,0,2,25.39,S,3,0,0
6100,3,male,23.5,1,2,9.62,S,4,0,0
6102,2,female,49.6,5,1,12.28,S,7,0,0
6105,1,male,31.0,0,2,93.24,S,3,0,0
6107,3,male,26.4,4,3,56.38,S,8,0,0
6111,1,female,21.8,0,0,0.78,S,1,1,0
6113,1,male,22.8,2,3,1.72,S,6,0,0
6118,2,male,22.6,4,1,36.19,S,6,0,0
6120,2,male,35.9,5,1,50.98,S,7,0,0
6121,1,male,20.6,2,0,31.5,S,3,0,0
6126,2,male,19.9,2,2,0.92,S,5,0,0
6128,1,female,38.0,0,3,56.84,S,4,0,0
6129,3,male,47.7,5,1,8.14,S,7,0,0
6133,3,female,19.2,0,0,70.62,S,1,1,0
6134,3,male,26.9,5,1,20.78,S,7,0,0
6136,3,female,26.6,0,2,10.14,S,3,0,0
6140,3,male,15.0,2,3,30.67,S,6,0,0
6145,3,female,40.2,3,4,4.46,S,8,0,0
6147,3,male,39.3,4,4,12.56,S,9,0,0
6150,3,female,48.6,0,2,59.13,S,3,0,0
6151,3,male,48.9,5,3,4.84,S,9,0,0
6152,3,male,27.0,3,3,31.47,S,7,0,0
6154,1,male,21.8,0,1,65.18,S,2,0,0
6155,3,male,34.8,5,2,34.63,S,8,0,0
6158,3,male,45.8,5,3,1.18,S,9,0,0
6160,1,female,0.0,2,1,17.04,S,4,0,0
6161,1,female,10.3,0,2,1.6,S,3,0,0
6162,3,female,59.2,3,4,0.43,S,8,0,0
6165,2,male,8.2,0,1,13.03,S,2,0,0
6168,3,male,56.7,1,4,23.17,S,6,0,0
6169,3,male,55.8,3,1,11.78,S,5,0,0
6170,3,male,6.9,0,2,15.85,S,3,0,0
6172,1,female,17.0,0,4,1.08,S,5,0,0
6174,3,male,10.4,1,3,0.42,S,5,0,0
6175,3,male,21.4,1,0,18.16,S,2,0,0
6176,1,male,16.9,4,4,34.61,S,9,0,0
6177,3,male,36.3,4,2,6.39,S,7,0,0
6178,2,female,21.8,1,4,24.43,S,6,0,0
6179,2,male,23.8,2,3,12.58,S,6,0,0
6180,1,female,36.2,0,0,4.09,S,1,1,0
6181,3,male,52.0,4,2,4.37,S,7,0,0
6182,1,male,58.6,5,2,30.8,S,8,0,0
6184,2,female,27.8,5,0,25.78,S,6,0,0
6187,1,female,41.3,3,2,1.64,S,6,0,0
6195,1,male,27.2,5,1,44.66,S,7,0,0
6196,3,male,19.8,1,3,31.01,S,5,0,0
6198,3,male,22.6,0,4,18.55,S,5,0,0
6199,1,male,8.3,1,2,26.32,S,4,0,0
6201,3,female,0.0,2,1,45.79,S,4,0,0
6204,1,male,56.8,2,2,58.02,S,5,0,0
6206,3,male,0.0,2,4,42.52,S,7,0,0
6210,2,male,37.6,2,4,48.44,S,7,0,0
6211,3,male,49.6,1,1,17.55,S,3,0,0
6212,3,male,31.6,3,4,24.9,S,8,0,0
6213,3,female,40.5,3,0,8.71,S,4,0,0
6216,3,female,43.9,5,3,19.97,S,9,0,0
6217,3,male,11.8,0,2,18.4,S,3,0,0
6218,3,male,28.5,2,0,12.73,S,3,0,0
6219,3,male,21.0,1,2,9.93,S,4,0,0
6223,3,male,29.6,1,0,26.37,S,2,0,0
6224,2,male,49.8,5,1,37.9,S,7,0,0
6229,3,male,34.8,1,2,59.47,S,4,0,0
6230,2,female,29.4,1,4,41.64,S,6,0,0
6232,3,male,53.4,4,1,5.14,S,6,0,0
6233,3,male,5.6,5,3,40.61,S,9,0,0
6234,3,male,61.4,0,0,20.26,S,1,1,0
6241,2,female,20.0,4,3,25.14,S,8,0,0
6242,1,female,25.8,1,0,4.44,S,2,0,0
6245,3,female,23.4,2,3,31.05,S,6,0,0
6246,3,male,13.7,0,0,0.4,S,1,1,0
6249,1,male,23.4,2,2,44.15,S,5,0,0
6252,1,male,28.3,5,2,9.17,S,8,0,0
6253,3,female,55.6,0,0,25.38,S,1,1,0
6254,2,female,29.4,0,0,5.17,S,1,1,0
6255,1,female,42.1,2,2,155.99,S,5,0,0
6256,2,male,23.0,2,4,23.29,S,7,0,0
6260,1,male,40.8,4,2,35.58,S,7,0,0
6265,3,male,45.2,4,1,10.54,S,6,0,0
6268,3,male,26.9,3,4,0.02,S,8,0,0
6270,3,female,28.9,5,1,42.71,S,7,0,0
6273,3,male,37.5,2,2,42.03,S,5,0,0
6274,3,female,27.5,3,2,16.95,S,6,0,0
6276,3,male,22.9,0,1,12.06,S,2,0,0
6277,3,male,4.8,5,3,15.05,S,9,0,0
6281,3,male,24.2,5,1,43.57,S,7,0,0
6284,2,female,25.8,2,1,78.7,S,4,0,0
6285,3,male,16.3,2,0,77.49,S,3,0,0
6287,2,male,41.9,5,1,93.64,S,7,0,0
6289,2,female,39.1,4,2,63.89,S,7,0,0
6290,3,male,31.8,4,2,27.84,S,7,0,0
6291,2,female,38.6,0,1,58.38,S,2,0,0
6293,1,male,38.9,4,1,66.72,S,6,0,0
6296,2,male,8.6,4,2,62.89,S,7,0,0
6299,2,male,50.7,4,2,22.33,S,7,0,0
6301,3,female,41.9,0,1,41.1,S,2,0,0
6302,3,male,40.0,5,2,16.14,S,8,0,0
6304,1,female,78.5,4,0,34.43,S,5,0,0
6305,3,male,70.0,4,0,36.7,S,5,0,0
6306,1,male,48.5,1,2,18.41,S,4,0,0
6307,1,male,16.3,0,0,1.71,S,1,1,0
6313,3,female,45.9,5,3,3.22,S,9,0,0
6314,3,male,34.4,0,0,95.56,S,1,1,0
6317,1,male,34.4,0,3,31.78,S,4,0,0
6319,2,male,23.3,1,1,4.76,S,3,0,0
6320,1,female,41.0,2,1,32.36,S,4,0,0
6322,2,male,26.8,2,2,57.95,S,5,0,0
6328,3,female,20.3,0,2,4.02,S,3,0,0
6329,3,female,18.3,0,2,45.89,S,3,0,0
6330,2,male,53.7,0,0,10.33,S,1,1,0
6332,1,male,29.0,2,1,62.37,S,4,0,0
6333,3,female,25.5,0,0,3.96,S,1,1,0
6334,3,male,47.5,2,4,24.32,S,7,0,0
6336,3,male,30.0,1,3,36.73,S,5,0,0
6340,1,male,38.4,0,1,28.09,S,2,0,0
6344,2,male,7.4,0,4,60.48,S,5,0,0
6345,3,male,4.6,4,2,161.94,S,7,0,0
6348,3,male,9.9,4,3,0.04,S,8,0,0
6352,3,male,16.0,4,3,31.34,S,8,0,0
6357,2,female,30.6,1,1,18.17,S,3,0,0
6361,2,male,16.2,1,2,42.79,S,4,0,0
6363,2,male,21.1,0,0,6.58,S,1,1,0
6364,3,male,49.5,4,2,83.57,S,7,0,0
6366,3,male,40.3,5,3,8.52,S,9,0,0
6367,3,male,40.0,1,4,42.62,S,6,0,0
6374,3,male,9.5,3,2,37.68,S,6,0,0
6375,3,female,11.9,3,2,48.92,S,6,0,0
6380,1,male,9.6,3,4,15.98,S,8,0,0
6381,3,male,22.4,0,1,47.29,S,2,0,0
6382,1,female,40.8,3,2,7.97,S,6,0,0
6384,3,male,17.8,2,3,5.3,S,6,0,0
6386,3,male,23.1,4,3,5.89,S,8,0,0
6388,3,male,27.8,2,3,5.23,S,6,0,0
6390,3,male,25.0,4,2,22.37,S,7,0,0
6391,1,male,31.6,5,1,17.02,S,7,0,0
6396,3,male,36.2,0,3,45.83,S,4,0,0
6397,1,male,13.1,2,2,14.94,S,5,0,0
6398,3,male,30.5,2,1,121.61,S,4,0,0
6402,1,male,47.2,3,0,3.33,S,4,0,0
6407,3,male,0.0,4,1,8.48,S,6,0,0
6408,3,female,28.2,4,4,24.17,S,9,0,0
6411,2,male,39.3,2,1,43.12,S,4,0,0
6414,1,male,64.2,4,2,30.54,S,7,0,0
6415,2,male,30.1,0,4,7.51,S,5,0,0
6416,1,male,42.5,5,0,34.44,S,6,0,0
6419,3,male,41.7,1,1,9.6,S,3,0,0
6422,3,male,40.5,0,1,46.99,S,2,0,0
6423,3,male,39.4,5,1,30.85,S,7,0,0
6424,1,female,28.4,4,2,5.25,S,7,0,0
6428,3,male,30.6,4,1,70.99,S,6,0,0
6429,2,female,45.4,0,2,79.65,S,3,0,0
6433,2,female,30.5,5,4,1.09,S,10,0,0
6436,3,male,46.7,1,3,79.65,S,5,0,0
6438,2,male,17.0,4,2,46.88,S,7,0,0
6440,3,male,49.9,5,3,20.32,S,9,0,0
6441,1,male,34.8,5,4,51.16,S,10,0,0
6443,3,male,18.0,3,1,3.32,S,5,0,0
6444,3,female,37.7,3,4,12.87,S,8,0,0
6445,2,female,39.4,4,3,12.18,S,8,0,0
6447,1,male,24.9,1,3,119.07,S,5,0,0
6453,3,female,18.0,0,1,43.38,S,2,0,0
6457,3,male,32.3,1,4,49.47,S,6,0,0
6458,3,male,16.0,0,2,22.37,S,3,0,0
6459,3,male,41.2,4,1,53.42,S,6,0,0
6460,3,male,28.9,2,2,3.11,S,5,0,0
6463,3,male,20.4,0,0,6.01,S,1,1,0
6465,3,male,26.8,4,4,20.97,S,9,0,0
6467,2,male,27.5,5,0,64.54,S,6,0,0
6476,2,male,0.7,2,0,95.4,S,3,0,0
6477,2,male,35.6,0,2,148.1,S,3,0,0
6478,1,female,16.3,1,1,30.4,S,3,0,0
6480,2,female,7.4,3,0,10.46,S,4,0,0
6481,1,male,30.3,5,2,7.2,S,8,0,0
6483,3,male,0.0,1,3,8.16,S,5,0,0
6484,3,female,51.7,1,3,16.1,S,5,0,0
6485,3,male,24.4,3,3,21.71,S,7,0,0
6487,1,female,36.5,2,1,121.5,S,4,0,0
6490,3,male,13.0,2,4,8.15,S,7,0,0
6493,3,male,25.7,4,1,23.62,S,6,0,0
6495,3,male,7.9,3,3,32.46,S,7,0,0
6501,1,male,20.6,2,4,7.68,S,7,0,0
6502,3,male,0.0,4,0,24.55,S,5,0,0
6503,1,male,11.6,2,0,20.21,S,3,0,0
6504,3,male,46.6,1,0,9.09,S,2,0,0
6510,1,male,18.9,2,3,5.07,S,6,0,0
6514,3,female,46.5,3,4,16.4,S,8,0,0
6519,3,male,28.9,3,2,45.23,S,6,0,0
6520,1,female,42.6,3,3,41.93,S,7,0,0
6521,3,male,24.8,4,1,68.84,S,6,0,0
6523,1,male,45.0,1,2,46.54,S,4,0,0
6524,3,male,18.2,2,1,17.17,S,4,0,0
6526,3,male,24.0,5,1,13.29,S,7,0,0
6528,1,female,17.6,4,1,18.43,S,6,0,0
6530,2,male,25.3,0,2,0.39,S,3,0,0
6534,1,male,5.9,4,2,4.83,S,7,0,0
6535,3,female,0.0,4,2,5.73,S,7,0,0
6538,3,male,36.0,5,0,33.37,S,6,0,0
6540,3,male,8.2,1,2,1.35,S,4,0,0
6543,1,male,19.6,0,3,19.89,S,4,0,0
6545,3,female,65.4,4,3,51.69,S,8,0,0
6546,3,female,26.3,5,0,26.39,S,6,0,0
6547,3,female,26.6,3,4,23.94,S,8,0,0
6549,3,male,25.0,1,0,40.98,S,2,0,0
6550,3,female,47.7,5,3,55.02,S,9,0,0
6552,3,male,28.6,5,0,43.88,S,6,0,0
6553,2,male,8.8,4,1,6.57,S,6,0,0
6556,1,female,33.8,2,3,34.38,S,6,0,0
6557,2,male,5.7,1,1,39.89,S,3,0,0
6561,1,male,48.2,2,0,13.04,S,3,0,0
6562,2,male,36.5,5,2,17.39,S,8,0,0
6563,1,male,7.5,4,1,47.03,S,6,0,0
6564,1,male,20.2,0,4,6.59,S,5,0,0
6567,1,female,51.1,2,2,8.4,S,5,0,0
6568,3,female,26.9,2,1,82.37,S,4,0,0
6570,1,male,18.5,1,2,17.05,S,4,0,0
6571,1,male,21.6,4,3,16.52,S,8,0,0
6572,3,female,36.5,4,2,4.37,S,7,0,0
6574,3,male,30.4,4,1,76.98,S,6,0,0
6578,3,male,28.3,4,4,23.92,S,9,0,0
6579,1,female,49.2,3,3,9.45,S,7,0,0
6583,3,male,24.5,2,0,3.71,S,3,0,0
6585,1,male,30.3,4,3,8.62,S,8,0,0
6591,1,male,42.1,4,0,28.04,S,5,0,0
6595,3,male,46.4,2,3,15.74,S,6,0,0
6596,3,female,32.3,0,0,9.18,S,1,1,0
6597,3,male,29.5,5,4,89.22,S,10,0,0
6600,3,female,33.0,1,1,25.52,S,3,0,0
6601,3,male,20.9,4,0,46.08,S,5,0,0
6604,1,female,47.5,1,1,50.87,S,3,0,0
6605,3,female,16.5,0,0,54.01,S,1,1,0
6607,3,male,26.7,2,3,43.65,S,6,0,0
6609,2,female,48.0,2,2,40.3,S,5,0,0
6612,1,female,53.4,0,0,24.84,S,1,1,0
6613,3,male,42.7,5,1,25.52,S,7,0,0
6614,3,female,17.7,1,0,20.42,S,2,0,0
6617,1,female,48.4,0,1,2.17,S,2,0,0
6620,1,male,20.6,0,0,72.26,S,1,1,0
6622,3,male,27.7,4,1,0.06,S,6,0,0
6623,3,female,32.4,0,2,46.03,S,3,0,0
6628,3,female,38.4,2,3,7.49,S,6,0,0
6630,3,male,32.2,5,0,33.55,S,6,0,0
6631,3,male,38.2,4,2,55.04,S,7,0,0
6635,1,male,41.2,0,2,0.32,S,3,0,0
6637,1,male,29.3,0,1,171.15,S,2,0,0
6638,3,female,27.9,0,0,64.42,S,1,1,0
6639,1,female,16.5,5,3,16.21,S,9,0,0
6644,1,male,27.6,4,3,23.12,S,8,0,0
6645,3,male,37.7,4,2,23.24,S,7,0,0
6650,1,male,13.2,1,2,35.88,S,4,0,0
6652,3,female,2.7,1,1,35.08,S,3,0,0
6653,1,female,6.3,2,3,20.62,S,6,0,0
6654,3,male,53.1,0,1,38.02,S,2,0,0
6655,1,male,19.2,4,4,19.42,S,9,0,0
6657,1,male,27.4,0,4,48.5,S,5,0,0
6659,3,male,34.2,4,0,7.91,S,5,0,0
6661,2,female,47.5,4,3,16.42,S,8,0,0
6662,1,female,27.6,0,2,23.63,S,3,0,0
6666,3,male,31.9,5,0,15.25,S,6,0,0
6669,2,male,26.0,0,2,24.11,S,3,0,0
6670,3,male,14.6,4,3,3.86,S,8,0,0
6672,3,male,25.2,3,4,12.34,S,8,0,0
6673,3,female,3.5,3,0,11.47,S,4,0,0
6674,2,female,31.8,5,2,2.97,S,8,0,0
6677,3,female,17.0,1,2,3.33,S,4,0,0
6678,3,male,12.1,3,3,44.56,S,7,0,0
6679,1,female,45.5,5,0,2.2,S,6,0,0
6681,3,male,28.9,5,3,19.76,S,9,0,0
6683,1,male,40.3,3,0,10.31,S,4,0,0
6685,2,male,12.1,0,1,23.77,S,2,0,0
6686,1,male,33.2,4,3,18.12,S,8,0,0
6687,3,female,43.0,4,0,47.9,S,5,0,0
6691,3,male,25.9,1,4,3.6,S,6,0,0
6694,1,male,10.9,4,2,20.25,S,7,0,0
6697,3,female,36.4,0,4,29.75,S,5,0,0
6699,3,male,19.9,0,1,64.35,S,2,0,0
6700,1,male,21.9,2,3,26.02,S,6,0,0
6703,2,male,10.6,5,1,76.81,S,7,0,0
6704,3,male,26.6,0,2,7.71,S,3,0,0
6707,2,male,31.5,4,1,38.27,S,6,0,0
6715,1,male,51.0,1,0,14.31,S,2,0,0
6716,2,female,28.1,2,0,23.78,S,3,0,0
6717,3,female,24.5,4,0,63.61,S,5,0,0
6718,2,male,26.1,3,3,16.11,S,7,0,0
6719,3,male,45.5,2,4,5.08,S,7,0,0
6721,2,male,27.8,2,3,1.23,S,6,0,0
6723,3,male,10.2,4,1,23.1,S,6,0,0
6724,2,male,34.0,2,4,23.33,S,7,0,0
6725,3,male,28.1,2,0,54.79,S,3,0,0
6727,3,male,15.7,3,1,10.63,S,5,0,0
6730,3,female,35.9,5,4,15.9,S,10,0,0
6731,3,male,40.9,4,4,4.93,S,9,0,0
6733,3,male,12.2,5,0,8.93,S,6,0,0
6734,3,female,36.7,5,1,29.59,S,7,0,0
6735,3,male,37.9,3,1,55.1,S,5,0,0
6737,3,male,41.2,1,2,19.23,S,4,0,0
6738,1,female,28.8,3,4,15.45,S,8,0,0
6740,1,male,17.1,0,4,39.79,S,5,0,0
6741,2,female,9.5,3,4,2.75,S,8,0,0
6747,2,female,5.2,0,0,8.57,S,1,1,0
6749,2,female,23.1,0,1,7.89,S,2,0,0
6750,1,male,29.3,5,2,90.6,S,8,0,0
6751,3,male,39.0,1,4,42.19,S,6,0,0
6753,1,female,44.1,1,1,10.02,S,3,0,0
6754,2,male,35.7,1,2,129.34,S,4,0,0
6757,3,female,45.1,3,0,8.46,S,4,0,0
6760,3,male,17.5,1,3,2.24,S,5,0,0
6762,3,male,23.4,0,1,2.9,S,2,0,0
6767,3,male,47.2,5,0,48.96,S,6,0,0
6769,3,male,7.5,4,4,37.3,S,9,0,0
6770,2,female,42.8,1,4,9.0,S,6,0,0
6774,1,female,25.1,5,3,62.09,S,9,0,0
6775,3,female,47.8,5,2,70.24,S,8,0,0
6777,3,female,16.5,5,3,18.1,S,9,0,0
6779,1,female,7.3,5,1,33.43,S,7,0,0
6780,2,male,29.0,4,2,27.16,S,7,0,0
6782,3,male,47.4,2,3,23.41,S,6,0,0
6783,3,male,22.9,0,4,48.61,S,5,0,0
6791,1,male,2.7,2,1,29.22,S,4,0,0
6795,3,female,47.5,1,1,13.81,S,3,0,0
6798,3,male,33.6,4,0,37.85,S,5,0,0
6799,2,male,8.6,1,4,2.36,S,6,0,0
6800,3,male,14.0,5,4,59.33,S,10,0,0
6803,3,male,0.0,0,2,47.97,S,3,0,0
6804,1,male,24.8,0,2,212.19,S,3,0,0
6807,2,female,1.0,2,2,10.82,S,5,0,0
6808,1,female,28.6,2,0,173.2,S,3,0,0
6809,1,male,17.3,3,0,16.9,S,4,0,0
6811,1,male,36.1,3,0,166.55,S,4,0,0
6812,2,female,34.6,3,2,7.16,S,6,0,0
6814,3,male,59.7,4,2,205.55,S,7,0,0
6816,1,male,23.7,0,0,7.98,S,1,1,0
6821,3,male,46.3,5,0,29.92,S,6,0,0
6826,3,female,32.4,0,0,36.82,S,1,1,0
6829,2,female,8.0,5,3,90.71,S,9,0,0
6831,2,male,17.8,3,3,31.29,S,7,0,0
6832,2,male,36.0,2,4,3.27,S,7,0,0
6836,3,female,58.0,0,4,51.85,S,5,0,0
6838,2,female,20.1,4,2,20.3,S,7,0,0
6841,3,male,27.0,2,0,5.35,S,3,0,0
6843,2,male,20.3,3,0,8.53,S,4,0,0
6845,3,male,40.6,1,4,33.3,S,6,0,0
6847,3,male,40.0,0,3,42.51,S,4,0,0
6848,1,female,36.3,4,2,42.8,S,7,0,0
6849,3,female,21.6,1,2,39.18,S,4,0,0
6850,1,female,29.3,0,4,25.37,S,5,0,0
6854,3,male,17.6,4,1,43.41,S,6,0,0
6857,3,male,27.2,1,2,18.28,S,4,0,0
6860,3,male,56.1,2,1,29.16,S,4,0,0
6863,3,male,13.3,0,4,34.18,S,5,0,0
6864,3,male,11.2,0,3,65.13,S,4,0,0
6865,3,male,24.2,5,4,34.2,S,10,0,0
6866,3,female,32.9,2,0,13.79,S,3,0,0
6867,1,male,37.7,3,4,31.89,S,8,0,0
6873,1,female,24.0,3,1,2.63,S,5,0,0
6875,1,male,36.9,1,4,3.74,S,6,0,0
6876,3,male,51.5,1,0,68.93,S,2,0,0
6877,3,male,24.3,5,0,55.26,S,6,0,0
6879,1,female,44.9,4,2,83.39,S,7,0,0
6881,3,male,13.5,2,1,82.02,S,4,0,0
6883,3,male,54.7,4,4,14.71,S,9,0,0
6886,3,male,29.4,2,3,50.42,S,6,0,0
6887,3,male,38.5,3,0,6.8,S,4,0,0
6888,3,female,28.0,4,3,12.02,S,8,0,0
6890,3,female,32.6,2,2,4.5,S,5,0,0
6893,3,male,11.8,2,2,28.12,S,5,0,0
6894,3,male,24.2,0,1,76.51,S,2,0,0
6898,1,male,22.7,4,2,0.45,S,7,0,0
6899,1,male,25.0,4,4,50.98,S,9,0,0
6900,3,female,14.3,2,3,49.03,S,6,0,0
6901,1,female,24.7,1,0,12.22,S,2,0,0
6902,3,male,29.1,0,1,21.74,S,2,0,0
6904,3,female,14.4,5,2,35.15,S,8,0,0
6905,3,male,34.0,1,4,35.91,S,6,0,0
6906,2,male,36.8,0,4,127.61,S,5,0,0
6909,3,female,13.1,4,1,6.36,S,6,0,0
6910,3,male,55.6,3,2,49.59,S,6,0,0
6913,1,male,58.7,1,3,10.38,S,5,0,0
6915,2,male,64.6,4,2,31.0,S,7,0,0
6916,3,male,9.2,1,3,79.12,S,5,0,0
6918,3,male,9.8,3,4,1.35,S,8,0,0
6919,2,female,27.3,1,1,109.54,S,3,0,0
6921,3,female,22.6,5,4,29.93,S,10,0,0
6922,3,male,29.8,1,1,7.1,S,3,0,0
6923,1,female,23.3,0,4,5.87,S,5,0,0
6924,3,male,27.5,3,1,5.43,S,5,0,0
6925,2,male,18.4,4,2,39.61,S,7,0,0
6926,1,female,49.2,5,4,45.62,S,10,0,0
6930,3,male,17.3,0,0,28.44,S,1,1,0
6931,3,female,18.8,3,4,48.64,S,8,0,0
6932,1,female,27.2,0,4,2.69,S,5,0,0
6933,3,male,31.5,0,3,1.72,S,4,0,0
6938,3,male,44.9,4,2,35.43,S,7,0,0
6939,3,male,9.5,5,2,18.95,S,8,0,0
6943,2,male,35.0,3,0,15.6,S,4,0,0
6944,3,male,28.8,0,3,0.46,S,4,0,0
6947,3,male,48.9,1,3,27.57,S,5,0,0
6949,3,male,43.0,4,2,238.24,S,7,0,0
6953,3,male,6.3,2,0,9.0,S,3,0,0
6956,3,female,51.8,0,2,23.49,S,3,0,0
6960,1,male,35.5,5,2,6.65,S,8,0,0
6961,2,male,9.2,2,0,21.61,S,3,0,0
6964,3,female,40.5,1,4,3.92,S,6,0,0
6965,3,female,23.2,1,0,94.82,S,2,0,0
6969,3,male,55.6,2,0,76.87,S,3,0,0
6971,3,female,19.2,2,4,10.34,S,7,0,0
6973,3,male,14.4,0,3,11.07,S,4,0,0
6975,3,female,14.9,5,0,18.96,S,6,0,0
6979,1,female,37.1,0,2,27.61,S,3,0,0
6980,1,male,26.4,2,4,0.24,S,7,0,0
6981,2,female,31.7,4,0,25.51,S,5,0,0
6985,3,male,12.6,2,1,9.75,S,4,0,0
6986,3,female,34.3,4,2,35.84,S,7,0,0
6987,2,male,31.7,0,0,5.26,S,1,1,0
6989,3,male,29.4,1,4,85.94,S,6,0,0
6991,2,male,21.2,4,0,22.27,S,5,0,0
6992,2,female,49.9,3,4,4.76,S,8,0,0
6995,3,male,28.7,4,3,33.76,S,8,0,0
6998,3,female,28.2,5,0,7.54,S,6,0,0
7000,3,male,17.9,5,2,0.41,S,8,0,0
7001,1,male,30.9,1,2,2.46,S,4,0,0
7004,3,female,36.1,5,1,21.71,S,7,0,0
7005,3,male,34.0,4,1,60.42,S,6,0,0
7006,3,female,17.8,2,4,41.08,S,7,0,0
7008,3,male,17.6,5,0,29.34,S,6,0,0
7009,3,male,30.9,5,0,38.57,S,6,0,0
7010,3,female,27.9,5,3,6.35,S,9,0,0
7012,3,male,23.9,2,1,27.05,S,4,0,0
7013,1,male,16.6,1,0,31.7,S,2,0,0
7014,2,male,38.2,4,0,48.35,S,5,0,0
7016,3,male,17.9,1,0,39.8,S,2,0,0
7017,2,female,18.1,1,4,81.87,S,6,0,0
7018,3,male,0.0,5,1,25.55,S,7,0,0
7020,3,female,42.2,0,0,34.38,S,1,1,0
7024,2,female,24.3,4,3,0.72,S,8,0,0
7025,1,male,44.5,0,4,9.56,S,5,0,0
7026,3,male,27.6,4,3,10.23,S,8,0,0
7028,3,female,18.4,0,4,1.0,S,5,0,0
7029,3,male,25.3,2,0,78.6,S,3,0,0
7032,3,female,39.2,2,3,6.14,S,6,0,0
7033,3,male,18.2,1,4,29.57,S,6,0,0
7034,3,female,14.4,2,2,76.53,S,5,0,0
7036,3,male,41.6,1,4,18.17,S,6,0,0
7038,2,male,25.2,4,4,6.36,S,9,0,0
7041,3,female,10.1,2,4,81.28,S,7,0,0
7048,3,female,29.1,5,1,8.47,S,7,0,0
7049,1,male,26.3,5,2,73.5,S,8,0,0
7051,1,female,28.2,5,3,17.77,S,9,0,0
7054,3,female,25.6,5,4,21.22,S,10,0,0
7055,1,male,38.6,5,4,25.83,S,10,0,0
7057,3,male,8.3,1,1,53.08,S,3,0,0
7061,2,female,11.1,3,3,6.49,S,7,0,0
7064,3,female,26.8,3,3,14.28,S,7,0,0
7065,2,female,29.4,5,0,16.91,S,6,0,0
7066,3,male,45.7,2,3,26.55,S,6,0,0
7067,3,male,14.4,5,2,2.87,S,8,0,0
7068,3,male,2.0,3,0,46.36,S,4,0,0
7069,1,male,38.9,0,4,19.08,S,5,0,0
7070,2,male,23.5,0,4,17.02,S,5,0,0
7071,3,female,14.7,0,0,47.48,S,1,1,0
7074,3,male,17.0,4,2,84.48,S,7,0,0
7075,2,male,0.0,1,4,93.3,S,6,0,0
7076,2,male,32.6,4,2,17.95,S,7,0,0
7078,3,female,21.0,0,2,0.4,S,3,0,0
7080,3,male,54.0,4,1,2.72,S,6,0,0
7083,2,female,31.3,2,0,205.71,S,3,0,0
7085,3,male,49.2,1,3,0.31,S,5,0,0
7087,3,male,32.5,2,1,8.09,S,4,0,0
7088,3,male,0.0,3,4,158.81,S,8,0,0
7089,3,male,53.3,0,1,2.57,S,2,0,0
7093,2,male,12.5,5,0,2.88,S,6,0,0
7094,3,male,21.3,3,0,8.29,S,4,0,0
7097,3,male,35.3,1,3,51.29,S,5,0,0
7098,3,female,32.5,2,1,6.76,S,4,0,0
7100,1,male,10.5,3,1,10.17,S,5,0,0
7101,3,male,46.9,5,2,44.85,S,8,0,0
7103,3,female,29.8,0,1,24.98,S,2,0,0
7104,1,male,20.6,4,1,7.83,S,6,0,0
7105,2,male,25.0,4,3,15.67,S,8,0,0
7106,1,female,32.2,3,1,23.58,S,5,0,0
7107,3,male,39.3,4,4,45.38,S,9,0,0
7109,1,male,35.1,2,0,18.93,S,3,0,0
7113,3,female,29.8,5,2,26.93,S,8,0,0
7117,2,male,45.7,1,2,17.54,S,4,0,0
7119,3,male,34.8,5,3,51.82,S,9,0,0
7125,1,male,4.6,2,4,2.67,S,7,0,0
7126,1,female,34.2,2,3,80.3,S,6,0,0
7127,3,female,49.8,5,2,15.71,S,8,0,0
7128,3,female,33.4,3,4,53.2,S,8,0,0
7130,3,male,24.6,4,0,26.82,S,5,0,0
7131,1,male,44.2,5,0,1.09,S,6,0,0
7133,2,male,23.0,5,3,56.64,S,9,0,0
7134,2,male,34.0,3,3,19.39,S,7,0,0
7139,3,female,36.9,3,0,46.52,S,4,0,0
7147,3,female,22.5,3,1,29.78,S,5,0,0
7148,3,female,5.2,0,2,7.05,S,3,0,0
7149,3,male,0.0,0,3,58.7,S,4,0,0
7151,3,male,50.9,0,3,122.67,S,4,0,0
7154,3,male,40.6,0,4,3.35,S,5,0,0
7158,3,male,42.9,2,1,36.32,S,4,0,0
7159,3,male,13.3,0,0,3.61,S,1,1,0
7161,1,male,38.7,2,4,39.01,S,7,0,0
7165,3,male,36.9,3,4,25.1,S,8,0,0
7167,2,male,31.2,0,1,81.43,S,2,0,0
7169,3,male,25.1,4,1,10.81,S,6,0,0
7170,2,male,25.5,3,3,1.88,S,7,0,0
7172,1,male,26.4,3,2,26.63,S,6,0,0
7175,3,male,25.5,4,2,29.07,S,7,0,0
7178,3,female,30.7,2,4,74.49,S,7,0,0
7180,3,male,55.1,5,1,29.58,S,7,0,0
7181,3,male,44.8,0,1,102.83,S,2,0,0
7186,2,female,17.9,2,1,5.9,S,4,0,0
7187,2,male,22.1,3,4,27.13,S,8,0,0
7188,3,male,21.7,0,3,23.16,S,4,0,0
7189,3,female,30.7,1,4,19.37,S,6,0,0
7191,1,male,12.3,0,3,1.73,S,4,0,0
7192,1,male,16.8,5,4,29.65,S,10,0,0
7193,2,male,24.9,5,1,23.3,S,7,0,0
7196,1,male,40.3,1,2,2.76,S,4,0,0
7200,1,male,20.5,5,3,9.03,S,9,0,0
7201,1,male,16.7,0,3,52.87,S,4,0,0
7202,1,female,15.0,0,0,8.58,S,1,1,0
7207,2,female,0.0,4,0,1.25,S,5,0,0
7211,2,female,50.3,1,3,14.0,S,5,0,0
7214,3,male,33.3,3,1,18.04,S,5,0,0
7215,3,female,38.0,4,3,46.67,S,8,0,0
7216,1,male,11.5,1,4,0.48,S,6,0,0
7221,3,male,43.9,2,2,17.32,S,5,0,0
7222,1,female,0.0,0,3,45.1,S,4,0,0
7227,2,female,20.1,1,2,1.84,S,4,0,0
7231,2,male,36.9,5,1,16.69,S,7,0,0
7232,1,male,33.4,1,0,10.38,S,2,0,0
7233,3,female,32.6,5,4,107.26,S,10,0,0
7235,3,male,32.5,3,4,47.09,S,8,0,0
7236,3,male,15.2,3,2,3.76,S,6,0,0
7239,1,male,38.6,1,1,42.67,S,3,0,0
7242,3,female,29.4,4,2,18.39,S,7,0,0
7245,1,male,5.5,4,4,86.87,S,9,0,0
7248,3,female,36.0,0,1,49.34,S,2,0,0
7252,3,male,23.8,5,1,22.88,S,7,0,0
7255,1,female,44.3,2,0,22.45,S,3,0,0
7256,3,male,55.2,5,4,35.75,S,10,0,0
7257,2,male,40.4,0,1,20.58,S,2,0,0
7260,3,male,26.1,5,2,28.38,S,8,0,0
7261,3,female,45.6,5,1,4.98,S,7,0,0
7266,3,female,33.8,5,3,16.63,S,9,0,0
7267,3,male,33.9,5,0,14.67,S,6,0,0
7268,2,male,20.9,4,3,3.27,S,8,0,0
7269,1,male,27.6,4,1,52.11,S,6,0,0
7270,3,male,16.7,5,2,43.4,S,8,0,0
7273,3,female,10.4,0,2,23.32,S,3,0,0
7274,3,male,20.8,4,4,12.83,S,9,0,0
7276,2,female,49.4,0,2,2.18,S,3,0,0
7277,3,male,58.1,2,1,93.3,S,4,0,0
7279,2,male,45.8,4,0,16.79,S,5,0,0
7280,3,female,33.7,5,0,61.67,S,6,0,0
7282,3,male,34.6,2,2,26.23,S,5,0,0
7284,3,female,22.0,2,3,23.69,S,6,0,0
7287,3,female,20.2,4,1,45.6,S,6,0,0
7291,3,male,33.4,5,0,7.43,S,6,0,0
7294,1,female,52.6,5,2,18.44,S,8,0,0
7296,3,female,26.6,5,4,67.63,S,10,0,0
7297,3,male,2.0,2,2,25.18,S,5,0,0
7298,1,female,24.7,1,1,33.78,S,3,0,0
7300,2,female,16.2,4,2,7.22,S,7,0,0
7302,3,male,16.5,5,2,26.19,S,8,0,0
7309,3,female,27.5,2,1,63.52,S,4,0,0
7311,3,male,26.2,3,2,1.94,S,6,0,0
7312,1,male,22.9,0,1,5.02,S,2,0,0
7313,3,female,39.9,2,4,3.96,S,7,0,0
7314,3,male,37.4,5,0,9.37,S,6,0,0
7316,3,female,45.7,1,3,2.77,S,5,0,0
7321,3,female,16.2,4,3,11.23,S,8,0,0
7322,1,male,2.8,5,4,32.98,S,10,0,0
7324,3,female,40.7,3,0,16.16,S,4,0,0
7325,3,female,15.0,5,2,11.11,S,8,0,0
7326,3,female,44.0,4,1,40.48,S,6,0,0
7328,1,male,21.2,3,3,102.85,S,7,0,0
7329,3,female,52.9,1,2,7.96,S,4,0,0
7330,3,female,34.0,5,0,11.54,S,6,0,0
7333,3,male,45.7,0,3,13.57,S,4,0,0
7334,3,male,8.8,0,4,32.64,S,5,0,0
7335,3,male,47.5,0,1,26.87,S,2,0,0
7336,3,male,22.1,0,3,67.28,S,4,0,0
7339,3,male,52.6,0,3,2.46,S,4,0,0
7341,2,female,10.4,4,2,17.56,S,7,0,0
7343,3,female,47.2,1,3,22.31,S,5,0,0
7344,2,female,45.6,1,2,42.86,S,4,0,0
7345,1,male,30.3,1,4,33.27,S,6,0,0
7346,1,female,40.4,4,1,13.43,S,6,0,0
7350,1,male,0.0,4,0,98.94,S,5,0,0
7351,3,male,15.0,4,3,44.87,S,8,0,0
7352,3,female,31.9,4,2,21.25,S,7,0,0
7361,3,male,42.4,0,1,50.69,S,2,0,0
7362,3,female,7.1,0,2,41.51,S,3,0,0
7364,3,female,25.1,1,0,87.14,S,2,0,0
7367,1,male,39.2,5,3,76.73,S,9,0,0
7373,3,female,17.6,2,4,17.81,S,7,0,0
7374,3,male,22.8,3,3,11.73,S,7,0,0
7375,3,female,45.9,2,3,66.88,S,6,0,0
7376,1,male,17.3,4,3,5.6,S,8,0,0
7377,2,male,3.2,5,2,0.58,S,8,0,0
7378,3,male,15.2,3,4,14.24,S,8,0,0
7380,3,male,24.8,2,4,53.32,S,7,0,0
7381,2,male,37.5,2,4,4.33,S,7,0,0
7383,3,male,0.0,2,0,5.87,S,3,0,0
7386,3,male,5.0,2,2,1.57,S,5,0,0
7388,3,male,45.7,1,0,14.1,S,2,0,0
7389,1,male,28.9,1,3,29.15,S,5,0,0
7391,3,female,31.7,1,4,87.16,S,6,0,0
7393,1,male,40.5,0,2,21.86,S,3,0,0
7396,3,male,27.8,5,4,3.36,S,10,0,0
7399,3,male,26.8,0,0,14.51,S,1,1,0
7400,1,male,45.2,3,1,31.77,S,5,0,0
7402,3,male,40.0,2,4,3.61,S,7,0,0
7403,1,male,43.7,3,4,47.79,S,8,0,0
7404,2,male,19.1,2,4,38.49,S,7,0,0
7405,2,male,15.6,5,0,54.7,S,6,0,0
7408,1,male,57.0,0,3,31.99,S,4,0,0
7409,3,male,2.1,4,4,45.68,S,9,0,0
7410,3,male,37.7,1,3,39.9,S,5,0,0
7411,1,male,37.4,4,0,27.08,S,5,0,0
7412,3,female,18.3,0,2,20.27,S,3,0,0
7414,3,male,24.3,5,4,6.42,S,10,0,0
7415,1,male,6.0,5,4,7.31,S,10,0,0
7416,3,female,49.4,3,0,3.77,S,4,0,0
7417,3,female,66.8,4,4,3.83,S,9,0,0
7418,3,male,24.2,2,3,66.16,S,6,0,0
7422,3,male,20.7,0,3,11.44,S,4,0,0
7423,1,female,45.9,5,2,32.81,S,8,0,0
7424,1,male,73.7,4,3,15.27,S,8,0,0
7426,3,male,16.4,4,4,42.41,S,9,0,0
7427,3,male,12.6,2,1,4.22,S,4,0,0
7430,3,male,30.4,5,3,9.04,S,9,0,0
7432,1,male,48.0,2,2,8.96,S,5,0,0
7434,1,male,39.1,5,2,2.5,S,8,0,0
7436,3,male,26.3,5,3,13.15,S,9,0,0
7438,2,male,36.3,0,1,21.15,S,2,0,0
7439,3,male,34.9,0,0,6.92,S,1,1,0
7441,3,male,7.1,1,0,0.01,S,2,0,0
7442,1,male,33.7,3,1,14.93,S,5,0,0
7444,3,male,16.7,2,1,14.28,S,4,0,0
7446,1,female,31.5,2,4,15.23,S,7,0,0
7449,3,male,24.8,3,2,0.38,S,6,0,0
7450,2,female,27.5,2,2,22.57,S,5,0,0
7452,2,female,46.2,4,1,12.41,S,6,0,0
7453,3,female,33.4,1,3,14.02,S,5,0,0
7456,2,male,39.9,4,1,12.8,S,6,0,0
7457,3,male,15.9,0,1,82.89,S,2,0,0
7459,3,female,30.8,2,3,16.55,S,6,0,0
7460,3,male,20.9,5,1,3.29,S,7,0,0
7461,3,male,17.9,0,0,26.3,S,1,1,0
7463,2,male,43.1,3,3,4.69,S,7,0,0
7464,3,male,41.5,4,0,61.14,S,5,0,0
7465,1,male,38.9,2,1,15.37,S,4,0,0
7468,2,female,44.7,0,3,17.54,S,4,0,0
7469,3,male,4.7,1,3,32.89,S,5,0,0
7471,3,female,40.8,0,0,0.67,S,1,1,0
7473,3,female,18.9,2,1,5.47,S,4,0,0
7474,3,male,28.5,0,2,5.44,S,3,0,0
7479,1,male,34.4,3,2,29.97,S,6,0,0
7480,3,female,39.6,5,3,12.38,S,9,0,0
7481,2,female,41.3,3,2,8.11,S,6,0,0
7482,3,female,18.1,2,1,5.54,S,4,0,0
7484,3,female,32.9,1,0,37.39,S,2,0,0
7486,3,male,6.9,3,1,48.64,S,5,0,0
7490,3,female,50.3,3,2,77.81,S,6,0,0
7491,2,female,47.7,0,1,2.72,S,2,0,0
7492,3,female,26.4,3,0,0.39,S,4,0,0
7493,3,male,23.9,0,3,20.52,S,4,0,0
7495,3,male,30.9,4,0,2.91,S,5,0,0
7496,3,male,12.6,4,3,5.19,S,8,0,0
7498,3,male,0.0,3,1,3.35,S,5,0,0
7502,2,male,26.4,4,1,38.17,S,6,0,0
7503,3,male,26.0,5,0,47.8,S,6,0,0
7504,2,male,26.9,0,1,65.23,S,2,0,0
7506,3,female,16.6,2,2,6.21,S,5,0,0
7507,3,male,1.8,3,1,53.94,S,5,0,0
7508,1,male,21.5,2,2,0.99,S,5,0,0
7513,3,female,27.8,2,3,33.48,S,6,0,0
7514,3,male,23.9,5,4,14.69,S,10,0,0
7517,3,male,25.1,2,1,96.18,S,4,0,0
7519,3,female,37.2,2,4,125.37,S,7,0,0
7522,2,male,17.5,3,4,30.57,S,8,0,0
7524,3,male,31.2,0,2,32.94,S,3,0,0
7525,1,male,15.5,3,0,50.04,S,4,0,0
7526,3,male,40.1,0,1,20.36,S,2,0,0
7527,3,male,27.2,3,4,8.04,S,8,0,0
7529,3,male,15.2,5,4,17.03,S,10,0,0
7531,3,male,52.5,1,4,43.01,S,6,0,0
7537,3,female,7.1,2,1,82.4,S,4,0,0
7538,3,male,60.9,2,3,13.77,S,6,0,0
7539,1,male,31.8,5,1,23.97,S,7,0,0
7540,3,female,17.5,4,4,0.11,S,9,0,0
7541,1,male,33.9,1,4,52.83,S,6,0,0
7542,3,male,44.5,0,3,3.87,S,4,0,0
7545,3,female,32.5,3,4,26.01,S,8,0,0
7551,2,female,19.3,1,1,17.6,S,3,0,0
7555,3,male,46.4,0,4,44.48,S,5,0,0
7556,1,male,21.8,4,1,15.91,S,6,0,0
7557,3,male,32.7,3,2,20.33,S,6,0,0
7558,2,male,40.1,5,1,13.09,S,7,0,0
7562,3,male,45.1,3,0,10.48,S,4,0,0
7564,3,female,21.0,4,0,3.76,S,5,0,0
7569,2,female,12.4,5,3,28.9,S,9,0,0
7571,3,female,17.0,5,0,57.36,S,6,0,0
7572,3,male,21.9,1,3,11.74,S,5,0,0
7575,2,female,7.3,5,1,5.57,S,7,0,0
7576,2,female,23.0,2,2,3.18,S,5,0,0
7582,1,male,31.7,1,0,4.62,S,2,0,0
7583,3,female,31.3,4,0,28.38,S,5,0,0
7584,3,male,38.4,1,2,7.17,S,4,0,0
7586,2,male,41.3,0,2,25.93,S,3,0,0
7588,1,female,11.8,0,3,59.7,S,4,0,0
7590,3,male,39.8,3,1,4.53,S,5,0,0
7594,3,female,15.2,2,3,9.48,S,6,0,0
7597,3,male,0.0,2,4,9.31,S,7,0,0
7599,3,female,28.2,0,4,56.22,S,5,0,0
7601,3,female,35.1,3,1,2.79,S,5,0,0
7609,1,female,55.0,1,3,20.18,S,5,0,0
7610,3,male,15.0,3,4,48.92,S,8,0,0
7611,3,male,29.9,3,4,37.28,S,8,0,0
7613,1,male,31.0,3,3,3.87,S,7,0,0
7614,3,male,41.8,5,2,11.82,S,8,0,0
7616,3,male,19.0,3,3,4.31,S,7,0,0
7619,2,female,31.7,5,4,4.88,S,10,0,0
7621,3,female,14.6,0,2,10.82,S,3,0,0
7622,2,male,39.4,1,4,15.13,S,6,0,0
7624,1,male,2.7,5,4,6.82,S,10,0,0
7630,3,male,20.8,3,3,50.41,S,7,0,0
7632,3,female,24.2,5,3,20.8,S,9,0,0
7635,2,female,11.9,1,3,6.97,S,5,0,0
7638,2,male,22.9,2,3,38.54,S,6,0,0
7639,1,male,31.3,4,3,3.8,S,8,0,0
7641,3,female,37.4,5,3,54.56,S,9,0,0
7642,1,male,11.1,5,2,12.2,S,8,0,0
7644,3,male,43.7,2,1,15.51,S,4,0,0
7647,1,female,22.8,3,1,10.09,S,5,0,0
7648,3,male,31.6,1,4,43.85,S,6,0,0
7649,2,male,37.3,1,0,55.17,S,2,0,0
7650,1,male,21.7,3,0,41.44,S,4,0,0
7652,3,male,11.1,4,2,10.86,S,7,0,0
7658,1,male,19.9,4,1,33.78,S,6,0,0
7660,3,female,34.2,3,4,0.91,S,8,0,0
7664,3,female,57.3,1,3,70.46,S,5,0,0
7669,2,female,38.1,1,2,111.49,S,4,0,0
7671,3,male,49.2,1,4,17.26,S,6,0,0
7675,3,male,31.3,1,0,4.48,S,2,0,0
7678,3,male,40.0,0,2,8.31,S,3,0,0
7679,3,female,28.0,3,1,4.45,S,5,0,0
7681,1,male,9.8,2,4,1.42,S,7,0,0
7682,3,female,28.6,2,4,41.78,S,7,0,0
7683,2,female,45.1,3,2,4.91,S,6,0,0
7684,2,male,48.8,5,2,9.93,S,8,0,0
7687,1,male,48.2,0,3,6.08,S,4,0,0
7688,1,female,27.6,4,2,21.47,S,7,0,0
7690,3,female,27.5,3,1,19.64,S,5,0,0
7693,3,female,11.5,1,3,16.51,S,5,0,0
7698,2,male,43.3,4,0,24.12,S,5,0,0
7703,3,female,28.8,4,0,37.37,S,5,0,0
7704,3,female,22.8,0,0,2.96,S,1,1,0
7705,2,male,20.0,5,4,0.96,S,10,0,0
7708,1,male,29.4,3,1,35.38,S,5,0,0
7710,1,female,50.5,1,4,0.1,S,6,0,0
7711,3,male,50.3,2,1,4.12,S,4,0,0
7714,1,female,28.5,2,1,11.97,S,4,0,0
7716,2,male,43.9,1,4,6.18,S,6,0,0
7718,1,male,33.3,1,0,43.45,S,2,0,0
7720,3,male,28.7,3,4,95.25,S,8,0,0
7722,3,male,17.3,1,4,19.0,S,6,0,0
7725,3,female,28.9,1,2,32.7,S,4,0,0
7729,1,female,16.7,3,1,97.48,S,5,0,0
7730,3,female,38.0,5,2,42.65,S,8,0,0
7732,3,male,29.7,4,4,16.72,S,9,0,0
7737,1,male,31.8,0,3,11.99,S,4,0,0
7739,3,female,36.6,1,1,16.87,S,3,0,0
7740,3,male,24.7,2,2,0.24,S,5,0,0
7741,1,female,45.3,1,4,22.65,S,6,0,0
7743,3,female,58.6,1,3,4.53,S,5,0,0
7744,3,male,7.0,1,2,66.67,S,4,0,0
7745,2,female,38.8,1,3,6.92,S,5,0,0
7746,3,male,45.1,3,3,39.17,S,7,0,0
7750,3,male,50.6,1,0,20.7,S,2,0,0
7752,3,male,24.9,5,0,31.34,S,6,0,0
7754,3,male,11.2,2,2,19.06,S,5,0,0
7756,3,male,18.4,3,0,6.0,S,4,0,0
7760,3,male,42.3,1,3,18.29,S,5,0,0
7761,3,male,44.1,4,1,40.79,S,6,0,0
7762,3,female,19.1,2,2,110.37,S,5,0,0
7770,3,male,41.0,2,4,48.82,S,7,0,0
7772,3,male,39.3,1,4,9.39,S,6,0,0
7773,2,male,8.1,1,1,4.94,S,3,0,0
7774,3,male,32.6,5,2,20.78,S,8,0,0
7775,3,female,32.7,4,1,70.67,S,6,0,0
7779,3,female,39.2,0,3,75.76,S,4,0,0
7780,2,male,7.6,2,1,10.55,S,4,0,0
7781,1,female,18.2,4,3,73.73,S,8,0,0
7783,1,male,31.4,2,2,24.08,S,5,0,0
7785,2,male,37.7,4,2,10.89,S,7,0,0
7786,3,male,37.2,1,3,57.77,S,5,0,0
7789,3,male,66.6,5,1,0.0,S,7,0,0
7790,3,female,24.9,4,4,23.86,S,9,0,0
7791,3,male,33.6,0,4,28.75,S,5,0,0
7792,2,female,35.2,3,2,2.1,S,6,0,0
7795,3,female,49.8,4,3,101.95,S,8,0,0
7797,1,male,34.8,5,3,2.41,S,9,0,0
7798,3,male,41.5,1,3,98.79,S,5,0,0
7800,1,male,27.7,4,1,51.24,S,6,0,0
7801,3,male,42.4,3,3,32.99,S,7,0,0
7803,3,male,0.0,4,0,86.34,S,5,0,0
7805,3,male,15.3,2,3,62.63,S,6,0,0
7810,2,female,31.4,1,3,5.35,S,5,0,0
7812,1,female,56.8,5,0,12.92,S,6,0,0
7813,3,male,29.3,2,0,7.46,S,3,0,0
7814,3,female,41.3,5,0,109.24,S,6,0,0
7816,3,female,43.0,0,0,18.0,S,1,1,0
7819,3,male,21.7,5,0,3.34,S,6,0,0
7820,1,male,21.6,4,0,94.63,S,5,0,0
7822,3,male,37.2,4,0,46.25,S,5,0,0
7824,1,male,28.3,4,1,1.75,S,6,0,0
7827,3,female,0.0,5,0,54.52,S,6,0,0
7828,2,male,39.8,3,4,15.7,S,8,0,0
7830,3,female,45.2,4,2,74.1,S,7,0,0
7831,2,male,37.4,5,1,13.26,S,7,0,0
7832,2,male,16.3,5,3,20.28,S,9,0,0
7834,1,female,30.4,4,2,37.26,S,7,0,0
7836,1,male,50.7,1,0,7.56,S,2,0,0
7840,3,male,31.2,2,1,13.1,S,4,0,0
7843,3,male,20.8,2,0,33.12,S,3,0,0
7845,2,male,41.0,3,4,29.22,S,8,0,0
7848,2,male,33.1,3,4,21.53,S,8,0,0
7849,3,male,46.7,4,1,4.98,S,6,0,0
7850,3,female,25.9,3,0,40.78,S,4,0,0
7853,3,female,23.7,3,3,4.2,S,7,0,0
7854,2,male,67.0,1,2,13.56,S,4,0,0
7856,3,male,38.9,2,4,28.49,S,7,0,0
7857,1,female,20.2,4,3,41.02,S,8,0,0
7858,1,female,46.7,3,1,118.45,S,5,0,0
7859,3,male,28.6,5,1,22.37,S,7,0,0
7861,1,male,27.6,3,3,3.61,S,7,0,0
7862,2,female,10.9,1,4,5.4,S,6,0,0
7864,1,male,36.6,5,3,1.79,S,9,0,0
7866,3,female,43.3,2,3,96.63,S,6,0,0
7867,3,female,25.2,2,1,33.86,S,4,0,0
7868,3,male,32.4,2,1,18.33,S,4,0,0
7869,1,male,0.0,4,4,21.79,S,9,0,0
7871,3,male,14.4,2,1,3.26,S,4,0,0
7874,3,male,16.7,5,4,4.19,S,10,0,0
7880,3,male,27.6,5,2,29.88,S,8,0,0
7884,3,male,57.7,3,0,5.63,S,4,0,0
7886,3,male,16.1,2,4,14.47,S,7,0,0
7887,1,male,14.9,2,4,6.98,S,7,0,0
7888,3,male,25.1,4,2,6.01,S,7,0,0
7889,3,female,46.6,1,0,35.76,S,2,0,0
7890,3,male,36.4,3,4,40.56,S,8,0,0
7891,1,male,26.8,3,2,124.8,S,6,0,0
7893,2,male,24.5,3,3,19.65,S,7,0,0
7898,1,male,29.2,5,4,50.89,S,10,0,0
7902,3,male,36.8,3,0,37.23,S,4,0,0
7904,1,male,42.2,2,4,25.89,S,7,0,0
7908,3,female,39.7,3,1,42.46,S,5,0,0
7911,2,male,32.4,2,4,14.15,S,7,0,0
7912,3,male,38.7,2,0,56.44,S,3,0,0
7913,2,male,18.5,2,0,23.4,S,3,0,0
7915,3,male,33.8,0,1,2.78,S,2,0,0
7917,3,female,43.0,5,0,48.56,S,6,0,0
7918,2,male,2.5,3,4,62.91,S,8,0,0
7919,3,male,31.9,0,4,40.87,S,5,0,0
7922,1,female,42.8,5,3,15.77,S,9,0,0
7923,2,male,13.6,4,2,26.39,S,7,0,0
7925,2,female,37.1,5,1,77.78,S,7,0,0
7932,3,female,35.6,4,4,29.81,S,9,0,0
7934,3,female,21.7,2,0,47.16,S,3,0,0
7935,3,male,22.6,0,2,17.21,S,3,0,0
7936,1,male,46.9,1,0,41.72,S,2,0,0
7939,2,female,22.9,5,4,3.83,S,10,0,0
7943,3,male,28.6,5,3,15.88,S,9,0,0
7944,2,male,39.7,4,2,16.98,S,7,0,0
7945,3,male,25.6,2,1,25.81,S,4,0,0
7952,3,male,29.9,2,2,19.64,S,5,0,0
7955,3,male,2.4,0,1,64.13,S,2,0,0
7959,2,female,43.4,5,0,1.13,S,6,0,0
7961,3,male,51.2,0,0,8.49,S,1,1,0
7962,3,female,57.9,5,2,76.48,S,8,0,0
7964,1,male,34.8,4,3,22.97,S,8,0,0
7965,1,male,30.9,3,3,49.31,S,7,0,0
7966,3,male,50.2,3,4,35.97,S,8,0,0
7967,3,female,9.5,5,3,43.14,S,9,0,0
7968,1,male,25.8,3,2,62.44,S,6,0,0
7972,1,female,48.5,5,0,51.16,S,6,0,0
7974,3,female,30.6,2,4,33.95,S,7,0,0
7975,3,female,38.8,0,1,74.96,S,2,0,0
7980,3,male,22.4,3,4,31.5,S,8,0,0
7981,3,male,39.2,1,3,3.41,S,5,0,0
7983,1,male,10.2,5,1,23.26,S,7,0,0
7984,1,male,37.6,3,1,5.47,S,5,0,0
7987,1,male,16.3,5,2,18.36,S,8,0,0
7991,3,male,22.6,4,3,14.53,S,8,0,0
7992,1,male,57.4,4,3,17.49,S,8,0,0
7993,1,female,30.8,1,4,43.87,S,6,0,0
7994,2,female,18.0,0,2,19.79,S,3,0,0
7996,3,female,34.7,4,0,104.83,S,5,0,0
8009,3,female,22.0,3,1,13.99,S,5,0,0
8011,3,male,33.2,2,4,57.9,S,7,0,0
8013,3,male,10.3,0,0,29.42,S,1,1,0
8016,3,male,19.7,3,0,16.2,S,4,0,0
8020,3,male,32.9,1,1,43.69,S,3,0,0
8023,1,male,49.0,1,1,11.11,S,3,0,0
8024,2,male,39.2,2,0,6.01,S,3,0,0
8025,3,male,28.4,0,1,17.47,S,2,0,0
8027,3,male,53.6,1,0,58.19,S,2,0,0
8028,1,male,19.7,3,2,48.45,S,6,0,0
8030,1,female,23.3,4,2,23.48,S,7,0,0
8033,2,male,32.5,0,0,3.06,S,1,1,0
8036,3,female,10.6,0,1,0.65,S,2,0,0
8038,1,male,52.9,3,3,27.45,S,7,0,0
8041,1,male,43.2,0,1,20.58,S,2,0,0
8042,3,male,19.1,5,3,22.71,S,9,0,0
8047,3,female,5.0,5,0,0.06,S,6,0,0
8049,3,male,19.3,1,3,9.94,S,5,0,0
8055,2,male,50.7,1,0,18.64,S,2,0,0
8056,3,male,54.1,4,0,5.5,S,5,0,0
8057,3,male,36.2,3,4,1.31,S,8,0,0
8058,1,female,6.7,1,3,20.35,S,5,0,0
8061,3,female,17.7,1,3,10.1,S,5,0,0
8063,3,male,52.5,4,0,0.7,S,5,0,0
8066,3,male,12.5,1,4,20.91,S,6,0,0
8067,1,female,25.4,5,3,37.88,S,9,0,0
8068,3,male,29.7,5,2,11.1,S,8,0,0
8069,1,female,29.3,0,0,35.19,S,1,1,0
8070,3,male,41.6,4,1,15.67,S,6,0,0
8071,2,male,34.5,3,3,47.69,S,7,0,0
8076,3,male,19.5,1,3,6.01,S,5,0,0
8077,3,female,12.2,3,2,16.37,S,6,0,0
8078,3,male,31.0,5,2,3.33,S,8,0,0
8079,3,male,22.0,2,1,4.83,S,4,0,0
8080,3,female,36.4,5,1,31.28,S,7,0,0
8081,3,male,30.0,0,0,32.1,S,1,1,0
8082,3,female,29.2,5,4,4.36,S,10,0,0
8083,2,male,42.8,5,0,61.53,S,6,0,0
8088,3,female,31.8,0,2,46.03,S,3,0,0
8091,1,female,20.6,4,1,34.93,S,6,0,0
8094,1,male,49.2,4,3,4.44,S,8,0,0
8096,2,male,33.5,0,2,49.21,S,3,0,0
8105,3,female,13.9,4,3,15.11,S,8,0,0
8107,3,male,21.4,3,2,3.87,S,6,0,0
8111,1,male,39.6,2,0,4.11,S,3,0,0
8115,1,male,47.2,5,2,2.37,S,8,0,0
8117,3,male,47.3,4,1,11.58,S,6,0,0
8118,3,male,27.3,4,1,3.71,S,6,0,0
8120,3,male,26.9,4,0,6.35,S,5,0,0
8124,1,male,54.4,0,4,119.35,S,5,0,0
8133,1,male,16.5,3,1,133.03,S,5,0,0
8135,3,male,5.4,1,1,62.67,S,3,0,0
8136,1,male,36.8,4,2,100.36,S,7,0,0
8138,2,male,36.8,2,1,41.96,S,4,0,0
8140,2,female,16.8,0,4,43.28,S,5,0,0
8143,3,male,28.2,5,4,72.01,S,10,0,0
8145,3,female,41.8,0,0,5.91,S,1,1,0
8146,1,female,15.5,5,1,24.35,S,7,0,0
8148,3,male,38.0,3,3,39.67,S,7,0,0
8149,3,female,49.6,3,4,31.6,S,8,0,0
8150,3,female,49.3,4,2,6.73,S,7,0,0
8152,3,male,39.5,3,4,39.02,S,8,0,0
8155,3,female,13.2,1,1,20.82,S,3,0,0
8158,2,male,27.1,3,3,31.05,S,7,0,0
8162,3,female,26.2,1,0,30.46,S,2,0,0
8163,3,male,21.4,0,3,58.56,S,4,0,0
8164,3,male,16.1,2,0,26.98,S,3,0,0
8165,3,female,40.5,2,1,29.07,S,4,0,0
8166,3,male,7.5,4,4,35.8,S,9,0,0
8168,1,male,41.7,0,3,2.28,S,4,0,0
8169,3,male,31.9,4,3,61.57,S,8,0,0
8172,3,male,57.1,0,3,7.02,S,4,0,0
8173,3,male,29.8,5,3,54.39,S,9,0,0
8176,3,female,28.1,2,4,17.64,S,7,0,0
8178,3,female,0.0,4,1,54.32,S,6,0,0
8179,3,male,12.7,5,4,26.32,S,10,0,0
8180,3,female,19.6,0,4,12.26,S,5,0,0
8182,1,female,53.8,2,1,69.55,S,4,0,0
8184,1,male,42.7,0,0,3.51,S,1,1,0
8185,3,male,60.3,0,0,49.16,S,1,1,0
8186,3,male,50.9,0,4,31.1,S,5,0,0
8188,1,female,41.2,1,0,12.03,S,2,0,0
8189,3,male,33.8,1,4,26.36,S,6,0,0
8191,1,male,35.0,5,2,60.01,S,8,0,0
8192,2,female,22.4,4,4,6.79,S,9,0,0
8198,3,female,13.2,1,2,12.13,S,4,0,0
8199,1,female,36.4,1,1,53.33,S,3,0,0
8201,3,male,38.1,3,1,10.06,S,5,0,0
8203,2,male,47.8,4,1,75.81,S,6,0,0
8206,1,female,31.6,5,4,4.84,S,10,0,0
8207,3,male,61.6,4,0,2.19,S,5,0,0
8209,3,male,30.0,0,1,40.74,S,2,0,0
8214,3,male,35.7,3,0,6.22,S,4,0,0
8215,2,male,11.2,1,0,21.45,S,2,0,0
8216,3,female,27.2,3,3,88.7,S,7,0,0
8218,1,female,22.7,2,3,6.48,S,6,0,0
8225,3,male,13.3,1,1,18.67,S,3,0,0
8226,2,female,21.5,5,3,21.17,S,9,0,0
8228,1,female,39.3,2,1,108.42,S,4,0,0
8229,1,male,23.0,4,2,21.32,S,7,0,0
8230,3,male,36.9,2,3,49.61,S,6,0,0
8231,1,male,45.3,4,2,32.25,S,7,0,0
8234,3,male,48.9,4,3,69.8,S,8,0,0
8239,3,male,31.9,3,3,41.49,S,7,0,0
8242,3,male,30.6,5,2,32.84,S,8,0,0
8244,3,female,16.2,1,0,1.01,S,2,0,0
8252,3,male,37.5,5,4,50.05,S,10,0,0
8254,1,male,42.7,3,3,68.8,S,7,0,0
8256,2,female,21.5,2,3,58.21,S,6,0,0
8258,1,female,2.3,2,2,34.13,S,5,0,0
8261,1,female,2.7,4,2,16.87,S,7,0,0
8263,1,male,56.9,2,2,0.32,S,5,0,0
8265,1,male,21.0,2,0,93.63,S,3,0,0
8268,3,male,53.0,4,0,11.69,S,5,0,0
8271,1,female,8.1,3,0,41.36,S,4,0,0
8272,3,male,24.9,2,2,23.24,S,5,0,0
8274,1,male,45.7,2,3,34.86,S,6,0,0
8277,3,female,30.2,5,3,24.38,S,9,0,0
8278,3,female,2.5,0,2,98.31,S,3,0,0
8279,3,male,18.8,0,0,2.3,S,1,1,0
8283,2,male,31.0,3,3,123.9,S,7,0,0
8286,1,male,39.2,1,0,16.6,S,2,0,0
8287,3,male,39.9,5,0,11.37,S,6,0,0
8288,3,female,18.6,5,4,8.16,S,10,0,0
8292,3,male,23.8,5,1,24.17,S,7,0,0
8296,3,male,12.3,4,1,82.66,S,6,0,0
8303,3,male,32.2,3,4,123.05,S,8,0,0
8305,2,male,29.1,5,1,17.12,S,7,0,0
8306,3,female,37.3,2,0,13.79,S,3,0,0
8307,1,male,33.5,0,0,0.43,S,1,1,0
8309,3,male,26.7,1,1,20.59,S,3,0,0
8310,1,male,47.5,2,0,2.3,S,3,0,0
8311,3,male,27.7,2,0,5.44,S,3,0,0
8313,1,male,18.7,1,4,40.42,S,6,0,0
8314,1,male,34.9,2,2,19.26,S,5,0,0
8315,3,male,21.8,5,1,62.44,S,7,0,0
8319,2,male,9.5,5,4,172.66,S,10,0,0
8320,3,male,14.6,1,3,74.04,S,5,0,0
8322,1,female,14.9,2,0,17.65,S,3,0,0
8323,3,female,35.4,3,0,200.67,S,4,0,0
8324,1,male,58.8,0,2,7.39,S,3,0,0
8326,3,female,23.6,4,1,39.81,S,6,0,0
8329,2,female,35.0,5,3,97.1,S,9,0,0
8331,3,female,12.0,2,3,26.91,S,6,0,0
8333,3,female,31.5,2,4,8.47,S,7,0,0
8335,3,male,28.8,4,0,32.62,S,5,0,0
8337,3,female,11.9,0,3,33.38,S,4,0,0
8338,3,male,33.3,1,2,84.22,S,4,0,0
8342,3,male,38.7,3,0,1.26,S,4,0,0
8351,3,male,49.3,1,4,14.63,S,6,0,0
8353,2,male,30.9,5,1,22.88,S,7,0,0
8354,1,male,18.4,1,3,37.5,S,5,0,0
8356,1,female,37.1,4,2,19.85,S,7,0,0
8357,1,male,52.6,5,1,8.78,S,7,0,0
8358,3,male,15.9,4,1,7.54,S,6,0,0
8359,3,male,8.7,3,4,27.7,S,8,0,0
8362,1,male,28.8,5,3,23.69,S,9,0,0
8364,3,male,60.7,0,2,8.52,S,3,0,0
8366,1,female,0.0,3,3,39.36,S,7,0,0
8368,1,female,33.9,0,4,18.79,S,5,0,0
8369,3,male,15.4,4,3,32.7,S,8,0,0
8371,3,male,30.9,5,1,64.51,S,7,0,0
8372,1,male,32.6,4,2,13.22,S,7,0,0
8375,3,male,36.7,4,3,33.42,S,8,0,0
8376,1,male,3.8,0,4,10.39,S,5,0,0
8384,3,male,30.2,2,1,3.44,S,4,0,0
8388,3,male,31.8,2,2,21.12,S,5,0,0
8389,1,male,45.7,2,2,22.6,S,5,0,0
8390,3,male,40.9,1,1,5.75,S,3,0,0
8391,2,male,23.6,2,3,35.25,S,6,0,0
8397,2,female,25.4,1,2,89.88,S,4,0,0
8403,3,female,10.1,0,1,25.5,S,2,0,0
8404,3,female,46.8,0,4,30.9,S,5,0,0
8407,3,male,31.7,2,4,90.94,S,7,0,0
8408,2,male,25.5,1,1,3.28,S,3,0,0
8413,3,female,18.0,3,3,84.13,S,7,0,0
8415,3,male,42.6,3,3,160.34,S,7,0,0
8417,3,male,40.6,5,1,90.12,S,7,0,0
8419,3,female,29.1,1,4,5.66,S,6,0,0
8422,2,male,31.6,1,2,0.23,S,4,0,0
8423,3,male,44.5,3,1,69.23,S,5,0,0
8424,3,male,43.6,2,0,78.5,S,3,0,0
8428,1,female,47.0,0,1,33.17,S,2,0,0
8430,3,male,18.9,0,1,116.31,S,2,0,0
8431,3,male,25.1,3,1,73.09,S,5,0,0
8432,3,female,12.9,4,1,1.95,S,6,0,0
8435,3,female,38.1,4,2,61.88,S,7,0,0
8436,1,female,23.1,2,3,10.5,S,6,0,0
8437,2,male,40.2,3,1,0.26,S,5,0,0
8439,3,male,33.4,1,3,17.73,S,5,0,0
8440,3,female,48.9,3,0,2.02,S,4,0,0
8441,3,male,40.9,2,0,1.38,S,3,0,0
8444,3,male,36.4,4,4,39.67,S,9,0,0
8451,3,male,41.3,2,3,9.81,S,6,0,0
8455,2,male,38.8,3,1,67.33,S,5,0,0
8457,3,male,44.7,5,3,38.66,S,9,0,0
8459,3,female,40.3,0,0,70.27,S,1,1,0
8462,1,male,12.4,1,2,48.54,S,4,0,0
8466,3,male,22.0,1,1,2.62,S,3,0,0
8467,2,male,29.1,1,3,58.65,S,5,0,0
8468,3,female,7.9,4,4,2.87,S,9,0,0
8470,3,female,22.7,1,3,136.51,S,5,0,0
8471,3,male,25.9,4,2,17.8,S,7,0,0
8472,3,male,23.0,5,4,54.93,S,10,0,0
8473,3,female,49.3,5,4,5.92,S,10,0,0
8476,2,male,23.6,4,4,22.82,S,9,0,0
8480,1,male,32.1,5,2,95.49,S,8,0,0
8486,2,male,26.1,5,3,2.68,S,9,0,0
8487,2,female,23.9,2,0,59.76,S,3,0,0
8488,3,female,33.6,4,1,137.33,S,6,0,0
8489,3,female,9.2,0,1,37.93,S,2,0,0
8491,3,male,34.7,0,0,57.21,S,1,1,0
8494,3,female,17.9,2,2,52.96,S,5,0,0
8498,3,female,42.3,5,1,22.51,S,7,0,0
8499,3,female,33.5,3,2,90.47,S,6,0,0
8500,3,female,34.9,2,2,44.82,S,5,0,0
8501,3,male,3.4,0,1,0.27,S,2,0,0
8502,3,female,23.2,1,1,38.98,S,3,0,0
8506,3,male,42.4,3,0,23.77,S,4,0,0
8507,3,female,20.8,2,4,20.22,S,7,0,0
8515,3,male,23.0,2,0,2.42,S,3,0,0
8518,3,male,33.0,0,0,28.94,S,1,1,0
8520,3,female,50.9,1,3,56.16,S,5,0,0
8521,3,male,7.8,1,3,21.31,S,5,0,0
8522,3,male,18.4,0,4,39.41,S,5,0,0
8523,1,male,22.9,4,2,43.34,S,7,0,0
8524,1,male,30.0,2,4,28.91,S,7,0,0
8531,3,male,0.0,0,3,25.06,S,4,0,0
8532,1,male,45.9,1,4,44.93,S,6,0,0
8534,1,female,26.7,5,1,87.05,S,7,0,0
8535,1,female,17.5,5,3,3.01,S,9,0,0
8547,3,female,14.1,4,3,55.5,S,8,0,0
8553,1,male,19.4,3,4,74.89,S,8,0,0
8556,3,male,36.3,5,2,4.25,S,8,0,0
8560,3,male,28.0,1,1,21.39,S,3,0,0
8564,2,male,24.1,2,3,19.44,S,6,0,0
8565,3,male,30.4,0,4,33.93,S,5,0,0
8569,2,female,23.2,4,3,56.31,S,8,0,0
8571,3,male,44.9,2,3,75.4,S,6,0,0
8572,3,male,34.8,3,3,2.74,S,7,0,0
8573,3,male,21.4,0,3,8.28,S,4,0,0
8575,3,male,35.8,4,0,67.92,S,5,0,0
8577,2,male,50.5,2,2,47.94,S,5,0,0
8578,3,male,38.9,2,4,2.89,S,7,0,0
8579,3,male,51.0,4,4,5.5,S,9,0,0
8580,1,male,26.9,1,3,6.44,S,5,0,0
8585,1,female,47.2,1,3,37.35,S,5,0,0
8588,3,male,38.3,1,3,2.76,S,5,0,0
8592,2,male,31.2,3,1,37.53,S,5,0,0
8595,3,female,11.2,2,4,46.55,S,7,0,0
8597,1,male,39.4,0,2,135.01,S,3,0,0
8598,1,female,3.5,2,2,20.19,S,5,0,0
8603,3,female,35.5,1,1,6.15,S,3,0,0
8604,1,male,29.1,2,1,83.06,S,4,0,0
8605,3,female,27.0,3,2,95.88,S,6,0,0
8607,3,male,40.8,2,2,2.92,S,5,0,0
8610,1,male,45.0,4,3,54.91,S,8,0,0
8613,1,male,0.0,0,2,27.28,S,3,0,0
8617,3,male,11.2,4,0,24.1,S,5,0,0
8618,3,female,27.0,1,1,4.27,S,3,0,0
8619,3,male,45.5,4,2,13.09,S,7,0,0
8622,2,male,5.3,4,2,5.5,S,7,0,0
8624,2,male,30.5,2,4,23.45,S,7,0,0
8626,3,male,49.6,0,0,29.27,S,1,1,0
8628,3,female,50.7,0,3,80.91,S,4,0,0
8632,3,male,48.1,3,1,37.0,S,5,0,0
8633,3,female,42.0,5,4,74.25,S,10,0,0
8634,3,female,37.6,1,0,60.24,S,2,0,0
8637,3,male,28.7,5,0,4.78,S,6,0,0
8638,2,male,39.2,2,1,12.17,S,4,0,0
8641,3,male,27.2,4,2,31.57,S,7,0,0
8642,1,male,41.7,1,4,66.53,S,6,0,0
8643,2,male,41.0,0,2,90.96,S,3,0,0
8644,3,female,32.0,0,3,44.17,S,4,0,0
8645,3,female,18.5,3,3,21.04,S,7,0,0
8646,3,female,46.4,2,4,15.71,S,7,0,0
8647,1,female,12.1,2,1,10.3,S,4,0,0
8649,2,male,31.4,1,4,1.58,S,6,0,0
8650,3,male,0.0,0,2,8.29,S,3,0,0
8651,1,female,50.6,3,0,14.2,S,4,0,0
8652,3,male,29.2,4,1,61.44,S,6,0,0
8654,3,female,54.3,0,3,8.76,S,4,0,0
8655,3,female,26.8,1,3,48.85,S,5,0,0
8656,1,male,47.9,0,4,91.76,S,5,0,0
8657,2,male,14.2,5,1,47.7,S,7,0,0
8658,3,male,35.1,1,4,4.3,S,6,0,0
8660,2,female,38.8,5,4,29.55,S,10,0,0
8663,3,male,36.6,2,0,8.62,S,3,0,0
8664,3,male,42.2,1,1,25.04,S,3,0,0
8665,3,female,31.6,3,0,39.26,S,4,0,0
8667,1,female,27.1,2,4,51.59,S,7,0,0
8671,3,female,49.9,5,1,47.33,S,7,0,0
8672,3,male,44.0,5,2,3.52,S,8,0,0
8674,3,male,34.2,4,0,20.32,S,5,0,0
8675,2,male,35.9,3,0,17.87,S,4,0,0
8678,3,female,51.2,1,0,238.99,S,2,0,0
8682,3,female,46.6,3,2,29.8,S,6,0,0
8683,2,male,26.5,4,3,34.9,S,8,0,0
8684,1,male,0.0,0,4,13.56,S,5,0,0
8685,2,male,8.1,2,3,19.84,S,6,0,0
8686,1,male,35.1,2,1,9.45,S,4,0,0
8687,3,male,28.9,1,1,47.3,S,3,0,0
8688,1,female,47.0,4,2,42.78,S,7,0,0
8690,2,male,18.6,0,3,38.83,S,4,0,0
8693,3,male,47.9,3,3,15.74,S,7,0,0
8694,3,male,27.4,5,4,8.54,S,10,0,0
8695,3,female,29.9,2,4,24.28,S,7,0,0
8697,3,female,18.5,3,2,42.87,S,6,0,0
8698,3,male,39.3,3,4,9.92,S,8,0,0
8699,1,male,25.8,0,3,16.22,S,4,0,0
8702,3,male,30.8,1,2,17.72,S,4,0,0
8703,2,male,55.8,0,0,41.65,S,1,1,0
8705,3,male,23.2,4,0,18.07,S,5,0,0
8707,3,female,35.2,2,1,9.69,S,4,0,0
8708,1,female,39.7,0,2,18.87,S,3,0,0
8711,3,male,40.3,0,2,58.77,S,3,0,0
8716,3,male,43.2,4,1,1.58,S,6,0,0
8720,3,female,47.5,0,1,10.44,S,2,0,0
8723,3,male,23.6,5,1,5.14,S,7,0,0
8726,2,male,13.3,3,2,2.84,S,6,0,0
8727,1,male,35.0,5,1,19.86,S,7,0,0
8729,2,male,9.4,3,0,19.86,S,4,0,0
8730,3,male,39.4,2,4,19.79,S,7,0,0
8732,2,female,24.4,1,1,10.39,S,3,0,0
8734,3,male,17.7,4,0,3.35,S,5,0,0
8736,3,male,34.7,3,1,2.95,S,5,0,0
8737,3,male,43.5,1,1,6.59,S,3,0,0
8739,3,male,20.7,3,1,1.23,S,5,0,0
8742,2,male,31.1,5,3,23.49,S,9,0,0
8743,1,female,45.5,3,3,14.8,S,7,0,0
8744,1,male,56.3,1,1,12.77,S,3,0,0
8745,1,male,34.1,1,4,62.26,S,6,0,0
8746,1,male,20.7,3,2,21.31,S,6,0,0
8747,3,female,36.0,1,1,23.27,S,3,0,0
8749,3,male,46.4,3,0,10.02,S,4,0,0
8750,3,male,19.2,1,4,36.79,S,6,0,0
8752,3,female,17.3,0,2,10.58,S,3,0,0
8753,3,male,31.6,0,1,34.66,S,2,0,0
8756,2,female,30.7,5,2,14.93,S,8,0,0
8759,1,female,25.0,2,2,45.13,S,5,0,0
8760,1,female,9.5,4,2,1.18,S,7,0,0
8767,2,female,29.0,5,2,7.93,S,8,0,0
8768,3,female,29.9,1,3,8.23,S,5,0,0
8769,2,female,38.5,1,4,37.14,S,6,0,0
8770,1,male,31.4,5,3,12.48,S,9,0,0
8771,2,male,24.3,2,3,136.66,S,6,0,0
8772,3,female,16.2,0,2,10.95,S,3,0,0
8773,2,male,23.3,5,2,25.4,S,8,0,0
8775,1,male,41.0,3,0,24.77,S,4,0,0
8777,2,male,43.1,0,0,13.75,S,1,1,0
8780,3,male,32.5,4,0,54.91,S,5,0,0
8784,1,male,35.6,4,2,25.44,S,7,0,0
8785,3,male,22.6,4,3,12.99,S,8,0,0
8786,3,female,50.2,1,4,6.04,S,6,0,0
8788,1,male,35.6,4,3,1.42,S,8,0,0
8792,2,female,27.0,2,4,27.99,S,7,0,0
8794,1,female,33.3,5,0,76.73,S,6,0,0
8796,2,male,31.7,5,3,10.49,S,9,0,0
8797,2,female,26.6,5,3,40.36,S,9,0,0
8798,3,female,37.9,2,3,7.83,S,6,0,0
8799,3,male,33.6,1,3,15.5,S,5,0,0
8801,2,female,9.8,3,2,15.08,S,6,0,0
8806,3,male,40.8,2,1,1.5,S,4,0,0
8808,2,male,34.0,2,1,95.9,S,4,0,0
8809,1,male,19.7,4,1,62.89,S,6,0,0
8811,3,male,15.0,2,2,40.11,S,5,0,0
8817,2,female,31.2,4,4,38.36,S,9,0,0
8818,3,male,29.1,1,1,19.59,S,3,0,0
8819,3,male,38.5,4,2,8.05,S,7,0,0
8820,2,female,10.8,2,4,9.65,S,7,0,0
8822,3,female,36.4,3,0,8.55,S,4,0,0
8823,3,male,31.3,2,3,16.28,S,6,0,0
8827,3,male,36.1,2,3,5.05,S,6,0,0
8831,1,male,3.0,0,0,16.99,S,1,1,0
8833,1,male,25.6,3,1,55.48,S,5,0,0
8835,3,female,36.2,5,4,3.77,S,10,0,0
8836,2,male,18.5,4,1,14.83,S,6,0,0
8837,3,male,18.2,2,2,25.91,S,5,0,0
8839,2,female,24.9,0,0,15.95,S,1,1,0
8840,3,male,30.6,4,1,12.29,S,6,0,0
8842,3,male,27.9,0,0,49.86,S,1,1,0
8844,2,male,24.6,3,1,0.53,S,5,0,0
8851,1,male,48.8,4,0,115.68,S,5,0,0
8852,3,male,40.7,5,4,2.95,S,10,0,0
8854,1,male,29.4,3,2,107.05,S,6,0,0
8856,3,female,36.0,2,4,8.18,S,7,0,0
8857,3,male,33.5,1,1,97.22,S,3,0,0
8863,1,male,29.4,5,2,38.84,S,8,0,0
8864,3,female,34.9,0,4,22.26,S,5,0,0
8866,1,female,32.5,4,3,25.28,S,8,0,0
8867,2,male,28.4,4,4,0.83,S,9,0,0
8869,2,female,43.1,0,2,12.07,S,3,0,0
8873,2,male,29.7,0,1,14.26,S,2,0,0
8876,2,female,37.0,5,3,12.97,S,9,0,0
8877,3,male,30.6,3,4,26.13,S,8,0,0
8878,3,male,34.8,5,4,30.78,S,10,0,0
8881,3,female,3.3,0,1,70.76,S,2,0,0
8882,2,female,22.6,1,3,33.36,S,5,0,0
8883,3,male,21.9,4,4,11.92,S,9,0,0
8890,3,male,38.7,5,0,86.15,S,6,0,0
8893,2,male,42.0,4,0,23.91,S,5,0,0
8894,1,female,38.7,0,2,34.98,S,3,0,0
8895,2,male,8.3,3,4,20.4,S,8,0,0
8896,3,male,26.6,3,3,5.1,S,7,0,0
8897,3,female,3.8,5,3,9.67,S,9,0,0
8898,3,male,3.5,4,4,19.9,S,9,0,0
8900,3,female,27.2,5,3,2.26,S,9,0,0
8904,2,male,19.1,2,0,14.6,S,3,0,0
8913,2,female,35.7,1,4,98.31,S,6,0,0
8914,2,male,15.9,0,1,65.11,S,2,0,0
8915,1,female,13.4,1,0,47.78,S,2,0,0
8916,3,male,18.8,5,2,17.04,S,8,0,0
8919,3,male,38.1,0,2,34.64,S,3,0,0
8924,3,male,38.6,1,4,11.18,S,6,0,0
8925,2,female,23.0,3,2,32.83,S,6,0,0
8927,2,male,27.9,0,2,35.3,S,3,0,0
8928,1,male,40.2,1,3,4.25,S,5,0,0
8930,1,female,54.4,2,4,84.02,S,7,0,0
8932,1,male,26.7,1,2,4.34,S,4,0,0
8936,3,male,14.5,1,0,5.22,S,2,0,0
8938,2,male,20.9,5,4,2.36,S,10,0,0
8939,2,female,29.3,2,0,32.08,S,3,0,0
8940,3,female,37.8,1,2,35.29,S,4,0,0
8944,1,female,10.4,2,2,43.65,S,5,0,0
8948,3,male,7.5,2,1,22.15,S,4,0,0
8950,3,male,40.2,1,1,80.98,S,3,0,0
8954,3,female,0.0,1,0,57.32,S,2,0,0
8955,3,female,22.9,3,3,30.29,S,7,0,0
8961,1,male,29.1,3,3,8.59,S,7,0,0
8962,2,male,34.4,3,4,10.45,S,8,0,0
8963,1,male,33.2,3,0,94.56,S,4,0,0
8964,3,male,23.4,4,3,0.86,S,8,0,0
8966,1,male,34.5,0,3,24.08,S,4,0,0
8968,3,male,33.1,5,0,6.9,S,6,0,0
8969,1,female,30.6,2,1,27.11,S,4,0,0
8970,3,male,33.8,1,3,3.71,S,5,0,0
8971,3,male,41.3,1,2,9.94,S,4,0,0
8972,2,female,33.3,5,4,0.49,S,10,0,0
8973,3,female,30.4,0,2,19.33,S,3,0,0
8974,2,female,21.6,5,2,6.16,S,8,0,0
8976,2,male,13.3,4,4,13.51,S,9,0,0
8979,3,female,3.4,3,3,7.18,S,7,0,0
8983,3,male,26.5,2,3,46.05,S,6,0,0
8984,1,male,39.5,5,0,33.03,S,6,0,0
8986,2,male,13.6,1,1,13.71,S,3,0,0
8989,2,male,37.2,1,1,13.52,S,3,0,0
8990,1,male,31.5,2,3,5.4,S,6,0,0
8991,2,female,30.5,3,4,48.47,S,8,0,0
8992,1,female,36.8,0,4,42.57,S,5,0,0
8993,3,male,47.5,0,0,22.39,S,1,1,0
8994,1,female,39.9,4,1,14.76,S,6,0,0
8995,3,male,25.6,0,0,38.17,S,1,1,0
8996,2,female,27.8,4,0,2.83,S,5,0,0
8998,1,male,39.0,2,1,38.5,S,4,0,0
9003,3,male,54.5,0,2,17.99,S,3,0,0
9005,2,male,27.6,3,2,45.54,S,6,0,0
9006,3,male,26.2,4,0,4.17,S,5,0,0
9007,3,female,65.5,0,4,93.45,S,5,0,0
9009,1,male,46.7,3,4,12.01,S,8,0,0
9011,3,male,27.8,2,3,40.45,S,6,0,0
9012,1,male,29.8,4,1,26.79,S,6,0,0
9013,3,male,36.3,3,0,2.35,S,4,0,0
9014,3,male,46.6,5,1,62.09,S,7,0,0
9016,1,male,21.9,3,4,45.51,S,8,0,0
9022,3,female,21.1,4,1,40.41,S,6,0,0
9023,3,female,15.0,4,0,4.79,S,5,0,0
9024,2,male,45.6,5,3,8.02,S,9,0,0
9027,1,male,44.9,2,1,21.46,S,4,0,0
9029,3,male,14.3,2,3,4.29,S,6,0,0
9030,3,male,64.2,1,2,50.29,S,4,0,0
9032,1,male,40.0,5,4,12.49,S,10,0,0
9036,1,male,8.9,4,2,22.6,S,7,0,0
9039,3,female,9.2,4,4,39.15,S,9,0,0
9040,2,male,50.6,4,3,16.02,S,8,0,0
9041,2,female,29.9,3,2,84.48,S,6,0,0
9043,3,female,21.0,1,4,139.22,S,6,0,0
9044,2,female,31.4,0,3,45.85,S,4,0,0
9046,1,male,22.1,3,0,7.27,S,4,0,0
9047,3,male,30.8,1,3,31.58,S,5,0,0
9049,2,female,35.7,1,1,9.36,S,3,0,0
9051,2,male,15.6,4,2,18.71,S,7,0,0
9052,3,male,10.0,3,3,11.62,S,7,0,0
9053,1,female,49.5,5,4,10.79,S,10,0,0
9054,1,male,45.5,4,4,41.29,S,9,0,0
9057,1,male,46.6,0,2,2.02,S,3,0,0
9059,1,female,36.6,5,2,28.23,S,8,0,0
9063,3,male,26.5,0,2,4.08,S,3,0,0
9065,3,female,25.4,5,4,16.37,S,10,0,0
9066,1,female,51.1,0,1,19.67,S,2,0,0
9067,2,female,22.6,2,0,10.47,S,3,0,0
9069,3,male,17.0,3,0,11.7,S,4,0,0
9073,1,male,18.5,0,4,58.45,S,5,0,0
9074,3,male,34.2,0,2,7.57,S,3,0,0
9080,3,male,21.6,3,1,96.53,S,5,0,0
9081,1,male,27.1,1,1,8.47,S,3,0,0
9082,1,male,29.4,0,0,8.03,S,1,1,0
9085,1,male,47.7,2,2,58.84,S,5,0,0
9086,1,female,48.8,3,3,26.99,S,7,0,0
9088,2,male,24.9,5,4,109.56,S,10,0,0
9089,3,female,48.8,3,1,24.81,S,5,0,0
9091,3,male,27.4,1,3,49.08,S,5,0,0
9092,2,female,39.5,0,1,26.3,S,2,0,0
9096,3,female,0.0,5,3,13.19,S,9,0,0
9097,3,male,29.7,1,4,146.78,S,6,0,0
9099,2,male,14.9,3,3,18.66,S,7,0,0
9100,3,male,26.1,0,3,5.11,S,4,0,0
9102,1,male,31.4,2,1,35.12,S,4,0,0
9104,2,male,35.3,4,4,2.14,S,9,0,0
9106,3,male,46.8,1,2,33.96,S,4,0,0
9108,1,male,53.9,0,0,9.0,S,1,1,0
9111,2,female,32.5,2,0,8.84,S,3,0,0
9112,3,female,25.1,0,3,48.59,S,4,0,0
9113,3,male,21.5,1,4,24.29,S,6,0,0
9114,2,male,53.5,2,2,4.53,S,5,0,0
9121,3,male,49.4,5,1,3.89,S,7,0,0
9127,1,female,28.8,2,2,17.99,S,5,0,0
9132,1,male,21.6,4,1,0.62,S,6,0,0
9135,2,male,30.7,5,3,1.18,S,9,0,0
9137,3,male,36.1,5,4,0.87,S,10,0,0
9138,3,male,0.0,5,0,21.33,S,6,0,0
9140,3,male,11.9,1,0,68.66,S,2,0,0
9141,3,male,53.2,3,2,27.49,S,6,0,0
9143,1,male,23.1,4,2,204.71,S,7,0,0
9145,2,female,15.2,0,0,2.07,S,1,1,0
9146,3,male,30.4,5,2,47.66,S,8,0,0
9147,1,male,28.4,3,1,31.95,S,5,0,0
9148,1,male,31.3,2,2,32.18,S,5,0,0
9149,1,female,36.0,3,2,12.17,S,6,0,0
9152,1,male,44.6,4,0,25.08,S,5,0,0
9153,3,male,5.9,1,1,22.28,S,3,0,0
9154,3,male,38.8,4,4,42.61,S,9,0,0
9155,2,female,14.4,5,2,143.22,S,8,0,0
9157,1,male,30.7,2,3,87.27,S,6,0,0
9159,2,male,36.4,5,3,73.07,S,9,0,0
9168,3,female,37.5,2,0,0.54,S,3,0,0
9170,3,female,13.0,1,1,20.25,S,3,0,0
9173,3,female,32.7,0,2,82.83,S,3,0,0
9174,3,male,15.5,0,4,60.06,S,5,0,0
9176,3,female,50.9,4,1,8.64,S,6,0,0
9178,3,male,28.6,2,1,107.81,S,4,0,0
9180,2,male,15.4,5,3,17.57,S,9,0,0
9181,3,male,37.6,3,1,44.73,S,5,0,0
9182,2,female,10.3,3,4,55.5,S,8,0,0
9191,3,male,21.6,2,0,5.64,S,3,0,0
9195,2,male,8.5,2,0,24.71,S,3,0,0
9199,3,female,33.2,3,3,22.53,S,7,0,0
9203,3,male,39.8,1,0,13.98,S,2,0,0
9206,1,male,0.0,3,1,42.98,S,5,0,0
9209,3,female,31.6,4,0,31.54,S,5,0,0
9212,3,female,20.6,3,3,25.16,S,7,0,0
9213,2,male,29.6,4,0,50.54,S,5,0,0
9215,3,male,39.7,5,1,67.71,S,7,0,0
9216,3,female,57.5,2,2,40.25,S,5,0,0
9219,3,male,27.6,0,3,12.27,S,4,0,0
9221,3,male,35.3,5,0,8.39,S,6,0,0
9222,2,female,51.4,2,2,4.99,S,5,0,0
9223,3,male,40.4,1,1,32.49,S,3,0,0
9226,3,male,34.7,3,0,8.92,S,4,0,0
9228,2,male,50.2,4,1,77.93,S,6,0,0
9230,1,male,42.4,2,4,16.7,S,7,0,0
9231,2,female,19.9,5,0,54.78,S,6,0,0
9233,1,male,17.4,5,3,36.06,S,9,0,0
9235,3,female,44.0,4,1,8.2,S,6,0,0
9236,3,male,32.5,1,0,32.65,S,2,0,0
9237,2,male,55.7,0,4,10.5,S,5,0,0
9238,3,female,18.9,1,2,48.17,S,4,0,0
9240,3,male,40.8,2,2,12.48,S,5,0,0
9246,3,male,16.8,3,4,3.67,S,8,0,0
9247,3,male,33.0,5,0,11.53,S,6,0,0
9249,3,female,18.9,1,1,13.09,S,3,0,0
9250,3,male,26.6,3,1,20.27,S,5,0,0
9252,2,male,36.4,0,4,3.59,S,5,0,0
9255,3,male,36.3,5,0,13.25,S,6,0,0
9256,3,male,34.2,0,3,32.42,S,4,0,0
9257,1,male,20.9,5,4,120.64,S,10,0,0
9259,1,male,25.9,5,0,45.32,S,6,0,0
9261,2,female,37.7,2,3,3.15,S,6,0,0
9268,1,male,29.4,4,0,143.73,S,5,0,0
9269,1,male,35.6,3,4,33.8,S,8,0,0
9271,1,male,54.5,5,4,7.21,S,10,0,0
9275,3,male,19.0,5,1,128.98,S,7,0,0
9276,3,female,30.4,1,0,0.36,S,2,0,0
9277,1,male,27.9,0,4,10.11,S,5,0,0
9278,2,female,37.6,0,1,0.66,S,2,0,0
9279,2,female,48.0,5,3,11.49,S,9,0,0
9280,1,male,30.9,2,1,74.09,S,4,0,0
9286,2,male,26.7,1,3,57.65,S,5,0,0
9288,2,female,26.8,3,3,22.44,S,7,0,0
9289,2,female,5.0,2,0,57.26,S,3,0,0
9290,3,female,32.7,0,2,24.46,S,3,0,0
9291,1,male,11.8,3,2,12.69,S,6,0,0
9292,3,female,32.8,5,1,84.53,S,7,0,0
9301,3,male,19.9,0,2,7.83,S,3,0,0
9303,1,female,34.6,1,3,8.94,S,5,0,0
9305,1,female,42.1,5,3,19.27,S,9,0,0
9306,1,female,28.4,4,2,3.29,S,7,0,0
9309,2,male,4.6,4,0,14.28,S,5,0,0
9313,2,female,22.2,1,3,7.88,S,5,0,0
9314,2,male,22.3,1,3,16.7,S,5,0,0
9317,1,male,19.7,0,4,23.6,S,5,0,0
9322,1,male,13.0,3,3,50.49,S,7,0,0
9323,2,male,50.1,5,3,5.01,S,9,0,0
9324,3,female,42.3,2,0,2.73,S,3,0,0
9327,1,male,27.7,3,1,22.05,S,5,0,0
9328,3,female,21.0,0,2,7.49,S,3,0,0
9335,3,female,34.6,3,3,6.03,S,7,0,0
9338,3,male,35.4,4,1,97.64,S,6,0,0
9339,3,female,30.1,4,2,13.22,S,7,0,0
9344,3,male,18.6,1,3,15.32,S,5,0,0
9350,1,female,43.2,4,4,29.31,S,9,0,0
9353,1,female,15.3,4,2,2.67,S,7,0,0
9354,1,male,29.1,0,2,3.4,S,3,0,0
9357,2,male,18.6,1,1,45.99,S,3,0,0
9362,3,male,18.2,4,3,19.09,S,8,0,0
9363,1,male,40.1,2,1,4.94,S,4,0,0
9365,1,male,12.0,2,4,1.92,S,7,0,0
9371,2,male,34.2,5,1,0.78,S,7,0,0
9375,3,female,45.4,1,3,97.83,S,5,0,0
9377,1,male,25.0,5,3,3.51,S,9,0,0
9379,3,male,18.4,2,4,6.32,S,7,0,0
9380,1,male,27.0,4,3,33.96,S,8,0,0
9381,3,female,20.8,1,3,6.33,S,5,0,0
9382,3,male,28.7,3,3,0.97,S,7,0,0
9383,3,female,29.9,1,3,19.63,S,5,0,0
9384,3,female,29.0,0,0,28.46,S,1,1,0
9387,3,female,46.6,4,3,19.53,S,8,0,0
9388,3,female,0.8,3,0,9.87,S,4,0,0
9392,3,male,47.6,1,4,1.3,S,6,0,0
9394,2,male,36.5,5,0,43.38,S,6,0,0
9395,1,male,46.4,3,0,2.71,S,4,0,0
9397,2,female,41.9,4,1,19.28,S,6,0,0
9398,1,female,11.4,4,0,4.47,S,5,0,0
9399,3,male,34.8,5,2,41.28,S,8,0,0
9401,1,male,45.0,3,1,77.21,S,5,0,0
9402,2,male,38.9,0,0,1.4,S,1,1,0
9404,3,male,24.6,4,2,2.95,S,7,0,0
9405,3,male,24.4,3,0,1.18,S,4,0,0
9407,3,male,10.8,1,3,30.18,S,5,0,0
9408,2,male,53.4,5,3,7.05,S,9,0,0
9409,2,male,43.0,5,2,66.8,S,8,0,0
9414,3,male,37.9,4,4,57.34,S,9,0,0
9415,2,male,46.8,4,3,50.91,S,8,0,0
9416,3,male,19.5,3,1,9.98,S,5,0,0
9418,3,male,12.7,4,3,32.04,S,8,0,0
9419,2,male,27.7,2,3,23.91,S,6,0,0
9421,3,male,26.6,1,1,29.16,S,3,0,0
9422,3,female,19.8,0,3,64.98,S,4,0,0
9423,3,male,29.0,4,2,44.66,S,7,0,0
9426,1,male,37.4,2,3,30.06,S,6,0,0
9428,3,male,32.9,2,1,99.59,S,4,0,0
9433,3,male,31.6,1,3,24.65,S,5,0,0
9435,1,male,28.6,5,2,15.83,S,8,0,0
9437,3,male,42.0,2,1,102.59,S,4,0,0
9440,2,female,27.3,1,3,73.47,S,5,0,0
9441,1,male,10.7,0,2,1.06,S,3,0,0
9442,1,female,60.4,3,4,100.64,S,8,0,0
9445,3,female,39.0,4,2,11.47,S,7,0,0
9448,1,male,30.7,4,1,4.6,S,6,0,0
9450,3,male,23.9,4,0,83.02,S,5,0,0
9452,1,male,27.4,1,3,15.47,S,5,0,0
9456,3,male,27.5,0,0,29.16,S,1,1,0
9459,3,female,29.6,0,1,31.72,S,2,0,0
9461,3,male,31.1,3,3,2.82,S,7,0,0
9463,3,male,38.8,0,3,7.44,S,4,0,0
9468,3,male,35.9,1,2,54.25,S,4,0,0
9469,3,female,40.8,5,2,87.92,S,8,0,0
9470,2,male,6.0,5,4,4.43,S,10,0,0
9473,1,male,26.9,4,3,34.3,S,8,0,0
9478,3,female,53.7,0,4,6.18,S,5,0,0
9479,2,female,4.0,2,2,8.68,S,5,0,0
9480,3,female,7.9,3,4,23.52,S,8,0,0
9481,1,male,22.6,5,4,63.03,S,10,0,0
9482,2,male,24.3,5,4,35.98,S,10,0,0
9486,1,male,25.9,5,3,33.84,S,9,0,0
9487,3,female,20.7,1,4,0.58,S,6,0,0
9488,2,female,38.5,5,3,29.01,S,9,0,0
9489,3,male,29.4,1,1,5.91,S,3,0,0
9490,3,female,25.9,2,2,80.79,S,5,0,0
9493,1,female,22.2,2,1,33.12,S,4,0,0
9495,3,male,15.3,2,3,10.24,S,6,0,0
9499,3,female,52.1,4,4,9.72,S,9,0,0
9500,1,male,39.3,2,1,2.95,S,4,0,0
9502,3,male,26.2,3,3,108.24,S,7,0,0
9504,3,male,24.6,2,1,26.27,S,4,0,0
9505,1,female,20.5,1,1,45.98,S,3,0,0
9506,1,female,0.0,5,3,26.16,S,9,0,0
9507,3,female,58.5,5,2,34.23,S,8,0,0
9508,3,male,23.7,1,4,67.94,S,6,0,0
9509,3,male,0.0,4,4,14.94,S,9,0,0
9512,2,female,55.7,3,3,48.84,S,7,0,0
9515,1,male,46.2,5,0,85.1,S,6,0,0
9516,3,male,26.9,0,0,31.54,S,1,1,0
9519,3,female,13.9,2,3,7.74,S,6,0,0
9520,3,female,50.5,5,0,31.07,S,6,0,0
9521,2,female,16.7,0,3,6.65,S,4,0,0
9524,3,female,42.2,2,3,2.57,S,6,0,0
9525,3,male,38.5,0,1,9.59,S,2,0,0
9527,1,male,33.0,5,1,39.75,S,7,0,0
9530,3,female,17.6,1,0,8.89,S,2,0,0
9534,1,male,7.1,3,2,16.83,S,6,0,0
9535,2,male,24.7,1,3,18.53,S,5,0,0
9538,1,female,8.6,3,2,56.67,S,6,0,0
9540,2,male,45.1,3,2,4.85,S,6,0,0
9541,3,male,17.6,2,2,44.43,S,5,0,0
9542,1,female,30.1,5,0,37.83,S,6,0,0
9543,3,male,0.0,2,4,56.56,S,7,0,0
9544,2,male,41.2,1,3,44.56,S,5,0,0
9545,3,male,40.1,3,2,17.39,S,6,0,0
9546,2,female,28.7,0,0,5.46,S,1,1,0
9547,3,male,10.4,4,3,40.11,S,8,0,0
9550,1,female,0.0,0,2,23.4,S,3,0,0
9556,1,male,23.3,3,0,5.23,S,4,0,0
9557,2,male,36.3,5,4,16.75,S,10,0,0
9559,3,female,6.7,0,0,7.77,S,1,1,0
9561,3,male,24.2,3,2,29.47,S,6,0,0
9563,3,male,29.2,4,3,23.57,S,8,0,0
9565,1,female,28.1,4,1,29.47,S,6,0,0
9568,3,female,13.6,5,1,144.08,S,7,0,0
9571,2,female,22.0,1,3,21.75,S,5,0,0
9572,2,female,55.1,0,3,11.0,S,4,0,0
9573,2,female,34.3,2,1,24.42,S,4,0,0
9574,3,female,32.6,0,3,103.59,S,4,0,0
9579,1,female,43.7,4,4,39.84,S,9,0,0
9580,3,male,23.7,3,2,16.36,S,6,0,0
9581,1,male,29.1,3,2,31.03,S,6,0,0
9582,2,male,18.3,0,3,23.86,S,4,0,0
9583,3,male,22.1,1,4,19.16,S,6,0,0
9587,1,female,33.6,3,2,44.76,S,6,0,0
9590,2,female,20.5,2,3,56.2,S,6,0,0
9591,3,male,40.9,3,4,22.67,S,8,0,0
9593,3,male,40.5,1,1,41.19,S,3,0,0
9596,3,female,39.5,2,4,20.89,S,7,0,0
9597,3,female,0.0,1,0,88.34,S,2,0,0
9599,1,female,47.3,2,3,19.54,S,6,0,0
9600,3,male,24.7,1,0,40.94,S,2,0,0
9602,3,female,17.3,4,4,9.99,S,9,0,0
9603,3,male,34.1,3,0,40.94,S,4,0,0
9613,3,male,27.4,3,1,11.56,S,5,0,0
9619,2,male,26.6,3,0,17.22,S,4,0,0
9620,1,female,14.5,4,1,12.3,S,6,0,0
9621,3,male,42.3,3,4,18.9,S,8,0,0
9624,1,female,27.0,5,0,26.48,S,6,0,0
9626,3,female,29.0,0,1,19.4,S,2,0,0
9628,3,male,25.0,2,0,16.84,S,3,0,0
9630,2,male,29.6,0,4,13.19,S,5,0,0
9635,3,female,18.1,2,0,8.23,S,3,0,0
9637,3,female,28.1,5,0,52.9,S,6,0,0
9638,3,male,41.0,0,2,0.71,S,3,0,0
9639,3,male,18.3,1,4,32.03,S,6,0,0
9640,1,female,1.5,3,4,73.98,S,8,0,0
9641,1,male,5.9,1,2,2.96,S,4,0,0
9643,3,male,20.6,2,2,4.01,S,5,0,0
9647,1,male,33.9,1,1,2.07,S,3,0,0
9650,2,female,19.0,4,1,143.0,S,6,0,0
9652,1,male,16.1,3,1,13.39,S,5,0,0
9653,3,male,34.7,1,3,0.32,S,5,0,0
9654,3,male,28.3,4,1,99.97,S,6,0,0
9657,2,male,30.5,5,0,14.54,S,6,0,0
9661,3,male,23.2,4,4,7.21,S,9,0,0
9662,3,female,10.2,4,4,2.26,S,9,0,0
9663,3,female,36.3,2,4,4.91,S,7,0,0
9670,1,female,38.9,4,1,27.58,S,6,0,0
9672,3,male,23.5,2,3,0.7,S,6,0,0
9673,3,male,8.9,2,0,49.23,S,3,0,0
9674,2,male,19.0,0,3,70.61,S,4,0,0
9675,2,male,14.9,0,2,51.55,S,3,0,0
9678,3,male,20.6,5,3,2.59,S,9,0,0
9680,2,male,35.7,5,2,9.19,S,8,0,0
9681,3,male,24.5,4,2,87.13,S,7,0,0
9682,3,female,20.9,4,0,13.19,S,5,0,0
9684,1,female,21.3,5,2,10.79,S,8,0,0
9685,2,male,38.4,1,3,32.12,S,5,0,0
9686,3,male,34.5,2,1,3.26,S,4,0,0
9687,3,male,7.7,2,4,1.76,S,7,0,0
9691,3,male,8.5,0,4,9.2,S,5,0,0
9692,2,female,34.5,4,1,14.39,S,6,0,0
9694,3,male,35.1,4,4,36.87,S,9,0,0
9695,1,male,66.6,2,2,8.67,S,5,0,0
9696,3,male,34.4,4,4,27.1,S,9,0,0
9698,3,female,25.4,2,4,23.25,S,7,0,0
9701,3,male,20.5,0,2,12.3,S,3,0,0
9704,3,female,24.3,3,3,3.84,S,7,0,0
9705,2,male,46.0,3,2,146.59,S,6,0,0
9706,3,male,34.4,2,0,37.43,S,3,0,0
9707,3,male,21.3,3,4,0.45,S,8,0,0
9708,3,male,33.8,1,2,41.0,S,4,0,0
9710,2,female,41.7,0,1,11.11,S,2,0,0
9713,2,female,47.8,4,4,43.66,S,9,0,0
9714,2,male,31.2,4,2,44.78,S,7,0,0
9716,2,female,70.3,0,0,26.79,S,1,1,0
9717,3,male,63.7,5,3,12.04,S,9,0,0
9718,3,male,26.4,4,4,0.75,S,9,0,0
9721,2,female,40.2,1,3,64.03,S,5,0,0
9724,3,male,45.6,4,1,6.46,S,6,0,0
9727,3,male,34.6,3,4,32.6,S,8,0,0
9730,3,male,53.4,0,2,41.35,S,3,0,0
9732,3,female,38.5,5,3,21.78,S,9,0,0
9735,1,male,27.9,5,2,11.5,S,8,0,0
9737,3,male,39.9,1,0,10.33,S,2,0,0
9740,2,male,23.6,2,1,56.41,S,4,0,0
9744,3,female,31.5,0,2,19.2,S,3,0,0
9747,3,male,33.2,0,0,91.54,S,1,1,0
9748,3,male,26.3,2,4,21.13,S,7,0,0
9750,3,male,27.2,5,2,20.91,S,8,0,0
9751,2,male,5.3,5,1,12.39,S,7,0,0
9754,3,male,33.1,2,3,74.7,S,6,0,0
9755,3,male,40.5,5,4,42.33,S,10,0,0
9756,1,female,16.1,0,2,10.17,S,3,0,0
9759,3,male,44.6,4,1,36.76,S,6,0,0
9769,3,female,0.0,2,3,24.87,S,6,0,0
9771,1,female,41.0,2,3,132.27,S,6,0,0
9772,3,male,21.2,5,3,3.14,S,9,0,0
9773,1,male,32.9,5,1,87.28,S,7,0,0
9775,3,male,18.2,5,3,3.26,S,9,0,0
9776,3,male,52.4,2,0,15.25,S,3,0,0
9779,3,female,9.5,3,1,21.74,S,5,0,0
9780,3,male,33.7,2,2,55.49,S,5,0,0
9781,3,male,36.9,1,2,30.59,S,4,0,0
9784,2,male,49.0,1,3,9.31,S,5,0,0
9787,3,male,20.8,3,2,10.47,S,6,0,0
9790,2,male,27.0,5,0,1.67,S,6,0,0
9792,3,male,6.4,1,0,15.62,S,2,0,0
9793,3,male,28.8,3,4,47.45,S,8,0,0
9795,2,male,37.0,3,3,9.93,S,7,0,0
9801,3,male,53.4,4,0,25.7,S,5,0,0
9802,3,female,30.2,4,0,5.78,S,5,0,0
9812,2,female,40.8,0,4,15.69,S,5,0,0
9816,3,female,25.6,4,3,2.84,S,8,0,0
9817,2,female,30.9,0,1,26.75,S,2,0,0
9818,3,male,22.0,1,3,13.71,S,5,0,0
9819,2,male,42.7,3,3,57.45,S,7,0,0
9823,2,male,44.8,3,0,11.22,S,4,0,0
9826,2,male,11.0,2,4,7.2,S,7,0,0
9827,1,male,31.6,3,4,20.55,S,8,0,0
9830,1,female,8.8,5,4,82.55,S,10,0,0
9834,3,male,27.9,2,0,11.96,S,3,0,0
9842,3,female,11.4,4,0,35.33,S,5,0,0
9844,1,male,35.7,0,1,58.97,S,2,0,0
9845,2,female,27.5,0,3,17.55,S,4,0,0
9849,2,male,33.1,2,0,3.52,S,3,0,0
9855,2,female,39.8,0,3,48.14,S,4,0,0
9861,3,male,47.8,0,4,3.23,S,5,0,0
9866,3,female,32.1,0,4,1.97,S,5,0,0
9867,3,male,52.7,1,1,52.93,S,3,0,0
9869,3,male,32.7,5,1,48.18,S,7,0,0
9871,3,male,28.3,0,2,11.73,S,3,0,0
9874,1,male,13.6,1,0,48.54,S,2,0,0
9875,2,female,38.6,5,3,6.8,S,9,0,0
9877,1,female,4.3,4,1,2.26,S,6,0,0
9879,1,female,30.6,2,3,18.69,S,6,0,0
9880,3,male,16.8,4,0,74.53,S,5,0,0
9881,1,female,31.2,4,4,0.58,S,9,0,0
9882,1,male,10.6,1,4,24.18,S,6,0,0
9888,3,male,30.1,1,2,1.34,S,4,0,0
9889,3,male,35.2,2,1,6.98,S,4,0,0
9891,3,male,15.7,4,4,29.13,S,9,0,0
9900,3,female,36.6,1,3,9.45,S,5,0,0
9902,1,male,19.3,1,2,10.63,S,4,0,0
9903,1,male,22.7,4,2,15.27,S,7,0,0
9905,3,female,37.8,0,3,61.47,S,4,0,0
9909,1,male,29.4,4,4,56.34,S,9,0,0
9910,3,female,19.3,4,0,81.64,S,5,0,0
9912,1,female,22.2,2,1,61.32,S,4,0,0
9913,1,male,13.9,4,2,45.55,S,7,0,0
9916,3,female,29.5,3,3,27.84,S,7,0,0
9918,3,male,3.9,1,0,69.19,S,2,0,0
9920,3,male,24.1,5,0,3.65,S,6,0,0
9922,1,male,16.2,1,2,16.86,S,4,0,0
9923,3,male,23.3,1,3,17.32,S,5,0,0
9924,1,male,20.9,0,3,11.98,S,4,0,0
9926,2,female,16.3,3,4,3.5,S,8,0,0
9931,3,female,24.0,3,4,35.84,S,8,0,0
9933,2,male,15.9,1,2,24.01,S,4,0,0
9934,2,female,29.2,4,3,9.87,S,8,0,0
9935,3,male,19.8,0,0,12.02,S,1,1,0
9936,3,female,44.8,4,2,42.91,S,7,0,0
9941,1,male,10.1,1,2,25.84,S,4,0,0
9942,3,female,9.4,3,4,3.37,S,8,0,0
9944,2,male,43.0,2,4,19.47,S,7,0,0
9946,1,male,0.0,0,3,23.05,S,4,0,0
9947,3,female,30.1,3,3,78.12,S,7,0,0
9948,1,female,7.8,3,4,47.94,S,8,0,0
9949,3,male,17.4,2,1,5.3,S,4,0,0
9950,1,female,31.5,1,2,46.75,S,4,0,0
9952,1,male,51.1,1,4,16.08,S,6,0,0
9953,2,male,23.8,4,2,45.38,S,7,0,0
9954,3,male,15.3,0,1,19.7,S,2,0,0
9959,3,female,23.7,4,3,63.43,S,8,0,0
9960,1,male,38.7,1,1,11.65,S,3,0,0
9962,3,male,18.8,5,4,49.23,S,10,0,0
9963,3,male,34.9,0,1,6.46,S,2,0,0
9964,2,female,7.6,0,4,0.76,S,5,0,0
9965,3,male,14.0,4,0,32.2,S,5,0,0
9967,2,male,28.0,1,1,1.3,S,3,0,0
9969,2,male,29.1,5,3,26.52,S,9,0,0
9970,2,female,41.3,4,0,7.63,S,5,0,0
9975,1,male,29.0,4,3,4.6,S,8,0,0
9981,2,male,25.1,0,1,1.92,S,2,0,0
9982,3,female,49.5,0,2,17.98,S,3,0,0
9985,3,female,45.4,5,0,11.33,S,6,0,0
9987,2,male,17.6,3,2,21.98,S,6,0,0
9990,3,male,37.2,5,2,4.06,S,8,0,0
9991,1,male,29.8,5,3,1.88,S,9,0,0
9994,1,female,23.7,4,3,41.85,S,8,0,0
9999,3,male,34.9,5,0,37.98,S,6,0,0
10002,3,male,39.8,4,3,37.33,S,8,0,0
10003,3,male,65.3,0,4,18.84,S,5,0,0
10006,1,male,27.2,1,1,16.59,S,3,0,0
10013,1,female,49.7,4,1,11.13,S,6,0,0
10014,1,male,17.0,5,4,3.94,S,10,0,0
10015,3,male,29.9,2,2,83.26,S,5,0,0
10020,1,male,23.0,5,4,17.62,S,10,0,0
10021,1,female,48.5,1,1,5.41,S,3,0,0
10023,2,male,23.9,0,2,28.11,S,3,0,0
10025,2,male,33.8,0,0,9.51,S,1,1,0
10030,3,male,42.3,2,3,25.51,S,6,0,0
10035,3,male,18.9,5,2,23.89,S,8,0,0
10037,3,female,25.8,0,4,1.73,S,5,0,0
10038,3,male,34.3,1,2,3.54,S,4,0,0
10042,3,female,28.7,0,1,26.75,S,2,0,0
10045,1,female,0.0,2,0,64.56,S,3,0,0
10046,1,male,36.6,3,1,30.61,S,5,0,0
10047,2,male,33.4,1,3,3.55,S,5,0,0
10051,3,male,21.4,0,0,33.8,S,1,1,0
10053,2,male,34.1,0,1,19.87,S,2,0,0
10054,3,male,12.5,2,3,33.02,S,6,0,0
10056,3,female,20.4,0,3,21.65,S,4,0,0
10058,3,male,45.1,3,3,20.7,S,7,0,0
10059,1,male,31.5,0,3,5.02,S,4,0,0
10060,1,male,30.1,0,1,3.28,S,2,0,0
10061,2,female,24.4,1,1,16.91,S,3,0,0
10062,3,male,28.7,2,3,82.21,S,6,0,0
10064,3,female,24.1,0,0,36.29,S,1,1,0
10068,3,male,37.1,3,2,34.47,S,6,0,0
10073,1,female,35.6,3,0,16.23,S,4,0,0
10075,2,female,32.4,4,0,10.45,S,5,0,0
10078,2,male,41.7,0,4,12.1,S,5,0,0
10080,3,male,28.7,0,4,1.41,S,5,0,0
10081,3,male,26.4,5,1,104.97,S,7,0,0
10083,3,female,23.2,1,2,24.05,S,4,0,0
10085,3,male,11.2,0,2,46.28,S,3,0,0
10087,3,male,39.4,2,2,25.17,S,5,0,0
10089,3,female,33.1,2,2,6.84,S,5,0,0
10091,3,male,24.4,2,3,39.89,S,6,0,0
10092,2,male,47.4,3,3,82.44,S,7,0,0
10095,1,female,13.5,0,4,27.09,S,5,0,0
10098,3,female,0.0,0,3,51.77,S,4,0,0
10099,3,male,22.1,5,2,3.6,S,8,0,0
10101,3,female,22.7,5,2,46.79,S,8,0,0
10103,1,female,38.8,5,3,20.41,S,9,0,0
10105,3,male,24.3,4,3,16.19,S,8,0,0
10106,1,male,46.2,5,2,32.78,S,8,0,0
10107,3,male,29.6,4,0,7.88,S,5,0,0
10108,3,female,27.7,5,1,4.54,S,7,0,0
10109,1,female,40.2,0,1,32.54,S,2,0,0
10110,3,male,14.6,5,2,56.1,S,8,0,0
10113,3,female,37.0,2,4,42.74,S,7,0,0
10114,1,male,26.7,4,2,36.27,S,7,0,0
10115,3,female,40.6,4,2,4.13,S,7,0,0
10116,1,female,29.7,4,1,84.98,S,6,0,0
10117,2,female,9.8,5,2,20.53,S,8,0,0
10118,3,male,24.0,1,4,24.54,S,6,0,0
10120,2,female,25.3,2,4,24.23,S,7,0,0
10121,3,male,45.6,3,0,55.39,S,4,0,0
10126,3,male,23.6,3,3,27.84,S,7,0,0
10128,2,female,44.6,3,1,8.06,S,5,0,0
10131,3,male,47.2,0,0,39.11,S,1,1,0
10134,1,female,5.2,5,4,70.54,S,10,0,0
10135,1,female,17.8,5,4,8.83,S,10,0,0
10138,2,male,14.0,2,0,24.91,S,3,0,0
10140,1,male,15.1,0,3,8.94,S,4,0,0
10143,3,male,32.9,1,1,62.13,S,3,0,0
10147,3,female,34.3,0,3,28.71,S,4,0,0
10149,1,male,11.1,2,3,36.15,S,6,0,0
10151,3,male,17.3,4,2,14.16,S,7,0,0
10152,3,male,22.5,5,1,46.08,S,7,0,0
10156,3,female,33.2,2,2,65.04,S,5,0,0
10160,2,male,37.2,3,1,12.56,S,5,0,0
10161,3,female,8.3,1,3,33.93,S,5,0,0
10163,1,male,29.4,1,0,30.43,S,2,0,0
10165,3,female,22.1,4,0,27.5,S,5,0,0
10166,3,female,33.6,5,2,0.12,S,8,0,0
10167,1,male,26.0,4,0,42.57,S,5,0,0
10168,3,male,22.4,4,3,59.45,S,8,0,0
10169,1,male,31.2,0,0,1.51,S,1,1,0
10171,2,female,36.5,3,2,60.44,S,6,0,0
10172,1,male,18.4,2,3,29.09,S,6,0,0
10173,2,male,8.6,5,2,21.13,S,8,0,0
10175,3,female,12.5,4,2,42.76,S,7,0,0
10177,3,male,31.8,3,0,28.51,S,4,0,0
10181,3,male,21.9,2,4,55.26,S,7,0,0
10182,3,male,12.2,0,3,65.11,S,4,0,0
10183,3,male,56.4,3,4,24.22,S,8,0,0
10185,3,female,38.5,4,4,16.39,S,9,0,0
10189,3,female,9.6,5,1,46.54,S,7,0,0
10191,3,male,27.3,2,2,61.98,S,5,0,0
10192,1,female,49.0,0,1,87.88,S,2,0,0
10194,3,female,24.8,1,2,40.47,S,4,0,0
10201,3,male,8.6,5,1,43.81,S,7,0,0
10202,3,female,46.0,5,1,15.97,S,7,0,0
10204,3,male,33.8,5,2,39.92,S,8,0,0
10205,1,male,13.0,4,1,9.29,S,6,0,0
10208,3,female,19.6,4,4,44.06,S,9,0,0
10213,3,male,21.7,0,1,67.0,S,2,0,0
10219,3,male,10.6,5,1,13.07,S,7,0,0
10223,3,female,51.6,3,1,67.99,S,5,0,0
10224,3,male,24.1,3,3,32.13,S,7,0,0
10229,3,male,35.4,3,3,9.49,S,7,0,0
10233,2,female,46.8,1,2,28.76,S,4,0,0
10235,3,male,25.1,4,1,1.84,S,6,0,0
10239,2,female,44.5,1,4,13.11,S,6,0,0
10240,3,male,32.6,0,3,16.51,S,4,0,0
10241,3,male,21.4,4,2,32.75,S,7,0,0
10242,1,male,10.9,4,4,40.44,S,9,0,0
10244,1,female,18.2,4,3,6.15,S,8,0,0
10246,2,male,44.1,1,2,3.1,S,4,0,0
10251,3,male,15.1,4,4,1.88,S,9,0,0
10252,2,male,52.5,5,4,57.97,S,10,0,0
10253,3,female,21.3,1,3,10.83,S,5,0,0
10256,3,male,36.7,4,3,6.72,S,8,0,0
10265,1,male,10.9,5,2,16.37,S,8,0,0
10267,1,female,0.9,4,3,39.27,S,8,0,0
10268,1,male,5.4,2,1,55.14,S,4,0,0
10270,2,male,50.7,4,0,65.03,S,5,0,0
10271,2,male,21.0,2,2,32.58,S,5,0,0
10273,3,female,43.5,3,1,37.44,S,5,0,0
10275,3,male,27.9,3,4,0.62,S,8,0,0
10280,3,male,57.5,5,0,49.57,S,6,0,0
10281,2,male,62.6,0,3,6.4,S,4,0,0
10284,1,male,57.6,3,4,18.69,S,8,0,0
10285,1,male,43.0,0,1,10.1,S,2,0,0
10286,3,female,43.2,4,0,65.45,S,5,0,0
10287,3,male,8.9,4,2,106.74,S,7,0,0
10290,1,female,39.9,0,2,5.04,S,3,0,0
10291,1,male,14.5,3,4,65.79,S,8,0,0
10292,3,male,14.0,5,3,59.05,S,9,0,0
10294,1,male,23.7,0,0,1.6,S,1,1,0
10297,1,female,26.2,5,3,87.1,S,9,0,0
10302,3,male,32.6,1,3,20.59,S,5,0,0
10307,3,male,33.6,4,4,17.27,S,9,0,0
10311,1,female,42.9,4,2,2.75,S,7,0,0
10313,3,male,44.0,5,2,8.96,S,8,0,0
10315,1,male,10.1,2,3,24.66,S,6,0,0
10317,2,male,27.2,0,0,29.46,S,1,1,0
10320,1,male,27.8,5,3,52.42,S,9,0,0
10321,1,male,38.3,2,0,99.04,S,3,0,0
10323,3,female,41.5,3,2,4.79,S,6,0,0
10324,3,male,29.5,2,4,60.76,S,7,0,0
10327,1,female,31.5,3,0,21.32,S,4,0,0
10328,1,male,28.2,3,3,54.92,S,7,0,0
10331,3,female,28.3,2,2,25.68,S,5,0,0
10332,1,female,35.2,0,2,72.65,S,3,0,0
10334,3,male,27.6,5,2,40.29,S,8,0,0
10336,3,male,21.2,2,3,52.6,S,6,0,0
10341,3,male,43.2,5,3,43.67,S,9,0,0
10342,2,female,46.4,2,4,115.53,S,7,0,0
10345,2,male,57.8,1,3,4.9,S,5,0,0
10346,3,female,19.4,0,0,0.55,S,1,1,0
10348,1,male,11.8,0,0,102.9,S,1,1,0
10350,3,female,8.1,3,3,59.54,S,7,0,0
10352,3,male,40.0,1,2,38.5,S,4,0,0
10354,3,female,15.2,1,4,17.27,S,6,0,0
10357,3,female,25.4,4,4,88.55,S,9,0,0
10358,2,female,26.1,2,3,54.13,S,6,0,0
10364,3,female,20.6,5,1,38.54,S,7,0,0
10365,3,female,2.5,4,2,8.99,S,7,0,0
10367,2,female,58.0,1,4,39.14,S,6,0,0
10369,3,male,31.5,1,2,23.22,S,4,0,0
10370,3,male,47.3,1,0,20.05,S,2,0,0
10372,2,male,9.0,1,4,0.82,S,6,0,0
10373,3,male,29.6,4,1,39.29,S,6,0,0
10375,3,male,21.9,5,2,8.97,S,8,0,0
10376,3,male,32.3,5,1,35.19,S,7,0,0
10377,3,female,14.3,4,2,15.31,S,7,0,0
10382,2,male,35.2,3,1,24.36,S,5,0,0
10386,3,male,20.3,2,2,58.27,S,5,0,0
10391,2,male,15.9,2,0,15.8,S,3,0,0
10393,3,female,35.2,2,4,22.42,S,7,0,0
10394,2,female,24.0,5,0,9.66,S,6,0,0
10396,3,male,8.9,3,2,12.16,S,6,0,0
10398,3,male,18.7,2,0,22.06,S,3,0,0
10399,3,male,32.3,2,2,4.37,S,5,0,0
10400,3,female,21.6,5,2,9.53,S,8,0,0
10402,1,female,17.9,5,3,45.1,S,9,0,0
10406,1,female,27.3,4,3,126.99,S,8,0,0
10407,3,female,37.8,4,4,25.57,S,9,0,0
10408,2,female,39.2,2,3,53.74,S,6,0,0
10409,3,male,24.6,4,2,80.3,S,7,0,0
10412,3,female,47.4,0,1,46.28,S,2,0,0
10413,2,female,24.0,1,1,12.29,S,3,0,0
10417,3,male,57.5,2,2,45.64,S,5,0,0
10418,3,male,35.8,3,2,7.6,S,6,0,0
10419,3,male,30.0,3,2,7.98,S,6,0,0
10421,3,male,44.6,0,2,14.89,S,3,0,0
10422,3,female,21.4,1,0,0.48,S,2,0,0
10423,1,male,30.7,4,4,61.97,S,9,0,0
10426,1,male,36.6,2,1,21.1,S,4,0,0
10428,2,male,36.4,0,1,24.6,S,2,0,0
10430,2,male,20.7,1,2,17.32,S,4,0,0
10431,1,male,32.2,0,2,15.75,S,3,0,0
10435,2,female,24.6,4,0,27.18,S,5,0,0
10437,2,male,31.1,4,4,147.2,S,9,0,0
10438,2,female,18.4,0,1,121.16,S,2,0,0
10439,3,female,28.4,2,0,4.23,S,3,0,0
10444,3,male,28.0,0,0,110.69,S,1,1,0
10446,3,male,14.2,1,2,10.17,S,4,0,0
10448,1,female,56.4,0,4,11.66,S,5,0,0
10455,1,male,53.2,2,2,8.65,S,5,0,0
10456,3,female,39.8,3,3,41.93,S,7,0,0
10457,3,male,24.2,2,3,5.23,S,6,0,0
10458,1,male,31.2,0,4,34.7,S,5,0,0
10459,3,male,2.3,2,1,27.43,S,4,0,0
10464,3,female,39.1,3,4,52.24,S,8,0,0
10465,3,female,7.6,4,2,38.06,S,7,0,0
10466,1,male,10.2,4,2,12.3,S,7,0,0
10467,3,male,20.6,0,1,104.2,S,2,0,0
10470,1,female,37.5,4,0,55.11,S,5,0,0
10473,2,male,39.2,2,1,4.62,S,4,0,0
10475,3,female,63.7,0,4,85.63,S,5,0,0
10477,3,female,42.5,2,4,2.57,S,7,0,0
10478,2,male,55.3,3,1,7.11,S,5,0,0
10479,1,female,40.9,3,4,21.86,S,8,0,0
10483,3,female,15.2,3,4,4.35,S,8,0,0
10484,1,female,16.4,1,1,0.1,S,3,0,0
10489,3,male,31.6,1,2,44.77,S,4,0,0
10491,1,female,37.3,2,3,26.95,S,6,0,0
10492,3,male,20.6,1,1,36.41,S,3,0,0
10493,2,male,10.9,3,2,20.7,S,6,0,0
10497,2,female,58.8,3,1,31.61,S,5,0,0
10498,3,female,35.2,0,0,28.06,S,1,1,0
10500,3,female,20.5,5,3,12.54,S,9,0,0
10501,2,male,41.8,3,3,82.67,S,7,0,0
10503,2,male,33.4,2,4,19.63,S,7,0,0
10505,2,female,30.7,1,3,4.12,S,5,0,0
10506,3,male,35.8,1,0,91.92,S,2,0,0
10509,3,male,16.0,1,3,0.43,S,5,0,0
10511,2,male,34.2,1,1,111.75,S,3,0,0
10513,3,male,56.6,3,2,12.94,S,6,0,0
10515,1,female,43.6,2,0,26.91,S,3,0,0
10520,3,male,27.5,4,2,31.34,S,7,0,0
10524,3,male,42.4,0,3,32.09,S,4,0,0
10526,1,male,15.8,3,1,105.45,S,5,0,0
10529,3,male,43.7,4,4,198.65,S,9,0,0
10533,1,male,12.8,2,3,24.98,S,6,0,0
10534,3,male,36.9,0,3,14.3,S,4,0,0
10535,3,male,44.2,1,2,6.15,S,4,0,0
10536,3,male,7.4,1,2,53.24,S,4,0,0
10539,3,male,7.2,4,0,22.75,S,5,0,0
10540,3,male,22.9,4,0,43.16,S,5,0,0
10541,3,male,29.0,2,3,36.88,S,6,0,0
10545,1,male,37.4,0,2,13.34,S,3,0,0
10549,3,male,0.0,2,4,22.71,S,7,0,0
10550,2,male,3.8,0,3,99.27,S,4,0,0
10552,3,male,24.4,2,4,3.55,S,7,0,0
10553,3,male,21.5,2,2,35.26,S,5,0,0
10556,2,male,35.4,1,4,13.52,S,6,0,0
10563,2,female,37.6,0,1,30.92,S,2,0,0
10564,2,male,31.3,0,4,27.44,S,5,0,0
10567,2,male,17.5,3,2,41.84,S,6,0,0
10569,3,male,39.5,0,1,5.94,S,2,0,0
10573,2,male,24.3,2,3,49.7,S,6,0,0
10578,3,male,37.5,5,0,1.06,S,6,0,0
10583,3,male,34.0,3,1,60.31,S,5,0,0
10585,3,male,39.2,1,2,107.06,S,4,0,0
10593,3,male,20.6,4,1,82.22,S,6,0,0
10596,1,male,33.2,4,4,7.27,S,9,0,0
10597,3,male,44.2,5,2,44.85,S,8,0,0
10600,1,male,38.1,2,1,5.84,S,4,0,0
10601,3,male,63.4,0,3,0.07,S,4,0,0
10604,3,male,40.7,1,1,14.77,S,3,0,0
10605,3,male,16.5,0,0,19.23,S,1,1,0
10612,3,male,17.0,2,1,55.06,S,4,0,0
10614,2,male,39.4,3,0,29.22,S,4,0,0
10615,3,male,17.8,0,3,144.65,S,4,0,0
10618,3,male,27.2,2,1,29.28,S,4,0,0
10619,3,male,1.8,0,2,28.87,S,3,0,0
10620,3,male,24.8,2,2,98.11,S,5,0,0
10621,3,male,30.1,3,0,49.33,S,4,0,0
10627,3,female,33.0,2,3,52.68,S,6,0,0
10630,1,female,24.5,3,1,50.56,S,5,0,0
10632,2,male,2.9,1,2,6.43,S,4,0,0
10633,2,male,25.3,0,2,32.82,S,3,0,0
10634,3,male,36.2,0,1,5.16,S,2,0,0
10636,3,female,31.4,5,4,53.09,S,10,0,0
10640,1,male,28.9,0,4,53.3,S,5,0,0
10642,2,male,13.3,2,3,24.6,S,6,0,0
10653,3,male,15.6,1,0,4.28,S,2,0,0
10654,3,male,17.9,2,4,5.65,S,7,0,0
10656,3,male,28.7,5,3,43.65,S,9,0,0
10657,3,female,46.6,0,1,7.23,S,2,0,0
10659,1,male,36.7,3,0,23.18,S,4,0,0
10660,2,male,26.9,5,2,99.4,S,8,0,0
10663,2,male,21.2,2,1,121.59,S,4,0,0
10664,3,male,19.2,2,4,4.46,S,7,0,0
10669,3,female,9.7,3,0,3.82,S,4,0,0
10671,1,male,46.8,2,3,8.15,S,6,0,0
10673,3,female,48.3,2,3,50.64,S,6,0,0
10674,3,female,12.7,2,2,2.68,S,5,0,0
10677,1,female,16.3,0,2,43.11,S,3,0,0
10678,3,male,52.4,0,3,50.02,S,4,0,0
10679,3,male,23.5,4,4,28.12,S,9,0,0
10680,2,female,36.1,3,4,13.87,S,8,0,0
10682,1,male,49.9,4,0,52.96,S,5,0,0
10684,2,male,58.4,1,3,117.37,S,5,0,0
10685,2,male,45.5,1,2,48.32,S,4,0,0
10686,3,male,40.7,2,0,37.52,S,3,0,0
10693,3,female,26.8,2,4,0.32,S,7,0,0
10697,3,female,32.1,5,4,72.9,S,10,0,0
10699,3,male,35.8,0,4,65.17,S,5,0,0
10700,3,female,5.0,2,4,25.78,S,7,0,0
10702,3,female,52.1,4,3,14.76,S,8,0,0
10704,2,male,6.3,5,4,56.82,S,10,0,0
10709,2,female,30.1,5,0,55.06,S,6,0,0
10710,2,male,32.0,1,2,54.0,S,4,0,0
10718,2,male,11.8,5,1,26.07,S,7,0,0
10719,3,male,28.2,0,1,134.29,S,2,0,0
10721,1,male,30.4,4,0,4.33,S,5,0,0
10722,1,female,16.7,4,2,35.87,S,7,0,0
10726,2,female,36.2,4,2,9.6,S,7,0,0
10727,1,male,32.5,5,3,1.49,S,9,0,0
10730,3,male,31.5,5,4,4.88,S,10,0,0
10733,3,male,19.0,3,3,41.09,S,7,0,0
10734,2,male,31.1,3,2,1.77,S,6,0,0
10735,2,female,43.3,2,2,7.68,S,5,0,0
10738,3,male,13.5,4,0,56.21,S,5,0,0
10739,3,male,36.3,0,4,2.55,S,5,0,0
10742,1,male,36.7,5,1,12.91,S,7,0,0
10744,3,male,31.2,1,1,123.02,S,3,0,0
10745,3,female,32.3,5,4,103.67,S,10,0,0
10748,3,male,28.1,2,4,39.25,S,7,0,0
10750,3,male,21.8,1,2,204.74,S,4,0,0
10751,3,male,21.5,2,3,30.68,S,6,0,0
10752,3,male,21.0,3,0,6.69,S,4,0,0
10754,3,female,53.5,4,4,31.2,S,9,0,0
10760,3,male,39.8,1,4,20.8,S,6,0,0
10763,2,female,25.7,0,1,1.44,S,2,0,0
10769,2,male,48.7,4,4,23.0,S,9,0,0
10770,1,male,26.2,2,3,36.13,S,6,0,0
10773,3,male,21.1,3,4,210.87,S,8,0,0
10774,3,male,47.0,0,1,1.88,S,2,0,0
10775,1,female,37.1,1,3,41.65,S,5,0,0
10779,2,male,18.6,0,3,28.8,S,4,0,0
10781,2,female,41.5,3,0,35.64,S,4,0,0
10785,3,male,29.3,4,1,10.92,S,6,0,0
10786,1,male,50.0,2,1,37.95,S,4,0,0
10789,1,male,27.8,5,3,5.9,S,9,0,0
10791,3,male,0.0,4,4,43.19,S,9,0,0
10793,3,male,48.0,1,0,2.14,S,2,0,0
10794,2,female,28.3,5,4,13.69,S,10,0,0
10795,2,male,23.1,3,3,50.51,S,7,0,0
10796,3,male,34.4,5,4,21.72,S,10,0,0
10797,2,female,53.4,3,0,37.93,S,4,0,0
10799,3,male,32.0,1,4,91.87,S,6,0,0
10800,3,male,23.5,4,4,62.5,S,9,0,0
10802,3,male,29.3,2,1,22.03,S,4,0,0
10805,2,female,18.8,2,0,31.05,S,3,0,0
10806,3,female,45.2,1,3,9.66,S,5,0,0
10807,1,male,25.4,3,4,5.57,S,8,0,0
10809,3,male,51.4,1,3,10.8,S,5,0,0
10812,2,male,43.9,3,4,36.04,S,8,0,0
10815,2,male,32.0,0,1,66.1,S,2,0,0
10820,2,male,15.1,2,0,13.33,S,3,0,0
10821,3,female,24.5,1,2,34.27,S,4,0,0
10823,1,male,30.4,0,4,37.02,S,5,0,0
10826,1,male,41.4,0,4,2.7,S,5,0,0
10829,2,male,41.3,0,2,4.09,S,3,0,0
10830,3,male,27.3,1,1,1.25,S,3,0,0
10831,3,male,6.3,2,3,3.03,S,6,0,0
10832,3,female,21.3,0,3,1.6,S,4,0,0
10833,1,male,0.0,1,3,25.42,S,5,0,0
10836,3,male,24.0,4,4,22.29,S,9,0,0
10839,2,male,18.9,1,4,4.67,S,6,0,0
10843,1,male,34.0,0,3,6.78,S,4,0,0
10844,3,male,33.3,5,0,29.28,S,6,0,0
10849,2,female,24.2,4,1,41.5,S,6,0,0
10850,2,male,20.7,2,3,2.3,S,6,0,0
10851,3,male,29.4,0,4,12.33,S,5,0,0
10854,2,male,36.7,4,0,24.76,S,5,0,0
10855,2,female,60.9,0,0,25.28,S,1,1,0
10857,2,male,54.0,2,2,29.82,S,5,0,0
10859,3,male,32.4,5,2,33.75,S,8,0,0
10861,1,male,33.2,1,4,30.42,S,6,0,0
10862,3,male,35.0,2,4,44.59,S,7,0,0
10864,2,male,38.8,0,4,19.92,S,5,0,0
10868,3,male,48.9,3,3,25.33,S,7,0,0
10869,3,male,16.9,4,1,36.77,S,6,0,0
10870,1,female,15.2,3,2,30.28,S,6,0,0
10872,3,female,14.0,2,3,26.23,S,6,0,0
10873,3,male,12.6,2,2,20.5,S,5,0,0
10875,1,male,28.3,4,3,4.12,S,8,0,0
10876,3,male,31.2,2,2,40.26,S,5,0,0
10877,2,female,36.5,0,3,36.54,S,4,0,0
10878,3,female,36.6,5,2,2.06,S,8,0,0
10880,3,female,29.7,0,3,49.59,S,4,0,0
10881,3,female,28.1,4,0,8.52,S,5,0,0
10883,1,male,9.6,5,0,2.8,S,6,0,0
10884,3,male,39.6,0,4,8.07,S,5,0,0
10886,2,male,37.9,4,2,14.37,S,7,0,0
10887,2,female,36.8,0,1,52.46,S,2,0,0
10891,2,female,29.4,1,2,24.43,S,4,0,0
10893,3,male,32.0,5,0,13.51,S,6,0,0
10894,1,female,32.6,0,4,33.93,S,5,0,0
10895,3,female,38.1,3,0,37.43,S,4,0,0
10896,2,female,27.7,0,4,31.5,S,5,0,0
10897,3,female,2.3,2,1,20.88,S,4,0,0
10898,1,female,38.6,4,2,48.96,S,7,0,0
10900,2,male,10.9,3,4,102.24,S,8,0,0
10904,3,male,0.0,5,3,62.12,S,9,0,0
10905,1,male,35.2,0,2,104.91,S,3,0,0
10907,3,male,30.0,3,4,95.28,S,8,0,0
10910,3,female,38.1,0,3,33.99,S,4,0,0
10915,3,female,17.1,4,1,13.24,S,6,0,0
10916,3,female,30.6,5,2,6.31,S,8,0,0
10917,3,male,50.1,3,2,5.41,S,6,0,0
10918,3,female,20.7,0,4,2.93,S,5,0,0
10921,3,female,38.2,4,1,107.61,S,6,0,0
10923,1,male,29.5,4,1,98.38,S,6,0,0
10925,1,female,33.6,3,2,28.01,S,6,0,0
10927,2,male,55.2,3,4,9.38,S,8,0,0
10928,3,female,26.4,0,0,14.86,S,1,1,0
10931,2,male,18.6,2,4,25.92,S,7,0,0
10932,1,female,61.6,4,3,3.41,S,8,0,0
10935,3,female,38.0,5,0,4.04,S,6,0,0
10938,3,female,12.5,1,3,23.87,S,5,0,0
10942,3,female,27.9,4,0,11.02,S,5,0,0
10943,3,male,37.0,0,1,31.31,S,2,0,0
10944,3,male,29.5,3,0,7.6,S,4,0,0
10946,3,female,45.2,3,2,8.57,S,6,0,0
10948,1,male,26.8,1,3,23.73,S,5,0,0
10950,3,female,39.8,2,0,31.73,S,3,0,0
10952,1,female,16.9,5,0,53.79,S,6,0,0
10953,2,male,47.2,3,0,127.64,S,4,0,0
10958,3,male,6.8,0,3,21.09,S,4,0,0
10960,3,male,1.9,0,1,18.11,S,2,0,0
10961,3,female,9.7,3,3,14.81,S,7,0,0
10963,2,male,21.6,0,3,8.21,S,4,0,0
10965,3,male,21.6,2,1,11.75,S,4,0,0
10967,3,male,33.4,0,3,11.39,S,4,0,0
10969,3,male,41.4,5,2,31.96,S,8,0,0
10970,2,male,30.1,4,0,30.7,S,5,0,0
10978,3,male,0.0,0,4,3.2,S,5,0,0
10979,3,female,28.8,0,3,24.39,S,4,0,0
10983,3,male,65.6,4,3,5.95,S,8,0,0
10986,2,male,30.8,5,0,108.85,S,6,0,0
10987,2,male,49.9,5,4,3.55,S,10,0,0
10991,2,female,28.5,3,3,61.3,S,7,0,0
10993,3,male,49.7,5,3,21.79,S,9,0,0
10995,2,male,9.6,4,1,34.45,S,6,0,0
10998,3,male,39.9,2,4,8.57,S,7,0,0
11000,1,female,46.7,1,1,112.22,S,3,0,0
11002,3,male,20.2,5,2,88.45,S,8,0,0
11009,1,female,56.1,0,4,6.55,S,5,0,0
11021,3,female,36.1,0,2,32.31,S,3,0,0
11025,1,male,30.8,0,0,24.97,S,1,1,0
11026,2,male,50.6,3,2,58.43,S,6,0,0
11029,3,male,46.3,1,3,88.36,S,5,0,0
11031,3,male,23.2,2,0,4.76,S,3,0,0
11032,3,male,34.4,0,0,36.98,S,1,1,0
11036,1,male,48.1,0,2,7.55,S,3,0,0
11037,1,female,26.9,5,0,31.17,S,6,0,0
11040,2,male,34.0,5,4,15.61,S,10,0,0
11047,3,male,30.0,0,4,5.35,S,5,0,0
11048,2,female,11.6,0,4,127.63,S,5,0,0
11050,1,female,39.6,5,3,32.9,S,9,0,0
11051,2,male,46.1,3,1,4.78,S,5,0,0
11055,1,female,29.5,2,1,19.74,S,4,0,0
11056,1,female,39.1,1,0,35.57,S,2,0,0
11064,3,male,43.9,2,3,22.67,S,6,0,0
11065,3,male,48.1,1,1,14.93,S,3,0,0
11066,3,male,18.9,4,2,19.99,S,7,0,0
11067,1,female,67.7,4,4,51.3,S,9,0,0
11068,3,male,48.3,5,1,8.33,S,7,0,0
11069,3,female,31.8,2,4,12.66,S,7,0,0
11070,3,female,50.0,5,2,23.93,S,8,0,0
11072,1,male,25.1,2,2,7.35,S,5,0,0
11073,2,male,35.5,5,1,23.81,S,7,0,0
11074,3,male,19.3,4,2,66.74,S,7,0,0
11076,3,male,15.9,0,2,40.9,S,3,0,0
11082,1,male,46.8,4,4,6.91,S,9,0,0
11083,3,male,19.8,5,1,3.8,S,7,0,0
11087,3,male,19.9,1,0,36.75,S,2,0,0
11092,3,male,21.2,0,2,7.86,S,3,0,0
11093,3,male,55.5,2,3,23.46,S,6,0,0
11094,3,female,32.2,5,1,4.95,S,7,0,0
11100,2,female,21.3,4,3,28.03,S,8,0,0
11103,2,male,13.8,3,1,34.93,S,5,0,0
11105,1,male,13.5,1,3,15.14,S,5,0,0
11107,2,male,41.6,3,0,15.9,S,4,0,0
11111,3,male,19.6,5,4,16.8,S,10,0,0
11113,3,male,31.0,3,2,30.18,S,6,0,0
11117,2,male,11.2,5,3,38.16,S,9,0,0
11119,2,female,30.1,3,3,2.33,S,7,0,0
11124,1,male,21.3,4,4,45.72,S,9,0,0
11127,1,female,13.5,1,0,9.79,S,2,0,0
11128,3,male,22.6,2,4,30.59,S,7,0,0
11131,2,male,30.6,1,1,49.66,S,3,0,0
11134,1,female,34.4,5,4,77.28,S,10,0,0
11135,3,male,32.0,2,1,36.63,S,4,0,0
11136,3,female,29.1,5,1,58.84,S,7,0,0
11142,3,male,28.1,4,3,31.89,S,8,0,0
11146,2,male,32.4,4,3,24.42,S,8,0,0
11147,1,female,17.7,2,4,28.09,S,7,0,0
11150,3,male,15.9,4,4,24.26,S,9,0,0
11151,2,female,23.5,1,3,2.97,S,5,0,0
11152,1,male,39.6,2,2,38.63,S,5,0,0
11153,1,female,13.7,1,3,21.48,S,5,0,0
11160,3,female,22.6,0,0,0.54,S,1,1,0
11161,2,male,51.3,5,2,7.9,S,8,0,0
11166,3,female,36.2,5,0,7.52,S,6,0,0
11167,2,male,4.8,3,0,4.61,S,4,0,0
11169,2,male,44.2,1,3,21.51,S,5,0,0
11176,3,male,45.2,4,1,42.51,S,6,0,0
11183,1,female,46.6,3,0,78.43,S,4,0,0
11186,3,male,21.2,4,3,6.48,S,8,0,0
11190,3,male,27.5,1,1,44.77,S,3,0,0
11192,3,male,18.9,0,0,53.04,S,1,1,0
11194,1,male,36.9,0,2,61.65,S,3,0,0
11195,3,male,0.0,5,1,10.56,S,7,0,0
11197,3,male,12.9,1,1,36.62,S,3,0,0
11198,3,female,41.5,5,1,44.72,S,7,0,0
11200,1,female,30.4,1,1,13.79,S,3,0,0
11201,3,male,15.0,3,2,3.99,S,6,0,0
11207,3,female,19.9,4,0,16.15,S,5,0,0
11208,1,male,48.9,1,2,3.68,S,4,0,0
11209,3,male,14.5,4,0,3.18,S,5,0,0
11210,3,female,0.0,3,3,21.64,S,7,0,0
11213,1,male,41.1,4,0,5.9,S,5,0,0
11215,2,male,25.1,5,1,2.86,S,7,0,0
11216,2,male,28.6,5,2,67.43,S,8,0,0
11218,3,male,34.3,1,4,15.65,S,6,0,0
11220,3,female,57.7,4,2,3.84,S,7,0,0
11224,2,male,36.8,4,4,116.76,S,9,0,0
11228,3,male,45.5,0,1,100.33,S,2,0,0
11229,1,male,31.3,4,3,70.76,S,8,0,0
11231,3,male,41.8,3,4,4.8,S,8,0,0
11232,3,male,48.1,3,3,59.66,S,7,0,0
11234,3,male,17.8,2,4,32.62,S,7,0,0
11236,1,male,38.5,3,2,24.04,S,6,0,0
11238,1,male,41.5,1,0,9.37,S,2,0,0
11242,1,female,21.0,5,0,69.76,S,6,0,0
11243,3,female,21.7,1,2,15.44,S,4,0,0
11244,1,female,31.1,1,4,92.99,S,6,0,0
11246,3,male,0.0,5,0,16.92,S,6,0,0
11250,1,male,30.1,3,0,39.91,S,4,0,0
11254,1,female,48.6,0,0,71.99,S,1,1,0
11256,3,female,17.0,5,4,5.29,S,10,0,0
11257,1,female,53.7,2,4,74.37,S,7,0,0
11259,2,male,8.3,1,2,12.63,S,4,0,0
11261,3,female,9.0,5,0,12.62,S,6,0,0
11263,3,male,41.6,0,3,94.57,S,4,0,0
11267,3,female,62.2,1,4,37.39,S,6,0,0
11269,3,male,27.8,1,3,15.93,S,5,0,0
11271,1,male,60.0,4,2,43.72,S,7,0,0
11272,2,male,39.1,3,1,19.66,S,5,0,0
11273,1,male,14.5,5,1,12.06,S,7,0,0
11274,3,female,12.9,0,4,17.16,S,5,0,0
11276,3,female,27.6,2,2,1.53,S,5,0,0
11277,3,male,8.0,2,0,13.0,S,3,0,0
11280,3,female,41.5,3,2,28.2,S,6,0,0
11281,2,male,49.9,2,3,6.91,S,6,0,0
11283,2,male,15.0,5,1,56.3,S,7,0,0
11285,3,male,52.0,5,2,36.39,S,8,0,0
11287,3,male,54.5,4,1,16.83,S,6,0,0
11288,2,female,37.8,4,2,199.03,S,7,0,0
11290,3,female,37.0,3,2,6.46,S,6,0,0
11291,2,female,4.8,2,4,52.72,S,7,0,0
11292,3,male,0.2,5,1,22.83,S,7,0,0
11294,3,female,29.2,3,4,9.05,S,8,0,0
11299,3,male,33.8,4,2,7.72,S,7,0,0
11300,2,male,44.4,3,4,13.18,S,8,0,0
11301,3,male,20.1,2,0,4.41,S,3,0,0
11302,1,female,40.7,4,0,13.35,S,5,0,0
11303,2,female,36.9,2,0,78.03,S,3,0,0
11304,1,male,45.3,3,4,27.37,S,8,0,0
11309,3,male,21.1,5,4,30.67,S,10,0,0
11316,3,female,27.3,0,4,68.05,S,5,0,0
11317,2,female,34.5,3,2,104.43,S,6,0,0
11320,1,female,19.8,2,1,81.52,S,4,0,0
11321,3,male,43.3,1,0,122.11,S,2,0,0
11322,2,female,46.9,3,3,18.0,S,7,0,0
11325,2,female,5.1,2,3,61.15,S,6,0,0
11326,2,male,26.5,5,3,11.31,S,9,0,0
11329,1,male,44.1,4,3,5.94,S,8,0,0
11331,2,male,16.4,2,3,28.18,S,6,0,0
11335,3,male,32.9,4,0,28.57,S,5,0,0
11336,3,female,54.3,5,0,2.72,S,6,0,0
11337,1,male,15.1,5,4,67.86,S,10,0,0
11339,3,male,42.2,1,0,49.92,S,2,0,0
11341,3,female,22.5,5,0,110.28,S,6,0,0
11342,3,male,49.7,0,2,105.93,S,3,0,0
11344,2,male,41.7,2,1,61.06,S,4,0,0
11347,3,female,23.9,2,0,40.27,S,3,0,0
11350,3,female,35.6,5,3,6.82,S,9,0,0
11352,2,male,2.7,3,1,95.79,S,5,0,0
11353,3,female,0.0,4,0,2.0,S,5,0,0
11356,1,male,52.7,0,0,33.71,S,1,1,0
11359,2,female,13.7,5,2,8.53,S,8,0,0
11361,3,female,50.7,1,3,55.91,S,5,0,0
11364,2,male,0.6,4,3,19.23,S,8,0,0
11366,3,male,33.4,2,2,57.93,S,5,0,0
11368,2,male,0.0,0,3,23.37,S,4,0,0
11371,2,female,10.2,3,1,80.08,S,5,0,0
11373,1,male,45.6,5,3,2.47,S,9,0,0
11377,3,male,0.0,2,4,3.55,S,7,0,0
11380,1,male,36.2,5,1,56.28,S,7,0,0
11384,1,male,18.8,4,3,131.2,S,8,0,0
11385,2,female,34.5,3,1,8.2,S,5,0,0
11386,2,male,47.6,0,4,75.28,S,5,0,0
11390,3,male,24.0,5,1,37.28,S,7,0,0
11393,3,female,34.7,1,4,32.63,S,6,0,0
11398,3,male,63.7,0,3,14.49,S,4,0,0
11400,3,female,42.4,3,1,7.44,S,5,0,0
11401,2,female,34.7,2,4,29.96,S,7,0,0
11403,2,female,5.3,1,4,6.86,S,6,0,0
11405,3,female,13.1,4,1,15.88,S,6,0,0
11407,3,female,25.1,4,3,1.7,S,8,0,0
11408,3,male,40.4,4,0,156.51,S,5,0,0
11409,3,female,15.5,0,0,84.07,S,1,1,0
11411,1,male,17.5,3,0,8.98,S,4,0,0
11412,3,female,23.1,0,3,8.46,S,4,0,0
11413,1,female,41.5,2,2,18.58,S,5,0,0
11414,2,male,36.1,0,4,15.62,S,5,0,0
11415,1,male,11.5,1,1,42.26,S,3,0,0
11417,3,male,30.2,0,2,99.5,S,3,0,0
11423,3,female,23.8,5,0,0.17,S,6,0,0
11425,3,female,31.9,2,0,19.35,S,3,0,0
11426,2,female,38.9,2,1,46.8,S,4,0,0
11430,2,male,38.8,4,4,9.04,S,9,0,0
11433,1,female,0.0,0,4,30.36,S,5,0,0
11435,3,female,27.0,5,4,38.29,S,10,0,0
11436,3,male,35.1,4,4,32.77,S,9,0,0
11440,3,female,6.9,4,0,18.78,S,5,0,0
11442,2,male,51.0,5,3,49.09,S,9,0,0
11443,3,male,11.2,5,2,20.05,S,8,0,0
11444,3,male,18.0,2,1,35.14,S,4,0,0
11447,1,female,16.8,2,0,1.21,S,3,0,0
11450,2,male,52.6,4,0,28.94,S,5,0,0
11452,3,male,24.2,2,4,23.62,S,7,0,0
11453,1,female,22.9,3,3,0.0,S,7,0,0
11455,3,female,11.8,2,0,4.97,S,3,0,0
11456,1,male,20.9,3,2,62.49,S,6,0,0
11460,3,female,58.1,3,0,14.57,S,4,0,0
11461,1,male,29.7,2,2,19.72,S,5,0,0
11463,2,male,39.7,4,1,22.78,S,6,0,0
11465,1,female,17.9,3,3,9.5,S,7,0,0
11470,3,male,43.4,0,3,31.68,S,4,0,0
11471,3,male,13.0,2,1,27.29,S,4,0,0
11473,3,male,37.6,1,0,14.35,S,2,0,0
11475,1,male,39.2,3,0,10.51,S,4,0,0
11476,3,female,34.9,5,4,29.07,S,10,0,0
11481,3,female,20.5,3,0,9.11,S,4,0,0
11482,1,male,26.0,5,0,59.66,S,6,0,0
11483,2,female,40.8,2,2,16.14,S,5,0,0
11485,2,female,43.1,1,2,8.9,S,4,0,0
11486,3,male,44.5,3,4,27.44,S,8,0,0
11489,3,male,27.5,4,3,7.5,S,8,0,0
11491,2,male,33.7,1,4,5.49,S,6,0,0
11492,1,male,35.8,1,4,0.69,S,6,0,0
11494,3,female,26.8,0,0,48.9,S,1,1,0
11495,3,male,22.7,2,3,54.92,S,6,0,0
11496,2,male,31.0,4,0,2.45,S,5,0,0
11497,1,male,40.1,0,2,91.26,S,3,0,0
11498,3,female,25.3,3,0,30.83,S,4,0,0
11500,2,male,9.6,4,1,2.84,S,6,0,0
11504,3,male,34.6,0,1,0.38,S,2,0,0
11508,2,male,22.3,5,1,5.53,S,7,0,0
11509,3,female,30.3,0,1,0.34,S,2,0,0
11510,1,male,35.9,3,0,3.5,S,4,0,0
11511,3,male,17.5,5,4,28.87,S,10,0,0
11513,3,male,32.7,3,1,2.28,S,5,0,0
11517,3,male,24.9,3,4,26.38,S,8,0,0
11521,3,female,12.1,1,2,1.21,S,4,0,0
11522,3,male,7.1,2,0,17.66,S,3,0,0
11523,1,male,34.8,1,3,9.81,S,5,0,0
11524,1,female,28.2,0,2,20.67,S,3,0,0
11528,1,female,20.1,4,1,51.16,S,6,0,0
11531,3,female,35.5,4,3,4.88,S,8,0,0
11533,3,male,45.0,3,4,0.73,S,8,0,0
11534,3,male,0.0,1,2,8.59,S,4,0,0
11537,3,male,27.7,3,0,4.8,S,4,0,0
11544,3,male,40.9,3,4,31.37,S,8,0,0
11545,3,female,20.8,0,3,26.03,S,4,0,0
11546,3,male,24.3,0,4,140.45,S,5,0,0
11555,2,male,6.6,0,1,58.3,S,2,0,0
11561,2,female,12.4,3,2,8.21,S,6,0,0
11565,3,female,11.1,2,1,39.71,S,4,0,0
11566,3,male,11.2,5,0,59.77,S,6,0,0
11568,3,female,53.0,0,3,10.69,S,4,0,0
11571,3,female,2.4,3,0,18.25,S,4,0,0
11572,3,male,26.2,1,3,21.7,S,5,0,0
11573,2,male,27.4,2,4,57.77,S,7,0,0
11575,1,male,19.1,0,0,6.0,S,1,1,0
11580,3,male,54.1,5,3,0.18,S,9,0,0
11581,1,male,56.4,5,0,27.91,S,6,0,0
11586,3,male,34.5,0,1,23.56,S,2,0,0
11587,3,female,19.0,0,0,24.23,S,1,1,0
11592,3,male,73.6,3,2,106.18,S,6,0,0
11593,3,female,35.0,0,3,25.21,S,4,0,0
11596,3,female,26.8,3,2,3.58,S,6,0,0
11597,2,female,50.1,5,4,12.0,S,10,0,0
11600,3,female,28.2,5,4,33.14,S,10,0,0
11604,3,male,20.4,4,1,70.55,S,6,0,0
11609,3,male,26.7,4,1,71.73,S,6,0,0
11612,3,male,17.5,2,1,32.2,S,4,0,0
11614,1,male,48.2,2,3,0.08,S,6,0,0
11617,1,female,33.0,0,0,44.12,S,1,1,0
11619,3,male,25.7,4,4,4.67,S,9,0,0
11620,3,female,23.8,1,1,5.96,S,3,0,0
11621,1,male,17.7,4,1,22.24,S,6,0,0
11622,3,male,34.0,0,2,9.82,S,3,0,0
11625,1,male,18.7,5,4,19.14,S,10,0,0
11627,3,male,14.9,2,0,2.71,S,3,0,0
11628,1,male,30.2,0,1,65.53,S,2,0,0
11629,1,male,26.3,2,3,51.84,S,6,0,0
11636,3,male,39.4,0,0,2.68,S,1,1,0
11638,2,female,40.7,0,4,7.16,S,5,0,0
11639,3,male,44.2,2,0,35.55,S,3,0,0
11644,1,male,20.2,4,4,25.53,S,9,0,0
11645,2,male,19.9,5,3,32.11,S,9,0,0
11646,3,male,26.3,3,4,43.38,S,8,0,0
11647,3,male,28.5,0,2,22.02,S,3,0,0
11650,3,male,27.6,4,1,33.67,S,6,0,0
11651,3,female,20.5,5,0,17.79,S,6,0,0
11658,3,male,37.9,5,3,18.79,S,9,0,0
11659,1,female,42.0,0,2,5.0,S,3,0,0
11665,3,female,34.3,4,4,156.25,S,9,0,0
11666,3,male,51.8,1,1,28.43,S,3,0,0
11669,1,male,42.0,4,0,79.32,S,5,0,0
11670,1,male,32.0,1,4,7.27,S,6,0,0
11671,1,male,35.9,0,3,7.29,S,4,0,0
11672,3,female,27.9,4,4,27.05,S,9,0,0
11674,3,male,24.3,1,3,11.61,S,5,0,0
11675,1,male,45.7,0,4,16.9,S,5,0,0
11676,3,female,24.9,3,4,56.91,S,8,0,0
11678,3,male,15.4,2,4,35.08,S,7,0,0
11679,2,male,57.6,0,0,27.55,S,1,1,0
11680,1,male,33.5,3,3,0.5,S,7,0,0
11681,3,female,33.8,1,0,26.64,S,2,0,0
11682,2,male,42.0,0,4,98.59,S,5,0,0
11683,3,male,22.3,1,2,58.11,S,4,0,0
11686,3,female,20.4,5,4,7.81,S,10,0,0
11688,3,male,2.7,4,3,10.91,S,8,0,0
11690,3,male,28.3,0,3,8.14,S,4,0,0
11691,1,male,13.7,3,0,11.82,S,4,0,0
11696,1,male,11.3,2,2,98.12,S,5,0,0
11700,2,male,21.2,5,0,0.73,S,6,0,0
11701,1,female,28.5,0,3,17.92,S,4,0,0
11702,3,female,10.6,1,1,13.22,S,3,0,0
11703,1,male,9.4,5,2,2.35,S,8,0,0
11704,1,male,36.8,5,2,53.34,S,8,0,0
11709,3,male,44.4,4,1,6.71,S,6,0,0
11711,3,female,22.0,3,4,2.59,S,8,0,0
11713,3,male,18.2,4,4,24.96,S,9,0,0
11714,1,male,31.2,4,3,47.86,S,8,0,0
11718,2,male,11.0,5,3,23.18,S,9,0,0
11719,3,male,8.8,4,0,31.63,S,5,0,0
11720,3,male,33.0,4,3,15.79,S,8,0,0
11724,3,male,17.0,0,4,76.49,S,5,0,0
11725,3,male,12.0,2,2,3.88,S,5,0,0
11729,3,male,25.5,4,0,28.88,S,5,0,0
11731,3,male,54.4,5,2,16.24,S,8,0,0
11732,3,male,29.9,0,0,20.54,S,1,1,0
11739,3,female,0.0,5,2,77.88,S,8,0,0
11740,3,female,17.1,3,3,13.23,S,7,0,0
11741,1,male,33.8,3,4,17.68,S,8,0,0
11745,3,male,31.5,1,2,20.79,S,4,0,0
11746,3,female,15.3,1,4,11.77,S,6,0,0
11747,3,male,29.0,2,3,18.61,S,6,0,0
11749,1,male,44.0,3,4,19.05,S,8,0,0
11750,2,male,33.7,5,4,7.24,S,10,0,0
11753,2,male,23.8,3,0,4.31,S,4,0,0
11754,3,male,9.2,4,2,55.28,S,7,0,0
11755,2,male,43.8,3,0,14.48,S,4,0,0
11761,2,male,18.3,1,1,21.79,S,3,0,0
11762,3,female,36.9,2,2,5.66,S,5,0,0
11763,3,male,32.5,3,1,1.5,S,5,0,0
11764,2,male,17.4,5,0,51.14,S,6,0,0
11766,1,male,21.3,2,4,2.6,S,7,0,0
11767,2,male,46.4,5,3,71.49,S,9,0,0
11768,3,female,19.9,5,2,15.95,S,8,0,0
11771,3,male,4.6,5,1,8.14,S,7,0,0
11772,3,male,0.0,4,4,25.61,S,9,0,0
11773,3,male,26.1,0,1,9.2,S,2,0,0
11775,3,female,46.2,0,4,55.99,S,5,0,0
11777,3,male,18.7,1,1,24.28,S,3,0,0
11781,3,female,37.0,4,2,6.06,S,7,0,0
11788,1,female,12.2,1,0,18.46,S,2,0,0
11791,3,male,15.8,5,4,69.27,S,10,0,0
11793,3,female,6.5,3,0,50.92,S,4,0,0
11794,1,female,22.2,0,0,32.05,S,1,1,0
11797,1,female,40.1,2,3,8.33,S,6,0,0
11798,3,male,17.7,2,2,4.91,S,5,0,0
11799,1,male,32.8,3,3,109.33,S,7,0,0
11802,3,male,24.7,4,4,9.87,S,9,0,0
11805,3,female,36.8,4,2,72.09,S,7,0,0
11807,3,male,30.7,5,0,72.21,S,6,0,0
11809,3,male,25.7,2,0,3.7,S,3,0,0
11812,3,male,37.7,5,3,79.93,S,9,0,0
11813,1,male,50.9,4,0,123.6,S,5,0,0
11814,3,male,47.3,3,0,8.24,S,4,0,0
11816,3,female,32.0,2,1,127.76,S,4,0,0
11819,3,female,19.1,5,1,19.28,S,7,0,0
11822,3,male,27.5,3,1,85.41,S,5,0,0
11826,1,male,25.4,3,4,111.27,S,8,0,0
11828,3,male,13.8,2,1,107.21,S,4,0,0
11829,1,male,20.5,2,4,2.05,S,7,0,0
11834,3,female,24.1,1,4,18.07,S,6,0,0
11836,1,female,8.5,0,1,5.16,S,2,0,0
11839,3,female,0.0,4,0,45.1,S,5,0,0
11840,1,female,36.6,4,3,37.49,S,8,0,0
11841,1,male,33.8,4,0,20.55,S,5,0,0
11845,1,female,14.0,3,4,58.03,S,8,0,0
11850,3,female,22.3,5,4,29.13,S,10,0,0
11854,1,female,0.0,3,0,9.01,S,4,0,0
11855,2,male,15.0,5,2,12.96,S,8,0,0
11856,3,male,26.8,5,2,14.32,S,8,0,0
11861,3,male,17.1,3,0,39.55,S,4,0,0
11865,3,male,29.1,3,4,34.11,S,8,0,0
11867,1,male,42.4,1,4,89.44,S,6,0,0
11871,1,male,25.5,4,4,8.16,S,9,0,0
11872,3,male,30.0,4,2,8.62,S,7,0,0
11877,3,male,33.4,1,1,20.79,S,3,0,0
11880,1,male,19.3,0,0,15.47,S,1,1,0
11881,1,male,17.0,5,4,95.89,S,10,0,0
11882,3,male,19.8,2,3,2.28,S,6,0,0
11883,1,female,21.2,4,0,46.61,S,5,0,0
11886,1,male,14.4,3,0,65.46,S,4,0,0
11887,3,female,40.0,4,3,20.29,S,8,0,0
11889,2,female,33.6,2,4,17.2,S,7,0,0
11892,2,male,32.8,0,1,45.59,S,2,0,0
11893,3,male,44.0,4,3,49.8,S,8,0,0
11894,1,female,16.5,0,1,23.84,S,2,0,0
11895,1,male,0.6,4,4,38.74,S,9,0,0
11899,1,male,22.5,4,2,39.81,S,7,0,0
11900,3,female,18.1,5,4,33.43,S,10,0,0
11903,2,male,8.2,5,1,66.56,S,7,0,0
11907,2,male,29.9,1,0,8.74,S,2,0,0
11909,3,male,18.8,3,4,35.41,S,8,0,0
11911,3,male,23.1,5,0,11.81,S,6,0,0
11912,3,male,13.7,2,4,62.25,S,7,0,0
11918,3,male,54.0,5,1,24.7,S,7,0,0
11921,1,male,34.3,3,2,43.14,S,6,0,0
11924,3,male,29.8,0,0,19.91,S,1,1,0
11926,2,male,27.8,3,2,11.79,S,6,0,0
11927,1,female,36.0,1,3,4.53,S,5,0,0
11928,2,male,21.1,3,3,13.35,S,7,0,0
11929,3,male,27.7,3,2,25.23,S,6,0,0
11934,1,male,34.1,3,1,2.1,S,5,0,0
11935,3,female,33.2,2,2,18.11,S,5,0,0
11937,3,male,27.2,2,1,0.44,S,4,0,0
11938,3,male,27.7,4,1,0.5,S,6,0,0
11939,3,male,18.7,0,4,11.25,S,5,0,0
11940,1,male,1.0,4,4,2.45,S,9,0,0
11941,2,male,34.2,1,4,6.86,S,6,0,0
11946,3,female,24.6,2,1,69.13,S,4,0,0
11947,1,male,29.7,3,4,38.15,S,8,0,0
11948,1,male,6.0,0,4,61.25,S,5,0,0
11951,3,male,45.2,1,0,30.59,S,2,0,0
11952,3,male,20.0,4,3,43.59,S,8,0,0
11963,2,female,50.9,1,4,21.89,S,6,0,0
11964,2,female,29.4,3,1,27.23,S,5,0,0
11968,1,male,29.0,5,4,65.65,S,10,0,0
11971,1,male,21.7,1,4,48.78,S,6,0,0
11974,3,male,44.6,1,2,19.83,S,4,0,0
11978,2,male,42.2,1,3,16.48,S,5,0,0
11979,3,male,42.8,0,3,19.33,S,4,0,0
11980,1,male,37.7,5,2,65.22,S,8,0,0
11981,2,female,47.9,3,4,6.05,S,8,0,0
11982,1,male,12.0,3,1,1.16,S,5,0,0
11983,3,female,60.5,4,4,10.78,S,9,0,0
11984,1,female,43.8,1,2,5.21,S,4,0,0
11985,3,male,26.8,3,1,135.67,S,5,0,0
11986,3,male,44.5,3,3,26.72,S,7,0,0
11991,1,male,22.6,1,4,4.91,S,6,0,0
11993,3,female,22.8,0,4,18.54,S,5,0,0
11995,2,female,28.7,4,3,18.62,S,8,0,0
12001,1,female,12.0,2,1,59.9,S,4,0,0
12002,3,male,38.7,0,3,1.21,S,4,0,0
12006,3,female,31.9,0,4,8.96,S,5,0,0
12008,3,male,20.1,2,1,74.16,S,4,0,0
12011,2,female,43.4,4,4,7.0,S,9,0,0
12014,3,female,23.9,2,3,126.94,S,6,0,0
12016,3,male,21.4,5,2,21.38,S,8,0,0
12019,3,male,30.9,3,2,44.2,S,6,0,0
12021,3,male,29.7,2,3,42.33,S,6,0,0
12024,1,female,27.3,1,3,13.56,S,5,0,0
12025,3,male,5.9,4,4,65.0,S,9,0,0
12027,1,male,28.0,5,1,42.56,S,7,0,0
12028,3,male,57.2,0,4,55.16,S,5,0,0
12030,3,female,31.2,4,1,5.23,S,6,0,0
12031,1,male,52.7,0,2,37.13,S,3,0,0
12033,3,female,39.2,4,2,9.8,S,7,0,0
12035,3,female,11.3,2,2,14.16,S,5,0,0
12036,2,male,32.7,2,3,54.03,S,6,0,0
12038,2,male,50.2,1,4,10.81,S,6,0,0
12039,3,male,38.2,3,0,30.5,S,4,0,0
12041,1,female,7.3,0,3,100.32,S,4,0,0
12043,3,male,32.0,4,0,42.07,S,5,0,0
12045,3,female,43.0,4,2,16.71,S,7,0,0
12046,1,male,8.2,2,0,55.26,S,3,0,0
12049,3,female,42.9,4,3,68.15,S,8,0,0
12050,3,female,36.6,2,3,2.85,S,6,0,0
12051,1,male,17.4,4,3,7.44,S,8,0,0
12057,2,male,27.4,5,2,21.74,S,8,0,0
12058,3,male,27.9,1,4,53.81,S,6,0,0
12059,2,male,23.3,3,0,33.67,S,4,0,0
12062,2,male,10.8,4,1,10.27,S,6,0,0
12065,2,female,20.4,1,0,72.94,S,2,0,0
12069,3,female,42.4,1,3,31.32,S,5,0,0
12070,3,male,44.0,1,1,0.48,S,3,0,0
12071,2,male,19.5,5,4,2.83,S,10,0,0
12074,1,male,25.8,3,2,28.69,S,6,0,0
12076,3,female,35.1,4,4,4.2,S,9,0,0
12077,1,male,68.2,0,2,20.21,S,3,0,0
12078,2,female,54.8,4,1,78.12,S,6,0,0
12080,3,male,20.5,2,0,19.88,S,3,0,0
12082,2,female,44.6,1,3,9.21,S,5,0,0
12083,3,female,39.5,3,2,98.39,S,6,0,0
12085,2,male,31.0,3,3,1.67,S,7,0,0
12088,2,male,8.0,3,3,0.39,S,7,0,0
12089,3,female,32.2,1,3,16.01,S,5,0,0
12091,3,female,21.5,5,4,2.28,S,10,0,0
12092,3,female,46.9,2,1,86.06,S,4,0,0
12096,2,female,32.6,2,1,8.95,S,4,0,0
12100,1,female,22.6,4,2,76.39,S,7,0,0
12101,2,female,25.2,0,4,10.43,S,5,0,0
12104,3,male,15.8,0,1,5.14,S,2,0,0
12109,3,male,4.9,5,0,15.99,S,6,0,0
12110,3,male,20.7,4,0,20.73,S,5,0,0
12112,3,male,11.3,3,4,16.07,S,8,0,0
12116,3,female,45.4,4,2,9.11,S,7,0,0
12121,1,male,28.4,5,4,50.88,S,10,0,0
12122,2,male,22.1,0,4,14.94,S,5,0,0
12124,1,male,22.9,1,2,23.23,S,4,0,0
12126,3,male,12.5,1,4,13.98,S,6,0,0
12130,3,male,22.2,4,2,1.91,S,7,0,0
12132,3,male,37.2,0,2,10.28,S,3,0,0
12138,3,female,44.2,1,4,19.75,S,6,0,0
12140,3,female,12.6,2,4,11.67,S,7,0,0
12143,3,female,32.8,2,4,40.85,S,7,0,0
12144,3,male,28.7,4,2,1.8,S,7,0,0
12146,3,male,44.1,0,3,8.8,S,4,0,0
12147,3,female,43.2,2,4,3.08,S,7,0,0
12148,3,male,9.4,1,1,34.62,S,3,0,0
12149,3,female,42.2,3,3,7.87,S,7,0,0
12152,1,male,28.0,1,4,3.47,S,6,0,0
12155,3,female,13.4,3,2,19.11,S,6,0,0
12156,3,male,43.3,0,1,8.0,S,2,0,0
12157,3,male,40.3,5,4,23.21,S,10,0,0
12159,1,male,33.1,5,1,16.62,S,7,0,0
12162,2,female,39.2,0,4,4.13,S,5,0,0
12165,3,female,40.3,0,1,0.04,S,2,0,0
12168,2,female,52.8,4,2,8.34,S,7,0,0
12170,3,male,27.0,4,2,13.13,S,7,0,0
12172,1,male,16.8,1,4,46.01,S,6,0,0
12176,3,male,19.4,2,1,10.75,S,4,0,0
12177,2,female,24.6,2,2,18.66,S,5,0,0
12178,1,male,0.0,3,4,81.91,S,8,0,0
12180,3,female,32.7,5,4,6.87,S,10,0,0
12182,1,male,5.7,1,4,5.35,S,6,0,0
12187,3,male,6.4,4,0,57.38,S,5,0,0
12189,3,male,44.1,0,1,61.78,S,2,0,0
12190,2,female,39.7,5,2,6.73,S,8,0,0
12193,1,female,41.2,0,4,36.87,S,5,0,0
12197,1,male,13.6,3,0,15.48,S,4,0,0
12198,2,female,0.0,4,1,11.56,S,6,0,0
12200,2,female,49.7,1,0,132.75,S,2,0,0
12202,3,male,28.1,1,1,45.26,S,3,0,0
12204,1,male,11.9,4,2,23.2,S,7,0,0
12205,3,male,30.6,0,0,54.36,S,1,1,0
12207,1,male,29.8,2,2,10.21,S,5,0,0
12208,3,female,25.2,3,2,15.5,S,6,0,0
12209,3,male,24.9,5,3,27.67,S,9,0,0
12210,1,male,42.9,3,4,0.0,S,8,0,0
12211,1,male,56.5,2,2,57.69,S,5,0,0
12215,3,male,27.7,5,4,18.08,S,10,0,0
12216,3,male,10.9,2,3,2.25,S,6,0,0
12218,3,male,39.0,4,3,49.68,S,8,0,0
12222,3,male,46.2,0,0,33.39,S,1,1,0
12223,1,female,44.2,4,2,3.17,S,7,0,0
12225,1,male,20.8,2,0,20.39,S,3,0,0
12226,2,male,19.4,2,2,18.58,S,5,0,0
12228,3,female,28.6,4,4,65.48,S,9,0,0
12232,1,male,31.6,1,4,172.66,S,6,0,0
12233,1,male,3.2,2,1,13.62,S,4,0,0
12234,2,male,29.4,2,3,9.83,S,6,0,0
12238,3,female,26.1,0,3,26.9,S,4,0,0
12240,1,male,15.4,4,3,9.29,S,8,0,0
12241,3,male,56.0,1,0,39.72,S,2,0,0
12244,1,male,20.7,4,0,11.87,S,5,0,0
12245,3,male,59.1,0,4,52.85,S,5,0,0
12246,3,male,48.5,4,3,4.27,S,8,0,0
12247,1,male,23.8,4,2,9.17,S,7,0,0
12248,2,female,35.0,5,1,18.5,S,7,0,0
12255,3,female,35.3,1,0,30.38,S,2,0,0
12256,1,female,55.8,0,1,15.75,S,2,0,0
12257,1,female,21.4,3,1,63.72,S,5,0,0
12258,3,female,15.3,4,2,21.29,S,7,0,0
12265,1,male,25.0,5,3,79.68,S,9,0,0
12266,3,female,44.4,2,2,13.42,S,5,0,0
12267,3,female,36.4,4,0,9.03,S,5,0,0
12269,1,male,41.6,3,4,115.26,S,8,0,0
12274,2,female,48.3,2,4,30.9,S,7,0,0
12275,1,male,29.7,5,4,105.95,S,10,0,0
12277,2,male,34.6,1,2,0.06,S,4,0,0
12279,1,male,50.4,5,0,33.58,S,6,0,0
12282,3,male,43.1,1,2,83.16,S,4,0,0
12283,3,male,35.0,5,2,0.14,S,8,0,0
12284,1,male,70.4,2,4,117.29,S,7,0,0
12287,3,female,41.3,0,1,10.4,S,2,0,0
12288,3,male,0.3,2,0,42.0,S,3,0,0
12289,1,female,18.7,4,1,23.21,S,6,0,0
12290,3,male,22.8,3,4,9.76,S,8,0,0
12293,3,female,9.8,4,3,9.19,S,8,0,0
12296,3,male,55.9,5,3,4.84,S,9,0,0
12298,3,female,12.0,1,2,0.21,S,4,0,0
12301,3,male,7.4,5,1,2.2,S,7,0,0
12305,3,male,35.0,4,3,14.54,S,8,0,0
12306,3,female,26.9,2,2,37.33,S,5,0,0
12308,3,male,19.1,3,3,39.34,S,7,0,0
12310,3,male,15.3,4,0,39.25,S,5,0,0
12312,1,female,8.0,1,4,4.63,S,6,0,0
12316,3,male,38.4,3,1,2.95,S,5,0,0
12317,3,male,53.0,0,0,95.75,S,1,1,0
12318,2,male,40.7,2,0,41.48,S,3,0,0
12324,3,male,18.0,1,1,42.79,S,3,0,0
12329,3,female,27.5,4,3,35.85,S,8,0,0
12334,1,male,46.6,5,1,21.08,S,7,0,0
12335,1,male,54.6,5,4,51.14,S,10,0,0
12336,3,female,27.5,0,4,68.92,S,5,0,0
12337,1,male,21.1,5,2,60.51,S,8,0,0
12341,1,female,38.1,4,4,27.71,S,9,0,0
12342,3,female,14.4,4,2,8.15,S,7,0,0
12344,3,female,3.8,3,2,21.76,S,6,0,0
12346,2,male,18.9,5,2,25.78,S,8,0,0
12348,2,male,1.0,5,0,7.68,S,6,0,0
12349,3,male,22.3,4,2,13.54,S,7,0,0
12352,3,male,11.7,2,4,29.36,S,7,0,0
12353,3,male,22.1,5,0,54.91,S,6,0,0
12354,1,male,40.3,1,0,7.47,S,2,0,0
12358,1,female,38.6,1,0,3.84,S,2,0,0
12359,3,male,23.2,4,1,49.73,S,6,0,0
12361,1,male,11.0,2,3,5.78,S,6,0,0
12363,1,female,12.7,4,2,7.58,S,7,0,0
12365,3,male,46.1,1,3,7.93,S,5,0,0
12367,3,male,28.8,5,3,24.31,S,9,0,0
12370,2,male,58.9,1,4,5.04,S,6,0,0
12376,1,female,0.0,2,4,6.06,S,7,0,0
12378,3,female,9.3,0,4,89.39,S,5,0,0
12380,3,male,21.9,0,4,37.47,S,5,0,0
12381,3,male,13.8,1,0,3.97,S,2,0,0
12382,3,male,0.0,2,0,34.55,S,3,0,0
12383,1,male,24.1,3,4,8.97,S,8,0,0
12385,1,male,38.9,1,3,0.75,S,5,0,0
12387,3,female,25.8,5,1,34.84,S,7,0,0
12395,2,female,10.1,1,3,4.84,S,5,0,0
12396,1,male,54.0,4,3,56.4,S,8,0,0
12397,3,male,31.3,4,3,26.68,S,8,0,0
12399,2,male,58.2,2,4,49.71,S,7,0,0
12401,3,male,50.5,2,4,5.86,S,7,0,0
12403,1,male,44.6,4,0,84.61,S,5,0,0
12405,3,male,29.8,5,0,15.65,S,6,0,0
12406,3,male,24.2,2,4,0.17,S,7,0,0
12407,2,female,42.9,5,4,8.2,S,10,0,0
12414,3,female,40.3,3,4,18.91,S,8,0,0
12415,1,male,40.3,1,1,2.24,S,3,0,0
12416,3,male,32.3,3,3,26.02,S,7,0,0
12417,3,female,17.4,1,2,10.24,S,4,0,0
12419,3,male,0.0,0,3,5.43,S,4,0,0
12421,3,male,17.6,5,1,15.37,S,7,0,0
12426,3,female,40.1,3,3,65.11,S,7,0,0
12427,3,female,26.6,1,1,71.21,S,3,0,0
12433,3,male,25.4,1,3,55.22,S,5,0,0
12434,1,male,42.1,2,4,43.28,S,7,0,0
12436,3,male,34.6,4,4,4.12,S,9,0,0
12437,3,male,17.1,3,3,40.42,S,7,0,0
12438,3,male,16.0,2,2,75.54,S,5,0,0
12439,3,male,18.3,0,2,122.92,S,3,0,0
12441,3,male,35.1,4,0,32.41,S,5,0,0
12443,3,female,24.9,5,2,14.74,S,8,0,0
12446,3,male,27.3,0,0,82.71,S,1,1,0
12449,1,female,23.5,5,3,35.78,S,9,0,0
12454,1,male,41.9,3,1,156.56,S,5,0,0
12455,3,female,22.7,3,1,11.97,S,5,0,0
12456,3,female,10.7,2,2,25.96,S,5,0,0
12457,3,male,38.7,2,2,5.62,S,5,0,0
12459,3,female,39.5,3,1,9.85,S,5,0,0
12460,2,male,23.8,0,3,36.68,S,4,0,0
12464,3,female,6.7,0,1,15.3,S,2,0,0
12465,1,male,24.8,1,4,2.14,S,6,0,0
12466,1,female,32.1,4,4,2.06,S,9,0,0
12467,3,female,25.0,5,1,50.27,S,7,0,0
12468,3,female,56.9,0,1,43.19,S,2,0,0
12469,2,male,34.7,1,1,20.05,S,3,0,0
12472,1,female,32.3,2,0,35.05,S,3,0,0
12473,3,male,42.8,2,1,2.56,S,4,0,0
12475,3,male,26.2,5,0,2.25,S,6,0,0
12477,1,male,10.0,3,4,22.42,S,8,0,0
12478,3,male,24.2,0,3,15.0,S,4,0,0
12479,3,male,14.8,2,1,31.97,S,4,0,0
12482,2,female,34.6,3,4,56.48,S,8,0,0
12483,3,male,11.6,5,0,28.88,S,6,0,0
12485,3,female,23.8,4,1,4.68,S,6,0,0
12486,3,female,34.3,2,0,64.6,S,3,0,0
12487,3,male,4.0,3,0,4.38,S,4,0,0
12488,3,female,8.1,1,1,30.93,S,3,0,0
12491,3,male,38.2,4,1,8.17,S,6,0,0
12492,1,female,44.2,3,4,14.37,S,8,0,0
12493,2,male,7.9,5,2,47.55,S,8,0,0
12497,2,male,21.5,3,4,125.07,S,8,0,0
12501,1,male,36.3,3,0,12.03,S,4,0,0
12502,3,female,37.9,0,4,12.19,S,5,0,0
12504,1,male,38.8,5,1,49.89,S,7,0,0
12508,3,male,16.8,1,0,65.7,S,2,0,0
12510,2,male,49.3,0,4,13.3,S,5,0,0
12512,2,male,39.7,1,4,37.56,S,6,0,0
12513,3,female,47.0,3,1,4.76,S,5,0,0
12515,2,female,23.3,4,4,75.6,S,9,0,0
12518,1,female,0.7,1,4,5.23,S,6,0,0
12520,2,female,40.1,2,2,31.65,S,5,0,0
12523,3,male,35.8,0,2,11.75,S,3,0,0
12524,1,male,23.8,2,4,19.46,S,7,0,0
12526,3,female,49.0,1,4,3.66,S,6,0,0
12528,2,male,27.3,3,4,19.31,S,8,0,0
12529,2,male,35.1,5,1,65.64,S,7,0,0
12530,1,male,42.3,1,4,12.83,S,6,0,0
12532,3,female,40.2,1,3,11.56,S,5,0,0
12533,2,male,34.2,4,2,11.78,S,7,0,0
12534,3,female,48.9,1,0,39.48,S,2,0,0
12535,1,female,38.8,4,3,26.42,S,8,0,0
12538,2,male,35.4,0,0,59.54,S,1,1,0
12539,3,male,27.0,1,4,43.84,S,6,0,0
12541,3,male,32.2,4,2,67.02,S,7,0,0
12544,1,female,0.0,0,2,14.38,S,3,0,0
12545,2,female,39.7,5,4,25.88,S,10,0,0
12550,3,male,17.4,2,0,37.26,S,3,0,0
12552,3,female,22.7,5,2,72.75,S,8,0,0
12554,3,female,0.0,2,4,18.94,S,7,0,0
12555,1,female,3.7,1,4,34.56,S,6,0,0
12561,1,male,25.3,2,0,32.57,S,3,0,0
12564,2,male,17.7,4,2,2.0,S,7,0,0
12567,3,female,15.9,4,2,43.38,S,7,0,0
12569,3,female,35.4,3,0,61.9,S,4,0,0
12572,1,female,38.3,5,0,3.2,S,6,0,0
12573,3,female,36.4,1,0,22.64,S,2,0,0
12574,3,male,14.5,4,4,33.32,S,9,0,0
12575,1,female,7.5,2,3,29.28,S,6,0,0
12576,3,female,0.0,3,1,72.95,S,5,0,0
12577,2,female,54.1,3,1,80.13,S,5,0,0
12578,3,female,22.8,5,4,31.14,S,10,0,0
12584,2,female,14.5,2,1,41.59,S,4,0,0
12585,3,male,24.1,3,1,21.42,S,5,0,0
12592,2,female,41.0,3,4,54.62,S,8,0,0
12593,3,female,25.6,0,2,18.41,S,3,0,0
12594,3,male,8.0,2,0,119.85,S,3,0,0
12595,3,female,0.3,2,4,0.14,S,7,0,0
12597,3,male,19.7,5,0,33.82,S,6,0,0
12599,2,male,33.6,1,4,58.72,S,6,0,0
12601,1,male,4.5,4,3,1.14,S,8,0,0
12603,3,male,27.8,5,3,66.08,S,9,0,0
12605,1,male,8.2,2,2,4.31,S,5,0,0
12610,3,male,44.2,3,2,5.75,S,6,0,0
12612,3,female,9.6,1,1,29.3,S,3,0,0
12613,3,female,17.2,1,4,9.94,S,6,0,0
12616,1,male,40.3,0,2,48.84,S,3,0,0
12617,2,male,18.1,1,3,10.28,S,5,0,0
12618,1,male,21.6,0,3,59.09,S,4,0,0
12623,2,male,22.6,4,1,16.7,S,6,0,0
12624,3,female,10.4,1,2,2.61,S,4,0,0
12625,2,female,16.9,1,4,26.91,S,6,0,0
12626,2,male,15.5,5,3,54.22,S,9,0,0
12631,1,male,26.5,2,4,174.88,S,7,0,0
12632,3,male,22.0,5,0,19.76,S,6,0,0
12635,3,female,18.8,4,3,38.37,S,8,0,0
12638,3,female,28.8,2,4,5.13,S,7,0,0
12644,1,male,40.4,5,3,2.27,S,9,0,0
12647,1,female,47.0,1,0,3.43,S,2,0,0
12650,3,male,38.4,5,4,29.66,S,10,0,0
12653,3,female,42.4,5,4,24.4,S,10,0,0
12657,1,male,12.0,5,4,16.54,S,10,0,0
12660,2,male,8.3,4,0,52.83,S,5,0,0
12661,3,female,10.5,1,0,18.96,S,2,0,0
12664,1,male,38.2,4,4,23.5,S,9,0,0
12665,3,female,44.7,3,4,42.33,S,8,0,0
12669,1,female,36.5,1,3,27.79,S,5,0,0
12670,3,male,25.9,0,3,38.91,S,4,0,0
12671,3,male,38.7,4,4,34.6,S,9,0,0
12672,3,male,25.4,0,4,9.19,S,5,0,0
12673,3,female,27.0,5,4,34.0,S,10,0,0
12676,1,male,29.3,2,3,69.11,S,6,0,0
12679,2,male,33.1,1,3,17.32,S,5,0,0
12682,3,female,32.4,2,3,12.76,S,6,0,0
12684,2,female,39.3,3,2,13.86,S,6,0,0
12687,2,male,15.1,3,1,13.05,S,5,0,0
12690,3,male,26.2,4,1,8.39,S,6,0,0
12695,1,male,22.9,5,0,1.36,S,6,0,0
12699,3,male,41.6,4,2,23.64,S,7,0,0
12700,2,male,59.7,0,4,37.57,S,5,0,0
12701,3,female,22.8,2,0,9.26,S,3,0,0
12704,3,female,35.7,5,3,12.7,S,9,0,0
12708,3,male,50.8,5,0,19.99,S,6,0,0
12710,3,female,7.5,2,1,2.1,S,4,0,0
12711,3,female,51.2,5,0,7.69,S,6,0,0
12714,3,male,17.3,1,3,129.6,S,5,0,0
12715,1,female,23.6,4,2,8.17,S,7,0,0
12716,3,male,15.3,0,2,11.05,S,3,0,0
12719,1,male,32.2,5,3,14.34,S,9,0,0
12720,3,female,14.0,5,1,59.44,S,7,0,0
12721,3,female,9.2,3,2,0.95,S,6,0,0
12728,1,female,36.5,4,0,14.17,S,5,0,0
12729,2,male,30.4,2,0,31.47,S,3,0,0
12730,1,male,42.2,4,3,12.56,S,8,0,0
12731,2,male,36.8,5,1,31.5,S,7,0,0
12733,1,male,39.0,5,2,8.17,S,8,0,0
12734,3,male,48.0,5,3,0.47,S,9,0,0
12735,3,male,40.6,0,1,6.53,S,2,0,0
12736,2,male,53.5,3,0,4.48,S,4,0,0
12737,3,female,21.4,2,0,29.17,S,3,0,0
12741,3,male,29.8,0,1,24.52,S,2,0,0
12745,1,male,23.2,1,4,0.63,S,6,0,0
12748,3,male,25.0,4,4,72.07,S,9,0,0
12749,3,male,38.3,4,2,15.46,S,7,0,0
12750,1,female,21.9,3,1,5.52,S,5,0,0
12751,1,male,16.0,5,0,3.61,S,6,0,0
12752,3,female,25.6,3,4,22.87,S,8,0,0
12753,3,male,36.0,4,3,14.37,S,8,0,0
12758,3,male,0.0,1,1,65.71,S,3,0,0
12759,3,male,42.1,2,3,22.86,S,6,0,0
12760,3,female,28.8,2,3,56.93,S,6,0,0
12762,2,male,26.3,3,3,6.17,S,7,0,0
12763,1,female,26.4,3,2,24.8,S,6,0,0
12765,3,female,35.5,0,1,6.53,S,2,0,0
12768,1,male,53.2,1,0,51.55,S,2,0,0
12769,1,female,40.8,5,1,47.87,S,7,0,0
12771,3,male,32.9,5,1,69.45,S,7,0,0
12774,3,female,23.8,3,2,8.34,S,6,0,0
12775,2,male,34.2,0,4,1.87,S,5,0,0
12776,1,male,58.4,0,1,3.11,S,2,0,0
12779,1,male,45.7,4,2,12.15,S,7,0,0
12782,3,male,0.0,2,0,27.81,S,3,0,0
12783,3,male,3.3,1,3,8.65,S,5,0,0
12789,3,female,52.7,0,1,35.95,S,2,0,0
12790,3,male,23.6,3,3,21.52,S,7,0,0
12794,3,male,25.3,0,3,24.9,S,4,0,0
12800,1,male,44.7,0,2,57.1,S,3,0,0
12806,2,female,34.3,1,0,9.87,S,2,0,0
12808,2,female,49.6,3,4,3.74,S,8,0,0
12810,3,male,20.7,0,0,2.39,S,1,1,0
12812,3,male,35.5,5,2,13.73,S,8,0,0
12813,3,male,54.2,0,4,1.83,S,5,0,0
12814,2,female,9.8,0,3,10.76,S,4,0,0
12815,3,male,24.8,3,1,16.31,S,5,0,0
12818,3,male,19.9,1,3,22.36,S,5,0,0
12819,3,male,27.6,4,2,14.26,S,7,0,0
12821,3,female,30.6,5,4,7.95,S,10,0,0
12822,1,female,26.8,3,0,13.31,S,4,0,0
12825,3,male,17.9,0,3,5.21,S,4,0,0
12827,2,male,29.8,0,2,92.99,S,3,0,0
12828,1,male,14.4,2,3,49.07,S,6,0,0
12830,1,male,52.2,5,1,1.31,S,7,0,0
12831,2,male,63.2,0,0,2.44,S,1,1,0
12833,3,male,17.3,3,2,0.75,S,6,0,0
12837,2,male,0.0,0,1,124.24,S,2,0,0
12838,3,female,15.3,0,1,4.04,S,2,0,0
12841,3,female,9.9,2,1,28.65,S,4,0,0
12843,3,male,0.0,0,1,22.44,S,2,0,0
12844,1,male,20.6,5,4,50.67,S,10,0,0
12848,3,female,34.3,3,3,44.09,S,7,0,0
12849,3,male,41.6,2,1,29.52,S,4,0,0
12850,3,male,26.6,4,4,64.28,S,9,0,0
12851,3,male,8.6,0,4,45.12,S,5,0,0
12854,3,male,10.0,5,0,66.53,S,6,0,0
12855,3,female,37.1,2,0,62.67,S,3,0,0
12859,1,male,24.9,5,4,6.92,S,10,0,0
12860,1,male,21.1,1,2,4.97,S,4,0,0
12862,3,female,37.3,0,1,34.77,S,2,0,0
12863,3,male,17.5,2,0,12.09,S,3,0,0
12866,2,female,49.9,2,4,65.9,S,7,0,0
12868,3,female,47.4,3,2,10.14,S,6,0,0
12872,2,male,21.3,5,2,37.35,S,8,0,0
12878,1,female,64.3,2,4,76.42,S,7,0,0
12879,3,male,45.8,1,3,0.62,S,5,0,0
12882,3,male,34.5,2,2,26.63,S,5,0,0
12883,3,male,51.2,1,2,30.6,S,4,0,0
12884,2,male,23.0,1,3,85.55,S,5,0,0
12885,2,female,59.7,1,4,27.21,S,6,0,0
12887,2,male,33.1,3,4,19.74,S,8,0,0
12891,3,female,21.1,0,1,2.02,S,2,0,0
12892,1,female,2.7,4,1,5.91,S,6,0,0
12894,2,female,37.2,2,4,45.44,S,7,0,0
12896,2,male,39.4,2,3,37.58,S,6,0,0
12899,3,male,18.0,2,0,30.47,S,3,0,0
12901,3,male,26.5,2,4,16.11,S,7,0,0
12902,1,male,10.7,3,2,6.58,S,6,0,0
12905,1,male,23.4,3,4,87.91,S,8,0,0
12910,3,female,18.6,4,2,34.73,S,7,0,0
12913,3,male,34.9,4,1,43.9,S,6,0,0
12916,3,female,37.6,5,2,48.49,S,8,0,0
12918,3,male,12.4,2,1,2.76,S,4,0,0
12919,1,male,15.7,5,0,0.55,S,6,0,0
12921,3,male,13.0,4,0,2.82,S,5,0,0
12924,3,male,16.2,2,4,22.78,S,7,0,0
12925,1,male,38.1,0,4,7.19,S,5,0,0
12926,2,female,14.7,2,4,6.38,S,7,0,0
12927,2,male,46.4,3,1,0.34,S,5,0,0
12930,3,female,36.6,1,4,26.91,S,6,0,0
12932,3,male,39.6,5,2,6.47,S,8,0,0
12933,3,male,1.0,5,1,13.63,S,7,0,0
12937,1,male,27.8,0,0,1.67,S,1,1,0
12938,3,male,47.9,3,1,6.48,S,5,0,0
12939,2,male,3.0,0,4,2.68,S,5,0,0
12940,1,female,51.6,4,0,109.96,S,5,0,0
12942,3,female,31.1,0,4,54.93,S,5,0,0
12944,1,female,5.6,0,4,72.24,S,5,0,0
12945,3,female,21.1,5,0,31.73,S,6,0,0
12946,3,male,37.9,0,4,16.67,S,5,0,0
12947,2,female,28.9,3,4,29.37,S,8,0,0
12949,1,female,8.5,1,3,12.02,S,5,0,0
12950,2,male,29.6,0,1,24.8,S,2,0,0
12952,3,female,49.3,5,3,7.82,S,9,0,0
12958,2,male,69.2,2,3,94.1,S,6,0,0
12961,2,female,33.1,0,3,16.64,S,4,0,0
12963,1,male,47.7,4,1,40.94,S,6,0,0
12969,3,female,27.0,1,2,0.91,S,4,0,0
12976,3,female,25.2,4,2,63.68,S,7,0,0
12977,2,male,15.7,1,1,18.59,S,3,0,0
12982,3,male,25.5,4,1,4.9,S,6,0,0
12984,1,male,4.2,5,4,55.47,S,10,0,0
12989,3,male,45.9,5,1,5.46,S,7,0,0
12992,1,male,60.1,5,0,38.66,S,6,0,0
12993,2,male,40.9,2,2,107.19,S,5,0,0
12994,3,male,30.0,1,2,10.74,S,4,0,0
12998,1,male,14.0,0,4,37.96,S,5,0,0
12999,1,male,23.4,2,2,0.93,S,5,0,0
13001,2,male,39.1,3,0,85.72,S,4,0,0
13003,3,female,39.9,2,4,3.99,S,7,0,0
13009,1,male,23.4,5,2,36.08,S,8,0,0
13013,3,female,22.4,2,2,2.49,S,5,0,0
13018,3,male,52.5,1,4,11.72,S,6,0,0
13020,2,male,17.7,0,4,12.2,S,5,0,0
13025,3,male,11.4,5,0,44.79,S,6,0,0
13026,2,male,34.4,1,4,0.46,S,6,0,0
13027,2,male,37.3,1,1,2.13,S,3,0,0
13028,2,female,23.8,2,4,15.25,S,7,0,0
13029,3,female,13.6,2,2,48.47,S,5,0,0
13031,3,female,35.5,0,2,149.9,S,3,0,0
13032,3,male,22.2,0,2,80.46,S,3,0,0
13033,1,female,32.7,2,2,63.99,S,5,0,0
13034,3,male,34.1,1,1,0.29,S,3,0,0
13037,3,male,13.1,4,2,28.63,S,7,0,0
13040,1,male,4.3,4,1,24.07,S,6,0,0
13044,3,female,26.1,0,1,2.4,S,2,0,0
13049,3,male,0.0,2,2,71.91,S,5,0,0
13051,3,male,17.6,5,1,13.78,S,7,0,0
13053,3,male,30.4,5,3,16.73,S,9,0,0
13054,3,female,27.6,1,4,15.36,S,6,0,0
13056,3,male,27.2,5,1,3.9,S,7,0,0
13059,3,male,38.0,0,3,30.0,S,4,0,0
13061,1,male,61.3,2,4,7.13,S,7,0,0
13062,3,male,19.1,0,2,18.3,S,3,0,0
13065,1,male,55.1,2,0,26.09,S,3,0,0
13067,3,male,48.3,1,3,35.97,S,5,0,0
13070,2,male,38.0,3,3,11.51,S,7,0,0
13073,3,male,56.5,5,3,50.64,S,9,0,0
13080,1,male,38.3,1,1,12.9,S,3,0,0
13081,3,female,30.2,5,1,7.25,S,7,0,0
13082,2,male,23.8,2,4,25.93,S,7,0,0
13085,3,female,36.3,5,0,97.9,S,6,0,0
13089,3,male,44.2,1,0,31.86,S,2,0,0
13090,1,male,21.5,0,2,12.41,S,3,0,0
13091,1,male,33.1,0,1,10.59,S,2,0,0
13092,3,male,15.5,0,4,28.99,S,5,0,0
13096,2,male,10.9,4,2,12.58,S,7,0,0
13097,1,male,30.5,1,0,3.93,S,2,0,0
13098,3,female,25.2,4,2,11.26,S,7,0,0
13099,2,female,26.4,4,0,36.74,S,5,0,0
13101,3,male,15.1,1,0,5.01,S,2,0,0
13109,1,female,3.7,1,0,52.31,S,2,0,0
13110,3,female,28.7,2,1,25.79,S,4,0,0
13113,3,male,26.0,2,4,38.23,S,7,0,0
13114,3,female,45.1,5,3,18.53,S,9,0,0
13115,2,male,26.9,4,4,57.29,S,9,0,0
13119,3,female,26.5,2,0,34.11,S,3,0,0
13121,3,male,49.9,0,4,24.05,S,5,0,0
13123,2,male,39.2,3,3,3.09,S,7,0,0
13124,3,male,33.9,0,4,32.39,S,5,0,0
13126,1,male,23.1,3,0,4.65,S,4,0,0
13131,2,male,32.4,5,1,31.18,S,7,0,0
13137,1,male,41.7,2,2,0.24,S,5,0,0
13141,2,male,7.7,0,4,14.93,S,5,0,0
13142,2,male,11.1,2,3,27.43,S,6,0,0
13143,1,male,41.7,0,3,3.89,S,4,0,0
13147,3,male,9.9,4,1,22.79,S,6,0,0
13150,2,female,23.7,3,3,73.57,S,7,0,0
13151,2,male,44.9,0,2,38.23,S,3,0,0
13153,3,female,22.7,3,3,1.75,S,7,0,0
13154,3,female,13.8,1,3,22.29,S,5,0,0
13155,1,female,12.3,2,4,60.88,S,7,0,0
13156,1,male,22.4,1,4,35.31,S,6,0,0
13159,1,male,37.9,4,3,14.76,S,8,0,0
13160,3,female,18.5,2,1,78.89,S,4,0,0
13162,2,male,38.0,4,0,49.43,S,5,0,0
13163,2,male,18.4,1,0,30.29,S,2,0,0
13164,3,female,54.6,5,3,11.02,S,9,0,0
13170,2,female,33.1,2,1,68.83,S,4,0,0
13171,1,female,27.9,2,2,5.88,S,5,0,0
13172,3,female,37.8,1,4,21.64,S,6,0,0
13177,1,male,37.1,2,3,58.37,S,6,0,0
13178,1,male,17.9,5,0,0.27,S,6,0,0
13179,1,female,15.9,1,3,60.25,S,5,0,0
13180,2,male,50.6,3,3,1.69,S,7,0,0
13181,3,female,3.7,5,4,19.04,S,10,0,0
13182,3,male,36.0,2,3,6.17,S,6,0,0
13183,1,female,33.8,4,3,75.91,S,8,0,0
13186,3,male,24.0,3,1,18.79,S,5,0,0
13191,3,male,38.2,5,2,8.68,S,8,0,0
13192,3,female,37.6,2,2,52.21,S,5,0,0
13194,3,female,43.6,0,0,60.98,S,1,1,0
13198,3,female,31.3,2,2,67.24,S,5,0,0
13200,2,female,31.3,1,4,15.16,S,6,0,0
13201,3,male,0.1,2,0,37.62,S,3,0,0
13208,1,male,34.3,0,0,103.85,S,1,1,0
13212,1,male,35.8,4,2,21.29,S,7,0,0
13214,1,male,17.7,4,1,11.67,S,6,0,0
13216,1,male,23.0,0,1,7.79,S,2,0,0
13219,2,female,32.8,0,3,13.29,S,4,0,0
13220,3,male,35.0,1,3,37.52,S,5,0,0
13224,2,male,58.6,5,4,4.8,S,10,0,0
13226,3,male,23.6,1,3,2.18,S,5,0,0
13229,2,male,34.6,2,1,105.58,S,4,0,0
13231,3,female,6.0,1,3,21.0,S,5,0,0
13233,2,female,29.2,2,0,17.57,S,3,0,0
13240,3,male,18.5,3,4,31.85,S,8,0,0
13242,2,female,20.8,3,2,29.78,S,6,0,0
13246,1,male,63.5,0,0,24.3,S,1,1,0
13247,3,male,29.2,3,2,14.17,S,6,0,0
13248,3,male,20.1,1,0,0.08,S,2,0,0
13249,1,male,24.9,1,3,6.6,S,5,0,0
13251,3,female,48.6,1,4,14.01,S,6,0,0
13252,3,male,47.4,2,1,11.28,S,4,0,0
13253,1,female,47.3,2,0,30.45,S,3,0,0
13254,1,male,10.8,3,0,74.92,S,4,0,0
13255,2,female,31.7,0,3,11.53,S,4,0,0
13256,3,male,7.3,0,0,8.08,S,1,1,0
13258,3,male,22.2,1,0,47.52,S,2,0,0
13259,1,male,36.0,2,2,38.81,S,5,0,0
13261,1,male,4.4,4,3,17.74,S,8,0,0
13270,2,male,23.6,2,1,11.54,S,4,0,0
13272,3,male,17.5,5,0,42.31,S,6,0,0
13273,1,male,26.7,3,4,100.99,S,8,0,0
13275,1,female,59.3,0,1,11.04,S,2,0,0
13276,3,male,28.0,3,2,39.38,S,6,0,0
13278,1,male,12.6,2,3,18.53,S,6,0,0
13283,3,male,18.1,3,4,8.09,S,8,0,0
13284,1,male,44.1,5,0,4.43,S,6,0,0
13287,1,female,43.9,2,2,6.04,S,5,0,0
13289,2,male,38.9,5,2,5.77,S,8,0,0
13290,3,female,64.4,3,1,0.47,S,5,0,0
13292,3,male,30.5,5,3,96.07,S,9,0,0
13293,3,male,33.7,0,1,28.57,S,2,0,0
13295,2,male,61.6,2,2,10.6,S,5,0,0
13298,1,male,45.3,1,3,7.51,S,5,0,0
13299,2,male,9.9,0,0,2.2,S,1,1,0
13301,3,male,33.3,2,2,12.12,S,5,0,0
13302,2,female,27.5,0,1,5.43,S,2,0,0
13309,3,male,24.6,4,3,1.66,S,8,0,0
13310,1,female,1.1,4,1,13.13,S,6,0,0
13311,3,male,52.7,1,3,15.7,S,5,0,0
13312,3,male,14.6,2,2,19.28,S,5,0,0
13314,3,male,22.4,0,2,21.78,S,3,0,0
13315,2,female,17.2,3,4,5.68,S,8,0,0
13316,3,female,25.7,3,3,17.26,S,7,0,0
13319,3,male,18.0,0,3,43.46,S,4,0,0
13321,3,male,43.1,5,3,39.57,S,9,0,0
13322,2,female,29.1,1,3,1.87,S,5,0,0
13323,1,male,28.2,1,3,20.56,S,5,0,0
13325,3,male,51.0,3,2,28.64,S,6,0,0
13326,3,male,27.8,2,3,45.47,S,6,0,0
13327,1,female,2.5,5,4,104.59,S,10,0,0
13331,3,female,43.5,1,0,80.84,S,2,0,0
13332,3,male,41.9,2,0,6.87,S,3,0,0
13334,1,male,27.4,5,4,48.94,S,10,0,0
13337,3,female,14.5,1,1,5.94,S,3,0,0
13338,2,male,30.3,1,1,50.87,S,3,0,0
13339,2,female,55.2,2,4,33.09,S,7,0,0
13341,3,male,28.6,0,0,15.95,S,1,1,0
13342,2,male,65.6,1,2,11.3,S,4,0,0
13344,3,male,7.5,4,4,52.1,S,9,0,0
13346,2,male,52.4,2,2,1.7,S,5,0,0
13348,1,female,15.3,3,3,9.97,S,7,0,0
13349,2,male,34.8,2,3,44.13,S,6,0,0
13351,3,male,40.4,1,2,46.47,S,4,0,0
13354,3,female,55.7,3,0,31.32,S,4,0,0
13359,3,male,18.9,5,0,31.9,S,6,0,0
13360,3,female,23.5,0,4,63.41,S,5,0,0
13362,3,male,17.7,2,0,3.69,S,3,0,0
13364,1,female,40.9,0,3,25.98,S,4,0,0
13366,3,female,47.2,3,3,36.37,S,7,0,0
13369,3,male,57.4,4,0,42.24,S,5,0,0
13371,2,male,49.0,1,2,175.23,S,4,0,0
13372,1,female,34.9,4,3,284.63,S,8,0,0
13373,2,male,26.0,4,4,10.94,S,9,0,0
13374,2,male,28.3,3,3,134.79,S,7,0,0
13375,2,male,43.2,4,0,30.74,S,5,0,0
13380,3,male,3.1,5,4,58.07,S,10,0,0
13381,2,female,34.1,5,0,56.57,S,6,0,0
13383,3,male,14.4,5,2,17.72,S,8,0,0
13384,3,male,35.6,4,3,2.97,S,8,0,0
13386,3,male,8.2,3,0,88.99,S,4,0,0
13389,1,male,20.1,2,3,73.18,S,6,0,0
13390,2,female,29.2,0,1,12.16,S,2,0,0
13391,1,male,31.2,4,1,56.35,S,6,0,0
13392,3,female,28.6,1,1,36.96,S,3,0,0
13394,1,female,42.1,3,2,2.87,S,6,0,0
13395,1,male,46.7,2,4,13.73,S,7,0,0
13396,3,male,24.6,0,0,1.6,S,1,1,0
13397,3,male,36.3,4,2,5.22,S,7,0,0
13398,1,female,40.8,0,4,10.14,S,5,0,0
13399,1,male,27.3,2,4,28.2,S,7,0,0
13402,2,female,20.5,0,0,1.8,S,1,1,0
13403,2,female,19.1,3,4,68.83,S,8,0,0
13405,2,female,26.4,1,1,19.03,S,3,0,0
13410,3,male,14.4,3,2,2.86,S,6,0,0
13411,1,female,27.8,1,1,18.0,S,3,0,0
13412,3,female,46.0,1,3,17.46,S,5,0,0
13415,3,male,23.7,2,1,2.35,S,4,0,0
13416,2,male,25.5,5,2,25.09,S,8,0,0
13421,2,female,24.2,3,4,17.73,S,8,0,0
13426,2,female,43.8,4,0,11.94,S,5,0,0
13428,2,female,39.0,2,4,10.73,S,7,0,0
13429,3,male,23.9,5,4,5.21,S,10,0,0
13430,1,female,32.1,0,4,64.67,S,5,0,0
13432,2,male,4.9,0,0,36.42,S,1,1,0
13434,3,female,24.9,4,4,242.64,S,9,0,0
13436,1,female,5.5,4,3,25.41,S,8,0,0
13439,3,female,25.4,2,2,11.73,S,5,0,0
13440,3,male,20.5,1,2,11.72,S,4,0,0
13444,3,male,22.8,1,2,40.27,S,4,0,0
13451,1,female,21.6,4,1,54.08,S,6,0,0
13453,1,female,16.9,0,3,60.89,S,4,0,0
13454,3,female,40.3,4,3,51.77,S,8,0,0
13456,1,male,25.1,1,0,27.37,S,2,0,0
13457,1,male,26.9,1,3,53.98,S,5,0,0
13459,2,male,8.9,4,4,101.87,S,9,0,0
13461,2,male,44.5,2,2,26.32,S,5,0,0
13465,1,female,53.2,0,4,0.39,S,5,0,0
13466,2,female,49.8,4,1,25.56,S,6,0,0
13470,3,male,43.4,0,2,9.82,S,3,0,0
13472,3,male,24.6,1,3,40.89,S,5,0,0
13473,3,male,35.6,3,4,77.17,S,8,0,0
13474,3,male,31.8,2,4,8.44,S,7,0,0
13478,3,male,0.0,1,1,28.9,S,3,0,0
13481,3,female,58.0,0,0,14.94,S,1,1,0
13482,1,female,22.3,1,2,3.27,S,4,0,0
13483,2,male,3.2,4,3,2.63,S,8,0,0
13486,1,male,22.8,2,2,13.92,S,5,0,0
13488,3,female,19.8,3,3,35.54,S,7,0,0
13489,3,female,27.6,1,1,1.53,S,3,0,0
13492,3,female,16.3,1,4,60.79,S,6,0,0
13493,1,male,37.2,1,2,5.38,S,4,0,0
13495,3,male,33.8,5,0,20.57,S,6,0,0
13497,3,male,44.4,2,0,14.41,S,3,0,0
13498,1,female,41.7,3,3,2.7,S,7,0,0
13500,3,female,9.5,2,3,34.71,S,6,0,0
13502,1,male,24.7,1,2,21.54,S,4,0,0
13503,3,male,40.6,5,4,7.67,S,10,0,0
13504,1,female,16.4,4,4,24.75,S,9,0,0
13506,1,male,42.5,4,3,26.77,S,8,0,0
13509,3,male,28.3,2,3,12.34,S,6,0,0
13514,1,male,32.5,5,4,7.74,S,10,0,0
13515,2,male,3.0,1,2,24.81,S,4,0,0
13518,2,male,39.9,0,3,14.94,S,4,0,0
13519,3,male,0.0,5,0,2.02,S,6,0,0
13521,3,female,42.2,5,3,63.97,S,9,0,0
13522,3,male,36.5,2,1,23.85,S,4,0,0
13524,1,male,57.9,2,0,17.07,S,3,0,0
13527,1,male,15.8,2,2,26.86,S,5,0,0
13529,2,male,24.4,4,4,6.27,S,9,0,0
13532,3,male,46.3,3,2,55.56,S,6,0,0
13533,3,male,13.7,3,4,10.63,S,8,0,0
13534,1,male,38.0,0,2,24.71,S,3,0,0
13535,3,female,36.7,3,1,3.15,S,5,0,0
13536,3,female,32.6,1,4,194.49,S,6,0,0
13542,3,female,27.3,3,1,11.3,S,5,0,0
13549,3,male,10.2,2,2,47.6,S,5,0,0
13550,3,male,3.3,3,1,14.12,S,5,0,0
13551,3,male,37.9,1,1,6.76,S,3,0,0
13553,1,female,9.7,3,3,6.07,S,7,0,0
13555,2,female,14.9,3,1,17.49,S,5,0,0
13556,3,female,50.5,0,1,53.48,S,2,0,0
13560,1,male,32.0,3,2,51.33,S,6,0,0
13561,3,male,6.7,2,4,25.99,S,7,0,0
13563,3,female,7.2,0,0,13.12,S,1,1,0
13564,3,male,44.9,2,2,1.9,S,5,0,0
13566,3,female,8.9,2,0,8.79,S,3,0,0
13567,2,male,27.8,3,1,23.71,S,5,0,0
13571,3,male,17.5,1,3,57.24,S,5,0,0
13573,3,male,16.3,5,2,21.28,S,8,0,0
13574,1,male,36.6,2,2,4.17,S,5,0,0
13576,2,female,13.4,3,2,6.43,S,6,0,0
13581,1,male,46.0,2,4,5.04,S,7,0,0
13582,3,male,12.9,2,2,37.99,S,5,0,0
13584,3,male,25.5,0,3,26.62,S,4,0,0
13585,3,male,31.6,0,2,5.94,S,3,0,0
13587,3,male,30.8,3,3,8.55,S,7,0,0
13588,3,male,4.5,1,4,1.57,S,6,0,0
13590,3,male,47.7,3,2,25.0,S,6,0,0
13591,3,female,43.4,5,0,5.16,S,6,0,0
13594,3,female,0.0,1,3,7.4,S,5,0,0
13595,1,male,37.6,4,2,29.45,S,7,0,0
13597,3,female,34.4,5,4,72.04,S,10,0,0
13598,3,male,52.7,4,2,29.06,S,7,0,0
13602,1,male,51.7,0,1,29.33,S,2,0,0
13603,2,male,26.7,2,1,12.4,S,4,0,0
13606,2,male,57.0,4,0,23.42,S,5,0,0
13609,1,male,45.5,0,0,19.41,S,1,1,0
13612,2,female,32.9,3,3,0.03,S,7,0,0
13616,1,male,34.0,2,3,7.99,S,6,0,0
13617,3,male,12.6,1,0,69.49,S,2,0,0
13618,2,male,22.5,1,1,6.01,S,3,0,0
13619,3,male,29.0,0,1,12.34,S,2,0,0
13620,3,male,14.9,4,2,30.18,S,7,0,0
13623,2,male,20.7,5,2,39.25,S,8,0,0
13624,3,female,36.2,1,2,8.41,S,4,0,0
13626,3,female,18.2,0,4,16.45,S,5,0,0
13627,3,male,47.6,1,2,38.38,S,4,0,0
13630,3,female,4.2,3,1,24.61,S,5,0,0
13631,2,female,33.4,0,2,9.52,S,3,0,0
13632,2,male,37.6,4,4,17.22,S,9,0,0
13637,2,male,42.0,3,1,30.66,S,5,0,0
13638,3,female,30.4,5,3,18.6,S,9,0,0
13640,3,male,56.9,0,0,2.15,S,1,1,0
13641,3,male,13.5,3,1,78.8,S,5,0,0
13643,2,male,41.8,1,2,16.91,S,4,0,0
13645,2,male,43.9,1,2,42.93,S,4,0,0
13648,3,male,35.1,2,1,11.93,S,4,0,0
13650,3,male,34.0,3,4,16.76,S,8,0,0
13651,3,female,10.5,1,2,15.67,S,4,0,0
13652,3,male,21.7,4,0,57.01,S,5,0,0
13653,3,female,25.4,0,0,50.22,S,1,1,0
13654,3,male,28.1,4,0,20.61,S,5,0,0
13657,3,male,32.1,2,0,16.8,S,3,0,0
13658,1,male,50.1,4,4,63.31,S,9,0,0
13659,3,male,32.0,5,0,43.91,S,6,0,0
13661,1,male,0.0,2,0,5.54,S,3,0,0
13662,3,female,30.8,2,3,1.22,S,6,0,0
13664,3,male,46.5,4,4,29.68,S,9,0,0
13667,3,male,34.8,0,2,8.97,S,3,0,0
13670,1,male,19.7,0,1,16.13,S,2,0,0
13671,1,male,38.5,0,0,13.95,S,1,1,0
13673,2,female,29.2,2,0,84.65,S,3,0,0
13678,3,male,51.4,1,2,15.69,S,4,0,0
13679,1,male,33.7,4,1,60.95,S,6,0,0
13683,3,female,34.0,0,0,123.6,S,1,1,0
13686,3,male,0.0,0,3,47.14,S,4,0,0
13690,2,female,34.1,2,3,0.97,S,6,0,0
13693,2,male,21.3,3,3,16.37,S,7,0,0
13695,1,male,36.6,1,2,29.13,S,4,0,0
13697,3,male,29.9,5,1,25.11,S,7,0,0
13698,3,female,64.4,1,0,12.24,S,2,0,0
13699,3,female,26.8,0,3,31.16,S,4,0,0
13703,1,female,51.8,3,0,24.77,S,4,0,0
13704,1,male,17.1,2,1,12.22,S,4,0,0
13710,3,female,45.7,4,0,18.6,S,5,0,0
13713,2,male,51.6,3,0,7.93,S,4,0,0
13714,3,female,0.0,0,3,89.41,S,4,0,0
13716,3,male,27.1,1,4,20.31,S,6,0,0
13718,1,male,33.1,2,4,29.97,S,7,0,0
13719,1,male,29.3,5,1,22.88,S,7,0,0
13720,1,male,37.0,4,3,36.35,S,8,0,0
13723,3,female,27.5,3,0,47.05,S,4,0,0
13728,2,female,23.5,1,4,20.12,S,6,0,0
13729,3,male,31.8,2,0,17.83,S,3,0,0
13731,1,female,11.8,3,2,53.37,S,6,0,0
13735,2,male,30.4,4,2,14.98,S,7,0,0
13738,1,male,30.1,2,3,27.68,S,6,0,0
13740,2,male,0.0,5,3,79.0,S,9,0,0
13741,3,male,40.5,0,1,17.19,S,2,0,0
13744,1,female,52.0,1,4,36.09,S,6,0,0
13745,1,female,40.5,4,0,30.26,S,5,0,0
13751,2,female,26.4,4,3,2.03,S,8,0,0
13752,3,male,16.4,3,3,6.28,S,7,0,0
13753,2,male,1.7,0,1,27.87,S,2,0,0
13754,1,male,50.3,3,1,19.54,S,5,0,0
13755,3,male,18.1,0,4,63.04,S,5,0,0
13756,2,female,26.3,5,4,8.11,S,10,0,0
13758,3,female,49.1,5,0,63.3,S,6,0,0
13759,3,female,18.3,1,2,1.99,S,4,0,0
13760,3,male,32.6,4,3,65.3,S,8,0,0
13761,1,male,36.2,1,4,13.49,S,6,0,0
13765,1,female,32.4,2,3,1.57,S,6,0,0
13766,2,male,30.6,5,2,90.67,S,8,0,0
13769,1,male,17.0,1,2,46.59,S,4,0,0
13770,3,female,26.6,3,3,64.51,S,7,0,0
13776,3,male,40.2,3,4,15.97,S,8,0,0
13777,1,male,40.3,2,4,24.78,S,7,0,0
13781,3,female,34.5,2,0,4.6,S,3,0,0
13782,3,female,30.0,1,3,6.52,S,5,0,0
13783,3,male,25.7,5,4,29.03,S,10,0,0
13791,3,female,32.5,2,2,6.42,S,5,0,0
13803,3,male,37.9,5,1,27.74,S,7,0,0
13805,2,male,22.6,5,3,26.81,S,9,0,0
13806,3,male,0.0,1,2,2.53,S,4,0,0
13807,3,male,3.9,1,2,15.53,S,4,0,0
13808,3,male,29.2,1,3,39.6,S,5,0,0
13811,1,male,19.3,4,3,26.65,S,8,0,0
13812,1,male,33.2,4,4,20.72,S,9,0,0
13817,3,male,42.1,2,1,0.99,S,4,0,0
13819,3,male,38.3,4,1,7.03,S,6,0,0
13821,3,male,17.9,5,4,10.06,S,10,0,0
13823,3,male,42.8,0,1,23.21,S,2,0,0
13825,3,female,20.0,4,2,11.37,S,7,0,0
13829,1,male,34.6,3,4,1.9,S,8,0,0
13830,3,female,41.8,4,0,24.63,S,5,0,0
13831,2,male,12.4,4,3,20.14,S,8,0,0
13834,3,male,37.4,1,1,20.5,S,3,0,0
13838,3,male,32.5,2,3,6.27,S,6,0,0
13840,2,female,34.1,1,2,14.41,S,4,0,0
13842,1,male,23.8,0,2,8.2,S,3,0,0
13844,3,male,38.1,1,3,65.31,S,5,0,0
13845,3,male,19.9,5,4,43.53,S,10,0,0
13847,2,male,5.5,4,4,12.15,S,9,0,0
13848,1,female,11.3,0,4,50.2,S,5,0,0
13849,3,male,21.4,5,2,26.46,S,8,0,0
13850,3,male,22.7,0,3,12.83,S,4,0,0
13851,2,male,25.0,5,4,12.1,S,10,0,0
13854,2,male,30.8,1,2,32.98,S,4,0,0
13856,3,male,37.7,0,3,15.66,S,4,0,0
13859,2,male,30.6,1,0,0.39,S,2,0,0
13861,1,male,48.9,0,2,23.02,S,3,0,0
13862,2,male,19.5,2,2,5.21,S,5,0,0
13867,3,male,25.2,3,3,13.0,S,7,0,0
13869,3,male,22.6,5,4,33.17,S,10,0,0
13871,3,male,14.0,0,0,146.38,S,1,1,0
13874,3,male,18.9,0,3,16.53,S,4,0,0
13875,3,male,15.2,2,4,51.09,S,7,0,0
13876,3,male,16.2,5,0,48.02,S,6,0,0
13880,2,male,58.8,4,4,15.21,S,9,0,0
13881,3,male,28.4,4,2,5.9,S,7,0,0
13883,3,female,42.0,1,0,52.81,S,2,0,0
13884,3,male,5.6,5,1,5.77,S,7,0,0
13888,3,male,27.4,2,2,19.02,S,5,0,0
13894,3,female,27.0,5,1,46.89,S,7,0,0
13899,3,female,24.8,5,2,14.76,S,8,0,0
13900,1,male,36.4,1,4,12.76,S,6,0,0
13904,3,male,38.2,0,0,12.31,S,1,1,0
13905,3,male,25.7,0,1,14.03,S,2,0,0
13907,3,male,0.0,4,0,12.22,S,5,0,0
13909,3,male,26.1,2,2,22.78,S,5,0,0
13911,1,female,28.5,1,1,10.8,S,3,0,0
13912,2,male,19.9,5,3,49.03,S,9,0,0
13914,2,male,21.9,1,0,85.99,S,2,0,0
13919,3,female,37.4,5,4,35.91,S,10,0,0
13920,2,male,41.5,0,4,22.15,S,5,0,0
13921,3,male,26.5,4,4,15.81,S,9,0,0
13922,3,male,37.4,0,4,27.82,S,5,0,0
13923,3,female,55.9,4,1,23.96,S,6,0,0
13925,3,male,23.4,0,1,21.75,S,2,0,0
13927,2,male,38.3,1,3,34.33,S,5,0,0
13929,1,female,53.3,0,3,49.47,S,4,0,0
13930,1,male,12.2,2,0,13.33,S,3,0,0
13935,3,male,11.6,3,2,18.62,S,6,0,0
13940,1,male,8.6,0,2,24.52,S,3,0,0
13942,3,male,21.0,2,1,47.82,S,4,0,0
13944,3,male,41.1,3,2,30.55,S,6,0,0
13946,3,female,35.6,1,3,1.26,S,5,0,0
13947,2,male,43.4,1,2,15.69,S,4,0,0
13948,1,female,34.7,2,3,4.64,S,6,0,0
13956,3,female,40.5,3,3,117.62,S,7,0,0
13961,3,female,26.1,2,4,16.7,S,7,0,0
13963,3,male,21.5,4,4,14.72,S,9,0,0
13969,3,male,61.5,2,3,1.53,S,6,0,0
13970,1,male,41.0,5,3,1.85,S,9,0,0
13971,3,male,50.0,0,2,5.08,S,3,0,0
13975,1,male,44.7,1,0,60.16,S,2,0,0
13977,3,male,33.2,0,0,48.99,S,1,1,0
13978,3,male,20.3,5,4,30.75,S,10,0,0
13982,1,male,38.5,1,2,144.94,S,4,0,0
13983,1,male,27.5,4,0,14.94,S,5,0,0
13986,3,male,24.6,0,3,66.34,S,4,0,0
13987,2,male,14.2,0,2,7.37,S,3,0,0
13988,1,male,23.6,5,1,20.14,S,7,0,0
13989,1,male,8.7,5,2,35.23,S,8,0,0
13990,3,male,37.3,2,3,108.08,S,6,0,0
13992,1,male,32.7,3,3,21.4,S,7,0,0
13993,1,male,23.6,0,4,176.94,S,5,0,0
13995,3,male,17.4,3,3,4.23,S,7,0,0
13997,3,male,10.0,1,3,22.69,S,5,0,0
13998,1,male,30.2,4,3,13.71,S,8,0,0
14000,1,male,53.6,5,3,27.1,S,9,0,0
14001,1,female,36.4,3,2,27.82,S,6,0,0
14003,1,female,13.5,5,3,154.77,S,9,0,0
14006,3,male,54.2,3,4,12.44,S,8,0,0
14007,3,female,34.7,4,1,48.55,S,6,0,0
14008,2,male,31.5,3,3,31.68,S,7,0,0
14014,3,male,30.5,2,3,19.4,S,6,0,0
14015,1,male,49.9,2,2,3.29,S,5,0,0
14019,1,male,39.2,1,2,107.2,S,4,0,0
14021,2,female,54.1,3,3,1.12,S,7,0,0
14022,2,male,26.0,0,1,80.72,S,2,0,0
14023,3,female,40.5,4,3,6.79,S,8,0,0
14024,3,male,32.5,5,1,44.29,S,7,0,0
14028,2,female,45.5,0,3,3.56,S,4,0,0
14033,3,male,37.0,2,1,6.44,S,4,0,0
14034,3,male,18.4,0,4,17.0,S,5,0,0
14037,1,male,21.8,5,3,41.21,S,9,0,0
14039,3,male,26.1,5,1,20.15,S,7,0,0
14040,3,male,20.4,5,4,41.78,S,10,0,0
14044,1,male,13.9,2,2,5.71,S,5,0,0
14045,1,female,16.5,2,0,35.24,S,3,0,0
14047,1,male,8.5,5,1,23.51,S,7,0,0
14053,3,female,8.9,0,4,29.91,S,5,0,0
14056,3,female,42.5,0,1,53.8,S,2,0,0
14058,2,male,28.9,3,3,14.18,S,7,0,0
14062,2,female,70.8,5,1,14.75,S,7,0,0
14063,1,female,26.9,4,4,11.82,S,9,0,0
14067,3,male,0.0,5,2,89.88,S,8,0,0
14072,3,male,21.1,3,2,7.75,S,6,0,0
14074,3,female,47.3,3,0,3.41,S,4,0,0
14076,1,male,25.1,1,4,23.55,S,6,0,0
14078,3,female,47.6,5,0,45.23,S,6,0,0
14079,3,male,23.1,5,1,44.95,S,7,0,0
14083,2,female,7.5,4,2,27.43,S,7,0,0
14084,1,female,0.8,3,4,13.7,S,8,0,0
14087,1,female,58.7,0,3,8.27,S,4,0,0
14089,3,male,26.4,2,0,1.64,S,3,0,0
14091,3,male,0.0,3,0,69.68,S,4,0,0
14092,2,female,69.1,5,0,12.58,S,6,0,0
14096,3,male,34.1,2,0,2.66,S,3,0,0
14102,3,female,4.9,5,0,3.22,S,6,0,0
14103,3,male,26.9,0,1,86.93,S,2,0,0
14106,3,female,21.7,5,3,31.71,S,9,0,0
14107,3,male,24.7,0,4,40.67,S,5,0,0
14112,1,male,25.6,2,3,78.44,S,6,0,0
14114,2,male,44.9,1,1,37.01,S,3,0,0
14115,1,male,20.8,2,2,21.66,S,5,0,0
14116,3,male,20.6,3,4,21.38,S,8,0,0
14117,2,male,50.6,5,0,47.25,S,6,0,0
14119,3,male,28.2,4,0,2.95,S,5,0,0
14121,1,female,29.9,2,2,60.64,S,5,0,0
14127,1,female,39.9,5,1,82.97,S,7,0,0
14129,1,male,32.3,4,3,2.41,S,8,0,0
14130,3,female,53.2,3,3,8.27,S,7,0,0
14131,3,female,8.7,5,1,21.13,S,7,0,0
14132,3,male,29.3,4,1,54.04,S,6,0,0
14133,3,male,37.9,3,2,9.94,S,6,0,0
14135,3,female,42.3,0,2,4.87,S,3,0,0
14142,3,male,22.4,4,0,69.89,S,5,0,0
14143,3,male,19.7,0,4,92.04,S,5,0,0
14144,3,male,33.4,5,3,1.76,S,9,0,0
14148,3,female,22.5,2,3,11.5,S,6,0,0
14149,3,male,50.8,1,1,31.01,S,3,0,0
14152,2,male,47.7,2,4,8.73,S,7,0,0
14153,3,male,40.4,0,0,12.06,S,1,1,0
14157,3,female,19.5,1,0,2.28,S,2,0,0
14165,2,male,21.5,0,4,0.13,S,5,0,0
14168,2,female,29.9,4,0,69.96,S,5,0,0
14171,3,male,28.4,0,1,36.42,S,2,0,0
14176,1,female,55.4,5,0,34.45,S,6,0,0
14177,1,male,9.8,0,4,24.13,S,5,0,0
14178,3,male,13.2,0,1,1.52,S,2,0,0
14179,1,male,22.7,2,4,23.32,S,7,0,0
14183,1,male,30.6,4,3,34.77,S,8,0,0
14185,1,male,27.0,5,3,4.58,S,9,0,0
14188,3,male,31.8,0,3,19.19,S,4,0,0
14190,3,male,56.5,1,4,36.29,S,6,0,0
14191,2,male,12.8,0,4,43.24,S,5,0,0
14194,2,female,51.5,2,0,9.52,S,3,0,0
14195,1,female,52.4,0,3,10.45,S,4,0,0
14196,3,male,50.4,1,2,14.52,S,4,0,0
14199,3,male,22.6,3,0,21.23,S,4,0,0
14200,3,male,39.8,1,4,30.73,S,6,0,0
14209,1,female,46.5,0,4,1.59,S,5,0,0
14210,2,female,13.3,5,3,18.66,S,9,0,0
14212,3,male,32.1,3,0,209.96,S,4,0,0
14214,2,male,41.1,0,4,12.26,S,5,0,0
14216,2,male,29.4,0,2,6.97,S,3,0,0
14217,3,male,45.1,0,3,18.44,S,4,0,0
14218,1,female,42.6,5,1,66.05,S,7,0,0
14219,2,male,41.4,1,3,4.68,S,5,0,0
14225,2,female,50.9,4,3,19.96,S,8,0,0
14227,3,female,27.8,4,3,58.7,S,8,0,0
14229,3,female,22.4,4,1,26.92,S,6,0,0
14230,1,male,5.3,1,4,31.08,S,6,0,0
14232,3,female,44.9,4,4,16.52,S,9,0,0
14237,2,male,25.9,3,3,43.68,S,7,0,0
14238,3,male,40.7,5,0,17.6,S,6,0,0
14239,1,male,23.7,5,1,21.93,S,7,0,0
14243,3,female,16.9,3,3,22.73,S,7,0,0
14245,3,male,19.9,2,0,35.18,S,3,0,0
14248,1,male,28.0,0,2,13.4,S,3,0,0
14252,1,male,30.9,5,2,0.39,S,8,0,0
14256,1,female,24.8,4,2,16.51,S,7,0,0
14258,1,male,46.8,5,2,15.99,S,8,0,0
14259,3,female,23.4,0,1,8.19,S,2,0,0
14262,1,female,46.1,1,4,115.21,S,6,0,0
14265,1,female,0.0,5,1,67.32,S,7,0,0
14269,3,male,36.3,5,0,22.8,S,6,0,0
14272,1,female,34.6,5,3,45.14,S,9,0,0
14273,3,female,17.3,2,1,8.43,S,4,0,0
14276,2,male,29.3,4,1,104.21,S,6,0,0
14279,3,male,14.6,3,4,33.47,S,8,0,0
14284,1,female,36.2,2,4,5.87,S,7,0,0
14289,3,male,51.3,5,4,8.68,S,10,0,0
14291,3,male,40.2,5,2,43.39,S,8,0,0
14293,3,female,35.9,4,2,65.65,S,7,0,0
14297,1,male,1.7,0,2,17.32,S,3,0,0
14302,2,male,16.6,1,4,2.67,S,6,0,0
14303,3,male,3.1,3,1,217.88,S,5,0,0
14304,2,male,42.4,5,4,0.34,S,10,0,0
14306,1,female,48.0,4,1,0.43,S,6,0,0
14307,3,male,28.6,4,3,25.68,S,8,0,0
14308,3,male,32.8,5,0,3.37,S,6,0,0
14309,1,female,44.0,5,2,49.57,S,8,0,0
14310,3,male,25.7,0,3,11.08,S,4,0,0
14311,3,male,15.7,3,1,13.51,S,5,0,0
14313,2,male,31.5,2,3,3.87,S,6,0,0
14316,2,male,10.0,3,0,24.81,S,4,0,0
14319,3,female,30.9,0,3,17.08,S,4,0,0
14320,3,female,18.7,1,2,28.73,S,4,0,0
14323,3,male,0.0,3,3,29.83,S,7,0,0
14326,2,male,21.7,1,3,12.61,S,5,0,0
14327,3,male,17.4,0,4,3.33,S,5,0,0
14328,3,male,15.0,1,3,79.1,S,5,0,0
14329,3,male,31.9,0,2,37.25,S,3,0,0
14330,3,male,36.6,0,4,94.88,S,5,0,0
14331,2,male,31.1,1,3,5.03,S,5,0,0
14336,1,male,45.6,4,0,24.34,S,5,0,0
14338,3,female,0.0,2,2,11.6,S,5,0,0
14339,3,female,54.6,4,1,30.88,S,6,0,0
14340,2,male,33.2,4,3,4.99,S,8,0,0
14341,3,male,19.4,0,2,14.44,S,3,0,0
14342,1,female,17.1,2,3,6.93,S,6,0,0
14346,1,female,26.4,0,0,9.25,S,1,1,0
14347,3,male,11.1,3,4,52.81,S,8,0,0
14348,3,male,28.5,4,1,20.55,S,6,0,0
14352,1,female,23.3,1,1,53.99,S,3,0,0
14353,3,female,40.2,1,4,12.27,S,6,0,0
14354,3,male,15.3,4,0,104.57,S,5,0,0
14357,1,male,19.5,1,1,7.65,S,3,0,0
14364,1,female,32.9,1,0,9.28,S,2,0,0
14365,1,female,17.1,3,0,34.68,S,4,0,0
14379,3,male,30.1,3,3,10.07,S,7,0,0
14381,3,male,23.1,1,1,9.62,S,3,0,0
14382,3,female,27.2,2,3,17.01,S,6,0,0
14383,3,male,9.7,5,2,32.16,S,8,0,0
14389,3,male,2.7,2,0,13.76,S,3,0,0
14390,1,female,29.7,1,3,25.86,S,5,0,0
14392,2,male,50.9,2,0,0.32,S,3,0,0
14395,3,female,25.4,4,3,26.21,S,8,0,0
14399,3,female,49.8,3,1,2.1,S,5,0,0
14402,3,male,27.2,2,4,25.19,S,7,0,0
14404,3,female,30.4,3,2,75.6,S,6,0,0
14405,3,female,19.7,4,2,24.32,S,7,0,0
14406,2,male,40.0,1,1,116.42,S,3,0,0
14407,3,female,4.2,5,4,44.39,S,10,0,0
14409,3,female,31.6,1,0,33.44,S,2,0,0
14413,3,female,24.3,1,1,4.61,S,3,0,0
14414,3,female,44.9,3,4,88.33,S,8,0,0
14421,3,male,9.7,2,2,31.45,S,5,0,0
14423,3,male,2.7,5,4,22.41,S,10,0,0
14424,3,male,27.5,0,0,21.75,S,1,1,0
14427,2,male,31.4,4,3,4.21,S,8,0,0
14428,1,male,3.0,1,1,12.69,S,3,0,0
14429,1,male,33.6,5,2,30.06,S,8,0,0
14432,1,male,22.5,3,1,62.9,S,5,0,0
14435,3,female,22.5,0,0,0.12,S,1,1,0
14437,1,male,22.3,5,0,60.89,S,6,0,0
14439,2,female,10.4,5,0,73.75,S,6,0,0
14441,2,male,55.4,3,2,26.24,S,6,0,0
14444,3,male,20.0,5,3,50.94,S,9,0,0
14445,2,male,23.5,0,3,21.49,S,4,0,0
14447,3,female,41.2,5,2,13.12,S,8,0,0
14448,1,female,45.8,0,1,0.38,S,2,0,0
14451,3,female,25.7,5,3,29.8,S,9,0,0
14452,2,male,39.7,3,0,40.06,S,4,0,0
14454,3,female,27.7,3,0,25.88,S,4,0,0
14456,1,male,36.3,3,1,37.62,S,5,0,0
14457,3,male,18.2,1,4,15.92,S,6,0,0
14462,3,male,44.9,0,0,36.27,S,1,1,0
14463,1,male,44.3,1,0,0.89,S,2,0,0
14468,3,male,36.9,1,0,52.53,S,2,0,0
14469,1,male,6.0,4,3,77.99,S,8,0,0
14472,1,male,22.1,0,3,0.75,S,4,0,0
14474,3,male,23.9,1,4,4.48,S,6,0,0
14475,3,female,36.7,1,1,19.17,S,3,0,0
14479,3,female,9.9,2,4,35.35,S,7,0,0
14480,2,male,46.1,4,1,97.63,S,6,0,0
14481,1,female,29.0,0,1,27.12,S,2,0,0
14484,1,male,39.2,2,2,54.5,S,5,0,0
14485,1,male,22.7,4,2,1.39,S,7,0,0
14486,3,female,27.1,0,1,45.68,S,2,0,0
14488,3,female,15.5,5,2,46.65,S,8,0,0
14489,2,male,49.2,2,2,51.51,S,5,0,0
14492,3,male,44.2,0,4,42.2,S,5,0,0
14495,2,female,27.5,2,4,8.46,S,7,0,0
14497,2,male,40.2,1,2,4.74,S,4,0,0
14498,3,male,53.1,4,3,6.33,S,8,0,0
14504,3,female,22.2,5,0,6.87,S,6,0,0
14512,3,male,36.2,3,2,28.4,S,6,0,0
14513,3,male,29.4,2,1,0.2,S,4,0,0
14515,3,male,6.2,5,4,21.54,S,10,0,0
14517,2,female,2.8,0,1,61.67,S,2,0,0
14524,1,male,10.2,0,2,22.51,S,3,0,0
14525,3,male,19.9,1,0,117.68,S,2,0,0
14527,3,male,28.1,2,1,25.37,S,4,0,0
14530,3,female,35.8,2,4,9.8,S,7,0,0
14532,2,male,45.1,0,3,31.31,S,4,0,0
14533,3,male,35.9,5,4,14.58,S,10,0,0
14535,3,male,13.9,2,3,9.76,S,6,0,0
14536,3,female,32.8,4,0,9.51,S,5,0,0
14537,2,female,23.7,5,1,24.51,S,7,0,0
14539,3,male,30.3,5,3,10.88,S,9,0,0
14540,2,male,26.8,3,1,13.47,S,5,0,0
14543,2,male,29.0,4,2,5.19,S,7,0,0
14545,2,female,32.7,3,3,6.08,S,7,0,0
14546,1,male,44.8,3,1,55.73,S,5,0,0
14547,3,male,50.1,3,0,13.8,S,4,0,0
14548,1,male,21.3,1,3,24.78,S,5,0,0
14551,3,female,57.6,5,3,59.34,S,9,0,0
14554,3,male,43.6,2,0,52.71,S,3,0,0
14556,3,female,53.0,0,3,58.3,S,4,0,0
14557,3,male,16.3,3,1,16.82,S,5,0,0
14561,2,male,53.4,5,1,41.04,S,7,0,0
14562,3,female,35.3,4,0,2.55,S,5,0,0
14565,1,male,30.4,2,0,12.99,S,3,0,0
14569,1,female,24.1,4,4,35.07,S,9,0,0
14570,2,female,29.8,2,0,19.27,S,3,0,0
14574,3,male,20.9,2,3,1.36,S,6,0,0
14575,3,male,35.6,0,4,18.61,S,5,0,0
14577,3,male,21.5,3,3,13.95,S,7,0,0
14580,3,female,12.3,1,1,48.91,S,3,0,0
14581,2,female,38.6,0,1,9.02,S,2,0,0
14583,1,female,25.1,3,4,40.85,S,8,0,0
14587,2,male,25.7,0,3,9.24,S,4,0,0
14589,3,male,16.4,2,0,114.28,S,3,0,0
14594,3,female,13.8,5,3,4.84,S,9,0,0
14598,3,female,34.6,1,2,21.93,S,4,0,0
14600,2,female,37.2,3,3,58.89,S,7,0,0
14601,1,female,29.0,5,1,10.92,S,7,0,0
14602,2,male,48.9,0,1,52.13,S,2,0,0
14603,1,male,58.5,0,1,21.64,S,2,0,0
14614,2,male,29.6,0,2,13.19,S,3,0,0
14622,1,male,58.6,5,4,21.1,S,10,0,0
14624,3,female,31.8,1,3,140.27,S,5,0,0
14625,2,male,18.7,5,4,48.5,S,10,0,0
14626,2,male,24.2,4,4,4.01,S,9,0,0
14627,3,male,50.1,0,2,14.73,S,3,0,0
14629,3,male,29.8,4,3,49.49,S,8,0,0
14632,3,female,32.7,4,2,27.37,S,7,0,0
14634,3,male,30.4,4,1,0.42,S,6,0,0
14635,3,female,28.1,0,0,65.34,S,1,1,0
14637,1,male,50.5,2,0,50.16,S,3,0,0
14640,1,male,26.0,4,2,28.82,S,7,0,0
14643,3,female,36.4,3,3,10.24,S,7,0,0
14645,2,male,29.5,1,4,55.55,S,6,0,0
14650,2,female,28.9,4,2,5.72,S,7,0,0
14651,3,female,28.1,0,3,130.37,S,4,0,0
14652,2,female,47.6,2,2,36.11,S,5,0,0
14654,3,male,20.9,1,2,13.83,S,4,0,0
14658,2,male,16.9,0,3,2.27,S,4,0,0
14663,3,male,1.6,2,3,43.79,S,6,0,0
14664,2,female,19.2,0,3,130.94,S,4,0,0
14669,2,female,27.8,3,3,12.32,S,7,0,0
14675,2,female,10.8,2,2,24.46,S,5,0,0
14678,3,female,24.3,1,1,11.75,S,3,0,0
14680,1,male,25.0,4,0,14.1,S,5,0,0
14681,2,male,20.3,0,4,16.07,S,5,0,0
14683,3,male,60.7,5,1,12.09,S,7,0,0
14685,1,male,8.3,4,2,9.79,S,7,0,0
14686,3,male,18.4,0,2,22.69,S,3,0,0
14689,3,male,26.3,2,0,54.24,S,3,0,0
14691,3,female,10.0,5,0,5.0,S,6,0,0
14694,2,female,24.0,2,1,27.04,S,4,0,0
14695,3,female,23.3,4,2,23.11,S,7,0,0
14697,2,female,22.5,2,1,21.19,S,4,0,0
14701,3,female,12.1,0,3,9.97,S,4,0,0
14702,2,female,11.9,1,4,40.07,S,6,0,0
14703,3,female,44.9,1,3,20.64,S,5,0,0
14705,3,female,25.4,1,4,1.25,S,6,0,0
14707,3,male,12.2,1,4,17.69,S,6,0,0
14708,3,female,11.6,0,2,67.75,S,3,0,0
14710,3,male,34.1,4,4,30.07,S,9,0,0
14712,3,male,21.7,1,4,26.73,S,6,0,0
14714,3,male,62.8,0,0,3.43,S,1,1,0
14715,3,female,25.4,0,4,109.01,S,5,0,0
14718,3,female,22.0,4,1,26.84,S,6,0,0
14719,3,male,48.8,5,0,100.99,S,6,0,0
14720,1,female,40.1,2,1,1.47,S,4,0,0
14722,3,female,44.9,1,0,4.68,S,2,0,0
14723,1,male,64.3,1,3,18.94,S,5,0,0
14726,3,male,23.3,3,3,105.33,S,7,0,0
14727,1,male,15.9,1,3,28.11,S,5,0,0
14731,2,male,36.1,5,2,5.37,S,8,0,0
14732,2,male,17.4,2,2,2.38,S,5,0,0
14735,3,female,23.9,1,4,45.28,S,6,0,0
14736,1,male,51.0,2,2,24.68,S,5,0,0
14739,3,female,40.3,1,4,0.37,S,6,0,0
14741,3,male,39.4,4,4,49.14,S,9,0,0
14743,3,female,34.1,5,0,50.05,S,6,0,0
14744,3,male,35.8,1,4,28.34,S,6,0,0
14745,3,male,13.5,0,2,27.25,S,3,0,0
14746,2,male,37.3,4,4,16.74,S,9,0,0
14747,1,male,26.4,0,1,94.94,S,2,0,0
14751,1,male,37.3,1,4,65.42,S,6,0,0
14753,3,male,34.4,5,1,12.56,S,7,0,0
14754,3,male,21.8,5,4,17.47,S,10,0,0
14756,3,male,29.0,0,4,5.11,S,5,0,0
14757,1,female,24.3,1,3,31.03,S,5,0,0
14759,1,male,33.7,5,4,15.2,S,10,0,0
14760,3,male,41.7,2,1,0.16,S,4,0,0
14762,3,female,24.2,2,1,3.68,S,4,0,0
14765,3,male,34.1,5,3,56.33,S,9,0,0
14766,3,male,11.7,2,0,23.2,S,3,0,0
14768,3,male,14.4,0,3,29.89,S,4,0,0
14769,1,male,19.3,5,2,30.66,S,8,0,0
14773,3,male,21.4,2,2,34.99,S,5,0,0
14776,2,male,50.1,5,0,28.68,S,6,0,0
14783,3,female,39.4,2,0,39.76,S,3,0,0
14784,1,female,35.4,3,1,11.17,S,5,0,0
14787,3,male,36.1,4,2,76.85,S,7,0,0
14788,3,male,30.8,2,2,3.43,S,5,0,0
14790,3,female,10.9,4,1,31.34,S,6,0,0
14791,2,male,18.9,1,2,20.17,S,4,0,0
14794,3,male,4.6,4,4,16.78,S,9,0,0
14797,1,female,26.8,0,0,3.94,S,1,1,0
14804,2,female,49.9,2,1,11.95,S,4,0,0
14805,3,female,29.0,4,4,8.74,S,9,0,0
14806,3,male,22.5,2,3,68.63,S,6,0,0
14810,2,female,42.1,5,4,17.41,S,10,0,0
14811,1,male,29.3,1,1,134.23,S,3,0,0
14812,3,male,39.0,1,1,32.15,S,3,0,0
14813,3,male,17.5,0,4,11.9,S,5,0,0
14814,2,male,24.3,4,4,38.5,S,9,0,0
14816,1,male,20.2,2,0,89.41,S,3,0,0
14818,2,male,18.3,4,2,12.34,S,7,0,0
14819,1,male,20.9,2,2,37.35,S,5,0,0
14820,3,male,48.0,4,4,50.76,S,9,0,0
14823,2,female,2.3,2,2,27.24,S,5,0,0
14824,1,male,31.8,0,1,7.92,S,2,0,0
14825,2,female,30.3,0,2,1.89,S,3,0,0
14826,3,female,21.1,0,0,80.69,S,1,1,0
14830,2,male,76.6,2,0,26.27,S,3,0,0
14831,3,male,33.4,2,3,19.38,S,6,0,0
14833,2,male,40.5,3,3,20.62,S,7,0,0
14835,2,male,13.6,2,0,11.7,S,3,0,0
14838,3,male,25.2,3,4,54.73,S,8,0,0
14839,3,female,1.5,2,4,83.41,S,7,0,0
14840,3,female,51.8,4,2,2.5,S,7,0,0
14841,3,male,30.5,3,3,76.6,S,7,0,0
14846,3,male,46.6,1,0,8.06,S,2,0,0
14848,1,female,35.3,0,3,27.87,S,4,0,0
14849,2,male,35.4,2,4,34.23,S,7,0,0
14853,1,male,8.4,2,0,1.79,S,3,0,0
14854,2,male,22.3,0,3,190.9,S,4,0,0
14858,3,male,29.1,3,1,13.68,S,5,0,0
14860,2,male,38.8,1,1,33.75,S,3,0,0
14861,1,female,25.7,5,2,17.42,S,8,0,0
14862,1,male,15.9,4,1,21.9,S,6,0,0
14865,3,female,27.5,3,2,45.03,S,6,0,0
14867,3,male,43.7,1,2,69.66,S,4,0,0
14868,2,male,21.6,4,4,92.8,S,9,0,0
14869,1,male,0.0,2,2,2.96,S,5,0,0
14871,1,male,37.9,0,4,54.9,S,5,0,0
14872,2,female,24.0,3,1,33.32,S,5,0,0
14875,3,male,33.8,5,1,19.85,S,7,0,0
14879,1,male,67.8,5,3,3.83,S,9,0,0
14882,2,female,40.5,4,0,42.62,S,5,0,0
14883,3,male,40.6,4,3,10.32,S,8,0,0
14886,1,male,33.5,2,1,8.55,S,4,0,0
14892,3,female,7.0,5,4,12.75,S,10,0,0
14895,3,male,10.2,5,1,0.52,S,7,0,0
14896,2,male,42.7,5,4,18.68,S,10,0,0
14897,2,female,20.8,3,1,103.02,S,5,0,0
14898,3,female,17.0,0,3,48.06,S,4,0,0
14899,3,female,22.1,0,4,11.45,S,5,0,0
14900,3,male,26.3,1,4,51.31,S,6,0,0
14901,3,male,35.4,1,1,85.91,S,3,0,0
14902,3,male,16.7,0,3,35.74,S,4,0,0
14906,1,male,26.8,0,2,7.91,S,3,0,0
14907,2,male,23.1,2,0,34.84,S,3,0,0
14908,2,male,29.9,0,3,5.38,S,4,0,0
14910,2,female,22.9,3,2,18.36,S,6,0,0
14911,1,male,31.7,1,0,31.69,S,2,0,0
14913,3,male,36.4,4,1,125.52,S,6,0,0
14914,3,female,32.9,0,2,37.47,S,3,0,0
14915,2,male,47.6,1,1,40.93,S,3,0,0
14919,2,male,22.9,0,0,3.72,S,1,1,0
14923,3,male,31.5,3,3,30.43,S,7,0,0
14924,3,female,38.4,3,1,51.94,S,5,0,0
14925,1,female,27.4,0,2,51.65,S,3,0,0
14927,3,female,32.7,5,4,19.72,S,10,0,0
14928,2,male,23.4,1,2,42.63,S,4,0,0
14929,3,male,24.1,0,3,66.32,S,4,0,0
14931,3,male,28.4,0,0,29.01,S,1,1,0
14932,3,male,35.3,1,3,41.3,S,5,0,0
14933,3,female,25.2,1,2,33.81,S,4,0,0
14934,1,male,18.2,5,4,27.54,S,10,0,0
14938,1,female,60.2,5,1,117.23,S,7,0,0
14941,3,female,39.9,0,3,1.07,S,4,0,0
14942,3,male,19.3,1,1,41.73,S,3,0,0
14943,3,male,56.0,3,4,0.97,S,8,0,0
14944,3,male,29.1,2,1,2.45,S,4,0,0
14948,3,female,14.1,1,3,8.95,S,5,0,0
14949,3,male,51.0,3,3,7.11,S,7,0,0
14953,3,female,33.7,1,1,18.69,S,3,0,0
14954,3,male,15.4,0,1,45.5,S,2,0,0
14958,1,female,23.6,5,0,22.96,S,6,0,0
14960,1,male,15.9,2,0,33.32,S,3,0,0
14963,3,male,19.6,3,1,3.34,S,5,0,0
14964,3,male,34.2,2,1,18.82,S,4,0,0
14966,2,male,38.3,4,4,5.94,S,9,0,0
14967,3,male,28.3,5,2,19.98,S,8,0,0
14968,1,male,32.0,0,3,2.16,S,4,0,0
14969,1,male,30.7,3,4,5.2,S,8,0,0
14973,3,male,37.6,4,1,64.28,S,6,0,0
14975,2,male,0.0,4,4,26.31,S,9,0,0
14977,3,female,21.7,0,4,5.87,S,5,0,0
14980,1,female,26.7,0,4,191.3,S,5,0,0
14981,2,male,37.4,5,3,51.57,S,9,0,0
14983,3,female,40.3,0,0,10.78,S,1,1,0
14985,3,female,34.7,2,1,1.78,S,4,0,0
14991,3,female,13.9,0,3,12.33,S,4,0,0
14993,1,male,4.1,5,0,63.19,S,6,0,0
14996,3,male,22.6,5,3,102.12,S,9,0,0
14997,1,male,23.0,0,2,109.4,S,3,0,0
14999,2,female,19.1,0,0,1.95,S,1,1,0
