,Pclass,Sex,Age,SibSp,Parch,Fare,Embarked,FamilySize,IsAlone,Survived
0,3,male,43.2,4,3,23.01,S,8,0,0
8,3,female,39.2,3,2,0.25,S,6,0,0
13,3,female,13.4,3,1,31.48,S,5,0,0
14,3,male,35.3,5,0,26.15,C,6,0,0
15,3,female,22.5,2,1,15.27,C,4,0,0
16,3,male,22.8,5,3,19.82,S,9,0,0
17,3,male,21.1,3,2,147.67,S,6,0,0
19,3,male,29.6,4,1,42.02,S,6,0,0
21,3,male,20.3,4,1,34.87,S,6,0,0
23,3,female,15.3,3,1,7.81,S,5,0,0
27,3,female,18.7,1,1,20.98,S,3,0,0
28,3,male,42.3,1,4,17.74,S,6,0,0
30,3,male,29.0,1,3,53.14,C,5,0,0
31,3,male,47.4,2,1,9.44,S,4,0,0
37,3,male,31.5,0,4,28.43,C,5,0,0
40,3,male,30.9,4,3,52.11,C,8,0,0
44,3,male,22.0,3,1,16.24,S,5,0,0
49,3,female,24.5,4,4,77.9,C,9,0,0
54,3,male,45.3,2,3,0.14,S,6,0,0
57,3,male,36.8,4,1,3.01,C,6,0,0
65,3,male,34.8,3,1,37.16,S,5,0,0
72,3,male,37.3,3,0,43.05,S,4,0,0
95,3,female,53.7,1,1,85.08,S,3,0,0
97,3,male,20.2,1,4,20.31,S,6,0,0
98,3,female,34.7,0,4,14.95,S,5,0,0
100,3,male,0.2,5,4,12.74,S,10,0,0
103,3,male,32.5,2,3,94.07,S,6,0,0
105,3,male,20.0,4,3,8.58,S,8,0,0
108,3,male,44.7,0,1,5.85,Q,2,0,0
110,3,male,34.7,0,2,58.81,C,3,0,0
111,3,male,30.0,2,3,8.53,S,6,0,0
117,3,male,16.5,3,4,73.47,S,8,0,0
119,3,male,42.1,2,2,7.6,Q,5,0,0
122,3,female,22.1,5,1,166.81,S,7,0,0
123,3,male,21.8,1,4,30.47,S,6,0,0
128,3,female,30.8,5,0,11.5,S,6,0,0
131,3,male,25.3,4,3,6.15,C,8,0,0
132,3,female,37.0,0,2,30.48,S,3,0,0
141,3,female,0.0,1,3,3.51,S,5,0,0
142,3,male,19.0,4,4,1.76,S,9,0,0
144,3,female,42.6,1,0,27.19,C,2,0,0
145,3,male,18.7,1,1,3.15,S,3,0,0
146,3,female,31.3,0,3,14.27,S,4,0,0
147,3,male,26.4,3,4,12.18,S,8,0,0
148,3,male,38.7,0,0,13.42,S,1,1,0
151,3,male,19.6,1,4,13.96,S,6,0,0
152,3,female,27.9,5,4,12.84,S,10,0,0
155,3,female,20.4,2,0,34.51,Q,3,0,0
163,3,male,27.6,1,0,14.85,S,2,0,0
168,3,female,36.7,2,3,81.78,S,6,0,0
169,3,male,25.9,4,0,14.43,S,5,0,0
172,3,male,4.6,2,4,74.77,S,7,0,0
175,3,male,45.9,0,4,17.39,S,5,0,0
187,3,male,32.8,5,3,4.99,S,9,0,0
189,3,male,60.6,2,1,31.29,S,4,0,0
190,3,male,21.5,0,4,18.51,C,5,0,0
201,3,male,14.1,1,0,62.78,S,2,0,0
204,3,female,0.0,1,2,28.15,C,4,0,0
206,3,female,30.6,1,1,140.64,S,3,0,0
210,3,female,35.6,0,4,22.38,S,5,0,0
215,3,male,32.4,3,2,52.06,S,6,0,0
216,3,male,30.9,4,0,64.67,S,5,0,0
221,3,male,44.2,3,4,53.37,S,8,0,0
222,3,female,40.2,1,0,90.52,S,2,0,0
223,3,male,23.2,1,3,88.47,S,5,0,0
231,3,male,0.4,1,1,52.55,S,3,0,0
232,3,female,17.0,1,1,14.37,S,3,0,0
233,3,male,38.5,5,3,29.47,C,9,0,0
237,3,male,36.2,2,0,49.54,C,3,0,0
243,3,female,17.7,2,2,85.14,S,5,0,0
246,3,female,32.7,0,3,3.6,S,4,0,0
251,3,male,15.9,3,2,61.08,S,6,0,0
253,3,male,39.4,0,3,10.61,S,4,0,0
254,3,female,36.2,2,2,14.1,C,5,0,0
255,3,male,13.8,0,3,22.51,C,4,0,0
258,3,male,36.0,5,3,24.0,Q,9,0,0
259,3,female,17.8,2,4,2.44,S,7,0,0
260,3,male,43.6,5,0,16.23,S,6,0,0
262,3,female,45.6,0,4,11.83,C,5,0,0
263,3,male,7.5,3,3,12.89,C,7,0,0
275,3,female,0.9,1,0,62.65,S,2,0,0
281,3,male,46.7,2,0,5.31,Q,3,0,0
282,3,male,16.5,1,3,33.59,S,5,0,0
284,3,female,41.0,1,2,56.57,Q,4,0,0
285,3,male,47.0,5,2,19.0,C,8,0,0
286,3,male,14.6,4,1,29.76,C,6,0,0
287,3,female,54.0,2,1,2.59,S,4,0,0
288,3,male,12.0,4,2,3.14,S,7,0,0
289,3,female,26.1,2,1,8.61,S,4,0,0
291,3,male,36.1,3,3,21.29,S,7,0,0
293,3,female,44.9,4,1,60.59,S,6,0,0
295,3,female,23.2,1,3,9.61,S,5,0,0
300,3,female,6.8,1,1,78.9,C,3,0,0
301,3,male,23.1,1,3,9.89,C,5,0,0
306,3,male,40.0,0,2,10.36,C,3,0,0
307,3,female,32.3,2,3,24.41,S,6,0,0
310,3,male,37.6,0,0,23.65,C,1,1,0
311,3,female,21.6,3,2,39.58,S,6,0,0
318,3,male,35.2,4,0,0.24,S,5,0,0
319,3,female,5.6,5,0,70.13,S,6,0,0
320,3,female,33.1,0,0,55.95,S,1,1,0
323,3,male,35.5,0,2,3.55,S,3,0,0
326,3,female,13.3,5,0,1.69,Q,6,0,0
328,3,male,10.2,5,2,94.7,S,8,0,0
329,3,male,37.1,4,2,96.6,C,7,0,0
332,3,male,29.2,1,0,4.87,S,2,0,0
333,3,male,29.5,4,0,17.04,Q,5,0,0
334,3,female,43.3,0,0,41.54,S,1,1,0
335,3,male,26.2,5,0,10.68,S,6,0,0
338,3,male,44.6,0,3,46.14,S,4,0,0
340,3,male,14.0,3,2,43.29,S,6,0,0
344,3,male,19.8,3,1,50.68,S,5,0,0
345,3,male,15.5,2,4,12.28,S,7,0,0
347,3,male,39.4,5,1,10.21,S,7,0,0
353,3,female,55.7,0,2,7.0,Q,3,0,0
356,3,male,34.4,1,2,25.4,C,4,0,0
357,3,male,20.1,3,3,58.45,C,7,0,0
360,3,female,47.8,4,0,37.91,S,5,0,0
371,3,male,38.2,5,0,24.54,S,6,0,0
372,3,female,38.2,2,1,19.73,S,4,0,0
375,3,female,22.3,0,4,19.52,S,5,0,0
377,3,female,39.7,3,2,60.67,S,6,0,0
380,3,male,34.5,1,2,63.89,S,4,0,0
391,3,female,19.6,1,1,60.37,S,3,0,0
394,3,male,16.6,0,1,57.93,S,2,0,0
397,3,male,26.7,3,2,11.18,S,6,0,0
400,3,female,36.4,1,0,3.61,S,2,0,0
402,3,male,25.5,5,1,82.69,S,7,0,0
404,3,female,26.7,5,1,60.95,C,7,0,0
406,3,male,37.0,2,4,38.66,S,7,0,0
410,3,male,19.5,2,1,45.78,S,4,0,0
415,3,male,22.1,4,4,7.72,S,9,0,0
423,3,male,63.2,0,2,12.58,S,3,0,0
424,3,female,15.2,4,0,81.3,S,5,0,0
425,3,male,29.6,5,0,70.3,S,6,0,0
426,3,female,12.3,3,2,29.65,Q,6,0,0
428,3,female,19.6,0,1,50.3,S,2,0,0
430,3,male,31.2,1,4,26.61,S,6,0,0
432,3,male,4.0,3,4,4.62,S,8,0,0
433,3,male,49.0,0,4,85.16,S,5,0,0
436,3,male,16.5,2,4,93.88,S,7,0,0
440,3,male,41.1,0,2,7.18,S,3,0,0
442,3,male,4.6,1,4,9.66,S,6,0,0
443,3,male,24.7,5,2,3.17,Q,8,0,0
452,3,male,10.2,0,0,83.55,S,1,1,0
455,3,male,29.9,4,3,60.84,S,8,0,0
456,3,male,23.5,4,2,22.58,S,7,0,0
458,3,female,41.3,0,4,119.17,S,5,0,0
459,3,female,19.1,0,0,5.66,S,1,1,0
465,3,female,38.4,4,1,59.83,Q,6,0,0
466,3,male,34.8,3,3,9.83,S,7,0,0
468,3,male,13.9,4,4,56.4,C,9,0,0
472,3,male,33.7,2,0,3.26,S,3,0,0
474,3,male,1.9,1,3,6.92,S,5,0,0
476,3,female,43.6,2,0,3.63,S,3,0,0
477,3,male,38.8,4,1,3.98,Q,6,0,0
482,3,female,29.6,5,3,28.99,S,9,0,0
484,3,male,26.3,1,2,15.15,C,4,0,0
486,3,female,41.5,2,4,6.18,Q,7,0,0
490,3,male,29.4,5,1,13.64,S,7,0,0
492,3,male,23.7,2,1,39.28,S,4,0,0
495,3,male,23.0,3,3,4.09,S,7,0,0
501,3,female,42.7,1,0,35.27,S,2,0,0
505,3,male,51.6,2,2,56.1,S,5,0,0
511,3,male,14.2,4,4,5.36,C,9,0,0
514,3,male,8.7,0,4,19.79,S,5,0,0
519,3,male,37.9,4,4,97.69,C,9,0,0
521,3,male,31.2,0,2,11.24,C,3,0,0
526,3,male,15.0,4,3,0.73,S,8,0,0
527,3,male,43.7,1,4,32.84,S,6,0,0
528,3,male,36.6,0,4,29.56,S,5,0,0
537,3,male,26.8,0,1,4.2,S,2,0,0
538,3,male,6.3,3,1,9.82,Q,5,0,0
539,3,male,17.2,1,3,63.66,S,5,0,0
544,3,female,17.1,0,2,31.54,S,3,0,0
545,3,male,59.3,5,3,38.46,S,9,0,0
546,3,male,9.9,3,2,56.13,C,6,0,0
550,3,male,36.1,3,4,6.91,S,8,0,0
555,3,male,30.5,0,0,122.02,S,1,1,0
556,3,female,14.7,3,0,71.87,S,4,0,0
557,3,female,47.1,1,4,22.67,S,6,0,0
562,3,male,43.2,3,0,5.07,C,4,0,0
566,3,female,34.3,4,3,6.01,S,8,0,0
569,3,female,42.6,5,4,64.32,C,10,0,0
570,3,female,31.9,2,1,92.49,S,4,0,0
572,3,female,28.3,1,0,5.02,C,2,0,0
576,3,male,41.4,2,3,0.48,S,6,0,0
578,3,female,17.5,0,0,16.73,S,1,1,0
579,3,female,26.8,2,2,31.91,S,5,0,0
580,3,male,46.2,5,1,126.18,S,7,0,0
583,3,female,20.8,3,4,21.2,S,8,0,0
590,3,male,46.0,3,2,9.23,S,6,0,0
592,3,male,56.5,3,1,52.58,C,5,0,0
593,3,female,48.1,3,0,13.36,S,4,0,0
597,3,female,0.0,4,3,19.35,S,8,0,0
598,3,male,22.3,1,1,2.93,S,3,0,0
601,3,female,18.6,2,2,6.36,Q,5,0,0
602,3,female,71.3,1,2,24.64,S,4,0,0
603,3,male,21.7,2,0,12.01,S,3,0,0
606,3,female,22.2,5,3,1.27,C,9,0,0
607,3,female,11.5,1,2,20.49,S,4,0,0
608,3,male,11.1,4,1,13.01,S,6,0,0
610,3,female,36.6,4,3,14.81,C,8,0,0
616,3,male,46.9,1,2,5.03,C,4,0,0
617,3,male,32.3,1,4,208.04,S,6,0,0
621,3,male,32.8,4,1,13.97,S,6,0,0
622,3,female,28.4,0,3,5.48,Q,4,0,0
623,3,male,16.5,3,0,18.36,S,4,0,0
624,3,male,32.9,1,1,21.08,S,3,0,0
626,3,male,16.0,1,3,0.63,S,5,0,0
628,3,female,0.0,0,3,52.22,Q,4,0,0
632,3,male,41.2,4,1,26.65,S,6,0,0
633,3,male,30.2,5,1,68.27,Q,7,0,0
636,3,female,34.7,2,1,1.09,S,4,0,0
638,3,male,21.9,5,4,48.06,Q,10,0,0
639,3,male,24.0,1,2,24.78,S,4,0,0
640,3,female,37.4,0,4,16.12,S,5,0,0
642,3,female,45.9,3,4,7.18,S,8,0,0
646,3,male,30.4,3,1,49.41,C,5,0,0
652,3,male,36.2,5,0,2.95,S,6,0,0
654,3,male,36.7,5,1,41.35,S,7,0,0
657,3,male,13.5,5,1,4.19,C,7,0,0
662,3,female,49.7,0,0,5.2,S,1,1,0
664,3,female,34.7,2,0,109.97,S,3,0,0
665,3,female,35.1,1,0,23.52,C,2,0,0
666,3,male,28.0,4,0,5.33,C,5,0,0
668,3,male,49.2,2,1,48.66,S,4,0,0
670,3,male,0.0,3,0,1.91,S,4,0,0
673,3,male,55.0,1,1,12.61,S,3,0,0
674,3,male,35.9,1,1,18.12,C,3,0,0
677,3,male,26.1,4,2,45.3,S,7,0,0
685,3,female,37.3,0,4,30.33,S,5,0,0
686,3,female,17.7,3,0,13.34,S,4,0,0
689,3,female,22.4,5,4,4.49,S,10,0,0
691,3,male,46.1,0,1,15.47,Q,2,0,0
692,3,male,33.1,3,3,26.81,S,7,0,0
695,3,male,51.4,2,1,15.22,S,4,0,0
696,3,female,14.1,5,3,34.02,S,9,0,0
697,3,male,23.8,2,0,7.6,C,3,0,0
698,3,male,37.0,1,1,21.78,C,3,0,0
699,3,female,49.3,3,3,30.57,S,7,0,0
708,3,male,41.4,0,2,46.11,S,3,0,0
711,3,male,50.5,3,1,60.7,S,5,0,0
713,3,male,32.2,4,0,11.63,S,5,0,0
722,3,male,48.9,5,3,53.16,C,9,0,0
724,3,female,23.5,4,1,10.81,C,6,0,0
726,3,female,30.5,2,3,45.11,S,6,0,0
730,3,male,58.2,2,4,4.47,S,7,0,0
734,3,female,18.3,2,4,0.23,Q,7,0,0
741,3,female,39.6,3,4,22.93,S,8,0,0
743,3,male,26.7,1,3,47.43,S,5,0,0
744,3,male,26.5,4,3,89.15,S,8,0,0
746,3,male,22.1,2,3,42.83,S,6,0,0
750,3,male,36.6,3,0,7.61,Q,4,0,0
754,3,male,18.0,3,1,97.91,S,5,0,0
762,3,female,31.6,4,0,37.87,Q,5,0,0
768,3,male,46.6,1,4,63.84,S,6,0,0
773,3,male,21.8,1,0,31.11,C,2,0,0
775,3,male,47.3,1,2,10.12,S,4,0,0
776,3,male,41.2,5,2,67.91,S,8,0,0
781,3,female,29.3,2,2,4.89,S,5,0,0
784,3,male,32.4,5,0,84.81,C,6,0,0
790,3,male,8.8,4,3,13.37,S,8,0,0
791,3,female,1.7,2,2,19.72,S,5,0,0
793,3,male,23.3,0,4,87.61,S,5,0,0
797,3,female,34.9,1,2,2.3,S,4,0,0
802,3,male,27.2,0,1,8.8,S,2,0,0
803,3,male,24.3,2,2,19.68,S,5,0,0
808,3,female,32.8,5,0,99.21,S,6,0,0
812,3,male,28.1,3,0,53.66,S,4,0,0
815,3,male,27.6,1,2,14.5,S,4,0,0
816,3,female,12.2,0,1,41.79,Q,2,0,0
817,3,female,29.4,3,2,32.95,S,6,0,0
821,3,female,44.6,3,2,28.18,S,6,0,0
822,3,male,19.5,3,2,5.05,C,6,0,0
823,3,female,20.3,3,4,1.29,S,8,0,0
827,3,female,48.4,4,3,48.16,S,8,0,0
830,3,female,38.4,4,0,5.7,S,5,0,0
832,3,female,28.3,5,3,1.98,S,9,0,0
834,3,female,16.9,3,3,3.48,S,7,0,0
835,3,male,13.4,1,3,3.03,C,5,0,0
837,3,female,31.3,1,3,12.91,C,5,0,0
838,3,male,22.8,1,0,69.94,S,2,0,0
840,3,female,24.9,3,0,64.84,S,4,0,0
845,3,male,17.2,5,1,51.79,S,7,0,0
846,3,male,39.7,5,1,34.25,S,7,0,0
856,3,male,39.2,0,1,38.16,S,2,0,0
857,3,male,28.2,0,1,42.66,S,2,0,0
859,3,male,35.2,0,0,33.65,S,1,1,0
861,3,male,21.8,4,0,2.85,S,5,0,0
862,3,male,28.5,5,0,91.72,C,6,0,0
864,3,male,27.0,2,1,21.74,S,4,0,0
866,3,female,41.9,2,1,6.33,C,4,0,0
867,3,male,5.9,3,0,1.16,S,4,0,0
873,3,female,33.7,3,3,71.52,C,7,0,0
874,3,male,3.3,3,1,1.62,S,5,0,0
875,3,male,28.1,1,3,10.13,S,5,0,0
888,3,male,46.4,0,3,30.35,S,4,0,0
889,3,male,36.0,0,1,22.12,S,2,0,0
893,3,male,30.6,5,0,86.76,C,6,0,0
896,3,female,50.5,2,0,12.44,S,3,0,0
910,3,male,36.1,0,0,20.88,S,1,1,0
911,3,female,3.3,0,4,82.24,S,5,0,0
914,3,male,6.1,1,4,32.58,S,6,0,0
919,3,female,35.9,2,3,76.76,S,6,0,0
921,3,female,56.1,5,3,38.48,S,9,0,0
925,3,female,37.6,4,4,16.42,S,9,0,0
927,3,male,36.8,3,3,0.21,C,7,0,0
939,3,male,17.3,3,2,20.88,C,6,0,0
945,3,female,33.7,1,4,92.86,S,6,0,0
949,3,male,11.7,2,0,4.09,C,3,0,0
950,3,male,31.6,3,1,7.04,S,5,0,0
955,3,male,14.6,3,1,41.88,S,5,0,0
956,3,male,16.4,2,1,36.16,C,4,0,0
957,3,female,15.2,0,4,100.29,S,5,0,0
958,3,female,24.3,1,1,108.23,S,3,0,0
960,3,female,63.7,2,2,44.66,S,5,0,0
961,3,female,22.6,0,2,15.61,S,3,0,0
962,3,female,42.8,2,2,17.95,S,5,0,0
964,3,male,60.3,0,3,35.81,S,4,0,0
967,3,male,20.7,0,3,3.31,C,4,0,0
969,3,male,33.7,2,2,8.32,S,5,0,0
973,3,male,24.5,2,3,50.54,S,6,0,0
974,3,female,41.2,5,4,17.92,S,10,0,0
975,3,female,25.7,4,4,47.34,Q,9,0,0
976,3,male,2.1,0,3,11.72,S,4,0,0
977,3,female,38.0,0,2,85.78,S,3,0,0
980,3,female,54.3,3,4,7.1,S,8,0,0
982,3,male,20.2,4,4,28.04,S,9,0,0
983,3,male,13.4,5,1,152.45,S,7,0,0
988,3,male,29.1,5,0,87.89,Q,6,0,0
992,3,female,24.1,0,4,11.6,S,5,0,0
993,3,female,30.4,0,3,0.07,S,4,0,0
994,3,female,11.8,3,3,34.51,Q,7,0,0
997,3,male,26.8,0,0,109.26,S,1,1,0
999,3,female,24.6,3,3,8.9,S,7,0,0
1008,3,female,26.1,5,3,15.0,S,9,0,0
1013,3,male,15.1,5,4,2.13,C,10,0,0
1016,3,male,24.1,4,4,57.74,S,9,0,0
1017,3,male,6.0,2,3,42.18,Q,6,0,0
1019,3,female,35.4,0,1,60.92,Q,2,0,0
1021,3,male,36.9,4,4,31.16,S,9,0,0
1025,3,female,19.6,1,3,13.8,S,5,0,0
1030,3,male,24.0,0,0,28.92,C,1,1,0
1032,3,male,10.1,5,2,21.71,S,8,0,0
1034,3,male,23.0,2,3,53.66,S,6,0,0
1038,3,female,27.5,4,2,48.78,S,7,0,0
1045,3,female,13.7,3,4,4.87,C,8,0,0
1046,3,male,54.0,2,0,64.92,S,3,0,0
1049,3,male,22.4,0,3,23.39,S,4,0,0
1051,3,male,28.8,4,0,14.46,C,5,0,0
1055,3,female,18.7,0,3,74.04,S,4,0,0
1057,3,female,62.9,4,3,63.46,S,8,0,0
1071,3,male,27.1,3,0,103.45,S,4,0,0
1072,3,male,28.3,2,2,31.44,C,5,0,0
1073,3,male,35.5,3,0,25.42,S,4,0,0
1078,3,female,20.4,2,0,53.44,C,3,0,0
1085,3,female,44.9,1,0,108.67,S,2,0,0
1086,3,female,39.5,0,1,8.58,C,2,0,0
1087,3,male,17.9,1,1,6.46,S,3,0,0
1089,3,male,35.1,4,0,8.91,S,5,0,0
1092,3,male,26.7,1,0,0.62,S,2,0,0
1094,3,female,23.9,0,2,1.32,S,3,0,0
1095,3,male,19.0,3,4,7.46,S,8,0,0
1096,3,female,29.4,4,1,20.89,Q,6,0,0
1099,3,male,14.9,0,2,5.39,C,3,0,0
1100,3,male,42.2,0,3,19.88,S,4,0,0
1106,3,female,42.0,1,0,1.11,S,2,0,0
1113,3,female,36.9,1,3,91.29,S,5,0,0
1114,3,male,38.6,1,0,0.4,S,2,0,0
1115,3,female,23.2,3,3,29.5,S,7,0,0
1116,3,male,34.3,0,2,6.31,S,3,0,0
1125,3,male,35.4,0,4,16.56,S,5,0,0
1126,3,female,45.3,3,4,51.54,Q,8,0,0
1128,3,male,23.8,0,4,72.69,C,5,0,0
1131,3,female,45.9,5,4,50.0,S,10,0,0
1132,3,male,31.8,2,1,3.19,Q,4,0,0
1135,3,female,44.3,1,3,0.18,S,5,0,0
1137,3,female,45.8,2,2,15.31,S,5,0,0
1138,3,male,5.8,1,3,64.58,S,5,0,0
1143,3,male,25.6,5,4,7.2,S,10,0,0
1144,3,female,26.7,4,0,16.56,C,5,0,0
1154,3,male,14.5,4,2,37.19,S,7,0,0
1161,3,female,23.7,2,0,114.62,S,3,0,0
1162,3,female,42.4,5,1,15.01,S,7,0,0
1167,3,male,5.3,2,3,35.42,C,6,0,0
1169,3,female,23.9,4,0,102.11,S,5,0,0
1173,3,male,24.2,0,4,67.74,Q,5,0,0
1177,3,male,10.6,3,2,15.82,S,6,0,0
1181,3,male,52.0,2,4,44.51,S,7,0,0
1187,3,female,42.5,4,1,12.71,Q,6,0,0
1188,3,male,25.9,3,1,21.48,S,5,0,0
1190,3,male,31.0,0,3,4.02,C,4,0,0
1192,3,male,22.9,1,3,13.5,S,5,0,0
1194,3,male,7.6,2,1,19.55,S,4,0,0
1199,3,female,34.0,3,3,45.9,S,7,0,0
1201,3,male,29.9,0,1,147.93,C,2,0,0
1203,3,female,32.3,2,1,37.74,C,4,0,0
1204,3,male,22.4,1,2,4.08,Q,4,0,0
1208,3,male,8.5,5,0,123.7,S,6,0,0
1210,3,male,16.8,1,4,1.55,S,6,0,0
1212,3,female,20.7,4,1,54.67,S,6,0,0
1215,3,male,58.3,4,3,82.73,S,8,0,0
1219,3,male,9.3,0,1,2.42,S,2,0,0
1227,3,male,65.7,0,1,61.96,S,2,0,0
1229,3,male,37.6,4,1,89.83,S,6,0,0
1232,3,male,34.1,1,1,13.23,S,3,0,0
1235,3,male,35.1,3,2,38.57,S,6,0,0
1237,3,male,34.9,1,3,19.54,S,5,0,0
1239,3,male,46.5,4,3,19.84,S,8,0,0
1247,3,male,39.5,1,3,12.47,S,5,0,0
1255,3,male,29.6,5,4,23.64,C,10,0,0
1256,3,female,21.4,1,2,11.23,S,4,0,0
1259,3,male,28.7,4,1,8.14,S,6,0,0
1262,3,female,22.0,2,3,0.08,S,6,0,0
1263,3,female,5.2,3,1,13.86,C,5,0,0
1265,3,female,39.7,3,4,25.29,S,8,0,0
1266,3,male,26.8,4,4,15.21,S,9,0,0
1267,3,male,0.0,5,0,4.41,S,6,0,0
1268,3,male,21.0,4,0,13.53,S,5,0,0
1273,3,male,28.7,2,2,42.19,S,5,0,0
1274,3,female,19.4,0,1,21.42,S,2,0,0
1279,3,female,41.7,3,1,47.56,S,5,0,0
1282,3,male,19.7,2,0,1.1,S,3,0,0
1283,3,male,48.3,5,3,66.42,S,9,0,0
1285,3,female,34.3,1,0,23.83,S,2,0,0
1286,3,male,25.0,1,1,5.56,S,3,0,0
1287,3,female,11.9,2,3,25.2,C,6,0,0
1292,3,female,22.4,0,2,53.71,S,3,0,0
1297,3,male,39.8,0,1,60.88,S,2,0,0
1310,3,female,36.6,0,3,30.34,S,4,0,0
1319,3,male,18.8,3,2,9.92,S,6,0,0
1320,3,male,27.8,2,1,17.63,S,4,0,0
1321,3,male,44.0,3,3,23.45,S,7,0,0
1323,3,male,28.8,1,3,5.28,Q,5,0,0
1329,3,male,41.9,2,2,108.65,C,5,0,0
1332,3,male,49.4,5,1,11.68,S,7,0,0
1338,3,female,24.3,4,2,13.89,S,7,0,0
1341,3,male,17.1,0,4,13.82,S,5,0,0
1345,3,male,12.3,3,1,36.04,C,5,0,0
1351,3,female,27.2,0,4,70.16,S,5,0,0
1354,3,female,32.8,0,0,21.31,S,1,1,0
1357,3,male,6.0,3,2,5.8,S,6,0,0
1359,3,male,34.3,3,1,5.38,S,5,0,0
1371,3,female,45.1,4,3,139.33,S,8,0,0
1377,3,male,12.2,5,1,34.66,S,7,0,0
1378,3,male,13.8,2,4,5.11,S,7,0,0
1379,3,female,13.0,5,0,61.57,S,6,0,0
1381,3,female,36.1,2,3,17.24,S,6,0,0
1383,3,male,25.7,1,4,22.88,S,6,0,0
1387,3,male,19.4,4,0,21.44,S,5,0,0
1392,3,female,0.0,1,4,49.47,S,6,0,0
1396,3,male,9.0,3,4,0.57,S,8,0,0
1397,3,male,31.3,5,1,1.09,Q,7,0,0
1400,3,male,4.7,5,0,9.08,C,6,0,0
1401,3,male,33.5,1,4,32.0,S,6,0,0
1405,3,male,10.8,4,0,15.55,S,5,0,0
1408,3,female,19.4,5,3,12.72,S,9,0,0
1411,3,male,46.3,1,3,30.59,C,5,0,0
1412,3,male,40.2,0,4,14.47,C,5,0,0
1413,3,male,33.0,4,3,12.05,S,8,0,0
1414,3,female,20.1,4,0,15.9,S,5,0,0
1416,3,male,32.1,3,3,12.67,S,7,0,0
1417,3,female,23.3,2,4,20.32,S,7,0,0
1418,3,male,24.7,4,1,45.53,S,6,0,0
1420,3,male,48.2,4,0,40.34,S,5,0,0
1423,3,female,22.9,0,1,0.77,S,2,0,0
1431,3,male,31.8,3,2,2.86,C,6,0,0
1432,3,male,46.9,5,0,22.48,S,6,0,0
1435,3,male,41.4,2,3,36.95,C,6,0,0
1436,3,male,36.1,0,4,28.22,S,5,0,0
1438,3,male,17.8,5,3,38.25,S,9,0,0
1443,3,female,31.9,1,1,60.78,S,3,0,0
1445,3,male,36.3,3,3,8.08,C,7,0,0
1450,3,male,28.2,0,1,13.02,S,2,0,0
1453,3,male,37.5,5,1,6.37,C,7,0,0
1474,3,male,7.9,4,1,18.13,S,6,0,0
1479,3,female,40.1,1,1,22.27,S,3,0,0
1481,3,female,14.9,2,0,34.22,C,3,0,0
1485,3,male,19.9,2,0,59.22,S,3,0,0
1486,3,male,5.5,0,2,15.24,S,3,0,0
1488,3,female,32.5,0,1,12.52,S,2,0,0
1501,3,female,32.5,4,4,57.12,Q,9,0,0
1502,3,male,35.9,3,1,43.99,C,5,0,0
1506,3,male,21.0,0,1,34.28,Q,2,0,0
1513,3,male,12.6,0,1,0.83,S,2,0,0
1514,3,male,17.7,3,4,13.08,S,8,0,0
1515,3,male,43.3,2,1,24.33,C,4,0,0
1518,3,male,24.0,3,0,70.42,S,4,0,0
1522,3,female,17.4,0,4,25.99,S,5,0,0
1523,3,male,27.9,0,2,50.31,S,3,0,0
1524,3,female,21.9,0,0,11.01,S,1,1,0
1525,3,female,60.0,4,3,8.82,S,8,0,0
1527,3,male,20.7,3,4,21.05,S,8,0,0
1529,3,male,0.7,5,4,16.63,Q,10,0,0
1530,3,male,30.9,1,0,41.55,S,2,0,0
1531,3,male,18.5,2,2,30.52,C,5,0,0
1535,3,male,52.8,5,1,71.17,S,7,0,0
1536,3,male,29.8,3,1,15.51,S,5,0,0
1538,3,male,28.7,2,1,25.01,S,4,0,0
1539,3,male,28.1,4,0,10.09,S,5,0,0
1541,3,male,24.3,5,0,2.59,S,6,0,0
1542,3,male,12.2,0,1,33.77,S,2,0,0
1543,3,female,29.3,4,3,78.04,C,8,0,0
1545,3,male,36.9,4,0,26.84,S,5,0,0
1548,3,female,20.7,0,0,13.13,S,1,1,0
1554,3,male,22.1,2,0,62.55,S,3,0,0
1556,3,female,8.9,0,1,11.6,Q,2,0,0
1557,3,male,43.3,2,1,12.72,S,4,0,0
1561,3,male,36.4,5,3,0.94,S,9,0,0
1563,3,female,3.4,3,2,68.21,S,6,0,0
1565,3,male,24.2,0,3,47.04,S,4,0,0
1567,3,female,28.1,5,3,6.11,S,9,0,0
1575,3,male,17.2,5,2,66.23,C,8,0,0
1576,3,female,38.8,3,3,4.56,S,7,0,0
1579,3,female,8.9,5,3,27.55,S,9,0,0
1580,3,female,31.9,0,3,77.75,C,4,0,0
1581,3,male,16.5,2,3,16.79,S,6,0,0
1582,3,male,46.1,1,4,29.67,S,6,0,0
1583,3,female,39.3,2,4,37.9,C,7,0,0
1585,3,male,33.3,2,1,3.83,Q,4,0,0
1592,3,female,23.5,1,0,9.89,S,2,0,0
1597,3,male,0.9,0,3,72.67,Q,4,0,0
1598,3,male,0.0,2,2,10.96,C,5,0,0
1601,3,male,12.2,1,0,57.51,C,2,0,0
1602,3,male,27.5,4,1,7.38,S,6,0,0
1603,3,female,49.5,5,1,30.02,S,7,0,0
1605,3,female,58.6,4,2,25.42,S,7,0,0
1606,3,male,27.4,5,2,9.37,C,8,0,0
1609,3,male,29.3,3,2,17.73,S,6,0,0
1614,3,male,36.4,4,1,14.68,C,6,0,0
1620,3,male,11.7,2,4,7.56,C,7,0,0
1621,3,female,22.3,5,2,6.91,S,8,0,0
1624,3,female,12.8,0,4,64.66,S,5,0,0
1626,3,male,25.1,1,1,48.32,S,3,0,0
1627,3,male,25.8,1,1,3.89,C,3,0,0
1628,3,male,50.6,0,1,12.03,S,2,0,0
1631,3,female,41.4,0,3,34.94,S,4,0,0
1635,3,female,34.7,2,1,70.15,Q,4,0,0
1636,3,female,28.5,3,4,24.63,S,8,0,0
1640,3,female,34.9,0,0,15.69,S,1,1,0
1642,3,male,24.3,0,0,23.79,S,1,1,0
1644,3,male,23.4,0,2,11.74,C,3,0,0
1646,3,male,43.0,3,4,2.14,S,8,0,0
1653,3,female,8.4,2,0,20.31,C,3,0,0
1654,3,male,35.0,2,2,21.09,S,5,0,0
1656,3,male,50.4,2,4,118.19,S,7,0,0
1660,3,male,31.6,1,4,17.38,Q,6,0,0
1663,3,female,1.2,1,4,82.66,S,6,0,0
1666,3,male,13.4,2,0,13.88,Q,3,0,0
1668,3,male,14.2,1,4,3.36,S,6,0,0
1670,3,male,35.3,0,3,30.06,Q,4,0,0
1676,3,male,35.0,4,2,12.76,S,7,0,0
1680,3,male,9.6,0,2,5.23,S,3,0,0
1687,3,female,12.6,2,0,63.1,Q,3,0,0
1688,3,male,41.3,1,1,11.15,C,3,0,0
1690,3,male,36.8,1,1,44.18,S,3,0,0
1692,3,male,17.8,3,1,18.24,S,5,0,0
1694,3,male,32.4,4,4,73.5,S,9,0,0
1695,3,male,23.9,0,2,4.16,C,3,0,0
1696,3,male,30.3,3,2,4.88,S,6,0,0
1697,3,female,43.8,4,2,0.48,S,7,0,0
1703,3,male,30.6,4,4,32.79,S,9,0,0
1704,3,male,30.6,4,2,15.69,S,7,0,0
1707,3,male,23.9,0,3,58.58,Q,4,0,0
1708,3,male,26.8,3,0,17.47,C,4,0,0
1710,3,male,38.3,5,3,56.08,S,9,0,0
1713,3,female,37.6,1,0,38.06,C,2,0,0
1714,3,male,48.0,5,4,34.19,S,10,0,0
1722,3,male,48.8,0,3,17.88,S,4,0,0
1723,3,female,35.1,5,2,17.02,S,8,0,0
1725,3,female,18.0,2,1,42.0,S,4,0,0
1729,3,male,36.0,5,3,74.93,S,9,0,0
1730,3,male,0.0,3,1,40.48,S,5,0,0
1733,3,female,48.3,1,4,144.17,S,6,0,0
1734,3,female,37.3,3,3,36.98,S,7,0,0
1736,3,female,32.1,5,2,0.18,S,8,0,0
1737,3,male,5.4,2,0,15.58,C,3,0,0
1738,3,male,38.3,1,3,20.33,S,5,0,0
1739,3,female,23.5,1,4,76.93,S,6,0,0
1743,3,female,19.7,1,3,3.1,C,5,0,0
1745,3,female,34.1,0,0,43.66,S,1,1,0
1746,3,male,33.0,4,2,11.29,S,7,0,0
1750,3,male,18.5,3,3,49.79,S,7,0,0
1751,3,male,26.3,0,3,11.69,Q,4,0,0
1753,3,female,26.8,4,4,26.02,Q,9,0,0
1757,3,male,45.6,5,3,9.95,C,9,0,0
1758,3,male,35.5,2,1,20.07,S,4,0,0
1759,3,female,30.0,5,0,33.66,S,6,0,0
1763,3,female,15.3,2,3,11.05,C,6,0,0
1764,3,female,39.1,4,0,4.09,S,5,0,0
1768,3,female,10.7,2,4,50.74,Q,7,0,0
1769,3,female,21.5,0,0,7.95,S,1,1,0
1770,3,female,26.8,3,0,24.7,S,4,0,0
1777,3,male,27.7,5,2,11.17,S,8,0,0
1787,3,male,33.0,5,4,17.23,S,10,0,0
1788,3,female,28.9,1,1,15.11,C,3,0,0
1789,3,male,22.1,2,3,57.73,S,6,0,0
1790,3,female,13.1,0,0,4.11,S,1,1,0
1792,3,male,34.5,0,2,39.76,Q,3,0,0
1799,3,female,32.7,2,3,2.35,S,6,0,0
1802,3,male,29.3,1,4,16.01,S,6,0,0
1803,3,male,14.0,1,0,6.65,C,2,0,0
1804,3,male,49.3,0,4,29.58,Q,5,0,0
1807,3,female,25.7,3,0,30.54,C,4,0,0
1808,3,male,23.6,1,1,6.8,S,3,0,0
1812,3,male,35.4,1,0,24.27,S,2,0,0
1814,3,female,18.9,4,1,31.6,S,6,0,0
1819,3,male,33.1,0,2,185.92,S,3,0,0
1821,3,female,15.7,0,2,27.14,S,3,0,0
1826,3,female,60.0,4,3,56.42,S,8,0,0
1829,3,female,32.8,0,4,51.14,S,5,0,0
1832,3,female,5.4,3,1,62.87,C,5,0,0
1836,3,male,18.5,2,2,32.23,S,5,0,0
1837,3,female,32.9,2,4,9.09,C,7,0,0
1839,3,male,45.4,0,4,11.97,C,5,0,0
1840,3,male,24.1,2,0,6.76,S,3,0,0
1841,3,female,33.3,1,0,41.25,Q,2,0,0
1842,3,female,33.8,5,0,3.22,C,6,0,0
1843,3,male,46.8,5,2,22.96,S,8,0,0
1845,3,male,47.2,2,2,99.51,S,5,0,0
1846,3,male,5.7,3,4,65.14,S,8,0,0
1847,3,female,19.7,1,2,21.65,S,4,0,0
1850,3,female,27.2,5,0,0.91,S,6,0,0
1855,3,male,30.3,2,3,8.15,S,6,0,0
1866,3,male,35.4,4,4,17.98,S,9,0,0
1871,3,female,1.9,5,1,83.49,S,7,0,0
1875,3,female,24.7,5,1,55.38,S,7,0,0
1884,3,female,51.3,2,1,47.18,S,4,0,0
1886,3,male,8.8,5,2,34.75,S,8,0,0
1887,3,male,32.7,3,3,42.6,S,7,0,0
1890,3,male,28.7,4,4,19.61,S,9,0,0
1891,3,male,37.7,5,3,34.93,S,9,0,0
1893,3,female,12.1,4,1,15.04,S,6,0,0
1894,3,female,17.9,4,2,26.53,S,7,0,0
1898,3,male,29.9,4,3,83.39,S,8,0,0
1905,3,male,61.3,4,0,30.52,C,5,0,0
1908,3,male,19.3,3,0,10.28,C,4,0,0
1910,3,female,20.5,2,2,46.25,S,5,0,0
1918,3,male,25.8,2,3,21.63,Q,6,0,0
1919,3,female,24.6,3,4,31.32,Q,8,0,0
1922,3,male,32.3,2,1,8.78,C,4,0,0
1923,3,female,32.7,3,0,10.57,S,4,0,0
1925,3,male,21.0,5,0,1.91,S,6,0,0
1929,3,male,31.3,3,3,28.06,S,7,0,0
1930,3,male,22.4,1,1,49.39,C,3,0,0
1938,3,male,42.0,4,0,13.51,S,5,0,0
1939,3,female,25.9,0,1,36.24,S,2,0,0
1940,3,male,27.3,5,0,8.27,S,6,0,0
1946,3,male,27.2,2,0,48.61,S,3,0,0
1947,3,male,34.3,0,3,38.2,S,4,0,0
1950,3,male,10.6,3,2,44.48,S,6,0,0
1952,3,male,25.6,2,0,30.57,C,3,0,0
1960,3,female,22.3,0,3,45.06,S,4,0,0
1961,3,female,52.4,4,2,10.48,S,7,0,0
1963,3,male,35.8,5,2,25.46,S,8,0,0
1964,3,female,31.5,0,0,3.01,C,1,1,0
1965,3,male,27.2,4,4,6.22,S,9,0,0
1966,3,female,28.9,4,2,11.72,S,7,0,0
1968,3,female,41.7,2,2,8.51,C,5,0,0
1969,3,male,17.2,0,3,23.63,S,4,0,0
1972,3,male,48.4,3,4,93.69,S,8,0,0
1973,3,male,42.6,4,0,20.15,C,5,0,0
1977,3,male,13.1,0,0,25.0,S,1,1,0
1980,3,female,18.8,1,2,7.19,S,4,0,0
1982,3,female,20.9,1,3,2.36,S,5,0,0
1983,3,female,30.3,0,2,8.55,S,3,0,0
1988,3,male,40.3,4,0,143.53,S,5,0,0
1991,3,male,18.6,4,0,22.9,S,5,0,0
1992,3,male,35.3,1,2,106.89,C,4,0,0
1997,3,female,44.4,3,4,3.4,S,8,0,0
1998,3,male,23.1,4,4,65.56,S,9,0,0
2000,3,male,23.9,0,3,92.12,C,4,0,0
2001,3,male,41.4,4,2,26.97,S,7,0,0
2004,3,female,47.6,2,0,5.61,Q,3,0,0
2008,3,female,46.4,3,3,2.06,S,7,0,0
2009,3,female,29.9,2,2,41.39,S,5,0,0
2010,3,male,28.9,3,0,3.4,S,4,0,0
2011,3,male,55.6,0,0,15.85,S,1,1,0
2015,3,male,6.3,3,2,6.95,Q,6,0,0
2018,3,female,42.5,4,0,24.56,S,5,0,0
2024,3,male,13.6,4,0,1.42,S,5,0,0
2028,3,female,29.0,0,4,11.04,S,5,0,0
2030,3,male,48.4,0,0,30.89,S,1,1,0
2034,3,female,14.2,4,4,16.23,S,9,0,0
2035,3,male,44.0,2,3,25.97,S,6,0,0
2038,3,male,19.4,3,1,8.97,S,5,0,0
2039,3,male,35.4,0,0,8.83,S,1,1,0
2041,3,female,20.2,0,4,17.85,S,5,0,0
2043,3,male,14.9,3,0,0.24,S,4,0,0
2046,3,female,4.4,1,4,68.5,S,6,0,0
2048,3,female,32.6,1,3,24.68,C,5,0,0
2050,3,female,32.6,5,0,17.72,Q,6,0,0
2056,3,male,41.7,0,3,28.44,S,4,0,0
2057,3,male,22.8,4,2,48.57,C,7,0,0
2061,3,male,15.1,2,0,10.69,S,3,0,0
2064,3,male,32.7,1,2,5.22,C,4,0,0
2066,3,female,13.5,1,3,119.46,S,5,0,0
2067,3,male,34.7,4,1,4.69,S,6,0,0
2068,3,male,8.3,5,0,2.78,S,6,0,0
2069,3,female,59.7,5,4,58.01,Q,10,0,0
2071,3,male,43.7,2,2,35.95,C,5,0,0
2072,3,male,31.8,2,2,11.68,S,5,0,0
2080,3,female,16.6,3,0,11.25,S,4,0,0
2081,3,female,26.9,0,3,13.54,S,4,0,0
2084,3,male,30.9,0,4,69.7,S,5,0,0
2085,3,male,34.1,4,0,42.72,S,5,0,0
2086,3,male,32.5,3,3,30.42,Q,7,0,0
2089,3,male,32.4,4,0,18.49,C,5,0,0
2092,3,female,45.6,0,2,27.09,S,3,0,0
2094,3,male,24.5,4,0,53.15,Q,5,0,0
2096,3,male,6.8,1,4,31.25,Q,6,0,0
2101,3,female,34.8,0,0,3.46,S,1,1,0
2102,3,male,0.0,2,1,2.35,S,4,0,0
2105,3,male,13.8,1,0,2.11,C,2,0,0
2108,3,male,11.5,0,4,9.36,C,5,0,0
2110,3,male,32.7,2,3,60.84,S,6,0,0
2111,3,male,47.9,5,4,27.78,S,10,0,0
2118,3,male,38.4,0,3,52.44,S,4,0,0
2121,3,male,24.8,4,4,37.03,S,9,0,0
2123,3,male,46.0,2,1,31.38,S,4,0,0
2129,3,male,45.6,1,3,3.11,S,5,0,0
2130,3,male,42.1,5,4,9.76,S,10,0,0
2132,3,male,22.3,0,1,130.32,S,2,0,0
2136,3,male,32.1,0,4,26.56,Q,5,0,0
2138,3,female,32.7,4,0,43.93,S,5,0,0
2141,3,female,26.0,0,1,72.21,S,2,0,0
2143,3,female,33.4,1,3,47.36,C,5,0,0
2144,3,female,26.5,4,3,87.34,S,8,0,0
2146,3,female,32.0,5,1,37.14,S,7,0,0
2150,3,male,0.0,4,2,191.76,S,7,0,0
2151,3,female,45.9,4,4,40.73,S,9,0,0
2154,3,male,19.5,2,2,94.55,C,5,0,0
2156,3,male,12.8,4,4,21.49,S,9,0,0
2157,3,male,35.7,1,4,63.23,C,6,0,0
2158,3,male,22.1,3,3,98.04,C,7,0,0
2162,3,male,34.4,1,0,102.89,S,2,0,0
2164,3,female,4.0,2,1,84.66,Q,4,0,0
2167,3,female,6.5,2,0,19.27,C,3,0,0
2179,3,female,34.4,4,1,5.61,C,6,0,0
2180,3,male,27.7,0,1,1.93,S,2,0,0
2181,3,female,29.7,2,1,62.39,S,4,0,0
2182,3,female,28.7,5,0,18.81,C,6,0,0
2193,3,male,14.4,3,3,2.53,S,7,0,0
2199,3,female,30.0,3,1,17.81,S,5,0,0
2201,3,male,18.2,1,1,6.46,S,3,0,0
2206,3,female,3.3,4,0,7.72,S,5,0,0
2208,3,male,42.9,1,2,124.05,S,4,0,0
2212,3,male,11.0,4,3,19.47,S,8,0,0
2217,3,female,30.0,4,0,23.32,S,5,0,0
2221,3,female,0.0,0,1,13.59,S,2,0,0
2222,3,male,38.0,1,0,4.72,S,2,0,0
2223,3,male,39.2,5,4,209.84,S,10,0,0
2224,3,male,11.6,0,3,18.89,S,4,0,0
2226,3,male,36.2,1,1,30.67,S,3,0,0
2227,3,male,31.7,0,1,6.97,S,2,0,0
2228,3,female,1.4,2,2,21.03,C,5,0,0
2231,3,male,38.5,1,4,20.49,S,6,0,0
2235,3,male,47.5,4,0,49.94,S,5,0,0
2238,3,male,12.8,3,1,17.86,Q,5,0,0
2239,3,female,11.3,3,0,39.9,S,4,0,0
2241,3,male,26.6,2,2,2.52,S,5,0,0
2245,3,female,27.5,4,4,78.73,S,9,0,0
2248,3,male,11.3,4,4,18.66,S,9,0,0
2249,3,male,41.5,5,2,35.06,C,8,0,0
2255,3,female,41.5,1,1,26.43,Q,3,0,0
2257,3,male,3.2,3,4,20.86,C,8,0,0
2258,3,male,14.6,0,0,101.21,S,1,1,0
2259,3,male,22.7,3,3,13.34,C,7,0,0
2264,3,male,8.6,4,2,1.85,S,7,0,0
2270,3,male,36.7,0,0,24.08,Q,1,1,0
2271,3,male,28.4,5,0,45.07,S,6,0,0
2272,3,female,31.5,4,0,42.02,C,5,0,0
2277,3,male,52.3,3,2,37.19,C,6,0,0
2283,3,female,43.4,3,3,5.49,C,7,0,0
2285,3,male,21.9,5,4,83.54,S,10,0,0
2288,3,male,32.4,0,0,0.15,S,1,1,0
2289,3,female,28.8,0,3,32.28,S,4,0,0
2291,3,male,37.0,5,4,42.24,S,10,0,0
2293,3,female,18.1,1,0,25.17,S,2,0,0
2294,3,male,27.1,5,4,25.57,S,10,0,0
2295,3,male,12.2,0,4,33.86,S,5,0,0
2296,3,male,46.2,1,1,56.88,C,3,0,0
2297,3,male,17.8,0,0,38.34,S,1,1,0
2298,3,male,40.0,4,3,4.87,C,8,0,0
2299,3,male,16.7,1,4,0.61,S,6,0,0
2301,3,male,6.5,2,3,1.32,S,6,0,0
2307,3,female,7.6,2,2,89.9,S,5,0,0
2310,3,male,25.4,0,2,56.81,S,3,0,0
2312,3,female,17.8,5,4,31.05,S,10,0,0
2315,3,male,8.3,1,3,20.83,S,5,0,0
2316,3,male,16.7,2,4,5.88,S,7,0,0
2317,3,male,41.0,3,2,48.43,S,6,0,0
2318,3,male,42.6,5,2,23.07,S,8,0,0
2322,3,female,1.8,3,0,11.22,S,4,0,0
2330,3,female,21.7,4,2,9.94,S,7,0,0
2331,3,female,27.1,1,4,29.79,S,6,0,0
2335,3,female,47.4,4,3,21.54,S,8,0,0
2341,3,female,16.6,1,1,6.95,S,3,0,0
2342,3,male,38.1,3,2,6.52,C,6,0,0
2347,3,male,39.8,5,0,11.28,S,6,0,0
2348,3,female,23.9,4,4,3.43,C,9,0,0
2352,3,female,42.8,4,4,5.06,S,9,0,0
2358,3,male,19.9,1,4,38.69,S,6,0,0
2359,3,female,35.5,5,1,13.21,C,7,0,0
2360,3,female,39.1,3,2,130.33,C,6,0,0
2362,3,male,18.3,2,0,57.55,S,3,0,0
2364,3,male,16.9,0,4,48.16,C,5,0,0
2365,3,male,2.7,3,1,25.65,S,5,0,0
2366,3,male,0.0,1,4,32.66,S,6,0,0
2367,3,male,23.7,2,2,14.93,S,5,0,0
2368,3,male,32.5,5,4,25.19,S,10,0,0
2373,3,male,29.0,4,4,22.51,S,9,0,0
2375,3,male,39.0,4,4,48.14,S,9,0,0
2378,3,male,17.2,5,0,83.35,S,6,0,0
2383,3,male,18.2,1,1,6.69,C,3,0,0
2385,3,male,24.3,4,2,55.8,Q,7,0,0
2386,3,female,7.1,4,2,25.76,S,7,0,0
2387,3,male,25.8,1,2,62.99,S,4,0,0
2390,3,female,37.6,4,3,111.97,S,8,0,0
2391,3,male,30.4,3,1,40.33,C,5,0,0
2392,3,female,6.2,5,3,57.55,C,9,0,0
2393,3,female,11.9,0,0,31.84,S,1,1,0
2395,3,male,38.1,0,3,29.28,C,4,0,0
2397,3,male,25.5,5,1,86.06,S,7,0,0
2400,3,male,46.4,1,1,37.08,S,3,0,0
2401,3,female,38.8,4,4,1.66,C,9,0,0
2403,3,male,34.4,4,1,21.33,S,6,0,0
2405,3,female,14.3,5,1,0.84,S,7,0,0
2407,3,female,30.8,2,0,8.21,C,3,0,0
2409,3,female,32.8,1,0,22.07,S,2,0,0
2416,3,male,25.7,0,2,46.95,S,3,0,0
2418,3,male,17.1,2,4,1.62,S,7,0,0
2419,3,male,1.0,2,0,0.56,S,3,0,0
2420,3,female,12.9,2,0,23.61,S,3,0,0
2423,3,female,28.7,1,4,13.62,S,6,0,0
2428,3,female,37.9,0,0,0.97,Q,1,1,0
2430,3,male,0.7,5,1,2.94,C,7,0,0
2435,3,male,21.1,2,4,15.37,S,7,0,0
2437,3,female,2.5,1,1,8.22,S,3,0,0
2439,3,male,25.8,0,2,58.04,C,3,0,0
2440,3,male,23.9,1,4,8.93,S,6,0,0
2441,3,male,7.4,0,3,1.05,S,4,0,0
2447,3,male,20.9,5,4,39.73,S,10,0,0
2450,3,female,30.5,1,2,16.94,S,4,0,0
2452,3,male,20.3,0,0,28.49,S,1,1,0
2455,3,male,42.1,1,1,28.19,S,3,0,0
2456,3,female,33.7,2,4,55.4,S,7,0,0
2465,3,female,61.6,1,1,34.23,S,3,0,0
2468,3,male,21.4,1,0,119.77,S,2,0,0
2470,3,male,27.7,3,3,4.32,S,7,0,0
2478,3,female,16.9,4,3,52.99,S,8,0,0
2480,3,male,15.5,5,0,27.22,C,6,0,0
2484,3,male,37.1,3,1,58.68,S,5,0,0
2486,3,male,16.1,5,3,30.99,C,9,0,0
2488,3,male,14.0,4,0,16.57,S,5,0,0
2489,3,male,12.0,5,2,66.63,C,8,0,0
2490,3,female,13.9,2,2,47.69,Q,5,0,0
2495,3,female,12.8,5,4,93.79,S,10,0,0
2496,3,male,41.1,2,1,0.31,S,4,0,0
2499,3,male,31.4,0,1,38.4,S,2,0,0
2502,3,female,25.3,5,0,85.32,C,6,0,0
2504,3,female,46.4,3,3,14.2,S,7,0,0
2505,3,male,23.0,5,1,3.39,C,7,0,0
2507,3,female,28.3,2,3,68.69,S,6,0,0
2513,3,male,33.3,1,3,52.79,S,5,0,0
2516,3,female,16.7,5,4,2.86,S,10,0,0
2517,3,female,37.3,3,2,8.73,S,6,0,0
2521,3,male,14.4,5,0,30.26,S,6,0,0
2523,3,female,41.7,1,3,1.15,S,5,0,0
2525,3,female,0.0,5,4,8.32,Q,10,0,0
2526,3,male,5.7,0,0,111.03,Q,1,1,0
2528,3,male,40.7,3,1,58.77,S,5,0,0
2532,3,male,14.7,2,0,52.81,S,3,0,0
2533,3,female,21.2,4,1,69.15,C,6,0,0
2537,3,male,28.0,4,1,19.87,S,6,0,0
2543,3,male,0.0,5,3,14.21,Q,9,0,0
2544,3,male,39.0,0,1,6.08,C,2,0,0
2545,3,male,3.6,1,0,23.55,S,2,0,0
2546,3,female,26.1,4,4,24.15,S,9,0,0
2547,3,male,19.1,2,3,18.4,S,6,0,0
2548,3,male,24.0,5,3,6.11,Q,9,0,0
2549,3,female,7.6,4,0,4.04,C,5,0,0
2554,3,male,33.5,2,4,2.06,C,7,0,0
2558,3,male,5.4,2,1,13.95,S,4,0,0
2559,3,female,18.4,0,3,1.29,S,4,0,0
2562,3,female,26.4,4,2,13.34,S,7,0,0
2564,3,female,17.6,0,1,7.05,S,2,0,0
2565,3,male,44.3,5,4,133.83,S,10,0,0
2566,3,male,41.6,4,1,5.14,S,6,0,0
2567,3,male,40.1,2,4,75.47,S,7,0,0
2570,3,male,44.2,2,1,22.63,S,4,0,0
2572,3,female,24.7,4,4,9.03,S,9,0,0
2574,3,male,32.1,0,2,28.31,S,3,0,0
2580,3,female,3.9,0,4,11.05,S,5,0,0
2583,3,female,40.4,2,2,86.69,S,5,0,0
2586,3,female,20.8,2,1,32.26,S,4,0,0
2594,3,male,12.1,3,4,70.79,C,8,0,0
2598,3,male,6.9,5,4,24.91,S,10,0,0
2599,3,male,20.1,5,2,22.42,S,8,0,0
2601,3,male,37.9,4,0,17.81,S,5,0,0
2603,3,male,7.3,0,0,9.44,S,1,1,0
2607,3,male,33.1,5,1,7.56,S,7,0,0
2612,3,male,35.8,0,3,15.0,Q,4,0,0
2614,3,female,26.1,4,3,72.75,S,8,0,0
2617,3,male,4.0,0,0,7.59,S,1,1,0
2622,3,male,33.4,2,2,6.52,C,5,0,0
2624,3,female,23.8,5,0,65.41,C,6,0,0
2626,3,female,12.7,3,4,6.52,S,8,0,0
2628,3,male,15.7,3,4,2.31,S,8,0,0
2629,3,male,39.1,5,3,76.82,Q,9,0,0
2632,3,male,27.6,0,1,14.59,S,2,0,0
2633,3,male,39.8,5,0,90.45,S,6,0,0
2641,3,male,9.3,0,2,2.24,S,3,0,0
2644,3,male,26.2,5,4,28.49,S,10,0,0
2645,3,female,21.7,2,4,12.18,C,7,0,0
2647,3,male,17.4,4,0,12.68,C,5,0,0
2649,3,male,25.0,3,2,9.53,S,6,0,0
2652,3,male,41.0,2,2,4.76,S,5,0,0
2653,3,male,32.3,0,0,59.88,S,1,1,0
2655,3,female,33.4,1,3,9.25,S,5,0,0
2660,3,female,14.4,1,3,38.08,S,5,0,0
2662,3,male,24.9,0,3,72.25,S,4,0,0
2664,3,male,25.2,3,3,24.07,S,7,0,0
2666,3,female,30.0,0,4,33.27,C,5,0,0
2669,3,male,22.5,4,4,108.67,S,9,0,0
2671,3,male,26.6,0,0,45.56,S,1,1,0
2675,3,female,21.4,0,1,48.09,Q,2,0,0
2676,3,male,44.8,2,4,0.87,C,7,0,0
2678,3,female,41.4,0,4,14.01,S,5,0,0
2680,3,female,36.5,1,0,30.42,S,2,0,0
2682,3,male,36.9,5,0,80.53,S,6,0,0
2684,3,female,8.9,1,2,41.19,S,4,0,0
2685,3,female,48.0,0,4,34.1,S,5,0,0
2687,3,male,36.0,2,0,53.55,S,3,0,0
2688,3,male,20.0,0,1,144.41,S,2,0,0
2689,3,female,40.4,5,3,15.26,S,9,0,0
2692,3,female,7.1,2,1,66.47,S,4,0,0
2695,3,male,22.9,5,2,52.67,S,8,0,0
2697,3,male,19.9,3,3,45.05,S,7,0,0
2700,3,female,25.3,4,4,53.38,S,9,0,0
2703,3,male,25.6,1,0,42.48,S,2,0,0
2706,3,female,8.1,5,3,11.62,S,9,0,0
2708,3,male,40.1,1,3,44.22,Q,5,0,0
2711,3,male,22.2,0,0,22.19,Q,1,1,0
2712,3,male,31.6,0,2,0.33,S,3,0,0
2713,3,male,0.0,3,4,16.82,S,8,0,0
2719,3,male,34.5,0,1,23.64,C,2,0,0
2723,3,male,40.6,3,2,14.9,S,6,0,0
2724,3,male,31.3,4,4,15.96,S,9,0,0
2725,3,male,26.6,1,4,58.13,C,6,0,0
2728,3,male,36.0,4,3,11.27,S,8,0,0
2729,3,male,19.2,4,0,21.11,S,5,0,0
2731,3,female,14.6,0,0,18.0,S,1,1,0
2737,3,male,15.7,0,0,97.99,S,1,1,0
2742,3,female,15.6,1,0,27.85,S,2,0,0
2743,3,male,10.8,1,0,75.44,Q,2,0,0
2746,3,male,14.1,0,0,26.59,S,1,1,0
2750,3,male,20.2,3,3,0.39,C,7,0,0
2752,3,female,51.9,0,3,13.93,S,4,0,0
2756,3,female,19.5,2,1,87.99,S,4,0,0
2760,3,male,14.6,5,4,25.9,S,10,0,0
2761,3,male,22.9,5,1,3.65,S,7,0,0
2763,3,female,26.7,4,3,57.51,S,8,0,0
2767,3,female,13.8,4,0,55.94,S,5,0,0
2770,3,female,28.0,4,0,28.44,S,5,0,0
2771,3,female,43.5,0,1,4.05,C,2,0,0
2774,3,female,14.6,2,4,2.09,S,7,0,0
2775,3,female,35.1,0,2,7.35,C,3,0,0
2776,3,female,40.8,2,4,18.7,S,7,0,0
2779,3,female,26.8,1,0,5.19,S,2,0,0
2787,3,male,26.3,4,1,33.67,S,6,0,0
2793,3,female,34.5,2,0,25.93,C,3,0,0
2794,3,female,37.3,2,0,39.49,Q,3,0,0
2799,3,male,38.9,3,4,18.17,S,8,0,0
2804,3,male,25.0,4,2,21.12,S,7,0,0
2807,3,female,21.6,4,4,82.25,S,9,0,0
2810,3,male,26.2,3,1,5.06,Q,5,0,0
2814,3,female,38.3,1,1,8.18,S,3,0,0
2816,3,male,15.8,1,1,46.42,S,3,0,0
2817,3,male,35.6,0,3,0.88,S,4,0,0
2818,3,female,27.1,0,3,6.76,S,4,0,0
2829,3,male,39.2,2,2,8.53,S,5,0,0
2833,3,female,0.0,5,4,7.45,C,10,0,0
2839,3,female,22.3,2,1,82.59,S,4,0,0
2840,3,male,31.7,1,4,12.31,S,6,0,0
2844,3,female,12.3,4,4,19.7,C,9,0,0
2849,3,male,34.4,0,4,2.97,S,5,0,0
2851,3,male,26.3,5,4,1.0,C,10,0,0
2852,3,male,38.6,5,2,68.13,C,8,0,0
2855,3,female,28.2,3,4,0.36,C,8,0,0
2856,3,female,15.9,0,4,0.55,S,5,0,0
2857,3,male,41.2,4,1,22.74,S,6,0,0
2859,3,male,17.2,5,3,13.92,S,9,0,0
2864,3,male,29.7,5,1,5.55,S,7,0,0
2868,3,male,33.4,0,0,3.63,S,1,1,0
2875,3,female,25.4,1,2,63.75,S,4,0,0
2878,3,male,0.0,2,3,59.29,C,6,0,0
2882,3,female,34.8,2,3,33.87,S,6,0,0
2883,3,male,26.0,3,0,103.27,S,4,0,0
2887,3,male,35.3,0,3,1.99,S,4,0,0
2897,3,female,48.8,0,2,16.54,S,3,0,0
2898,3,female,38.5,4,1,31.4,Q,6,0,0
2902,3,male,14.9,3,0,54.32,S,4,0,0
2904,3,female,31.5,1,2,7.73,S,4,0,0
2905,3,male,28.5,1,2,2.93,S,4,0,0
2908,3,female,40.8,5,1,1.05,S,7,0,0
2909,3,female,10.2,2,1,9.94,C,4,0,0
2919,3,male,47.4,5,3,33.89,C,9,0,0
2923,3,male,14.6,4,2,72.87,C,7,0,0
2929,3,female,17.0,4,1,8.16,S,6,0,0
2930,3,male,29.7,5,4,76.96,S,10,0,0
2932,3,female,33.9,2,1,13.74,S,4,0,0
2935,3,female,19.4,3,1,86.77,S,5,0,0
2937,3,female,41.7,0,3,21.46,S,4,0,0
2939,3,male,45.8,2,3,16.81,S,6,0,0
2940,3,male,4.6,1,4,92.67,S,6,0,0
2942,3,female,46.3,3,2,10.92,S,6,0,0
2947,3,female,24.4,1,0,65.12,Q,2,0,0
2971,3,male,29.0,1,2,29.13,S,4,0,0
2974,3,male,24.8,5,3,38.41,Q,9,0,0
2980,3,male,22.7,0,4,8.84,C,5,0,0
2984,3,female,26.2,2,1,33.68,C,4,0,0
2986,3,male,57.7,5,3,75.32,S,9,0,0
2987,3,male,37.5,4,4,48.26,S,9,0,0
2993,3,male,17.7,3,0,1.13,C,4,0,0
2994,3,male,31.3,5,2,22.92,S,8,0,0
2996,3,male,35.5,3,0,28.74,S,4,0,0
2997,3,male,50.0,2,2,137.97,S,5,0,0
2998,3,female,19.6,0,1,45.26,C,2,0,0
3002,3,female,7.8,2,1,3.74,S,4,0,0
3004,3,male,20.8,2,0,2.48,S,3,0,0
3007,3,female,48.6,3,1,16.08,S,5,0,0
3010,3,male,16.8,3,0,29.69,Q,4,0,0
3011,3,female,47.6,1,0,6.0,C,2,0,0
3012,3,male,33.9,5,0,27.61,S,6,0,0
3013,3,male,11.5,0,3,139.63,C,4,0,0
3015,3,male,11.3,3,4,2.22,C,8,0,0
3017,3,male,34.4,4,0,15.01,S,5,0,0
3020,3,female,29.5,5,1,18.42,Q,7,0,0
3023,3,male,50.3,3,0,135.84,S,4,0,0
3024,3,male,7.6,3,1,48.43,S,5,0,0
3025,3,female,8.2,0,3,21.39,Q,4,0,0
3030,3,male,33.7,1,0,9.93,S,2,0,0
3031,3,female,32.2,5,2,16.9,S,8,0,0
3034,3,female,18.5,5,1,100.32,S,7,0,0
3035,3,female,26.7,4,3,66.01,S,8,0,0
3036,3,male,42.5,5,4,17.83,S,10,0,0
3038,3,male,44.6,2,0,4.24,C,3,0,0
3039,3,male,36.1,0,0,16.76,S,1,1,0
3040,3,female,42.8,5,2,8.23,S,8,0,0
3046,3,female,42.7,4,2,18.62,S,7,0,0
3049,3,male,29.2,4,0,41.04,S,5,0,0
3051,3,male,18.1,0,1,16.8,C,2,0,0
3052,3,male,5.0,1,2,91.85,S,4,0,0
3053,3,male,30.9,3,4,10.35,S,8,0,0
3056,3,male,48.0,1,0,18.65,Q,2,0,0
3061,3,male,16.9,4,2,66.41,C,7,0,0
3062,3,female,30.8,0,1,24.58,S,2,0,0
3065,3,male,9.7,0,1,41.49,S,2,0,0
3068,3,male,21.6,1,4,32.22,S,6,0,0
3071,3,male,8.6,2,1,35.74,S,4,0,0
3072,3,male,51.6,2,2,18.83,S,5,0,0
3073,3,male,28.9,5,0,9.18,S,6,0,0
3082,3,male,21.2,1,2,20.25,C,4,0,0
3083,3,male,18.4,4,3,39.2,C,8,0,0
3090,3,female,17.4,2,2,70.02,C,5,0,0
3094,3,male,33.0,3,4,66.62,S,8,0,0
3097,3,male,16.1,0,0,96.22,S,1,1,0
3105,3,male,39.1,5,2,90.25,S,8,0,0
3113,3,female,27.0,5,2,14.41,C,8,0,0
3117,3,male,34.0,1,1,73.2,S,3,0,0
3118,3,male,21.0,3,4,7.26,S,8,0,0
3119,3,female,20.6,5,2,2.73,S,8,0,0
3120,3,female,33.8,1,1,13.98,S,3,0,0
3121,3,female,32.4,2,1,1.86,Q,4,0,0
3122,3,male,36.8,1,1,68.8,Q,3,0,0
3123,3,male,30.1,3,3,6.67,S,7,0,0
3127,3,male,33.7,5,4,1.88,C,10,0,0
3133,3,male,40.1,0,2,8.78,S,3,0,0
3135,3,female,27.6,0,2,68.13,S,3,0,0
3139,3,female,31.7,5,0,21.79,S,6,0,0
3142,3,female,54.3,1,0,6.35,S,2,0,0
3149,3,male,17.9,1,0,2.78,S,2,0,0
3151,3,male,38.4,1,3,34.78,S,5,0,0
3159,3,female,44.3,5,2,16.51,S,8,0,0
3160,3,male,14.5,4,2,26.17,S,7,0,0
3161,3,male,31.9,2,1,26.32,C,4,0,0
3162,3,male,25.2,0,4,22.91,S,5,0,0
3163,3,female,45.6,2,0,19.56,S,3,0,0
3164,3,male,21.4,1,3,5.88,Q,5,0,0
3167,3,female,14.0,5,4,41.14,S,10,0,0
3171,3,male,20.5,3,1,9.85,S,5,0,0
3174,3,female,0.0,2,3,2.25,S,6,0,0
3175,3,male,23.0,3,2,0.0,C,6,0,0
3180,3,male,24.9,0,3,1.94,S,4,0,0
3187,3,male,32.9,4,2,5.69,S,7,0,0
3194,3,male,56.1,0,4,23.92,S,5,0,0
3195,3,female,0.0,5,0,2.86,C,6,0,0
3198,3,male,0.0,3,4,12.12,S,8,0,0
3200,3,female,36.3,2,2,25.49,S,5,0,0
3201,3,male,38.5,4,3,27.26,C,8,0,0
3202,3,male,34.2,5,1,27.96,S,7,0,0
3208,3,female,29.6,5,1,8.66,S,7,0,0
3209,3,female,26.0,4,4,31.7,S,9,0,0
3214,3,female,34.5,1,4,17.49,S,6,0,0
3216,3,male,7.3,2,0,27.28,Q,3,0,0
3221,3,female,27.4,0,3,41.64,S,4,0,0
3222,3,male,36.7,2,2,28.46,S,5,0,0
3223,3,male,46.7,4,3,69.99,S,8,0,0
3226,3,male,19.1,4,0,22.33,S,5,0,0
3227,3,female,36.0,1,3,30.74,C,5,0,0
3228,3,male,19.4,3,2,23.26,C,6,0,0
3231,3,female,31.9,4,1,101.49,S,6,0,0
3232,3,male,36.2,0,3,5.84,S,4,0,0
3235,3,male,36.0,5,2,1.8,S,8,0,0
3240,3,female,18.0,1,2,66.08,C,4,0,0
3245,3,male,44.2,0,4,0.97,S,5,0,0
3247,3,female,31.1,1,2,39.3,S,4,0,0
3252,3,male,35.0,1,3,13.39,S,5,0,0
3253,3,male,11.4,2,3,3.55,S,6,0,0
3254,3,male,0.0,0,3,43.32,C,4,0,0
3258,3,female,15.5,2,3,29.89,S,6,0,0
3263,3,female,42.7,2,3,36.83,S,6,0,0
3265,3,male,32.2,4,1,62.82,S,6,0,0
3266,3,male,22.1,3,0,13.9,S,4,0,0
3267,3,female,57.3,1,3,32.77,C,5,0,0
3273,3,female,39.7,1,3,3.21,S,5,0,0
3280,3,male,39.8,2,0,38.99,C,3,0,0
3284,3,male,18.0,1,0,0.75,C,2,0,0
3285,3,female,33.5,3,3,42.11,Q,7,0,0
3290,3,female,27.7,4,4,2.83,S,9,0,0
3293,3,male,41.3,1,4,33.49,S,6,0,0
3295,3,male,41.9,2,4,26.53,S,7,0,0
3297,3,male,23.4,0,3,5.44,S,4,0,0
3300,3,male,3.2,3,1,15.12,C,5,0,0
3303,3,female,26.8,4,3,38.41,S,8,0,0
3305,3,male,41.0,0,2,48.59,S,3,0,0
3306,3,female,36.1,3,2,32.16,C,6,0,0
3307,3,male,41.6,2,1,36.24,S,4,0,0
3308,3,female,34.8,0,1,8.18,S,2,0,0
3314,3,male,43.9,3,2,64.48,S,6,0,0
3317,3,male,33.5,5,3,42.76,S,9,0,0
3321,3,male,36.7,1,3,26.96,S,5,0,0
3341,3,male,14.4,4,3,13.21,S,8,0,0
3343,3,male,12.3,3,2,9.75,S,6,0,0
3344,3,male,55.4,2,0,17.76,S,3,0,0
3346,3,male,18.2,2,2,14.96,S,5,0,0
3347,3,female,25.0,2,2,2.88,S,5,0,0
3348,3,male,40.9,3,2,43.41,S,6,0,0
3351,3,male,23.4,3,3,76.6,C,7,0,0
3353,3,male,30.9,2,2,21.53,C,5,0,0
3355,3,female,20.9,1,4,2.79,S,6,0,0
3357,3,male,20.9,2,2,94.21,S,5,0,0
3361,3,female,36.6,4,4,51.1,S,9,0,0
3366,3,male,18.3,1,4,0.94,S,6,0,0
3370,3,male,50.2,3,3,35.17,S,7,0,0
3371,3,female,46.9,1,3,7.93,S,5,0,0
3372,3,female,31.8,3,3,54.24,S,7,0,0
3377,3,male,26.2,1,3,124.05,S,5,0,0
3378,3,female,35.9,4,3,12.31,S,8,0,0
3382,3,male,21.8,3,4,3.62,S,8,0,0
3383,3,female,27.9,1,4,17.86,S,6,0,0
3386,3,female,0.0,0,4,31.47,S,5,0,0
3388,3,male,39.2,0,1,54.6,S,2,0,0
3393,3,male,40.5,5,3,50.76,S,9,0,0
3398,3,male,34.6,5,4,10.32,S,10,0,0
3400,3,male,22.7,1,3,46.87,S,5,0,0
3401,3,male,30.9,0,2,32.58,S,3,0,0
3403,3,male,20.9,2,0,94.72,S,3,0,0
3409,3,female,26.9,4,0,20.97,C,5,0,0
3410,3,female,50.0,3,1,9.48,Q,5,0,0
3411,3,female,51.0,1,0,11.67,C,2,0,0
3412,3,male,56.3,5,1,30.39,C,7,0,0
3413,3,male,29.9,5,3,42.35,S,9,0,0
3415,3,male,14.3,1,2,4.15,S,4,0,0
3418,3,male,35.6,2,3,27.82,S,6,0,0
3419,3,male,29.5,5,3,29.7,S,9,0,0
3423,3,male,0.0,3,4,46.46,S,8,0,0
3426,3,male,0.7,3,3,40.21,S,7,0,0
3430,3,male,57.0,0,0,72.99,C,1,1,0
3433,3,male,48.3,3,0,6.82,S,4,0,0
3437,3,female,34.2,4,1,114.47,S,6,0,0
3442,3,male,12.8,0,1,1.27,S,2,0,0
3461,3,male,18.4,2,1,21.33,S,4,0,0
3466,3,male,45.9,5,0,142.55,C,6,0,0
3470,3,male,34.8,0,3,29.13,S,4,0,0
3478,3,male,44.3,2,4,14.1,Q,7,0,0
3479,3,female,34.1,1,3,29.36,S,5,0,0
3481,3,male,21.9,4,2,37.27,S,7,0,0
3482,3,male,9.5,3,1,6.12,S,5,0,0
3484,3,male,39.6,2,3,62.61,S,6,0,0
3485,3,male,57.3,0,4,7.8,S,5,0,0
3488,3,male,44.6,3,0,81.32,C,4,0,0
3489,3,male,45.0,0,3,75.53,Q,4,0,0
3490,3,male,20.3,3,2,2.24,S,6,0,0
3495,3,male,29.9,4,2,15.84,Q,7,0,0
3500,3,female,18.3,0,4,0.93,S,5,0,0
3507,3,female,38.9,0,1,46.25,S,2,0,0
3510,3,male,41.9,3,0,25.81,C,4,0,0
3511,3,male,4.9,4,1,1.81,S,6,0,0
3516,3,female,39.0,5,2,24.48,S,8,0,0
3522,3,male,45.3,5,0,25.7,S,6,0,0
3523,3,female,20.7,2,4,11.19,S,7,0,0
3525,3,male,53.4,0,2,3.63,S,3,0,0
3529,3,female,32.2,4,3,11.06,S,8,0,0
3532,3,female,43.9,1,4,53.66,S,6,0,0
3534,3,male,33.5,2,4,26.57,S,7,0,0
3535,3,female,20.5,4,2,16.16,S,7,0,0
3537,3,male,25.9,3,3,118.84,C,7,0,0
3539,3,male,30.3,2,2,9.3,S,5,0,0
3540,3,male,36.5,0,4,46.24,S,5,0,0
3542,3,male,17.6,0,4,28.06,C,5,0,0
3543,3,male,43.5,5,3,45.89,C,9,0,0
3545,3,male,5.9,2,0,21.59,S,3,0,0
3546,3,male,16.7,1,2,1.67,S,4,0,0
3548,3,male,21.6,0,2,19.42,S,3,0,0
3551,3,male,23.7,4,3,31.81,Q,8,0,0
3552,3,female,51.1,4,0,47.55,C,5,0,0
3553,3,male,8.4,2,1,20.18,S,4,0,0
3557,3,male,4.4,0,1,73.63,S,2,0,0
3558,3,female,11.0,3,4,10.19,S,8,0,0
3559,3,male,35.7,3,2,12.13,Q,6,0,0
3560,3,male,20.2,2,4,80.35,S,7,0,0
3566,3,female,10.2,5,3,16.78,S,9,0,0
3575,3,male,15.8,1,4,97.57,C,6,0,0
3576,3,female,0.0,2,0,2.07,S,3,0,0
3577,3,male,23.8,1,1,7.81,S,3,0,0
3584,3,male,20.4,2,0,17.96,S,3,0,0
3586,3,male,46.1,4,1,6.05,C,6,0,0
3588,3,male,48.4,2,0,64.29,S,3,0,0
3593,3,male,26.0,5,4,2.23,S,10,0,0
3594,3,male,31.4,2,0,44.39,S,3,0,0
3598,3,male,17.7,2,3,3.02,C,6,0,0
3601,3,female,5.0,0,3,19.26,S,4,0,0
3603,3,male,27.8,2,4,41.67,C,7,0,0
3605,3,male,25.1,1,1,0.92,S,3,0,0
3610,3,female,23.7,3,2,32.65,Q,6,0,0
3612,3,male,45.6,3,1,55.37,C,5,0,0
3614,3,female,15.8,1,2,42.85,S,4,0,0
3615,3,male,36.8,3,1,17.65,C,5,0,0
3616,3,male,34.6,2,4,0.21,S,7,0,0
3621,3,male,38.8,1,2,19.29,S,4,0,0
3624,3,male,40.2,3,0,55.75,S,4,0,0
3625,3,female,0.0,0,3,31.83,Q,4,0,0
3632,3,female,30.1,5,3,14.54,S,9,0,0
3633,3,female,25.9,2,0,37.98,S,3,0,0
3635,3,female,31.3,5,1,84.35,S,7,0,0
3637,3,female,10.5,0,3,27.92,S,4,0,0
3638,3,male,14.6,0,3,22.23,Q,4,0,0
3639,3,female,39.5,0,3,15.18,C,4,0,0
3640,3,male,36.8,2,2,5.13,C,5,0,0
3642,3,male,20.8,2,0,12.93,C,3,0,0
3645,3,male,47.2,5,3,0.07,S,9,0,0
3647,3,male,21.6,5,0,4.39,C,6,0,0
3653,3,female,32.8,5,1,7.05,S,7,0,0
3654,3,female,28.0,1,0,22.91,S,2,0,0
3655,3,female,18.0,3,1,12.4,S,5,0,0
3656,3,male,30.8,1,3,13.12,C,5,0,0
3657,3,female,31.1,5,1,53.07,C,7,0,0
3658,3,male,61.9,4,3,70.69,S,8,0,0
3661,3,male,32.9,3,2,9.04,S,6,0,0
3663,3,female,14.0,5,2,65.55,S,8,0,0
3665,3,male,18.2,4,4,77.5,S,9,0,0
3667,3,male,11.0,3,1,11.9,S,5,0,0
3668,3,female,25.5,3,4,14.48,C,8,0,0
3669,3,female,0.0,4,2,78.42,S,7,0,0
3671,3,male,21.2,0,4,8.07,S,5,0,0
3673,3,male,37.2,4,0,87.31,S,5,0,0
3675,3,female,20.2,0,1,23.64,Q,2,0,0
3676,3,female,35.3,4,0,78.68,S,5,0,0
3677,3,male,50.7,5,2,69.51,C,8,0,0
3679,3,male,39.6,1,1,74.36,S,3,0,0
3681,3,male,45.5,4,3,7.46,S,8,0,0
3688,3,female,19.1,5,3,8.5,Q,9,0,0
3691,3,female,24.0,3,1,47.23,S,5,0,0
3693,3,male,47.3,0,1,9.04,C,2,0,0
3694,3,male,16.2,5,1,2.09,C,7,0,0
3699,3,male,33.2,5,2,25.7,S,8,0,0
3707,3,female,31.6,3,0,20.28,Q,4,0,0
3708,3,female,26.5,0,0,4.9,S,1,1,0
3710,3,female,24.1,0,2,6.01,S,3,0,0
3715,3,male,7.4,0,1,35.37,Q,2,0,0
3716,3,female,14.3,1,4,0.99,S,6,0,0
3719,3,male,17.4,3,3,22.53,C,7,0,0
3720,3,male,28.2,2,2,8.8,C,5,0,0
3723,3,female,8.8,4,2,34.35,C,7,0,0
3729,3,male,42.2,0,1,8.64,Q,2,0,0
3730,3,male,72.4,5,3,53.21,S,9,0,0
3732,3,male,13.3,4,3,81.94,C,8,0,0
3733,3,female,49.8,2,3,11.87,S,6,0,0
3734,3,male,31.6,1,1,68.29,S,3,0,0
3735,3,male,58.6,5,3,63.8,S,9,0,0
3743,3,female,40.9,3,4,24.4,S,8,0,0
3745,3,male,18.0,0,2,22.83,S,3,0,0
3754,3,male,0.0,4,3,17.1,Q,8,0,0
3758,3,male,6.5,5,3,91.47,C,9,0,0
3764,3,male,44.1,2,0,12.76,C,3,0,0
3765,3,male,31.0,3,3,2.58,S,7,0,0
3766,3,male,31.4,5,2,97.78,Q,8,0,0
3768,3,female,28.0,4,4,33.12,S,9,0,0
3769,3,male,19.4,5,4,63.43,S,10,0,0
3770,3,male,35.3,2,1,25.77,S,4,0,0
3772,3,male,27.9,3,1,49.13,S,5,0,0
3777,3,female,44.4,3,0,138.3,C,4,0,0
3780,3,female,26.4,5,4,2.23,S,10,0,0
3785,3,female,0.0,0,2,1.47,S,3,0,0
3787,3,male,37.7,4,2,111.48,S,7,0,0
3788,3,female,28.9,2,3,23.55,S,6,0,0
3790,3,male,37.4,2,2,25.2,C,5,0,0
3791,3,male,19.2,4,4,4.13,C,9,0,0
3792,3,male,25.9,1,2,99.93,C,4,0,0
3796,3,male,17.6,2,0,0.9,S,3,0,0
3797,3,male,37.7,2,1,1.12,C,4,0,0
3798,3,male,32.9,1,2,26.44,S,4,0,0
3799,3,male,19.4,0,4,22.33,C,5,0,0
3800,3,male,30.7,4,0,137.75,S,5,0,0
3806,3,male,36.9,3,0,3.43,S,4,0,0
3809,3,male,16.0,4,4,53.84,S,9,0,0
3811,3,female,39.3,4,2,60.08,S,7,0,0
3814,3,female,33.1,1,1,36.12,Q,3,0,0
3820,3,female,41.7,3,2,107.95,S,6,0,0
3823,3,female,5.2,1,4,1.91,S,6,0,0
3824,3,male,36.2,2,0,3.47,S,3,0,0
3825,3,male,8.3,1,1,31.24,S,3,0,0
3826,3,male,21.6,4,2,19.28,S,7,0,0
3827,3,male,27.9,5,3,0.12,S,9,0,0
3829,3,male,42.2,1,3,9.21,C,5,0,0
3830,3,male,26.0,0,3,65.68,S,4,0,0
3833,3,male,30.8,4,2,96.48,S,7,0,0
3834,3,male,16.6,0,2,39.6,Q,3,0,0
3835,3,male,12.6,5,4,5.6,S,10,0,0
3840,3,male,61.7,0,0,6.16,S,1,1,0
3841,3,male,33.2,4,2,0.59,S,7,0,0
3842,3,female,30.0,4,1,19.67,S,6,0,0
3843,3,female,21.4,2,0,37.27,Q,3,0,0
3844,3,male,38.2,3,1,17.5,S,5,0,0
3847,3,male,40.8,0,4,15.73,S,5,0,0
3849,3,female,46.4,0,2,6.29,S,3,0,0
3850,3,female,36.5,2,0,12.98,Q,3,0,0
3855,3,male,56.0,4,2,122.11,S,7,0,0
3857,3,male,34.2,2,3,95.48,S,6,0,0
3861,3,male,17.5,5,0,140.39,C,6,0,0
3864,3,male,0.0,3,3,42.1,S,7,0,0
3872,3,male,41.1,3,4,10.81,Q,8,0,0
3874,3,male,35.5,1,1,13.7,S,3,0,0
3875,3,female,9.9,5,2,14.11,S,8,0,0
3891,3,male,7.6,1,1,17.57,Q,3,0,0
3893,3,female,15.9,3,1,2.47,S,5,0,0
3896,3,female,46.3,5,1,9.35,S,7,0,0
3901,3,female,32.5,2,0,108.37,S,3,0,0
3903,3,female,1.5,5,1,1.59,Q,7,0,0
3906,3,male,30.8,5,4,1.72,S,10,0,0
3907,3,female,10.7,1,0,1.18,S,2,0,0
3908,3,female,33.6,3,3,55.19,S,7,0,0
3910,3,female,52.3,4,1,7.14,S,6,0,0
3911,3,male,43.0,1,0,34.29,C,2,0,0
3912,3,male,25.2,5,0,2.13,S,6,0,0
3915,3,female,33.0,1,0,8.38,C,2,0,0
3917,3,male,58.3,2,3,77.61,S,6,0,0
3926,3,female,56.1,0,1,6.81,S,2,0,0
3929,3,male,17.6,4,0,24.22,S,5,0,0
3931,3,male,29.9,3,1,22.11,S,5,0,0
3933,3,male,45.9,4,0,11.09,Q,5,0,0
3935,3,male,17.7,0,0,12.96,S,1,1,0
3936,3,male,54.0,3,2,58.58,C,6,0,0
3937,3,female,7.5,0,0,27.81,S,1,1,0
3943,3,male,33.9,4,4,6.47,S,9,0,0
3945,3,male,49.7,5,4,12.39,Q,10,0,0
3947,3,male,22.8,0,0,20.48,S,1,1,0
3948,3,male,43.5,1,1,12.92,S,3,0,0
3949,3,male,20.4,3,4,68.65,C,8,0,0
3950,3,male,6.7,5,3,20.23,S,9,0,0
3953,3,female,17.5,3,1,32.63,Q,5,0,0
3957,3,male,21.8,4,4,7.24,S,9,0,0
3959,3,male,7.7,4,0,18.3,S,5,0,0
3960,3,male,24.2,2,0,14.45,C,3,0,0
3962,3,female,10.7,0,4,9.27,C,5,0,0
3968,3,male,30.1,5,1,0.88,Q,7,0,0
3969,3,male,22.4,3,4,44.42,C,8,0,0
3972,3,male,45.3,1,4,27.81,S,6,0,0
3976,3,male,19.7,3,2,62.54,Q,6,0,0
3977,3,male,5.2,5,0,8.16,S,6,0,0
3986,3,male,7.2,0,0,5.37,S,1,1,0
3993,3,female,31.3,4,4,25.09,Q,9,0,0
3994,3,female,30.6,4,2,18.75,S,7,0,0
3999,3,female,49.1,4,3,2.3,S,8,0,0
4004,3,male,33.0,0,0,18.43,C,1,1,0
4006,3,female,36.1,0,2,30.77,S,3,0,0
4007,3,male,38.2,1,1,13.98,S,3,0,0
4010,3,male,12.6,1,3,149.11,S,5,0,0
4011,3,male,24.1,2,3,18.12,S,6,0,0
4021,3,male,18.8,3,1,39.74,S,5,0,0
4027,3,female,31.3,4,1,17.22,S,6,0,0
4031,3,male,4.8,4,4,3.33,S,9,0,0
4032,3,male,42.9,5,3,18.85,S,9,0,0
4043,3,male,31.9,0,4,26.62,S,5,0,0
4044,3,female,27.1,5,1,44.69,S,7,0,0
4053,3,female,28.6,2,0,13.59,S,3,0,0
4055,3,female,31.6,3,1,19.92,S,5,0,0
4060,3,male,47.1,2,4,19.26,S,7,0,0
4061,3,female,42.6,3,2,0.54,S,6,0,0
4073,3,female,42.7,0,0,78.08,S,1,1,0
4075,3,male,58.1,5,1,22.75,S,7,0,0
4076,3,male,31.5,4,3,11.72,C,8,0,0
4079,3,male,49.9,2,2,15.26,S,5,0,0
4081,3,male,16.7,3,2,55.19,C,6,0,0
4084,3,male,42.5,2,2,24.83,S,5,0,0
4085,3,female,10.3,4,2,34.94,S,7,0,0
4087,3,male,26.4,2,3,29.02,S,6,0,0
4089,3,male,41.3,5,1,33.73,S,7,0,0
4091,3,male,27.1,1,1,5.25,C,3,0,0
4094,3,female,14.7,5,3,33.09,S,9,0,0
4096,3,female,43.5,4,4,19.6,S,9,0,0
4097,3,female,52.5,2,2,59.79,S,5,0,0
4099,3,male,24.3,5,4,1.57,Q,10,0,0
4102,3,female,31.8,2,0,73.65,S,3,0,0
4104,3,male,25.3,1,4,2.14,C,6,0,0
4109,3,female,23.8,1,4,20.28,Q,6,0,0
4110,3,male,18.0,5,0,14.27,S,6,0,0
4112,3,female,36.0,0,2,49.61,S,3,0,0
4115,3,male,23.0,5,0,26.4,C,6,0,0
4118,3,male,36.8,2,3,50.89,S,6,0,0
4128,3,male,36.0,3,3,1.44,C,7,0,0
4131,3,male,12.8,3,3,9.38,C,7,0,0
4135,3,male,6.0,2,0,15.95,S,3,0,0
4139,3,male,20.3,2,1,4.32,C,4,0,0
4140,3,male,6.7,1,1,22.41,S,3,0,0
4141,3,male,27.5,4,0,8.77,S,5,0,0
4142,3,male,41.0,1,2,46.07,S,4,0,0
4147,3,female,33.3,1,2,26.95,S,4,0,0
4150,3,female,18.6,0,0,8.94,S,1,1,0
4151,3,male,0.0,1,3,4.83,S,5,0,0
4154,3,male,33.0,3,4,17.64,C,8,0,0
4160,3,female,29.4,0,0,17.81,S,1,1,0
4161,3,female,0.0,5,1,19.41,S,7,0,0
4162,3,male,19.8,3,4,7.34,S,8,0,0
4164,3,male,27.5,1,1,46.57,S,3,0,0
4165,3,male,16.0,2,1,48.98,S,4,0,0
4169,3,male,15.5,3,4,6.27,Q,8,0,0
4170,3,male,20.5,4,4,68.19,S,9,0,0
4173,3,female,45.5,4,3,0.05,S,8,0,0
4176,3,female,18.6,2,1,64.28,S,4,0,0
4178,3,male,32.0,3,1,11.79,S,5,0,0
4179,3,male,26.0,5,4,24.86,S,10,0,0
4180,3,male,26.9,2,1,33.36,S,4,0,0
4183,3,male,12.9,4,4,27.85,C,9,0,0
4184,3,male,27.8,5,0,9.58,S,6,0,0
4186,3,male,36.3,5,1,22.54,S,7,0,0
4187,3,female,30.4,3,0,14.89,S,4,0,0
4192,3,male,28.4,5,3,6.73,S,9,0,0
4194,3,male,33.5,2,0,2.29,S,3,0,0
4195,3,female,28.2,2,4,17.75,S,7,0,0
4198,3,male,32.1,0,0,49.0,C,1,1,0
4202,3,female,24.4,2,0,37.25,S,3,0,0
4205,3,male,30.4,4,0,32.21,S,5,0,0
4206,3,female,34.4,2,0,5.21,S,3,0,0
4207,3,female,0.9,2,0,5.32,S,3,0,0
4209,3,male,68.9,4,2,15.57,S,7,0,0
4211,3,male,22.8,5,3,43.86,S,9,0,0
4212,3,female,60.9,2,0,47.57,Q,3,0,0
4216,3,male,24.9,0,3,135.91,C,4,0,0
4221,3,female,32.8,1,0,33.15,S,2,0,0
4226,3,female,26.9,0,3,10.2,S,4,0,0
4229,3,male,17.3,3,3,21.39,C,7,0,0
4234,3,male,25.0,4,3,25.43,S,8,0,0
4235,3,male,38.1,3,3,63.46,S,7,0,0
4236,3,male,13.6,1,0,6.72,S,2,0,0
4239,3,male,29.5,5,3,31.07,S,9,0,0
4243,3,male,19.3,5,0,23.63,C,6,0,0
4244,3,female,32.5,5,3,85.84,S,9,0,0
4246,3,female,52.1,5,1,9.47,C,7,0,0
4248,3,female,31.4,2,2,79.55,Q,5,0,0
4250,3,male,0.0,2,4,5.06,S,7,0,0
4253,3,male,8.8,0,2,33.57,S,3,0,0
4265,3,male,27.3,0,1,42.57,S,2,0,0
4267,3,male,24.1,0,2,18.65,S,3,0,0
4276,3,male,45.2,1,3,71.57,S,5,0,0
4277,3,male,7.0,5,4,42.22,C,10,0,0
4282,3,female,19.0,2,1,11.0,C,4,0,0
4283,3,male,35.0,0,3,2.84,S,4,0,0
4284,3,female,48.8,2,4,42.03,S,7,0,0
4285,3,male,45.6,5,1,11.61,C,7,0,0
4288,3,male,45.4,3,1,35.12,S,5,0,0
4290,3,female,28.9,1,0,26.02,S,2,0,0
4291,3,male,50.6,2,4,60.47,Q,7,0,0
4292,3,female,43.8,1,1,3.62,S,3,0,0
4294,3,male,65.2,4,1,34.17,S,6,0,0
4296,3,male,33.6,3,4,6.58,S,8,0,0
4297,3,female,48.0,0,0,23.61,Q,1,1,0
4299,3,male,20.4,0,0,42.1,S,1,1,0
4300,3,female,26.2,1,0,28.98,S,2,0,0
4305,3,male,44.9,0,4,25.12,C,5,0,0
4310,3,male,9.4,5,0,4.81,C,6,0,0
4315,3,male,4.5,0,3,35.2,S,4,0,0
4317,3,male,55.6,4,4,18.3,S,9,0,0
4318,3,male,43.5,2,3,0.16,S,6,0,0
4319,3,male,44.0,4,0,9.69,S,5,0,0
4320,3,female,25.5,2,2,1.34,S,5,0,0
4331,3,male,53.2,1,2,33.93,S,4,0,0
4332,3,male,37.4,0,2,18.73,S,3,0,0
4334,3,male,40.6,4,0,116.37,C,5,0,0
4335,3,male,48.9,5,0,137.34,S,6,0,0
4336,3,male,6.4,4,2,38.01,S,7,0,0
4338,3,male,25.8,3,4,44.56,S,8,0,0
4339,3,female,15.3,1,3,36.39,S,5,0,0
4340,3,male,25.3,0,1,25.2,Q,2,0,0
4341,3,male,7.3,5,3,4.52,S,9,0,0
4345,3,male,29.7,0,2,13.41,S,3,0,0
4347,3,female,0.0,0,4,0.79,C,5,0,0
4354,3,male,31.7,3,0,22.51,Q,4,0,0
4355,3,male,19.0,4,0,121.93,S,5,0,0
4356,3,female,19.6,0,0,18.12,S,1,1,0
4361,3,male,31.8,4,4,12.07,S,9,0,0
4363,3,female,23.7,4,1,32.77,C,6,0,0
4366,3,male,47.1,4,3,5.76,C,8,0,0
4368,3,female,32.9,0,1,61.08,Q,2,0,0
4371,3,male,27.9,5,0,0.18,Q,6,0,0
4373,3,male,6.8,4,4,0.86,S,9,0,0
4374,3,male,35.0,2,4,72.78,C,7,0,0
4375,3,male,15.6,1,2,16.9,C,4,0,0
4376,3,male,17.1,0,3,43.33,C,4,0,0
4379,3,male,10.4,4,2,19.18,C,7,0,0
4380,3,female,41.0,1,3,1.26,S,5,0,0
4382,3,female,55.9,5,1,44.61,Q,7,0,0
4383,3,male,33.2,1,4,34.03,S,6,0,0
4385,3,male,17.0,1,2,0.28,S,4,0,0
4387,3,male,37.7,0,0,47.91,C,1,1,0
4390,3,female,52.9,1,1,2.47,Q,3,0,0
4391,3,female,42.2,1,1,29.46,C,3,0,0
4393,3,male,32.8,5,4,18.04,C,10,0,0
4396,3,female,21.1,1,0,44.43,S,2,0,0
4397,3,female,10.6,5,3,25.15,S,9,0,0
4400,3,male,11.0,3,3,34.03,C,7,0,0
4401,3,male,48.6,5,4,27.4,S,10,0,0
4402,3,male,46.0,5,2,58.96,S,8,0,0
4403,3,male,34.6,4,3,22.15,S,8,0,0
4408,3,male,29.4,1,2,63.34,S,4,0,0
4410,3,male,55.3,1,1,13.68,C,3,0,0
4414,3,male,19.0,5,1,23.08,S,7,0,0
4417,3,male,22.1,2,4,9.26,C,7,0,0
4419,3,male,20.7,3,3,21.51,C,7,0,0
4420,3,male,18.8,3,0,12.55,S,4,0,0
4422,3,male,31.0,5,2,96.44,Q,8,0,0
4424,3,male,29.4,1,3,135.29,S,5,0,0
4425,3,male,32.0,2,4,6.07,C,7,0,0
4434,3,male,13.3,1,0,118.34,S,2,0,0
4435,3,female,38.3,3,3,19.42,S,7,0,0
4439,3,female,38.4,5,2,49.78,Q,8,0,0
4446,3,female,14.8,5,1,42.18,S,7,0,0
4451,3,male,28.6,5,4,5.96,C,10,0,0
4461,3,female,32.0,1,0,4.1,S,2,0,0
4463,3,male,19.6,5,1,126.04,S,7,0,0
4466,3,female,28.0,4,2,38.5,C,7,0,0
4479,3,female,48.1,5,3,125.93,S,9,0,0
4482,3,female,27.8,0,2,22.32,S,3,0,0
4483,3,female,42.1,2,2,51.38,Q,5,0,0
4486,3,male,35.4,5,2,16.21,C,8,0,0
4490,3,male,47.7,2,0,51.92,S,3,0,0
4492,3,male,21.9,0,0,10.97,C,1,1,0
4496,3,male,39.0,0,1,46.1,S,2,0,0
4497,3,female,34.7,1,4,9.95,S,6,0,0
4499,3,male,25.9,0,2,7.72,S,3,0,0
4502,3,male,30.9,5,3,175.36,S,9,0,0
4507,3,female,29.6,1,3,63.25,C,5,0,0
4508,3,female,28.6,0,2,70.04,C,3,0,0
4510,3,male,44.5,1,2,14.07,S,4,0,0
4512,3,female,46.3,5,4,12.14,Q,10,0,0
4514,3,female,28.3,5,0,17.19,C,6,0,0
4515,3,female,15.0,0,2,25.9,Q,3,0,0
4516,3,male,56.8,2,3,4.57,S,6,0,0
4519,3,male,37.5,4,1,32.74,C,6,0,0
4521,3,female,19.3,3,2,10.26,C,6,0,0
4525,3,male,21.4,2,1,74.46,S,4,0,0
4528,3,male,13.2,2,4,1.45,C,7,0,0
4529,3,male,9.2,3,3,16.27,C,7,0,0
4530,3,female,18.6,1,0,186.3,C,2,0,0
4533,3,male,33.7,0,2,37.25,S,3,0,0
4535,3,female,5.4,1,0,13.97,S,2,0,0
4536,3,male,17.8,0,0,24.37,S,1,1,0
4537,3,male,17.8,5,0,21.18,S,6,0,0
4540,3,male,44.0,1,1,16.49,S,3,0,0
4541,3,male,24.0,0,2,32.13,S,3,0,0
4544,3,male,23.7,1,1,101.68,C,3,0,0
4546,3,female,28.5,0,3,41.37,S,4,0,0
4552,3,female,49.1,2,2,7.85,S,5,0,0
4554,3,male,36.4,5,0,12.3,S,6,0,0
4555,3,male,43.2,0,3,10.35,S,4,0,0
4567,3,female,15.2,0,3,26.14,S,4,0,0
4570,3,female,12.1,4,4,5.67,S,9,0,0
4572,3,female,54.5,0,1,43.32,S,2,0,0
4576,3,male,23.5,0,3,25.92,S,4,0,0
4581,3,male,26.3,5,2,42.98,S,8,0,0
4586,3,male,41.5,0,2,18.7,S,3,0,0
4587,3,male,42.8,0,0,21.71,S,1,1,0
4590,3,male,52.1,2,3,71.04,S,6,0,0
4598,3,male,19.7,5,4,2.85,S,10,0,0
4599,3,female,31.4,5,2,21.78,C,8,0,0
4603,3,female,33.5,1,3,143.61,S,5,0,0
4609,3,male,22.2,1,0,7.72,C,2,0,0
4614,3,female,17.9,0,2,33.12,S,3,0,0
4618,3,female,17.2,1,0,35.67,S,2,0,0
4627,3,male,20.6,4,0,44.62,S,5,0,0
4629,3,male,44.7,0,0,6.66,S,1,1,0
4641,3,female,43.6,0,1,33.86,S,2,0,0
4643,3,female,3.4,3,4,13.35,C,8,0,0
4647,3,male,29.0,1,1,51.96,S,3,0,0
4652,3,male,28.8,3,3,14.67,S,7,0,0
4654,3,male,53.7,0,3,10.23,S,4,0,0
4655,3,female,20.9,0,4,0.53,C,5,0,0
4657,3,female,43.1,4,4,23.47,C,9,0,0
4658,3,female,15.9,0,0,21.88,S,1,1,0
4660,3,female,55.2,4,3,7.42,S,8,0,0
4666,3,male,29.9,4,0,18.24,S,5,0,0
4670,3,male,25.3,1,3,7.47,S,5,0,0
4673,3,male,35.4,4,4,87.21,S,9,0,0
4676,3,male,64.6,2,4,1.14,S,7,0,0
4680,3,male,32.2,4,2,55.66,Q,7,0,0
4683,3,male,59.7,2,0,78.72,S,3,0,0
4685,3,male,25.3,2,3,8.16,C,6,0,0
4686,3,male,41.2,0,0,18.13,S,1,1,0
4688,3,male,43.8,4,2,3.24,S,7,0,0
4694,3,female,27.0,1,0,11.21,C,2,0,0
4696,3,male,12.4,2,2,9.3,S,5,0,0
4697,3,male,1.4,1,1,27.33,Q,3,0,0
4700,3,male,36.7,5,4,0.38,S,10,0,0
4701,3,male,35.1,3,3,16.23,S,7,0,0
4703,3,female,49.7,2,2,8.16,S,5,0,0
4704,3,male,28.9,1,0,37.3,S,2,0,0
4707,3,male,45.4,0,1,26.56,S,2,0,0
4712,3,female,45.9,1,4,19.91,S,6,0,0
4718,3,male,31.3,3,1,32.81,S,5,0,0
4720,3,male,29.5,5,3,151.42,S,9,0,0
4722,3,male,30.4,3,3,63.33,S,7,0,0
4725,3,female,11.6,5,2,18.71,S,8,0,0
4729,3,male,37.3,2,4,15.33,S,7,0,0
4730,3,female,30.6,2,3,17.65,S,6,0,0
4731,3,male,23.6,0,4,9.3,C,5,0,0
4735,3,male,37.1,2,1,15.28,C,4,0,0
4736,3,male,30.7,1,3,5.43,Q,5,0,0
4737,3,male,38.1,2,3,55.6,S,6,0,0
4738,3,male,7.7,5,0,22.91,S,6,0,0
4742,3,male,36.0,1,3,0.26,Q,5,0,0
4744,3,male,39.3,2,1,15.58,S,4,0,0
4745,3,male,42.9,0,3,7.07,C,4,0,0
4746,3,male,46.6,5,3,1.24,S,9,0,0
4747,3,male,18.2,2,0,8.17,S,3,0,0
4748,3,female,31.5,3,0,41.75,S,4,0,0
4750,3,male,39.3,4,3,5.19,C,8,0,0
4753,3,female,42.8,5,4,2.99,C,10,0,0
4758,3,male,48.1,0,2,32.19,S,3,0,0
4760,3,male,28.7,2,0,9.14,S,3,0,0
4770,3,male,32.1,1,1,31.79,S,3,0,0
4771,3,male,21.7,4,2,52.98,C,7,0,0
4774,3,male,32.7,3,3,87.74,S,7,0,0
4777,3,female,36.2,1,0,19.03,S,2,0,0
4779,3,female,37.8,2,1,8.21,S,4,0,0
4781,3,female,11.7,0,1,4.39,S,2,0,0
4784,3,male,27.6,4,1,16.4,S,6,0,0
4785,3,male,43.1,3,3,8.5,S,7,0,0
4788,3,female,0.0,2,3,2.59,S,6,0,0
4789,3,male,31.5,1,2,20.09,C,4,0,0
4792,3,female,2.5,2,1,38.56,S,4,0,0
4794,3,male,2.4,0,1,2.93,S,2,0,0
4795,3,male,21.3,0,2,16.51,S,3,0,0
4796,3,male,5.2,1,0,23.03,S,2,0,0
4798,3,female,24.0,0,3,6.0,S,4,0,0
4800,3,male,28.4,4,1,2.25,S,6,0,0
4803,3,male,38.0,2,1,33.71,Q,4,0,0
4805,3,female,11.9,4,0,25.35,S,5,0,0
4806,3,male,44.9,3,1,6.64,C,5,0,0
4808,3,female,25.7,5,4,62.86,S,10,0,0
4812,3,male,26.4,5,1,2.74,S,7,0,0
4819,3,male,18.1,4,0,11.62,S,5,0,0
4820,3,male,17.5,4,3,30.93,S,8,0,0
4822,3,male,36.3,0,3,22.18,Q,4,0,0
4823,3,male,33.9,4,0,85.84,S,5,0,0
4824,3,male,31.6,4,0,85.21,S,5,0,0
4825,3,female,37.7,2,1,14.03,C,4,0,0
4828,3,female,43.3,0,1,122.89,S,2,0,0
4829,3,female,42.5,5,3,23.48,C,9,0,0
4833,3,male,33.3,2,4,32.35,S,7,0,0
4836,3,male,16.8,5,4,27.6,S,10,0,0
4839,3,female,40.8,2,4,4.78,S,7,0,0
4842,3,female,32.3,4,2,45.67,C,7,0,0
4843,3,male,38.4,2,3,45.82,C,6,0,0
4844,3,male,56.4,0,0,49.08,S,1,1,0
4853,3,male,29.6,2,1,26.48,S,4,0,0
4855,3,male,4.6,3,0,47.99,S,4,0,0
4863,3,male,40.2,5,3,15.17,S,9,0,0
4864,3,male,24.6,5,2,37.6,S,8,0,0
4867,3,male,19.4,1,2,6.65,S,4,0,0
4868,3,male,27.6,4,4,0.08,S,9,0,0
4870,3,male,11.5,4,2,3.65,S,7,0,0
4878,3,male,38.2,1,3,17.26,S,5,0,0
4880,3,female,31.7,5,4,59.88,S,10,0,0
4881,3,female,36.2,0,1,5.95,S,2,0,0
4884,3,male,6.5,4,3,62.81,S,8,0,0
4886,3,female,17.5,0,3,8.26,C,4,0,0
4888,3,male,37.9,3,2,7.64,S,6,0,0
4892,3,female,9.1,3,2,9.7,S,6,0,0
4895,3,male,18.2,0,3,46.81,S,4,0,0
4897,3,male,48.7,5,1,42.74,S,7,0,0
4898,3,female,32.6,1,0,9.98,S,2,0,0
4907,3,male,11.2,4,0,38.02,S,5,0,0
4909,3,male,45.0,3,4,6.02,S,8,0,0
4912,3,male,37.2,4,1,16.28,S,6,0,0
4919,3,female,25.1,5,4,7.74,S,10,0,0
4922,3,female,9.9,5,4,45.76,S,10,0,0
4925,3,female,57.9,0,0,37.93,Q,1,1,0
4926,3,male,24.6,1,4,34.84,S,6,0,0
4931,3,female,28.4,3,2,22.97,S,6,0,0
4933,3,female,35.5,4,2,8.37,C,7,0,0
4934,3,female,29.4,3,3,50.22,C,7,0,0
4937,3,female,38.2,0,4,18.35,Q,5,0,0
4941,3,male,65.0,0,2,70.63,C,3,0,0
4943,3,female,37.8,3,4,13.58,Q,8,0,0
4950,3,male,24.3,2,1,8.73,Q,4,0,0
4951,3,male,39.8,5,0,57.29,S,6,0,0
4952,3,male,46.6,1,3,12.81,S,5,0,0
4956,3,male,30.4,3,0,1.28,Q,4,0,0
4960,3,male,36.4,1,0,26.45,S,2,0,0
4962,3,female,23.5,5,3,0.67,S,9,0,0
4969,3,female,18.2,2,3,3.78,S,6,0,0
4972,3,male,29.4,2,0,10.7,C,3,0,0
4974,3,female,15.9,3,2,40.99,S,6,0,0
4975,3,female,36.3,1,2,18.53,C,4,0,0
4981,3,male,16.5,2,1,21.95,C,4,0,0
4985,3,male,41.7,0,3,145.36,S,4,0,0
4987,3,male,0.0,2,4,23.81,S,7,0,0
4991,3,female,31.8,2,1,44.99,S,4,0,0
4994,3,male,20.4,2,3,4.11,S,6,0,0
5000,3,male,47.6,5,1,17.84,C,7,0,0
5003,3,male,12.5,2,0,10.18,S,3,0,0
5005,3,male,26.2,5,0,53.33,S,6,0,0
5008,3,male,26.6,4,1,70.26,S,6,0,0
5015,3,female,18.7,1,4,45.27,S,6,0,0
5016,3,male,0.9,0,4,32.81,S,5,0,0
5017,3,male,39.8,3,4,40.51,S,8,0,0
5018,3,male,30.1,0,0,3.22,S,1,1,0
5030,3,female,16.4,4,2,23.92,S,7,0,0
5032,3,male,40.5,1,2,7.71,C,4,0,0
5035,3,male,44.4,0,4,60.41,S,5,0,0
5036,3,male,56.2,2,4,22.81,S,7,0,0
5041,3,female,33.9,4,1,37.46,S,6,0,0
5042,3,male,26.4,5,0,6.81,S,6,0,0
5045,3,male,33.3,0,3,6.1,S,4,0,0
5048,3,male,46.1,2,3,47.08,S,6,0,0
5049,3,male,31.0,0,1,1.43,S,2,0,0
5052,3,male,23.9,1,2,8.2,S,4,0,0
5054,3,male,51.0,0,2,7.36,S,3,0,0
5058,3,female,49.2,5,2,33.25,S,8,0,0
5059,3,male,56.5,0,2,5.89,C,3,0,0
5062,3,female,40.2,1,3,3.28,S,5,0,0
5063,3,male,17.1,3,2,76.82,S,6,0,0
5067,3,male,33.4,5,2,36.95,Q,8,0,0
5069,3,male,35.5,2,4,2.45,S,7,0,0
5072,3,male,36.7,3,2,65.51,S,6,0,0
5073,3,female,39.5,1,0,38.84,S,2,0,0
5075,3,male,32.5,3,0,62.88,S,4,0,0
5078,3,male,24.8,4,1,4.18,S,6,0,0
5080,3,female,35.0,4,1,16.46,S,6,0,0
5081,3,male,28.1,5,2,11.16,S,8,0,0
5083,3,female,44.7,4,4,25.49,S,9,0,0
5085,3,female,58.4,4,1,88.49,Q,6,0,0
5088,3,female,8.5,3,3,49.67,S,7,0,0
5089,3,male,33.3,0,1,20.8,S,2,0,0
5090,3,male,24.6,0,3,81.26,S,4,0,0
5091,3,male,40.6,1,4,0.74,Q,6,0,0
5094,3,female,58.9,2,3,4.71,S,6,0,0
5095,3,female,17.8,4,0,18.52,S,5,0,0
5097,3,male,38.6,3,3,16.45,Q,7,0,0
5098,3,male,56.7,1,1,72.29,C,3,0,0
5100,3,female,37.4,4,2,4.22,Q,7,0,0
5104,3,female,17.5,2,4,23.67,S,7,0,0
5106,3,female,53.3,1,1,38.09,S,3,0,0
5107,3,female,1.6,3,4,105.12,S,8,0,0
5112,3,male,35.7,1,2,84.1,S,4,0,0
5114,3,male,20.1,4,0,70.89,Q,5,0,0
5117,3,male,30.9,3,2,9.29,S,6,0,0
5120,3,female,34.2,2,1,40.08,S,4,0,0
5122,3,female,18.9,2,1,45.32,S,4,0,0
5123,3,male,43.4,3,4,27.23,Q,8,0,0
5126,3,female,33.2,5,4,15.16,S,10,0,0
5132,3,male,54.9,3,3,3.06,S,7,0,0
5140,3,male,3.7,3,3,10.65,S,7,0,0
5142,3,male,27.2,5,2,3.53,C,8,0,0
5144,3,male,10.3,0,1,18.25,S,2,0,0
5149,3,male,24.8,2,1,16.52,S,4,0,0
5156,3,female,14.5,5,3,11.72,S,9,0,0
5160,3,female,44.3,3,2,3.69,Q,6,0,0
5161,3,female,36.9,1,4,21.94,S,6,0,0
5162,3,female,43.7,3,4,90.36,Q,8,0,0
5163,3,male,27.2,4,3,18.84,C,8,0,0
5166,3,male,28.2,0,4,1.19,S,5,0,0
5167,3,male,3.4,5,4,12.44,S,10,0,0
5168,3,male,29.4,5,4,186.38,S,10,0,0
5170,3,male,30.0,4,4,20.33,C,9,0,0
5180,3,male,20.9,2,3,15.1,S,6,0,0
5182,3,male,8.6,0,2,34.49,S,3,0,0
5198,3,male,26.0,2,4,44.75,S,7,0,0
5199,3,female,33.9,2,1,2.81,S,4,0,0
5207,3,male,20.0,0,0,34.62,S,1,1,0
5214,3,male,32.6,5,0,7.42,S,6,0,0
5216,3,male,43.0,1,0,114.08,S,2,0,0
5218,3,female,50.4,3,1,51.2,S,5,0,0
5219,3,male,20.4,3,1,95.32,S,5,0,0
5221,3,male,38.9,2,0,46.87,S,3,0,0
5222,3,female,20.5,4,4,47.58,Q,9,0,0
5223,3,female,32.3,2,1,117.46,S,4,0,0
5224,3,male,33.2,5,2,33.34,S,8,0,0
5228,3,male,19.4,1,3,45.9,S,5,0,0
5229,3,female,25.7,3,4,34.2,S,8,0,0
5233,3,male,27.5,5,0,45.3,S,6,0,0
5238,3,male,19.7,3,4,28.18,S,8,0,0
5241,3,male,27.8,3,1,65.28,S,5,0,0
5242,3,female,35.3,0,1,14.5,S,2,0,0
5248,3,male,38.1,5,3,7.25,S,9,0,0
5250,3,female,31.6,0,2,33.41,S,3,0,0
5255,3,female,30.9,0,1,2.63,S,2,0,0
5257,3,male,35.6,3,0,26.85,S,4,0,0
5258,3,male,28.5,4,0,20.44,S,5,0,0
5260,3,female,31.2,2,0,20.8,S,3,0,0
5262,3,male,13.5,4,2,41.31,C,7,0,0
5263,3,male,33.7,1,1,19.41,S,3,0,0
5266,3,female,22.0,2,3,0.09,S,6,0,0
5271,3,male,29.8,3,2,5.02,S,6,0,0
5272,3,male,27.2,5,4,95.11,S,10,0,0
5274,3,male,6.9,3,0,0.65,S,4,0,0
5281,3,male,37.6,5,4,3.22,C,10,0,0
5282,3,female,9.9,1,0,130.98,S,2,0,0
5290,3,male,45.3,3,0,3.73,S,4,0,0
5291,3,female,11.6,5,4,31.06,S,10,0,0
5292,3,female,32.8,4,0,1.54,S,5,0,0
5293,3,male,3.2,5,2,82.23,Q,8,0,0
5296,3,female,4.1,4,1,57.96,Q,6,0,0
5297,3,female,14.8,0,4,0.12,S,5,0,0
5298,3,male,39.2,5,0,19.67,S,6,0,0
5304,3,male,35.6,5,0,32.97,S,6,0,0
5305,3,female,46.8,4,1,14.45,S,6,0,0
5316,3,female,37.7,5,3,3.74,S,9,0,0
5319,3,male,37.6,5,3,0.66,S,9,0,0
5320,3,male,55.1,3,0,2.29,S,4,0,0
5321,3,male,0.0,5,0,76.74,C,6,0,0
5327,3,female,56.7,2,2,10.09,C,5,0,0
5328,3,female,41.7,4,4,12.19,Q,9,0,0
5329,3,female,21.9,2,4,4.07,S,7,0,0
5331,3,male,3.4,4,0,14.81,S,5,0,0
5332,3,male,31.0,5,3,102.06,S,9,0,0
5336,3,male,19.3,1,2,42.72,S,4,0,0
5339,3,male,43.5,0,4,1.46,C,5,0,0
5345,3,female,16.8,3,3,7.54,C,7,0,0
5348,3,male,39.7,5,1,6.95,Q,7,0,0
5353,3,female,12.2,3,4,8.36,S,8,0,0
5354,3,female,33.2,2,2,6.98,S,5,0,0
5355,3,male,33.6,0,0,73.11,C,1,1,0
5356,3,male,19.1,0,1,62.92,S,2,0,0
5360,3,male,37.4,3,1,15.55,Q,5,0,0
5366,3,male,40.1,2,4,20.84,S,7,0,0
5367,3,male,30.8,3,2,14.53,C,6,0,0
5372,3,male,20.5,4,1,15.77,S,6,0,0
5376,3,male,25.3,3,0,1.29,S,4,0,0
5377,3,male,26.1,4,1,5.79,S,6,0,0
5379,3,male,9.1,1,4,11.58,S,6,0,0
5380,3,female,17.8,4,0,4.42,Q,5,0,0
5386,3,male,0.0,4,1,1.34,S,6,0,0
5388,3,male,40.3,1,3,2.66,S,5,0,0
5393,3,male,34.8,5,0,4.43,S,6,0,0
5398,3,male,27.0,4,2,37.59,Q,7,0,0
5400,3,male,33.7,1,2,4.11,C,4,0,0
5403,3,male,13.8,4,2,1.65,S,7,0,0
5407,3,female,12.5,4,2,2.43,S,7,0,0
5408,3,female,39.7,2,3,111.67,S,6,0,0
5411,3,male,21.2,3,2,100.47,S,6,0,0
5413,3,male,39.2,2,2,10.33,S,5,0,0
5414,3,male,28.7,3,4,12.57,S,8,0,0
5416,3,male,26.7,2,0,49.19,C,3,0,0
5417,3,male,32.4,3,2,83.65,S,6,0,0
5418,3,male,25.2,2,0,18.57,S,3,0,0
5421,3,male,12.1,0,1,9.48,S,2,0,0
5423,3,male,24.7,2,0,8.54,C,3,0,0
5424,3,female,27.6,5,1,11.18,S,7,0,0
5425,3,female,68.5,2,3,47.82,Q,6,0,0
5430,3,female,32.3,0,2,30.14,C,3,0,0
5433,3,male,17.0,4,3,10.77,S,8,0,0
5434,3,male,26.3,1,1,14.43,S,3,0,0
5445,3,female,41.4,5,0,32.09,C,6,0,0
5448,3,male,33.9,3,4,1.74,S,8,0,0
5449,3,female,40.8,3,4,38.21,S,8,0,0
5450,3,male,26.2,5,0,87.83,S,6,0,0
5451,3,female,31.3,4,3,48.62,S,8,0,0
5452,3,male,29.4,5,0,50.13,C,6,0,0
5453,3,male,22.9,4,4,2.64,Q,9,0,0
5455,3,male,42.9,0,4,1.05,S,5,0,0
5457,3,male,18.3,1,0,78.62,S,2,0,0
5464,3,female,51.3,2,4,138.72,S,7,0,0
5475,3,male,31.8,5,3,25.3,S,9,0,0
5476,3,male,17.1,0,2,31.98,Q,3,0,0
5482,3,male,42.4,3,0,76.45,S,4,0,0
5488,3,female,22.1,4,4,33.27,S,9,0,0
5490,3,female,39.9,1,2,1.13,S,4,0,0
5493,3,male,47.8,0,1,28.4,S,2,0,0
5494,3,male,36.0,5,3,118.99,S,9,0,0
5495,3,female,25.5,5,4,17.3,S,10,0,0
5498,3,male,11.9,2,1,1.02,S,4,0,0
5501,3,male,36.6,5,2,24.08,S,8,0,0
5503,3,male,26.8,5,4,31.83,S,10,0,0
5505,3,female,19.9,4,3,35.71,S,8,0,0
5506,3,female,30.6,1,4,24.05,S,6,0,0
5514,3,male,36.0,5,4,27.28,S,10,0,0
5518,3,male,22.7,1,4,20.99,S,6,0,0
5521,3,male,18.1,1,3,49.5,S,5,0,0
5523,3,male,30.7,0,0,8.92,S,1,1,0
5524,3,male,12.6,0,2,56.45,S,3,0,0
5527,3,male,43.9,5,4,25.2,S,10,0,0
5528,3,male,18.4,0,1,11.94,S,2,0,0
5529,3,male,13.5,4,0,24.89,S,5,0,0
5531,3,male,6.3,3,4,70.29,S,8,0,0
5535,3,male,14.2,5,3,37.89,Q,9,0,0
5539,3,male,48.0,1,0,40.3,S,2,0,0
5540,3,male,35.6,0,1,10.09,C,2,0,0
5545,3,male,11.0,5,0,13.35,S,6,0,0
5546,3,female,0.0,4,0,22.44,S,5,0,0
5548,3,female,49.0,5,4,2.58,C,10,0,0
5549,3,male,36.8,1,3,16.61,S,5,0,0
5550,3,male,34.3,4,1,18.77,S,6,0,0
5551,3,male,30.2,4,0,6.09,S,5,0,0
5553,3,male,52.7,4,1,11.07,S,6,0,0
5562,3,female,7.0,1,0,1.2,Q,2,0,0
5563,3,female,40.0,4,1,12.75,S,6,0,0
5565,3,female,9.6,3,0,75.38,S,4,0,0
5575,3,male,20.8,0,3,151.56,S,4,0,0
5579,3,male,20.3,3,3,33.85,S,7,0,0
5580,3,male,50.3,0,1,34.18,S,2,0,0
5584,3,female,21.2,3,1,40.69,S,5,0,0
5585,3,female,34.3,5,4,0.94,S,10,0,0
5590,3,male,27.8,3,2,37.93,C,6,0,0
5591,3,male,28.3,3,4,43.7,C,8,0,0
5592,3,male,33.2,5,2,2.14,C,8,0,0
5600,3,male,23.3,5,3,9.95,S,9,0,0
5602,3,female,37.7,3,4,24.12,S,8,0,0
5605,3,male,25.7,1,1,28.37,S,3,0,0
5608,3,male,38.1,0,2,46.34,Q,3,0,0
5609,3,female,23.3,2,0,30.83,S,3,0,0
5613,3,male,52.6,5,0,23.98,S,6,0,0
5617,3,male,32.6,0,4,7.62,S,5,0,0
5619,3,male,19.8,4,4,5.39,S,9,0,0
5620,3,male,27.1,2,0,59.02,S,3,0,0
5626,3,male,21.8,3,0,40.77,C,4,0,0
5627,3,male,27.6,4,1,49.62,S,6,0,0
5628,3,female,36.1,0,1,32.96,S,2,0,0
5629,3,female,37.3,4,3,45.23,S,8,0,0
5631,3,male,8.2,5,0,34.35,C,6,0,0
5632,3,male,46.7,0,4,17.72,S,5,0,0
5633,3,male,20.0,4,2,78.84,S,7,0,0
5636,3,male,24.3,5,0,27.63,S,6,0,0
5638,3,male,36.7,5,1,0.36,S,7,0,0
5645,3,male,14.7,3,1,4.24,C,5,0,0
5649,3,male,51.3,3,3,148.36,C,7,0,0
5654,3,male,33.4,4,4,98.96,Q,9,0,0
5655,3,female,55.0,5,2,41.62,S,8,0,0
5660,3,female,27.3,3,1,21.32,S,5,0,0
5661,3,male,0.0,2,4,2.91,S,7,0,0
5664,3,male,6.9,1,1,0.38,S,3,0,0
5668,3,female,45.1,2,3,35.83,S,6,0,0
5683,3,male,61.6,5,1,23.16,S,7,0,0
5686,3,male,13.3,5,0,59.26,C,6,0,0
5688,3,male,36.3,3,0,4.34,S,4,0,0
5691,3,male,32.3,3,4,11.83,S,8,0,0
5693,3,male,20.5,0,0,18.54,S,1,1,0
5697,3,female,18.6,3,0,5.22,S,4,0,0
5699,3,female,29.4,5,1,4.79,S,7,0,0
5700,3,male,29.0,1,4,77.77,S,6,0,0
5703,3,male,36.8,3,1,73.12,S,5,0,0
5705,3,male,55.3,2,3,16.2,S,6,0,0
5710,3,male,3.3,4,4,37.21,C,9,0,0
5715,3,male,48.5,3,0,2.08,S,4,0,0
5718,3,female,22.1,4,2,10.73,C,7,0,0
5719,3,male,34.4,2,2,21.37,S,5,0,0
5720,3,male,71.1,2,4,123.58,S,7,0,0
5726,3,male,36.4,2,2,2.21,S,5,0,0
5728,3,male,21.9,4,0,1.1,S,5,0,0
5731,3,male,0.0,0,0,3.01,S,1,1,0
5741,3,male,24.4,2,3,44.09,S,6,0,0
5744,3,male,31.3,1,1,8.12,C,3,0,0
5750,3,female,14.7,0,3,13.76,S,4,0,0
5757,3,female,45.2,3,0,25.26,S,4,0,0
5758,3,male,31.5,4,1,17.22,C,6,0,0
5759,3,male,16.1,1,0,145.1,Q,2,0,0
5763,3,female,41.9,2,2,78.6,S,5,0,0
5766,3,female,36.1,5,2,1.6,S,8,0,0
5767,3,male,32.5,2,1,3.34,Q,4,0,0
5768,3,male,32.9,3,0,49.98,S,4,0,0
5772,3,male,34.6,2,1,110.26,S,4,0,0
5774,3,female,28.4,4,4,112.43,C,9,0,0
5775,3,male,42.5,5,3,47.75,S,9,0,0
5777,3,male,33.9,5,2,53.94,S,8,0,0
5779,3,male,21.4,5,2,27.3,S,8,0,0
5783,3,male,38.8,3,3,32.78,S,7,0,0
5784,3,male,53.1,0,1,10.72,C,2,0,0
5786,3,female,27.9,1,0,36.35,S,2,0,0
5789,3,male,43.1,2,4,14.39,S,7,0,0
5794,3,male,24.6,0,3,19.88,C,4,0,0
5796,3,female,23.0,3,0,33.85,C,4,0,0
5799,3,male,28.8,0,2,38.75,S,3,0,0
5800,3,male,44.2,4,4,48.28,C,9,0,0
5801,3,male,32.9,4,3,20.16,S,8,0,0
5804,3,female,20.6,3,2,56.46,S,6,0,0
5806,3,male,23.8,5,1,55.92,S,7,0,0
5809,3,male,31.1,1,0,6.8,S,2,0,0
5810,3,male,32.8,5,1,5.4,S,7,0,0
5815,3,female,39.9,1,3,160.18,S,5,0,0
5816,3,male,19.1,1,2,7.64,S,4,0,0
5824,3,male,41.2,1,2,14.33,S,4,0,0
5828,3,male,33.0,4,4,2.95,C,9,0,0
5829,3,male,21.0,3,1,1.58,S,5,0,0
5831,3,male,23.7,5,0,18.22,S,6,0,0
5833,3,male,45.9,3,2,39.92,S,6,0,0
5838,3,female,34.3,1,0,32.05,S,2,0,0
5841,3,male,22.6,5,2,38.15,S,8,0,0
5843,3,male,31.2,5,0,34.83,C,6,0,0
5845,3,male,42.0,2,2,4.65,S,5,0,0
5846,3,female,13.9,0,2,55.08,S,3,0,0
5848,3,male,25.5,5,0,25.31,S,6,0,0
5854,3,female,25.1,5,3,32.11,S,9,0,0
5856,3,female,59.8,4,0,8.51,S,5,0,0
5857,3,male,47.0,1,1,157.54,S,3,0,0
5858,3,female,31.9,5,0,24.76,S,6,0,0
5859,3,female,9.8,2,1,102.19,S,4,0,0
5863,3,female,26.6,5,3,5.41,S,9,0,0
5867,3,male,50.3,1,1,9.79,S,3,0,0
5869,3,female,38.0,5,2,51.0,S,8,0,0
5870,3,female,27.7,0,1,23.06,S,2,0,0
5871,3,male,41.3,4,4,28.52,S,9,0,0
5878,3,male,18.7,4,3,11.07,S,8,0,0
5882,3,male,62.3,2,1,14.43,Q,4,0,0
5884,3,female,33.9,3,1,24.61,S,5,0,0
5886,3,male,14.6,0,2,15.79,S,3,0,0
5891,3,male,26.4,3,4,66.5,S,8,0,0
5893,3,male,17.5,4,4,5.36,C,9,0,0
5899,3,female,29.5,2,2,70.82,S,5,0,0
5902,3,male,19.0,2,3,21.43,C,6,0,0
5903,3,male,24.7,4,0,12.06,S,5,0,0
5904,3,female,56.5,5,3,24.77,S,9,0,0
5906,3,male,22.2,1,4,67.37,C,6,0,0
5910,3,male,11.0,2,2,4.79,S,5,0,0
5914,3,male,46.8,1,3,2.42,S,5,0,0
5915,3,male,36.3,0,3,44.93,S,4,0,0
5918,3,male,26.6,4,4,11.0,S,9,0,0
5920,3,male,43.2,0,2,57.48,S,3,0,0
5924,3,male,10.6,0,2,72.33,S,3,0,0
5930,3,male,34.8,2,2,36.66,S,5,0,0
5931,3,male,43.5,4,3,114.6,S,8,0,0
5932,3,female,33.8,2,2,114.74,S,5,0,0
5939,3,male,13.3,3,4,7.82,S,8,0,0
5940,3,female,15.5,5,1,0.74,S,7,0,0
5941,3,male,36.5,4,2,2.44,S,7,0,0
5942,3,female,43.7,5,2,39.77,S,8,0,0
5946,3,female,30.3,4,4,5.45,S,9,0,0
5950,3,male,19.8,2,0,9.06,S,3,0,0
5951,3,female,39.5,1,3,12.67,S,5,0,0
5953,3,female,10.8,3,0,21.98,S,4,0,0
5954,3,female,18.0,0,2,19.61,S,3,0,0
5956,3,male,33.7,2,2,19.53,S,5,0,0
5957,3,male,4.0,1,4,18.21,C,6,0,0
5960,3,male,23.2,3,0,25.5,S,4,0,0
5962,3,male,10.3,2,3,95.68,S,6,0,0
5964,3,female,11.3,4,4,33.99,Q,9,0,0
5967,3,female,39.8,0,4,47.82,S,5,0,0
5971,3,female,27.5,2,1,8.89,S,4,0,0
5977,3,male,51.6,5,3,42.74,C,9,0,0
5981,3,male,30.9,4,0,145.54,S,5,0,0
5983,3,male,25.9,3,2,43.32,S,6,0,0
5984,3,female,13.9,5,1,1.4,S,7,0,0
5986,3,male,24.1,4,1,17.37,S,6,0,0
5990,3,female,19.4,3,2,6.42,S,6,0,0
5992,3,female,37.6,0,4,31.76,C,5,0,0
5994,3,male,32.4,1,4,26.17,S,6,0,0
5996,3,male,20.6,4,2,16.17,S,7,0,0
5998,3,male,34.4,1,2,12.44,Q,4,0,0
6001,3,female,27.3,4,4,2.7,S,9,0,0
6006,3,female,21.1,5,1,19.84,S,7,0,0
6016,3,female,45.5,3,3,2.83,C,7,0,0
6017,3,male,27.0,5,4,73.36,S,10,0,0
6019,3,male,15.5,4,1,8.77,Q,6,0,0
6024,3,female,44.3,5,4,3.0,S,10,0,0
6025,3,male,28.8,0,4,26.87,S,5,0,0
6027,3,male,41.8,4,0,24.43,S,5,0,0
6029,3,male,20.9,1,3,27.82,S,5,0,0
6031,3,male,37.3,5,0,25.47,S,6,0,0
6038,3,male,29.8,3,2,15.66,C,6,0,0
6040,3,female,26.5,3,0,21.9,S,4,0,0
6041,3,male,35.7,0,2,21.44,C,3,0,0
6042,3,male,21.2,2,4,42.55,S,7,0,0
6043,3,male,0.0,3,4,16.12,C,8,0,0
6047,3,male,40.5,3,0,25.8,S,4,0,0
6050,3,female,0.7,0,4,5.7,Q,5,0,0
6052,3,female,25.4,4,2,0.91,S,7,0,0
6053,3,male,42.8,1,4,36.82,C,6,0,0
6055,3,female,10.7,0,0,55.52,S,1,1,0
6056,3,female,29.2,5,0,34.14,S,6,0,0
6057,3,male,40.7,4,4,42.63,S,9,0,0
6061,3,female,24.8,4,3,87.72,S,8,0,0
6064,3,male,0.0,4,3,43.23,S,8,0,0
6066,3,male,46.8,2,2,0.89,S,5,0,0
6069,3,male,44.6,2,0,64.76,C,3,0,0
6077,3,male,25.2,3,1,2.18,C,5,0,0
6080,3,female,23.5,0,2,40.07,C,3,0,0
6083,3,male,24.5,1,4,63.46,S,6,0,0
6087,3,male,16.1,3,3,9.22,C,7,0,0
6089,3,female,23.4,5,1,7.18,S,7,0,0
6090,3,female,61.0,3,1,20.11,S,5,0,0
6093,3,male,45.5,3,1,38.58,C,5,0,0
6094,3,male,30.8,3,3,6.97,S,7,0,0
6096,3,male,50.3,5,0,25.84,C,6,0,0
6098,3,male,17.2,0,2,25.39,S,3,0,0
6100,3,male,23.5,1,2,9.62,S,4,0,0
6106,3,female,23.4,3,2,53.08,C,6,0,0
6107,3,male,26.4,4,3,56.38,S,8,0,0
6122,3,female,22.2,4,4,49.34,C,9,0,0
6127,3,male,37.6,0,0,38.79,C,1,1,0
6129,3,male,47.7,5,1,8.14,S,7,0,0
6130,3,female,46.6,5,0,12.24,C,6,0,0
6133,3,female,19.2,0,0,70.62,S,1,1,0
6134,3,male,26.9,5,1,20.78,S,7,0,0
6136,3,female,26.6,0,2,10.14,S,3,0,0
6140,3,male,15.0,2,3,30.67,S,6,0,0
6145,3,female,40.2,3,4,4.46,S,8,0,0
6147,3,male,39.3,4,4,12.56,S,9,0,0
6150,3,female,48.6,0,2,59.13,S,3,0,0
6151,3,male,48.9,5,3,4.84,S,9,0,0
6152,3,male,27.0,3,3,31.47,S,7,0,0
6153,3,male,19.4,0,2,13.84,C,3,0,0
6155,3,male,34.8,5,2,34.63,S,8,0,0
6158,3,male,45.8,5,3,1.18,S,9,0,0
6162,3,female,59.2,3,4,0.43,S,8,0,0
6164,3,male,20.8,0,0,61.21,Q,1,1,0
6166,3,female,11.5,0,3,23.26,C,4,0,0
6168,3,male,56.7,1,4,23.17,S,6,0,0
6169,3,male,55.8,3,1,11.78,S,5,0,0
6170,3,male,6.9,0,2,15.85,S,3,0,0
6174,3,male,10.4,1,3,0.42,S,5,0,0
6175,3,male,21.4,1,0,18.16,S,2,0,0
6177,3,male,36.3,4,2,6.39,S,7,0,0
6181,3,male,52.0,4,2,4.37,S,7,0,0
6189,3,female,45.9,3,3,45.87,C,7,0,0
6196,3,male,19.8,1,3,31.01,S,5,0,0
6198,3,male,22.6,0,4,18.55,S,5,0,0
6201,3,female,0.0,2,1,45.79,S,4,0,0
6206,3,male,0.0,2,4,42.52,S,7,0,0
6207,3,male,36.7,1,4,3.34,C,6,0,0
6211,3,male,49.6,1,1,17.55,S,3,0,0
6212,3,male,31.6,3,4,24.9,S,8,0,0
6213,3,female,40.5,3,0,8.71,S,4,0,0
6216,3,female,43.9,5,3,19.97,S,9,0,0
6217,3,male,11.8,0,2,18.4,S,3,0,0
6218,3,male,28.5,2,0,12.73,S,3,0,0
6219,3,male,21.0,1,2,9.93,S,4,0,0
6222,3,male,23.3,2,3,28.48,C,6,0,0
6223,3,male,29.6,1,0,26.37,S,2,0,0
6226,3,female,23.4,2,2,38.74,C,5,0,0
6229,3,male,34.8,1,2,59.47,S,4,0,0
6232,3,male,53.4,4,1,5.14,S,6,0,0
6233,3,male,5.6,5,3,40.61,S,9,0,0
6234,3,male,61.4,0,0,20.26,S,1,1,0
6245,3,female,23.4,2,3,31.05,S,6,0,0
6246,3,male,13.7,0,0,0.4,S,1,1,0
6250,3,female,0.0,5,2,19.17,C,8,0,0
6253,3,female,55.6,0,0,25.38,S,1,1,0
6259,3,female,36.1,4,3,28.56,C,8,0,0
6262,3,male,59.3,4,0,21.29,C,5,0,0
6265,3,male,45.2,4,1,10.54,S,6,0,0
6267,3,female,54.7,3,4,3.1,C,8,0,0
6268,3,male,26.9,3,4,0.02,S,8,0,0
6270,3,female,28.9,5,1,42.71,S,7,0,0
6272,3,male,39.7,0,0,37.87,C,1,1,0
6273,3,male,37.5,2,2,42.03,S,5,0,0
6274,3,female,27.5,3,2,16.95,S,6,0,0
6276,3,male,22.9,0,1,12.06,S,2,0,0
6277,3,male,4.8,5,3,15.05,S,9,0,0
6281,3,male,24.2,5,1,43.57,S,7,0,0
6285,3,male,16.3,2,0,77.49,S,3,0,0
6290,3,male,31.8,4,2,27.84,S,7,0,0
6301,3,female,41.9,0,1,41.1,S,2,0,0
6302,3,male,40.0,5,2,16.14,S,8,0,0
6305,3,male,70.0,4,0,36.7,S,5,0,0
6308,3,male,49.1,0,0,9.6,C,1,1,0
6310,3,female,48.6,2,0,83.93,C,3,0,0
6311,3,female,0.0,5,3,33.56,Q,9,0,0
6313,3,female,45.9,5,3,3.22,S,9,0,0
6314,3,male,34.4,0,0,95.56,S,1,1,0
6323,3,female,50.3,4,2,10.83,C,7,0,0
6324,3,female,26.8,1,3,97.2,C,5,0,0
6325,3,male,22.1,2,2,7.27,C,5,0,0
6327,3,female,47.5,3,4,3.25,C,8,0,0
6328,3,female,20.3,0,2,4.02,S,3,0,0
6329,3,female,18.3,0,2,45.89,S,3,0,0
6333,3,female,25.5,0,0,3.96,S,1,1,0
6334,3,male,47.5,2,4,24.32,S,7,0,0
6336,3,male,30.0,1,3,36.73,S,5,0,0
6339,3,male,25.0,4,3,30.29,C,8,0,0
6345,3,male,4.6,4,2,161.94,S,7,0,0
6346,3,female,24.5,1,2,4.4,C,4,0,0
6348,3,male,9.9,4,3,0.04,S,8,0,0
6351,3,male,26.7,4,1,13.58,C,6,0,0
6352,3,male,16.0,4,3,31.34,S,8,0,0
6356,3,male,10.9,0,0,5.21,Q,1,1,0
6360,3,female,13.7,1,3,51.36,C,5,0,0
6364,3,male,49.5,4,2,83.57,S,7,0,0
6366,3,male,40.3,5,3,8.52,S,9,0,0
6367,3,male,40.0,1,4,42.62,S,6,0,0
6368,3,male,30.8,1,1,3.42,C,3,0,0
6371,3,male,58.7,3,3,38.71,Q,7,0,0
6374,3,male,9.5,3,2,37.68,S,6,0,0
6375,3,female,11.9,3,2,48.92,S,6,0,0
6381,3,male,22.4,0,1,47.29,S,2,0,0
6383,3,male,24.2,5,1,24.36,C,7,0,0
6384,3,male,17.8,2,3,5.3,S,6,0,0
6386,3,male,23.1,4,3,5.89,S,8,0,0
6388,3,male,27.8,2,3,5.23,S,6,0,0
6390,3,male,25.0,4,2,22.37,S,7,0,0
6396,3,male,36.2,0,3,45.83,S,4,0,0
6398,3,male,30.5,2,1,121.61,S,4,0,0
6406,3,male,35.8,3,3,1.63,Q,7,0,0
6407,3,male,0.0,4,1,8.48,S,6,0,0
6408,3,female,28.2,4,4,24.17,S,9,0,0
6410,3,male,49.2,2,4,23.02,C,7,0,0
6413,3,male,36.6,4,4,26.55,C,9,0,0
6419,3,male,41.7,1,1,9.6,S,3,0,0
6422,3,male,40.5,0,1,46.99,S,2,0,0
6423,3,male,39.4,5,1,30.85,S,7,0,0
6425,3,male,46.2,5,0,26.83,C,6,0,0
6428,3,male,30.6,4,1,70.99,S,6,0,0
6436,3,male,46.7,1,3,79.65,S,5,0,0
6437,3,male,35.0,3,1,57.71,C,5,0,0
6440,3,male,49.9,5,3,20.32,S,9,0,0
6443,3,male,18.0,3,1,3.32,S,5,0,0
6444,3,female,37.7,3,4,12.87,S,8,0,0
6448,3,male,40.3,2,3,28.04,C,6,0,0
6453,3,female,18.0,0,1,43.38,S,2,0,0
6457,3,male,32.3,1,4,49.47,S,6,0,0
6458,3,male,16.0,0,2,22.37,S,3,0,0
6459,3,male,41.2,4,1,53.42,S,6,0,0
6460,3,male,28.9,2,2,3.11,S,5,0,0
6463,3,male,20.4,0,0,6.01,S,1,1,0
6465,3,male,26.8,4,4,20.97,S,9,0,0
6483,3,male,0.0,1,3,8.16,S,5,0,0
6484,3,female,51.7,1,3,16.1,S,5,0,0
6485,3,male,24.4,3,3,21.71,S,7,0,0
6488,3,male,28.3,3,1,9.08,Q,5,0,0
6490,3,male,13.0,2,4,8.15,S,7,0,0
6491,3,female,27.0,3,3,23.41,C,7,0,0
6492,3,female,2.3,4,3,48.88,Q,8,0,0
6493,3,male,25.7,4,1,23.62,S,6,0,0
6495,3,male,7.9,3,3,32.46,S,7,0,0
6497,3,male,0.0,1,0,47.07,C,2,0,0
6502,3,male,0.0,4,0,24.55,S,5,0,0
6504,3,male,46.6,1,0,9.09,S,2,0,0
6514,3,female,46.5,3,4,16.4,S,8,0,0
6515,3,male,15.7,3,4,34.51,Q,8,0,0
6519,3,male,28.9,3,2,45.23,S,6,0,0
6521,3,male,24.8,4,1,68.84,S,6,0,0
6524,3,male,18.2,2,1,17.17,S,4,0,0
6526,3,male,24.0,5,1,13.29,S,7,0,0
6533,3,male,43.4,4,0,43.63,Q,5,0,0
6535,3,female,0.0,4,2,5.73,S,7,0,0
6538,3,male,36.0,5,0,33.37,S,6,0,0
6539,3,male,18.9,5,4,10.91,C,10,0,0
6540,3,male,8.2,1,2,1.35,S,4,0,0
6544,3,male,40.6,3,1,55.46,C,5,0,0
6545,3,female,65.4,4,3,51.69,S,8,0,0
6546,3,female,26.3,5,0,26.39,S,6,0,0
6547,3,female,26.6,3,4,23.94,S,8,0,0
6548,3,male,36.8,2,3,33.69,C,6,0,0
6549,3,male,25.0,1,0,40.98,S,2,0,0
6550,3,female,47.7,5,3,55.02,S,9,0,0
6552,3,male,28.6,5,0,43.88,S,6,0,0
6560,3,male,54.0,2,0,3.88,C,3,0,0
6565,3,male,16.5,1,2,5.96,C,4,0,0
6568,3,female,26.9,2,1,82.37,S,4,0,0
6569,3,female,19.8,1,3,5.59,Q,5,0,0
6572,3,female,36.5,4,2,4.37,S,7,0,0
6574,3,male,30.4,4,1,76.98,S,6,0,0
6578,3,male,28.3,4,4,23.92,S,9,0,0
6583,3,male,24.5,2,0,3.71,S,3,0,0
6586,3,female,40.8,1,3,6.48,C,5,0,0
6587,3,male,20.5,2,3,50.57,Q,6,0,0
6588,3,female,23.4,5,4,35.15,C,10,0,0
6590,3,male,33.9,4,2,17.36,Q,7,0,0
6592,3,male,42.9,1,3,17.29,C,5,0,0
6595,3,male,46.4,2,3,15.74,S,6,0,0
6596,3,female,32.3,0,0,9.18,S,1,1,0
6597,3,male,29.5,5,4,89.22,S,10,0,0
6599,3,male,36.6,3,1,47.99,C,5,0,0
6600,3,female,33.0,1,1,25.52,S,3,0,0
6601,3,male,20.9,4,0,46.08,S,5,0,0
6602,3,male,41.3,1,2,3.01,Q,4,0,0
6605,3,female,16.5,0,0,54.01,S,1,1,0
6606,3,female,36.7,0,1,49.77,C,2,0,0
6607,3,male,26.7,2,3,43.65,S,6,0,0
6613,3,male,42.7,5,1,25.52,S,7,0,0
6614,3,female,17.7,1,0,20.42,S,2,0,0
6622,3,male,27.7,4,1,0.06,S,6,0,0
6623,3,female,32.4,0,2,46.03,S,3,0,0
6628,3,female,38.4,2,3,7.49,S,6,0,0
6630,3,male,32.2,5,0,33.55,S,6,0,0
6631,3,male,38.2,4,2,55.04,S,7,0,0
6638,3,female,27.9,0,0,64.42,S,1,1,0
6645,3,male,37.7,4,2,23.24,S,7,0,0
6652,3,female,2.7,1,1,35.08,S,3,0,0
6654,3,male,53.1,0,1,38.02,S,2,0,0
6656,3,male,36.5,4,2,33.98,C,7,0,0
6658,3,male,29.2,5,3,0.47,C,9,0,0
6659,3,male,34.2,4,0,7.91,S,5,0,0
6666,3,male,31.9,5,0,15.25,S,6,0,0
6670,3,male,14.6,4,3,3.86,S,8,0,0
6672,3,male,25.2,3,4,12.34,S,8,0,0
6673,3,female,3.5,3,0,11.47,S,4,0,0
6677,3,female,17.0,1,2,3.33,S,4,0,0
6678,3,male,12.1,3,3,44.56,S,7,0,0
6681,3,male,28.9,5,3,19.76,S,9,0,0
6687,3,female,43.0,4,0,47.9,S,5,0,0
6688,3,male,37.3,0,3,22.06,Q,4,0,0
6691,3,male,25.9,1,4,3.6,S,6,0,0
6697,3,female,36.4,0,4,29.75,S,5,0,0
6699,3,male,19.9,0,1,64.35,S,2,0,0
6702,3,female,23.4,5,2,28.28,C,8,0,0
6704,3,male,26.6,0,2,7.71,S,3,0,0
6710,3,female,36.0,2,0,18.36,C,3,0,0
6717,3,female,24.5,4,0,63.61,S,5,0,0
6719,3,male,45.5,2,4,5.08,S,7,0,0
6723,3,male,10.2,4,1,23.1,S,6,0,0
6725,3,male,28.1,2,0,54.79,S,3,0,0
6726,3,male,25.5,4,4,51.68,C,9,0,0
6727,3,male,15.7,3,1,10.63,S,5,0,0
6730,3,female,35.9,5,4,15.9,S,10,0,0
6731,3,male,40.9,4,4,4.93,S,9,0,0
6733,3,male,12.2,5,0,8.93,S,6,0,0
6734,3,female,36.7,5,1,29.59,S,7,0,0
6735,3,male,37.9,3,1,55.1,S,5,0,0
6737,3,male,41.2,1,2,19.23,S,4,0,0
6751,3,male,39.0,1,4,42.19,S,6,0,0
6752,3,male,41.1,0,4,4.14,C,5,0,0
6757,3,female,45.1,3,0,8.46,S,4,0,0
6760,3,male,17.5,1,3,2.24,S,5,0,0
6762,3,male,23.4,0,1,2.9,S,2,0,0
6767,3,male,47.2,5,0,48.96,S,6,0,0
6769,3,male,7.5,4,4,37.3,S,9,0,0
6775,3,female,47.8,5,2,70.24,S,8,0,0
6777,3,female,16.5,5,3,18.1,S,9,0,0
6781,3,male,46.5,3,4,60.88,C,8,0,0
6782,3,male,47.4,2,3,23.41,S,6,0,0
6783,3,male,22.9,0,4,48.61,S,5,0,0
6793,3,male,31.7,4,0,36.56,C,5,0,0
6794,3,male,4.5,3,4,6.23,C,8,0,0
6795,3,female,47.5,1,1,13.81,S,3,0,0
6797,3,male,30.4,1,2,69.06,C,4,0,0
6798,3,male,33.6,4,0,37.85,S,5,0,0
6800,3,male,14.0,5,4,59.33,S,10,0,0
6802,3,male,28.1,5,0,44.98,C,6,0,0
6803,3,male,0.0,0,2,47.97,S,3,0,0
6814,3,male,59.7,4,2,205.55,S,7,0,0
6815,3,male,13.1,3,4,92.21,C,8,0,0
6821,3,male,46.3,5,0,29.92,S,6,0,0
6826,3,female,32.4,0,0,36.82,S,1,1,0
6827,3,male,21.0,2,3,3.08,C,6,0,0
6835,3,female,50.8,0,0,25.46,C,1,1,0
6836,3,female,58.0,0,4,51.85,S,5,0,0
6841,3,male,27.0,2,0,5.35,S,3,0,0
6842,3,female,40.7,2,1,1.99,C,4,0,0
6845,3,male,40.6,1,4,33.3,S,6,0,0
6847,3,male,40.0,0,3,42.51,S,4,0,0
6849,3,female,21.6,1,2,39.18,S,4,0,0
6854,3,male,17.6,4,1,43.41,S,6,0,0
6855,3,male,66.8,4,4,11.01,C,9,0,0
6857,3,male,27.2,1,2,18.28,S,4,0,0
6860,3,male,56.1,2,1,29.16,S,4,0,0
6863,3,male,13.3,0,4,34.18,S,5,0,0
6864,3,male,11.2,0,3,65.13,S,4,0,0
6865,3,male,24.2,5,4,34.2,S,10,0,0
6866,3,female,32.9,2,0,13.79,S,3,0,0
6868,3,male,32.7,0,2,41.78,Q,3,0,0
6870,3,female,47.8,4,2,60.69,C,7,0,0
6871,3,female,66.4,4,2,75.52,C,7,0,0
6876,3,male,51.5,1,0,68.93,S,2,0,0
6877,3,male,24.3,5,0,55.26,S,6,0,0
6881,3,male,13.5,2,1,82.02,S,4,0,0
6882,3,male,38.9,2,1,42.55,C,4,0,0
6883,3,male,54.7,4,4,14.71,S,9,0,0
6886,3,male,29.4,2,3,50.42,S,6,0,0
6887,3,male,38.5,3,0,6.8,S,4,0,0
6888,3,female,28.0,4,3,12.02,S,8,0,0
6890,3,female,32.6,2,2,4.5,S,5,0,0
6893,3,male,11.8,2,2,28.12,S,5,0,0
6894,3,male,24.2,0,1,76.51,S,2,0,0
6900,3,female,14.3,2,3,49.03,S,6,0,0
6902,3,male,29.1,0,1,21.74,S,2,0,0
6904,3,female,14.4,5,2,35.15,S,8,0,0
6905,3,male,34.0,1,4,35.91,S,6,0,0
6909,3,female,13.1,4,1,6.36,S,6,0,0
6910,3,male,55.6,3,2,49.59,S,6,0,0
6912,3,male,24.6,4,3,92.08,Q,8,0,0
6914,3,female,32.1,3,1,7.01,Q,5,0,0
6916,3,male,9.2,1,3,79.12,S,5,0,0
6918,3,male,9.8,3,4,1.35,S,8,0,0
6921,3,female,22.6,5,4,29.93,S,10,0,0
6922,3,male,29.8,1,1,7.1,S,3,0,0
6924,3,male,27.5,3,1,5.43,S,5,0,0
6930,3,male,17.3,0,0,28.44,S,1,1,0
6931,3,female,18.8,3,4,48.64,S,8,0,0
6933,3,male,31.5,0,3,1.72,S,4,0,0
6936,3,male,15.1,1,1,14.91,C,3,0,0
6938,3,male,44.9,4,2,35.43,S,7,0,0
6939,3,male,9.5,5,2,18.95,S,8,0,0
6944,3,male,28.8,0,3,0.46,S,4,0,0
6946,3,male,34.2,1,1,38.42,Q,3,0,0
6947,3,male,48.9,1,3,27.57,S,5,0,0
6949,3,male,43.0,4,2,238.24,S,7,0,0
6951,3,female,55.5,2,1,8.0,C,4,0,0
6952,3,male,26.7,5,1,27.18,Q,7,0,0
6953,3,male,6.3,2,0,9.0,S,3,0,0
6956,3,female,51.8,0,2,23.49,S,3,0,0
6964,3,female,40.5,1,4,3.92,S,6,0,0
6965,3,female,23.2,1,0,94.82,S,2,0,0
6967,3,male,30.6,3,4,28.26,Q,8,0,0
6969,3,male,55.6,2,0,76.87,S,3,0,0
6971,3,female,19.2,2,4,10.34,S,7,0,0
6972,3,male,13.4,0,4,36.8,C,5,0,0
6973,3,male,14.4,0,3,11.07,S,4,0,0
6974,3,female,37.2,4,4,9.62,C,9,0,0
6975,3,female,14.9,5,0,18.96,S,6,0,0
6985,3,male,12.6,2,1,9.75,S,4,0,0
6986,3,female,34.3,4,2,35.84,S,7,0,0
6989,3,male,29.4,1,4,85.94,S,6,0,0
6995,3,male,28.7,4,3,33.76,S,8,0,0
6998,3,female,28.2,5,0,7.54,S,6,0,0
7000,3,male,17.9,5,2,0.41,S,8,0,0
7004,3,female,36.1,5,1,21.71,S,7,0,0
7005,3,male,34.0,4,1,60.42,S,6,0,0
7006,3,female,17.8,2,4,41.08,S,7,0,0
7007,3,male,12.4,4,1,44.95,Q,6,0,0
7008,3,male,17.6,5,0,29.34,S,6,0,0
7009,3,male,30.9,5,0,38.57,S,6,0,0
7010,3,female,27.9,5,3,6.35,S,9,0,0
7012,3,male,23.9,2,1,27.05,S,4,0,0
7016,3,male,17.9,1,0,39.8,S,2,0,0
7018,3,male,0.0,5,1,25.55,S,7,0,0
7020,3,female,42.2,0,0,34.38,S,1,1,0
7026,3,male,27.6,4,3,10.23,S,8,0,0
7028,3,female,18.4,0,4,1.0,S,5,0,0
7029,3,male,25.3,2,0,78.6,S,3,0,0
7031,3,male,51.1,1,2,2.81,C,4,0,0
7032,3,female,39.2,2,3,6.14,S,6,0,0
7033,3,male,18.2,1,4,29.57,S,6,0,0
7034,3,female,14.4,2,2,76.53,S,5,0,0
7036,3,male,41.6,1,4,18.17,S,6,0,0
7041,3,female,10.1,2,4,81.28,S,7,0,0
7048,3,female,29.1,5,1,8.47,S,7,0,0
7053,3,female,11.3,0,3,14.19,C,4,0,0
7054,3,female,25.6,5,4,21.22,S,10,0,0
7057,3,male,8.3,1,1,53.08,S,3,0,0
7064,3,female,26.8,3,3,14.28,S,7,0,0
7066,3,male,45.7,2,3,26.55,S,6,0,0
7067,3,male,14.4,5,2,2.87,S,8,0,0
7068,3,male,2.0,3,0,46.36,S,4,0,0
7071,3,female,14.7,0,0,47.48,S,1,1,0
7074,3,male,17.0,4,2,84.48,S,7,0,0
7078,3,female,21.0,0,2,0.4,S,3,0,0
7080,3,male,54.0,4,1,2.72,S,6,0,0
7082,3,female,62.3,2,1,34.74,C,4,0,0
7085,3,male,49.2,1,3,0.31,S,5,0,0
7087,3,male,32.5,2,1,8.09,S,4,0,0
7088,3,male,0.0,3,4,158.81,S,8,0,0
7089,3,male,53.3,0,1,2.57,S,2,0,0
7094,3,male,21.3,3,0,8.29,S,4,0,0
7095,3,female,36.7,4,2,3.93,Q,7,0,0
7097,3,male,35.3,1,3,51.29,S,5,0,0
7098,3,female,32.5,2,1,6.76,S,4,0,0
7101,3,male,46.9,5,2,44.85,S,8,0,0
7103,3,female,29.8,0,1,24.98,S,2,0,0
7107,3,male,39.3,4,4,45.38,S,9,0,0
7113,3,female,29.8,5,2,26.93,S,8,0,0
7114,3,male,36.5,3,3,97.43,Q,7,0,0
7119,3,male,34.8,5,3,51.82,S,9,0,0
7122,3,female,33.9,3,0,34.34,C,4,0,0
7124,3,male,33.0,4,1,66.81,C,6,0,0
7127,3,female,49.8,5,2,15.71,S,8,0,0
7128,3,female,33.4,3,4,53.2,S,8,0,0
7130,3,male,24.6,4,0,26.82,S,5,0,0
7139,3,female,36.9,3,0,46.52,S,4,0,0
7143,3,female,57.8,2,2,118.13,C,5,0,0
7147,3,female,22.5,3,1,29.78,S,5,0,0
7148,3,female,5.2,0,2,7.05,S,3,0,0
7149,3,male,0.0,0,3,58.7,S,4,0,0
7151,3,male,50.9,0,3,122.67,S,4,0,0
7154,3,male,40.6,0,4,3.35,S,5,0,0
7156,3,female,45.1,2,0,54.5,Q,3,0,0
7157,3,male,0.8,1,2,47.46,C,4,0,0
7158,3,male,42.9,2,1,36.32,S,4,0,0
7159,3,male,13.3,0,0,3.61,S,1,1,0
7165,3,male,36.9,3,4,25.1,S,8,0,0
7169,3,male,25.1,4,1,10.81,S,6,0,0
7174,3,female,49.6,2,2,98.79,C,5,0,0
7175,3,male,25.5,4,2,29.07,S,7,0,0
7178,3,female,30.7,2,4,74.49,S,7,0,0
7180,3,male,55.1,5,1,29.58,S,7,0,0
7181,3,male,44.8,0,1,102.83,S,2,0,0
7184,3,male,66.0,2,3,45.51,Q,6,0,0
7188,3,male,21.7,0,3,23.16,S,4,0,0
7189,3,female,30.7,1,4,19.37,S,6,0,0
7195,3,male,20.9,4,2,0.08,Q,7,0,0
7203,3,male,19.1,2,4,44.24,C,7,0,0
7208,3,female,0.0,4,0,12.82,C,5,0,0
7210,3,female,28.1,2,0,20.59,C,3,0,0
7213,3,female,27.0,4,3,26.69,C,8,0,0
7214,3,male,33.3,3,1,18.04,S,5,0,0
7215,3,female,38.0,4,3,46.67,S,8,0,0
7221,3,male,43.9,2,2,17.32,S,5,0,0
7223,3,female,16.7,4,2,16.5,C,7,0,0
7233,3,female,32.6,5,4,107.26,S,10,0,0
7235,3,male,32.5,3,4,47.09,S,8,0,0
7236,3,male,15.2,3,2,3.76,S,6,0,0
7242,3,female,29.4,4,2,18.39,S,7,0,0
7243,3,female,37.6,0,0,17.67,C,1,1,0
7244,3,male,19.5,5,4,66.03,C,10,0,0
7248,3,female,36.0,0,1,49.34,S,2,0,0
7252,3,male,23.8,5,1,22.88,S,7,0,0
7256,3,male,55.2,5,4,35.75,S,10,0,0
7259,3,male,56.0,2,3,4.6,C,6,0,0
7260,3,male,26.1,5,2,28.38,S,8,0,0
7261,3,female,45.6,5,1,4.98,S,7,0,0
7265,3,male,9.5,4,3,9.87,C,8,0,0
7266,3,female,33.8,5,3,16.63,S,9,0,0
7267,3,male,33.9,5,0,14.67,S,6,0,0
7270,3,male,16.7,5,2,43.4,S,8,0,0
7273,3,female,10.4,0,2,23.32,S,3,0,0
7274,3,male,20.8,4,4,12.83,S,9,0,0
7277,3,male,58.1,2,1,93.3,S,4,0,0
7280,3,female,33.7,5,0,61.67,S,6,0,0
7282,3,male,34.6,2,2,26.23,S,5,0,0
7284,3,female,22.0,2,3,23.69,S,6,0,0
7285,3,female,21.7,5,1,5.72,C,7,0,0
7286,3,female,23.3,3,1,15.25,Q,5,0,0
7287,3,female,20.2,4,1,45.6,S,6,0,0
7291,3,male,33.4,5,0,7.43,S,6,0,0
7292,3,male,32.2,1,0,9.25,C,2,0,0
7296,3,female,26.6,5,4,67.63,S,10,0,0
7297,3,male,2.0,2,2,25.18,S,5,0,0
7301,3,male,1.6,4,4,16.12,C,9,0,0
7302,3,male,16.5,5,2,26.19,S,8,0,0
7309,3,female,27.5,2,1,63.52,S,4,0,0
7311,3,male,26.2,3,2,1.94,S,6,0,0
7313,3,female,39.9,2,4,3.96,S,7,0,0
7314,3,male,37.4,5,0,9.37,S,6,0,0
7316,3,female,45.7,1,3,2.77,S,5,0,0
7318,3,male,26.7,0,4,24.15,C,5,0,0
7320,3,female,31.3,1,0,16.69,C,2,0,0
7321,3,female,16.2,4,3,11.23,S,8,0,0
7324,3,female,40.7,3,0,16.16,S,4,0,0
7325,3,female,15.0,5,2,11.11,S,8,0,0
7326,3,female,44.0,4,1,40.48,S,6,0,0
7329,3,female,52.9,1,2,7.96,S,4,0,0
7330,3,female,34.0,5,0,11.54,S,6,0,0
7333,3,male,45.7,0,3,13.57,S,4,0,0
7334,3,male,8.8,0,4,32.64,S,5,0,0
7335,3,male,47.5,0,1,26.87,S,2,0,0
7336,3,male,22.1,0,3,67.28,S,4,0,0
7339,3,male,52.6,0,3,2.46,S,4,0,0
7343,3,female,47.2,1,3,22.31,S,5,0,0
7351,3,male,15.0,4,3,44.87,S,8,0,0
7352,3,female,31.9,4,2,21.25,S,7,0,0
7353,3,female,31.3,3,0,52.64,Q,4,0,0
7354,3,female,28.6,1,1,18.68,Q,3,0,0
7358,3,male,0.0,1,3,0.81,Q,5,0,0
7361,3,male,42.4,0,1,50.69,S,2,0,0
7362,3,female,7.1,0,2,41.51,S,3,0,0
7364,3,female,25.1,1,0,87.14,S,2,0,0
7365,3,male,34.4,2,4,6.28,C,7,0,0
7366,3,female,1.2,2,0,5.7,C,3,0,0
7368,3,male,34.8,1,1,33.31,Q,3,0,0
7372,3,female,26.1,0,1,28.91,Q,2,0,0
7373,3,female,17.6,2,4,17.81,S,7,0,0
7374,3,male,22.8,3,3,11.73,S,7,0,0
7375,3,female,45.9,2,3,66.88,S,6,0,0
7378,3,male,15.2,3,4,14.24,S,8,0,0
7379,3,male,37.5,1,1,7.08,C,3,0,0
7380,3,male,24.8,2,4,53.32,S,7,0,0
7383,3,male,0.0,2,0,5.87,S,3,0,0
7386,3,male,5.0,2,2,1.57,S,5,0,0
7388,3,male,45.7,1,0,14.1,S,2,0,0
7391,3,female,31.7,1,4,87.16,S,6,0,0
7394,3,female,55.8,3,4,7.49,C,8,0,0
7396,3,male,27.8,5,4,3.36,S,10,0,0
7399,3,male,26.8,0,0,14.51,S,1,1,0
7402,3,male,40.0,2,4,3.61,S,7,0,0
7409,3,male,2.1,4,4,45.68,S,9,0,0
7410,3,male,37.7,1,3,39.9,S,5,0,0
7412,3,female,18.3,0,2,20.27,S,3,0,0
7414,3,male,24.3,5,4,6.42,S,10,0,0
7416,3,female,49.4,3,0,3.77,S,4,0,0
7417,3,female,66.8,4,4,3.83,S,9,0,0
7418,3,male,24.2,2,3,66.16,S,6,0,0
7422,3,male,20.7,0,3,11.44,S,4,0,0
7426,3,male,16.4,4,4,42.41,S,9,0,0
7427,3,male,12.6,2,1,4.22,S,4,0,0
7430,3,male,30.4,5,3,9.04,S,9,0,0
7431,3,male,22.8,0,1,24.44,Q,2,0,0
7436,3,male,26.3,5,3,13.15,S,9,0,0
7437,3,male,19.0,4,2,19.34,Q,7,0,0
7439,3,male,34.9,0,0,6.92,S,1,1,0
7441,3,male,7.1,1,0,0.01,S,2,0,0
7444,3,male,16.7,2,1,14.28,S,4,0,0
7447,3,male,62.0,4,3,6.9,C,8,0,0
7449,3,male,24.8,3,2,0.38,S,6,0,0
7453,3,female,33.4,1,3,14.02,S,5,0,0
7457,3,male,15.9,0,1,82.89,S,2,0,0
7458,3,female,21.2,0,4,43.88,Q,5,0,0
7459,3,female,30.8,2,3,16.55,S,6,0,0
7460,3,male,20.9,5,1,3.29,S,7,0,0
7461,3,male,17.9,0,0,26.3,S,1,1,0
7464,3,male,41.5,4,0,61.14,S,5,0,0
7469,3,male,4.7,1,3,32.89,S,5,0,0
7471,3,female,40.8,0,0,0.67,S,1,1,0
7473,3,female,18.9,2,1,5.47,S,4,0,0
7474,3,male,28.5,0,2,5.44,S,3,0,0
7480,3,female,39.6,5,3,12.38,S,9,0,0
7482,3,female,18.1,2,1,5.54,S,4,0,0
7484,3,female,32.9,1,0,37.39,S,2,0,0
7486,3,male,6.9,3,1,48.64,S,5,0,0
7488,3,male,44.8,4,4,18.68,C,9,0,0
7490,3,female,50.3,3,2,77.81,S,6,0,0
7492,3,female,26.4,3,0,0.39,S,4,0,0
7493,3,male,23.9,0,3,20.52,S,4,0,0
7495,3,male,30.9,4,0,2.91,S,5,0,0
7496,3,male,12.6,4,3,5.19,S,8,0,0
7498,3,male,0.0,3,1,3.35,S,5,0,0
7503,3,male,26.0,5,0,47.8,S,6,0,0
7506,3,female,16.6,2,2,6.21,S,5,0,0
7507,3,male,1.8,3,1,53.94,S,5,0,0
7512,3,female,12.4,3,0,104.9,C,4,0,0
7513,3,female,27.8,2,3,33.48,S,6,0,0
7514,3,male,23.9,5,4,14.69,S,10,0,0
7517,3,male,25.1,2,1,96.18,S,4,0,0
7519,3,female,37.2,2,4,125.37,S,7,0,0
7520,3,male,33.0,5,0,36.11,Q,6,0,0
7524,3,male,31.2,0,2,32.94,S,3,0,0
7526,3,male,40.1,0,1,20.36,S,2,0,0
7527,3,male,27.2,3,4,8.04,S,8,0,0
7529,3,male,15.2,5,4,17.03,S,10,0,0
7531,3,male,52.5,1,4,43.01,S,6,0,0
7532,3,male,26.9,1,4,34.08,C,6,0,0
7533,3,female,41.8,3,1,54.27,C,5,0,0
7537,3,female,7.1,2,1,82.4,S,4,0,0
7538,3,male,60.9,2,3,13.77,S,6,0,0
7540,3,female,17.5,4,4,0.11,S,9,0,0
7542,3,male,44.5,0,3,3.87,S,4,0,0
7544,3,male,19.5,5,4,42.51,C,10,0,0
7545,3,female,32.5,3,4,26.01,S,8,0,0
7553,3,female,53.6,3,1,111.56,C,5,0,0
7555,3,male,46.4,0,4,44.48,S,5,0,0
7557,3,male,32.7,3,2,20.33,S,6,0,0
7562,3,male,45.1,3,0,10.48,S,4,0,0
7564,3,female,21.0,4,0,3.76,S,5,0,0
7571,3,female,17.0,5,0,57.36,S,6,0,0
7572,3,male,21.9,1,3,11.74,S,5,0,0
7581,3,female,40.2,2,3,1.64,C,6,0,0
7583,3,female,31.3,4,0,28.38,S,5,0,0
7584,3,male,38.4,1,2,7.17,S,4,0,0
7589,3,male,31.3,3,0,27.09,Q,4,0,0
7590,3,male,39.8,3,1,4.53,S,5,0,0
7594,3,female,15.2,2,3,9.48,S,6,0,0
7596,3,male,22.9,1,2,4.53,Q,4,0,0
7597,3,male,0.0,2,4,9.31,S,7,0,0
7599,3,female,28.2,0,4,56.22,S,5,0,0
7601,3,female,35.1,3,1,2.79,S,5,0,0
7604,3,male,21.5,4,4,11.98,Q,9,0,0
7606,3,female,15.0,3,3,64.29,C,7,0,0
7608,3,male,72.9,3,3,53.57,C,7,0,0
7610,3,male,15.0,3,4,48.92,S,8,0,0
7611,3,male,29.9,3,4,37.28,S,8,0,0
7614,3,male,41.8,5,2,11.82,S,8,0,0
7616,3,male,19.0,3,3,4.31,S,7,0,0
7621,3,female,14.6,0,2,10.82,S,3,0,0
7630,3,male,20.8,3,3,50.41,S,7,0,0
7631,3,female,30.9,4,4,81.79,C,9,0,0
7632,3,female,24.2,5,3,20.8,S,9,0,0
7636,3,male,20.1,2,1,19.85,C,4,0,0
7640,3,male,44.6,3,0,64.6,C,4,0,0
7641,3,female,37.4,5,3,54.56,S,9,0,0
7644,3,male,43.7,2,1,15.51,S,4,0,0
7646,3,male,6.8,1,2,28.07,C,4,0,0
7648,3,male,31.6,1,4,43.85,S,6,0,0
7651,3,male,0.5,3,2,2.79,C,6,0,0
7652,3,male,11.1,4,2,10.86,S,7,0,0
7660,3,female,34.2,3,4,0.91,S,8,0,0
7663,3,female,22.0,1,2,2.46,Q,4,0,0
7664,3,female,57.3,1,3,70.46,S,5,0,0
7671,3,male,49.2,1,4,17.26,S,6,0,0
7673,3,male,9.2,2,1,27.19,Q,4,0,0
7675,3,male,31.3,1,0,4.48,S,2,0,0
7678,3,male,40.0,0,2,8.31,S,3,0,0
7679,3,female,28.0,3,1,4.45,S,5,0,0
7682,3,female,28.6,2,4,41.78,S,7,0,0
7690,3,female,27.5,3,1,19.64,S,5,0,0
7692,3,male,13.5,1,2,14.45,C,4,0,0
7693,3,female,11.5,1,3,16.51,S,5,0,0
7699,3,female,33.7,0,1,24.62,C,2,0,0
7703,3,female,28.8,4,0,37.37,S,5,0,0
7704,3,female,22.8,0,0,2.96,S,1,1,0
7706,3,female,29.7,2,4,26.45,C,7,0,0
7711,3,male,50.3,2,1,4.12,S,4,0,0
7712,3,male,28.2,5,1,15.92,C,7,0,0
7713,3,male,22.3,4,1,34.93,C,6,0,0
7720,3,male,28.7,3,4,95.25,S,8,0,0
7722,3,male,17.3,1,4,19.0,S,6,0,0
7725,3,female,28.9,1,2,32.7,S,4,0,0
7730,3,female,38.0,5,2,42.65,S,8,0,0
7732,3,male,29.7,4,4,16.72,S,9,0,0
7734,3,female,39.8,0,3,38.4,C,4,0,0
7739,3,female,36.6,1,1,16.87,S,3,0,0
7740,3,male,24.7,2,2,0.24,S,5,0,0
7743,3,female,58.6,1,3,4.53,S,5,0,0
7744,3,male,7.0,1,2,66.67,S,4,0,0
7746,3,male,45.1,3,3,39.17,S,7,0,0
7750,3,male,50.6,1,0,20.7,S,2,0,0
7752,3,male,24.9,5,0,31.34,S,6,0,0
7753,3,male,57.9,3,4,2.09,C,8,0,0
7754,3,male,11.2,2,2,19.06,S,5,0,0
7756,3,male,18.4,3,0,6.0,S,4,0,0
7759,3,male,38.5,1,2,30.96,Q,4,0,0
7760,3,male,42.3,1,3,18.29,S,5,0,0
7761,3,male,44.1,4,1,40.79,S,6,0,0
7762,3,female,19.1,2,2,110.37,S,5,0,0
7768,3,female,3.4,5,0,3.03,C,6,0,0
7770,3,male,41.0,2,4,48.82,S,7,0,0
7772,3,male,39.3,1,4,9.39,S,6,0,0
7774,3,male,32.6,5,2,20.78,S,8,0,0
7775,3,female,32.7,4,1,70.67,S,6,0,0
7776,3,male,35.6,5,1,33.11,Q,7,0,0
7779,3,female,39.2,0,3,75.76,S,4,0,0
7786,3,male,37.2,1,3,57.77,S,5,0,0
7788,3,male,16.4,3,1,10.67,C,5,0,0
7789,3,male,66.6,5,1,0.0,S,7,0,0
7790,3,female,24.9,4,4,23.86,S,9,0,0
7791,3,male,33.6,0,4,28.75,S,5,0,0
7795,3,female,49.8,4,3,101.95,S,8,0,0
7798,3,male,41.5,1,3,98.79,S,5,0,0
7801,3,male,42.4,3,3,32.99,S,7,0,0
7803,3,male,0.0,4,0,86.34,S,5,0,0
7804,3,male,50.1,1,0,29.79,C,2,0,0
7805,3,male,15.3,2,3,62.63,S,6,0,0
7809,3,female,22.9,5,2,3.31,C,8,0,0
7813,3,male,29.3,2,0,7.46,S,3,0,0
7814,3,female,41.3,5,0,109.24,S,6,0,0
7815,3,male,28.9,2,0,62.6,C,3,0,0
7816,3,female,43.0,0,0,18.0,S,1,1,0
7819,3,male,21.7,5,0,3.34,S,6,0,0
7821,3,male,36.3,5,0,37.35,Q,6,0,0
7822,3,male,37.2,4,0,46.25,S,5,0,0
7827,3,female,0.0,5,0,54.52,S,6,0,0
7829,3,male,36.8,3,4,46.7,C,8,0,0
7830,3,female,45.2,4,2,74.1,S,7,0,0
7835,3,male,43.6,1,0,59.47,C,2,0,0
7838,3,male,41.3,4,4,49.27,C,9,0,0
7840,3,male,31.2,2,1,13.1,S,4,0,0
7841,3,female,56.4,4,3,9.26,Q,8,0,0
7842,3,female,43.6,0,3,5.54,C,4,0,0
7843,3,male,20.8,2,0,33.12,S,3,0,0
7849,3,male,46.7,4,1,4.98,S,6,0,0
7850,3,female,25.9,3,0,40.78,S,4,0,0
7853,3,female,23.7,3,3,4.2,S,7,0,0
7855,3,female,32.5,1,0,6.09,C,2,0,0
7856,3,male,38.9,2,4,28.49,S,7,0,0
7859,3,male,28.6,5,1,22.37,S,7,0,0
7860,3,male,27.3,3,0,32.45,C,4,0,0
7866,3,female,43.3,2,3,96.63,S,6,0,0
7867,3,female,25.2,2,1,33.86,S,4,0,0
7868,3,male,32.4,2,1,18.33,S,4,0,0
7871,3,male,14.4,2,1,3.26,S,4,0,0
7874,3,male,16.7,5,4,4.19,S,10,0,0
7875,3,male,26.7,0,2,37.62,C,3,0,0
7877,3,male,41.4,4,1,6.13,C,6,0,0
7879,3,female,28.3,2,4,11.34,C,7,0,0
7880,3,male,27.6,5,2,29.88,S,8,0,0
7881,3,male,22.6,2,0,2.97,C,3,0,0
7882,3,male,16.2,2,1,8.75,C,4,0,0
7884,3,male,57.7,3,0,5.63,S,4,0,0
7886,3,male,16.1,2,4,14.47,S,7,0,0
7888,3,male,25.1,4,2,6.01,S,7,0,0
7889,3,female,46.6,1,0,35.76,S,2,0,0
7890,3,male,36.4,3,4,40.56,S,8,0,0
7894,3,male,39.3,0,0,8.12,C,1,1,0
7901,3,male,32.3,5,4,48.99,Q,10,0,0
7902,3,male,36.8,3,0,37.23,S,4,0,0
7908,3,female,39.7,3,1,42.46,S,5,0,0
7912,3,male,38.7,2,0,56.44,S,3,0,0
7914,3,female,33.8,4,1,31.3,C,6,0,0
7915,3,male,33.8,0,1,2.78,S,2,0,0
7917,3,female,43.0,5,0,48.56,S,6,0,0
7919,3,male,31.9,0,4,40.87,S,5,0,0
7929,3,female,18.1,0,0,34.73,C,1,1,0
7932,3,female,35.6,4,4,29.81,S,9,0,0
7933,3,male,11.6,5,2,44.57,C,8,0,0
7934,3,female,21.7,2,0,47.16,S,3,0,0
7935,3,male,22.6,0,2,17.21,S,3,0,0
7937,3,male,22.0,3,0,11.5,Q,4,0,0
7943,3,male,28.6,5,3,15.88,S,9,0,0
7945,3,male,25.6,2,1,25.81,S,4,0,0
7949,3,male,8.8,5,0,30.58,Q,6,0,0
7951,3,male,19.5,2,1,45.89,Q,4,0,0
7952,3,male,29.9,2,2,19.64,S,5,0,0
7955,3,male,2.4,0,1,64.13,S,2,0,0
7961,3,male,51.2,0,0,8.49,S,1,1,0
7962,3,female,57.9,5,2,76.48,S,8,0,0
7963,3,female,25.2,0,1,33.97,C,2,0,0
7966,3,male,50.2,3,4,35.97,S,8,0,0
7967,3,female,9.5,5,3,43.14,S,9,0,0
7974,3,female,30.6,2,4,33.95,S,7,0,0
7975,3,female,38.8,0,1,74.96,S,2,0,0
7980,3,male,22.4,3,4,31.5,S,8,0,0
7981,3,male,39.2,1,3,3.41,S,5,0,0
7991,3,male,22.6,4,3,14.53,S,8,0,0
7996,3,female,34.7,4,0,104.83,S,5,0,0
7997,3,male,33.7,1,2,105.09,C,4,0,0
8004,3,male,37.0,3,1,36.6,Q,5,0,0
8007,3,male,53.3,4,4,1.8,C,9,0,0
8009,3,female,22.0,3,1,13.99,S,5,0,0
8011,3,male,33.2,2,4,57.9,S,7,0,0
8013,3,male,10.3,0,0,29.42,S,1,1,0
8016,3,male,19.7,3,0,16.2,S,4,0,0
8020,3,male,32.9,1,1,43.69,S,3,0,0
8025,3,male,28.4,0,1,17.47,S,2,0,0
8027,3,male,53.6,1,0,58.19,S,2,0,0
8035,3,female,31.6,3,3,4.66,Q,7,0,0
8036,3,female,10.6,0,1,0.65,S,2,0,0
8042,3,male,19.1,5,3,22.71,S,9,0,0
8044,3,male,4.1,5,0,34.87,C,6,0,0
8047,3,female,5.0,5,0,0.06,S,6,0,0
8049,3,male,19.3,1,3,9.94,S,5,0,0
8050,3,male,46.4,1,0,7.67,C,2,0,0
8056,3,male,54.1,4,0,5.5,S,5,0,0
8057,3,male,36.2,3,4,1.31,S,8,0,0
8061,3,female,17.7,1,3,10.1,S,5,0,0
8063,3,male,52.5,4,0,0.7,S,5,0,0
8066,3,male,12.5,1,4,20.91,S,6,0,0
8068,3,male,29.7,5,2,11.1,S,8,0,0
8070,3,male,41.6,4,1,15.67,S,6,0,0
8075,3,male,28.2,1,3,4.56,C,5,0,0
8076,3,male,19.5,1,3,6.01,S,5,0,0
8077,3,female,12.2,3,2,16.37,S,6,0,0
8078,3,male,31.0,5,2,3.33,S,8,0,0
8079,3,male,22.0,2,1,4.83,S,4,0,0
8080,3,female,36.4,5,1,31.28,S,7,0,0
8081,3,male,30.0,0,0,32.1,S,1,1,0
8082,3,female,29.2,5,4,4.36,S,10,0,0
8088,3,female,31.8,0,2,46.03,S,3,0,0
8092,3,male,26.7,1,0,14.46,C,2,0,0
8097,3,female,33.9,5,0,75.19,C,6,0,0
8098,3,female,24.4,4,1,19.49,C,6,0,0
8099,3,female,26.3,1,0,26.29,Q,2,0,0
8102,3,male,16.2,4,2,6.08,Q,7,0,0
8105,3,female,13.9,4,3,15.11,S,8,0,0
8106,3,female,30.6,5,4,63.83,C,10,0,0
8107,3,male,21.4,3,2,3.87,S,6,0,0
8114,3,female,29.1,5,4,37.7,C,10,0,0
8117,3,male,47.3,4,1,11.58,S,6,0,0
8118,3,male,27.3,4,1,3.71,S,6,0,0
8119,3,female,9.2,1,2,155.4,C,4,0,0
8120,3,male,26.9,4,0,6.35,S,5,0,0
8129,3,female,9.0,0,0,61.8,C,1,1,0
8135,3,male,5.4,1,1,62.67,S,3,0,0
8139,3,female,42.8,5,2,2.68,Q,8,0,0
8143,3,male,28.2,5,4,72.01,S,10,0,0
8145,3,female,41.8,0,0,5.91,S,1,1,0
8148,3,male,38.0,3,3,39.67,S,7,0,0
8149,3,female,49.6,3,4,31.6,S,8,0,0
8150,3,female,49.3,4,2,6.73,S,7,0,0
8152,3,male,39.5,3,4,39.02,S,8,0,0
8155,3,female,13.2,1,1,20.82,S,3,0,0
8157,3,male,3.9,1,3,4.25,Q,5,0,0
8162,3,female,26.2,1,0,30.46,S,2,0,0
8163,3,male,21.4,0,3,58.56,S,4,0,0
8164,3,male,16.1,2,0,26.98,S,3,0,0
8165,3,female,40.5,2,1,29.07,S,4,0,0
8166,3,male,7.5,4,4,35.8,S,9,0,0
8169,3,male,31.9,4,3,61.57,S,8,0,0
8172,3,male,57.1,0,3,7.02,S,4,0,0
8173,3,male,29.8,5,3,54.39,S,9,0,0
8176,3,female,28.1,2,4,17.64,S,7,0,0
8178,3,female,0.0,4,1,54.32,S,6,0,0
8179,3,male,12.7,5,4,26.32,S,10,0,0
8180,3,female,19.6,0,4,12.26,S,5,0,0
8185,3,male,60.3,0,0,49.16,S,1,1,0
8186,3,male,50.9,0,4,31.1,S,5,0,0
8189,3,male,33.8,1,4,26.36,S,6,0,0
8197,3,male,33.5,4,2,8.51,C,7,0,0
8198,3,female,13.2,1,2,12.13,S,4,0,0
8200,3,female,29.6,1,3,44.02,C,5,0,0
8201,3,male,38.1,3,1,10.06,S,5,0,0
8205,3,male,24.9,0,1,8.16,C,2,0,0
8207,3,male,61.6,4,0,2.19,S,5,0,0
8208,3,male,42.8,5,3,9.05,C,9,0,0
8209,3,male,30.0,0,1,40.74,S,2,0,0
8212,3,female,12.4,0,4,12.54,Q,5,0,0
8214,3,male,35.7,3,0,6.22,S,4,0,0
8216,3,female,27.2,3,3,88.7,S,7,0,0
8217,3,male,46.8,2,2,73.77,C,5,0,0
8225,3,male,13.3,1,1,18.67,S,3,0,0
8230,3,male,36.9,2,3,49.61,S,6,0,0
8234,3,male,48.9,4,3,69.8,S,8,0,0
8239,3,male,31.9,3,3,41.49,S,7,0,0
8242,3,male,30.6,5,2,32.84,S,8,0,0
8243,3,male,30.9,0,2,23.97,C,3,0,0
8244,3,female,16.2,1,0,1.01,S,2,0,0
8247,3,female,18.4,1,4,3.58,Q,6,0,0
8252,3,male,37.5,5,4,50.05,S,10,0,0
8260,3,male,35.7,2,3,24.77,Q,6,0,0
8268,3,male,53.0,4,0,11.69,S,5,0,0
8270,3,female,21.7,0,0,4.02,C,1,1,0
8272,3,male,24.9,2,2,23.24,S,5,0,0
8273,3,female,26.6,1,2,11.81,Q,4,0,0
8277,3,female,30.2,5,3,24.38,S,9,0,0
8278,3,female,2.5,0,2,98.31,S,3,0,0
8279,3,male,18.8,0,0,2.3,S,1,1,0
8284,3,female,0.0,2,0,53.15,Q,3,0,0
8287,3,male,39.9,5,0,11.37,S,6,0,0
8288,3,female,18.6,5,4,8.16,S,10,0,0
8292,3,male,23.8,5,1,24.17,S,7,0,0
8293,3,female,40.4,4,2,45.88,Q,7,0,0
8296,3,male,12.3,4,1,82.66,S,6,0,0
8303,3,male,32.2,3,4,123.05,S,8,0,0
8304,3,male,52.1,4,0,56.95,Q,5,0,0
8306,3,female,37.3,2,0,13.79,S,3,0,0
8308,3,female,26.6,1,1,0.25,C,3,0,0
8309,3,male,26.7,1,1,20.59,S,3,0,0
8311,3,male,27.7,2,0,5.44,S,3,0,0
8315,3,male,21.8,5,1,62.44,S,7,0,0
8320,3,male,14.6,1,3,74.04,S,5,0,0
8323,3,female,35.4,3,0,200.67,S,4,0,0
8326,3,female,23.6,4,1,39.81,S,6,0,0
8331,3,female,12.0,2,3,26.91,S,6,0,0
8333,3,female,31.5,2,4,8.47,S,7,0,0
8335,3,male,28.8,4,0,32.62,S,5,0,0
8337,3,female,11.9,0,3,33.38,S,4,0,0
8338,3,male,33.3,1,2,84.22,S,4,0,0
8341,3,female,20.5,4,3,76.73,C,8,0,0
8342,3,male,38.7,3,0,1.26,S,4,0,0
8343,3,male,13.1,2,2,0.23,C,5,0,0
8351,3,male,49.3,1,4,14.63,S,6,0,0
8355,3,male,32.6,3,3,53.65,C,7,0,0
8358,3,male,15.9,4,1,7.54,S,6,0,0
8359,3,male,8.7,3,4,27.7,S,8,0,0
8363,3,female,36.3,4,3,26.01,C,8,0,0
8364,3,male,60.7,0,2,8.52,S,3,0,0
8369,3,male,15.4,4,3,32.7,S,8,0,0
8371,3,male,30.9,5,1,64.51,S,7,0,0
8375,3,male,36.7,4,3,33.42,S,8,0,0
8377,3,male,15.5,1,1,44.11,C,3,0,0
8378,3,female,24.2,2,3,3.54,C,6,0,0
8380,3,female,29.1,1,2,26.82,C,4,0,0
8381,3,female,24.2,1,2,32.09,C,4,0,0
8384,3,male,30.2,2,1,3.44,S,4,0,0
8387,3,female,39.5,5,4,10.68,C,10,0,0
8388,3,male,31.8,2,2,21.12,S,5,0,0
8390,3,male,40.9,1,1,5.75,S,3,0,0
8400,3,male,41.6,5,1,2.15,C,7,0,0
8402,3,male,30.3,2,2,1.62,C,5,0,0
8403,3,female,10.1,0,1,25.5,S,2,0,0
8404,3,female,46.8,0,4,30.9,S,5,0,0
8406,3,female,39.4,3,3,28.87,C,7,0,0
8407,3,male,31.7,2,4,90.94,S,7,0,0
8409,3,female,30.0,1,4,36.93,C,6,0,0
8412,3,male,0.0,0,0,25.14,Q,1,1,0
8413,3,female,18.0,3,3,84.13,S,7,0,0
8414,3,male,12.1,4,1,8.39,Q,6,0,0
8415,3,male,42.6,3,3,160.34,S,7,0,0
8417,3,male,40.6,5,1,90.12,S,7,0,0
8419,3,female,29.1,1,4,5.66,S,6,0,0
8423,3,male,44.5,3,1,69.23,S,5,0,0
8424,3,male,43.6,2,0,78.5,S,3,0,0
8425,3,male,26.7,0,4,43.65,C,5,0,0
8430,3,male,18.9,0,1,116.31,S,2,0,0
8431,3,male,25.1,3,1,73.09,S,5,0,0
8432,3,female,12.9,4,1,1.95,S,6,0,0
8435,3,female,38.1,4,2,61.88,S,7,0,0
8439,3,male,33.4,1,3,17.73,S,5,0,0
8440,3,female,48.9,3,0,2.02,S,4,0,0
8441,3,male,40.9,2,0,1.38,S,3,0,0
8443,3,male,31.8,2,1,33.4,C,4,0,0
8444,3,male,36.4,4,4,39.67,S,9,0,0
8446,3,male,0.0,4,2,18.32,C,7,0,0
8448,3,male,0.0,5,4,9.75,C,10,0,0
8451,3,male,41.3,2,3,9.81,S,6,0,0
8453,3,male,36.6,3,3,0.56,C,7,0,0
8457,3,male,44.7,5,3,38.66,S,9,0,0
8459,3,female,40.3,0,0,70.27,S,1,1,0
8466,3,male,22.0,1,1,2.62,S,3,0,0
8468,3,female,7.9,4,4,2.87,S,9,0,0
8470,3,female,22.7,1,3,136.51,S,5,0,0
8471,3,male,25.9,4,2,17.8,S,7,0,0
8472,3,male,23.0,5,4,54.93,S,10,0,0
8473,3,female,49.3,5,4,5.92,S,10,0,0
8481,3,male,44.6,3,0,3.48,C,4,0,0
8488,3,female,33.6,4,1,137.33,S,6,0,0
8489,3,female,9.2,0,1,37.93,S,2,0,0
8491,3,male,34.7,0,0,57.21,S,1,1,0
8492,3,female,19.2,2,1,9.28,C,4,0,0
8494,3,female,17.9,2,2,52.96,S,5,0,0
8497,3,female,18.6,5,0,40.55,C,6,0,0
8498,3,female,42.3,5,1,22.51,S,7,0,0
8499,3,female,33.5,3,2,90.47,S,6,0,0
8500,3,female,34.9,2,2,44.82,S,5,0,0
8501,3,male,3.4,0,1,0.27,S,2,0,0
8502,3,female,23.2,1,1,38.98,S,3,0,0
8506,3,male,42.4,3,0,23.77,S,4,0,0
8507,3,female,20.8,2,4,20.22,S,7,0,0
8515,3,male,23.0,2,0,2.42,S,3,0,0
8518,3,male,33.0,0,0,28.94,S,1,1,0
8520,3,female,50.9,1,3,56.16,S,5,0,0
8521,3,male,7.8,1,3,21.31,S,5,0,0
8522,3,male,18.4,0,4,39.41,S,5,0,0
8525,3,male,36.1,0,3,69.37,C,4,0,0
8526,3,male,22.1,2,3,12.43,C,6,0,0
8531,3,male,0.0,0,3,25.06,S,4,0,0
8540,3,male,6.6,0,0,47.48,Q,1,1,0
8544,3,male,5.7,1,1,7.76,C,3,0,0
8547,3,female,14.1,4,3,55.5,S,8,0,0
8548,3,female,27.7,1,1,98.79,C,3,0,0
8556,3,male,36.3,5,2,4.25,S,8,0,0
8560,3,male,28.0,1,1,21.39,S,3,0,0
8565,3,male,30.4,0,4,33.93,S,5,0,0
8568,3,male,38.3,1,4,3.23,C,6,0,0
8571,3,male,44.9,2,3,75.4,S,6,0,0
8572,3,male,34.8,3,3,2.74,S,7,0,0
8573,3,male,21.4,0,3,8.28,S,4,0,0
8575,3,male,35.8,4,0,67.92,S,5,0,0
8578,3,male,38.9,2,4,2.89,S,7,0,0
8579,3,male,51.0,4,4,5.5,S,9,0,0
8584,3,male,55.4,4,0,28.5,C,5,0,0
8588,3,male,38.3,1,3,2.76,S,5,0,0
8591,3,male,33.0,2,4,9.08,C,7,0,0
8595,3,female,11.2,2,4,46.55,S,7,0,0
8600,3,female,23.8,3,0,23.3,Q,4,0,0
8603,3,female,35.5,1,1,6.15,S,3,0,0
8605,3,female,27.0,3,2,95.88,S,6,0,0
8607,3,male,40.8,2,2,2.92,S,5,0,0
8614,3,female,38.3,1,1,1.15,C,3,0,0
8617,3,male,11.2,4,0,24.1,S,5,0,0
8618,3,female,27.0,1,1,4.27,S,3,0,0
8619,3,male,45.5,4,2,13.09,S,7,0,0
8621,3,male,43.8,0,2,27.12,Q,3,0,0
8625,3,female,42.3,0,1,2.71,C,2,0,0
8626,3,male,49.6,0,0,29.27,S,1,1,0
8628,3,female,50.7,0,3,80.91,S,4,0,0
8632,3,male,48.1,3,1,37.0,S,5,0,0
8633,3,female,42.0,5,4,74.25,S,10,0,0
8634,3,female,37.6,1,0,60.24,S,2,0,0
8637,3,male,28.7,5,0,4.78,S,6,0,0
8641,3,male,27.2,4,2,31.57,S,7,0,0
8644,3,female,32.0,0,3,44.17,S,4,0,0
8645,3,female,18.5,3,3,21.04,S,7,0,0
8646,3,female,46.4,2,4,15.71,S,7,0,0
8650,3,male,0.0,0,2,8.29,S,3,0,0
8652,3,male,29.2,4,1,61.44,S,6,0,0
8653,3,female,50.6,1,2,15.1,C,4,0,0
8654,3,female,54.3,0,3,8.76,S,4,0,0
8655,3,female,26.8,1,3,48.85,S,5,0,0
8658,3,male,35.1,1,4,4.3,S,6,0,0
8662,3,female,26.8,4,4,32.39,C,9,0,0
8663,3,male,36.6,2,0,8.62,S,3,0,0
8664,3,male,42.2,1,1,25.04,S,3,0,0
8665,3,female,31.6,3,0,39.26,S,4,0,0
8671,3,female,49.9,5,1,47.33,S,7,0,0
8672,3,male,44.0,5,2,3.52,S,8,0,0
8673,3,male,30.6,0,4,38.27,C,5,0,0
8674,3,male,34.2,4,0,20.32,S,5,0,0
8678,3,female,51.2,1,0,238.99,S,2,0,0
8680,3,female,4.4,4,1,28.89,C,6,0,0
8682,3,female,46.6,3,2,29.8,S,6,0,0
8687,3,male,28.9,1,1,47.3,S,3,0,0
8689,3,male,30.0,4,0,53.3,C,5,0,0
8692,3,female,43.2,5,4,6.79,C,10,0,0
8693,3,male,47.9,3,3,15.74,S,7,0,0
8694,3,male,27.4,5,4,8.54,S,10,0,0
8695,3,female,29.9,2,4,24.28,S,7,0,0
8697,3,female,18.5,3,2,42.87,S,6,0,0
8698,3,male,39.3,3,4,9.92,S,8,0,0
8702,3,male,30.8,1,2,17.72,S,4,0,0
8704,3,male,22.4,4,1,63.1,Q,6,0,0
8705,3,male,23.2,4,0,18.07,S,5,0,0
8707,3,female,35.2,2,1,9.69,S,4,0,0
8711,3,male,40.3,0,2,58.77,S,3,0,0
8713,3,male,37.8,1,4,155.02,Q,6,0,0
8716,3,male,43.2,4,1,1.58,S,6,0,0
8720,3,female,47.5,0,1,10.44,S,2,0,0
8723,3,male,23.6,5,1,5.14,S,7,0,0
8730,3,male,39.4,2,4,19.79,S,7,0,0
8733,3,male,38.8,0,1,20.29,C,2,0,0
8734,3,male,17.7,4,0,3.35,S,5,0,0
8736,3,male,34.7,3,1,2.95,S,5,0,0
8737,3,male,43.5,1,1,6.59,S,3,0,0
8739,3,male,20.7,3,1,1.23,S,5,0,0
8740,3,female,42.8,0,1,50.97,Q,2,0,0
8747,3,female,36.0,1,1,23.27,S,3,0,0
8748,3,male,17.5,2,2,19.67,Q,5,0,0
8749,3,male,46.4,3,0,10.02,S,4,0,0
8750,3,male,19.2,1,4,36.79,S,6,0,0
8752,3,female,17.3,0,2,10.58,S,3,0,0
8753,3,male,31.6,0,1,34.66,S,2,0,0
8762,3,male,27.7,1,4,91.79,Q,6,0,0
8768,3,female,29.9,1,3,8.23,S,5,0,0
8772,3,female,16.2,0,2,10.95,S,3,0,0
8779,3,male,16.6,4,1,6.29,C,6,0,0
8780,3,male,32.5,4,0,54.91,S,5,0,0
8782,3,male,14.1,2,2,58.15,C,5,0,0
8785,3,male,22.6,4,3,12.99,S,8,0,0
8786,3,female,50.2,1,4,6.04,S,6,0,0
8795,3,female,18.0,0,4,7.56,C,5,0,0
8798,3,female,37.9,2,3,7.83,S,6,0,0
8799,3,male,33.6,1,3,15.5,S,5,0,0
8806,3,male,40.8,2,1,1.5,S,4,0,0
8811,3,male,15.0,2,2,40.11,S,5,0,0
8813,3,male,9.7,4,3,11.34,C,8,0,0
8818,3,male,29.1,1,1,19.59,S,3,0,0
8819,3,male,38.5,4,2,8.05,S,7,0,0
8822,3,female,36.4,3,0,8.55,S,4,0,0
8823,3,male,31.3,2,3,16.28,S,6,0,0
8825,3,male,38.1,3,4,172.95,Q,8,0,0
8827,3,male,36.1,2,3,5.05,S,6,0,0
8828,3,male,34.5,0,2,4.46,C,3,0,0
8829,3,female,19.5,3,3,21.13,C,7,0,0
8835,3,female,36.2,5,4,3.77,S,10,0,0
8837,3,male,18.2,2,2,25.91,S,5,0,0
8840,3,male,30.6,4,1,12.29,S,6,0,0
8842,3,male,27.9,0,0,49.86,S,1,1,0
8848,3,male,23.9,2,2,0.96,C,5,0,0
8852,3,male,40.7,5,4,2.95,S,10,0,0
8855,3,male,22.6,2,3,10.38,C,6,0,0
8856,3,female,36.0,2,4,8.18,S,7,0,0
8857,3,male,33.5,1,1,97.22,S,3,0,0
8864,3,female,34.9,0,4,22.26,S,5,0,0
8871,3,male,51.0,1,1,40.59,Q,3,0,0
8875,3,male,19.9,0,0,28.66,Q,1,1,0
8877,3,male,30.6,3,4,26.13,S,8,0,0
8878,3,male,34.8,5,4,30.78,S,10,0,0
8879,3,female,19.4,0,4,9.69,C,5,0,0
8880,3,male,19.3,2,2,8.6,C,5,0,0
8881,3,female,3.3,0,1,70.76,S,2,0,0
8883,3,male,21.9,4,4,11.92,S,9,0,0
8888,3,male,36.9,1,3,40.42,Q,5,0,0
8890,3,male,38.7,5,0,86.15,S,6,0,0
8896,3,male,26.6,3,3,5.1,S,7,0,0
8897,3,female,3.8,5,3,9.67,S,9,0,0
8898,3,male,3.5,4,4,19.9,S,9,0,0
8900,3,female,27.2,5,3,2.26,S,9,0,0
8908,3,male,35.1,5,0,19.87,C,6,0,0
8916,3,male,18.8,5,2,17.04,S,8,0,0
8919,3,male,38.1,0,2,34.64,S,3,0,0
8920,3,male,33.8,1,4,4.48,C,6,0,0
8924,3,male,38.6,1,4,11.18,S,6,0,0
8936,3,male,14.5,1,0,5.22,S,2,0,0
8940,3,female,37.8,1,2,35.29,S,4,0,0
8941,3,male,20.9,5,1,34.97,Q,7,0,0
8948,3,male,7.5,2,1,22.15,S,4,0,0
8949,3,male,52.9,4,1,33.62,C,6,0,0
8950,3,male,40.2,1,1,80.98,S,3,0,0
8952,3,female,27.7,4,0,55.35,C,5,0,0
8954,3,female,0.0,1,0,57.32,S,2,0,0
8955,3,female,22.9,3,3,30.29,S,7,0,0
8958,3,male,24.3,5,0,7.3,C,6,0,0
8960,3,male,18.0,1,2,71.05,Q,4,0,0
8964,3,male,23.4,4,3,0.86,S,8,0,0
8968,3,male,33.1,5,0,6.9,S,6,0,0
8970,3,male,33.8,1,3,3.71,S,5,0,0
8971,3,male,41.3,1,2,9.94,S,4,0,0
8973,3,female,30.4,0,2,19.33,S,3,0,0
8975,3,male,48.4,0,1,3.26,Q,2,0,0
8979,3,female,3.4,3,3,7.18,S,7,0,0
8983,3,male,26.5,2,3,46.05,S,6,0,0
8993,3,male,47.5,0,0,22.39,S,1,1,0
8995,3,male,25.6,0,0,38.17,S,1,1,0
9001,3,male,47.6,3,4,10.49,Q,8,0,0
9003,3,male,54.5,0,2,17.99,S,3,0,0
9006,3,male,26.2,4,0,4.17,S,5,0,0
9007,3,female,65.5,0,4,93.45,S,5,0,0
9010,3,male,43.5,4,0,38.85,C,5,0,0
9011,3,male,27.8,2,3,40.45,S,6,0,0
9013,3,male,36.3,3,0,2.35,S,4,0,0
9014,3,male,46.6,5,1,62.09,S,7,0,0
9022,3,female,21.1,4,1,40.41,S,6,0,0
9023,3,female,15.0,4,0,4.79,S,5,0,0
9025,3,male,26.5,5,1,22.21,Q,7,0,0
9026,3,female,16.4,1,3,22.65,Q,5,0,0
9029,3,male,14.3,2,3,4.29,S,6,0,0
9030,3,male,64.2,1,2,50.29,S,4,0,0
9039,3,female,9.2,4,4,39.15,S,9,0,0
9043,3,female,21.0,1,4,139.22,S,6,0,0
9047,3,male,30.8,1,3,31.58,S,5,0,0
9052,3,male,10.0,3,3,11.62,S,7,0,0
9058,3,male,0.0,5,3,80.78,Q,9,0,0
9063,3,male,26.5,0,2,4.08,S,3,0,0
9065,3,female,25.4,5,4,16.37,S,10,0,0
9068,3,male,20.9,3,2,4.82,Q,6,0,0
9069,3,male,17.0,3,0,11.7,S,4,0,0
9072,3,male,37.9,4,1,38.94,Q,6,0,0
9074,3,male,34.2,0,2,7.57,S,3,0,0
9080,3,male,21.6,3,1,96.53,S,5,0,0
9084,3,female,29.6,2,2,10.87,C,5,0,0
9089,3,female,48.8,3,1,24.81,S,5,0,0
9091,3,male,27.4,1,3,49.08,S,5,0,0
9094,3,male,28.6,5,0,38.78,C,6,0,0
9096,3,female,0.0,5,3,13.19,S,9,0,0
9097,3,male,29.7,1,4,146.78,S,6,0,0
9100,3,male,26.1,0,3,5.11,S,4,0,0
9105,3,female,31.4,4,1,51.25,C,6,0,0
9106,3,male,46.8,1,2,33.96,S,4,0,0
9112,3,female,25.1,0,3,48.59,S,4,0,0
9113,3,male,21.5,1,4,24.29,S,6,0,0
9121,3,male,49.4,5,1,3.89,S,7,0,0
9133,3,male,25.8,1,2,23.15,Q,4,0,0
9137,3,male,36.1,5,4,0.87,S,10,0,0
9138,3,male,0.0,5,0,21.33,S,6,0,0
9139,3,male,23.4,0,2,16.09,Q,3,0,0
9140,3,male,11.9,1,0,68.66,S,2,0,0
9141,3,male,53.2,3,2,27.49,S,6,0,0
9146,3,male,30.4,5,2,47.66,S,8,0,0
9150,3,male,32.3,3,3,3.46,Q,7,0,0
9153,3,male,5.9,1,1,22.28,S,3,0,0
9154,3,male,38.8,4,4,42.61,S,9,0,0
9167,3,male,33.4,1,1,65.4,C,3,0,0
9168,3,female,37.5,2,0,0.54,S,3,0,0
9169,3,male,16.9,3,1,112.04,C,5,0,0
9170,3,female,13.0,1,1,20.25,S,3,0,0
9173,3,female,32.7,0,2,82.83,S,3,0,0
9174,3,male,15.5,0,4,60.06,S,5,0,0
9175,3,male,26.7,3,2,31.07,C,6,0,0
9176,3,female,50.9,4,1,8.64,S,6,0,0
9178,3,male,28.6,2,1,107.81,S,4,0,0
9179,3,female,36.0,4,4,10.46,C,9,0,0
9181,3,male,37.6,3,1,44.73,S,5,0,0
9187,3,female,16.5,1,3,45.44,Q,5,0,0
9191,3,male,21.6,2,0,5.64,S,3,0,0
9199,3,female,33.2,3,3,22.53,S,7,0,0
9202,3,male,50.9,2,1,18.84,C,4,0,0
9203,3,male,39.8,1,0,13.98,S,2,0,0
9205,3,male,23.1,0,2,12.77,C,3,0,0
9209,3,female,31.6,4,0,31.54,S,5,0,0
9212,3,female,20.6,3,3,25.16,S,7,0,0
9214,3,male,13.1,4,0,18.3,C,5,0,0
9215,3,male,39.7,5,1,67.71,S,7,0,0
9216,3,female,57.5,2,2,40.25,S,5,0,0
9219,3,male,27.6,0,3,12.27,S,4,0,0
9220,3,male,33.4,1,3,46.58,C,5,0,0
9221,3,male,35.3,5,0,8.39,S,6,0,0
9223,3,male,40.4,1,1,32.49,S,3,0,0
9226,3,male,34.7,3,0,8.92,S,4,0,0
9235,3,female,44.0,4,1,8.2,S,6,0,0
9236,3,male,32.5,1,0,32.65,S,2,0,0
9238,3,female,18.9,1,2,48.17,S,4,0,0
9240,3,male,40.8,2,2,12.48,S,5,0,0
9246,3,male,16.8,3,4,3.67,S,8,0,0
9247,3,male,33.0,5,0,11.53,S,6,0,0
9249,3,female,18.9,1,1,13.09,S,3,0,0
9250,3,male,26.6,3,1,20.27,S,5,0,0
9253,3,female,29.6,5,3,41.83,C,9,0,0
9255,3,male,36.3,5,0,13.25,S,6,0,0
9256,3,male,34.2,0,3,32.42,S,4,0,0
9260,3,female,17.9,1,0,21.63,Q,2,0,0
9265,3,male,20.1,1,2,0.39,C,4,0,0
9266,3,male,29.3,3,4,8.07,C,8,0,0
9267,3,male,8.9,1,2,14.18,C,4,0,0
9270,3,male,48.7,4,4,14.32,C,9,0,0
9275,3,male,19.0,5,1,128.98,S,7,0,0
9276,3,female,30.4,1,0,0.36,S,2,0,0
9290,3,female,32.7,0,2,24.46,S,3,0,0
9292,3,female,32.8,5,1,84.53,S,7,0,0
9293,3,male,47.8,5,2,2.45,Q,8,0,0
9299,3,male,34.8,5,4,70.42,C,10,0,0
9300,3,male,41.5,5,4,33.62,C,10,0,0
9301,3,male,19.9,0,2,7.83,S,3,0,0
9308,3,male,38.7,5,0,12.71,Q,6,0,0
9310,3,male,26.2,2,1,7.73,Q,4,0,0
9311,3,male,35.3,1,2,52.19,C,4,0,0
9320,3,male,35.8,3,3,6.24,C,7,0,0
9324,3,female,42.3,2,0,2.73,S,3,0,0
9328,3,female,21.0,0,2,7.49,S,3,0,0
9332,3,male,30.4,0,1,41.48,C,2,0,0
9334,3,female,42.2,2,2,4.89,Q,5,0,0
9335,3,female,34.6,3,3,6.03,S,7,0,0
9338,3,male,35.4,4,1,97.64,S,6,0,0
9339,3,female,30.1,4,2,13.22,S,7,0,0
9344,3,male,18.6,1,3,15.32,S,5,0,0
9360,3,male,39.1,3,3,54.25,Q,7,0,0
9362,3,male,18.2,4,3,19.09,S,8,0,0
9364,3,male,19.7,2,2,171.44,C,5,0,0
9369,3,female,18.9,2,1,42.49,Q,4,0,0
9374,3,male,10.8,2,3,59.54,Q,6,0,0
9375,3,female,45.4,1,3,97.83,S,5,0,0
9379,3,male,18.4,2,4,6.32,S,7,0,0
9381,3,female,20.8,1,3,6.33,S,5,0,0
9382,3,male,28.7,3,3,0.97,S,7,0,0
9383,3,female,29.9,1,3,19.63,S,5,0,0
9384,3,female,29.0,0,0,28.46,S,1,1,0
9387,3,female,46.6,4,3,19.53,S,8,0,0
9388,3,female,0.8,3,0,9.87,S,4,0,0
9389,3,male,55.9,5,0,99.88,C,6,0,0
9392,3,male,47.6,1,4,1.3,S,6,0,0
9399,3,male,34.8,5,2,41.28,S,8,0,0
9403,3,female,31.9,3,1,88.63,Q,5,0,0
9404,3,male,24.6,4,2,2.95,S,7,0,0
9405,3,male,24.4,3,0,1.18,S,4,0,0
9406,3,male,24.5,1,3,27.9,C,5,0,0
9407,3,male,10.8,1,3,30.18,S,5,0,0
9410,3,male,32.6,3,2,51.83,Q,6,0,0
9413,3,male,15.1,0,0,48.94,C,1,1,0
9414,3,male,37.9,4,4,57.34,S,9,0,0
9416,3,male,19.5,3,1,9.98,S,5,0,0
9417,3,male,7.5,2,1,46.38,Q,4,0,0
9418,3,male,12.7,4,3,32.04,S,8,0,0
9421,3,male,26.6,1,1,29.16,S,3,0,0
9422,3,female,19.8,0,3,64.98,S,4,0,0
9423,3,male,29.0,4,2,44.66,S,7,0,0
9428,3,male,32.9,2,1,99.59,S,4,0,0
9433,3,male,31.6,1,3,24.65,S,5,0,0
9437,3,male,42.0,2,1,102.59,S,4,0,0
9445,3,female,39.0,4,2,11.47,S,7,0,0
9450,3,male,23.9,4,0,83.02,S,5,0,0
9456,3,male,27.5,0,0,29.16,S,1,1,0
9459,3,female,29.6,0,1,31.72,S,2,0,0
9461,3,male,31.1,3,3,2.82,S,7,0,0
9463,3,male,38.8,0,3,7.44,S,4,0,0
9468,3,male,35.9,1,2,54.25,S,4,0,0
9469,3,female,40.8,5,2,87.92,S,8,0,0
9478,3,female,53.7,0,4,6.18,S,5,0,0
9480,3,female,7.9,3,4,23.52,S,8,0,0
9487,3,female,20.7,1,4,0.58,S,6,0,0
9489,3,male,29.4,1,1,5.91,S,3,0,0
9490,3,female,25.9,2,2,80.79,S,5,0,0
9495,3,male,15.3,2,3,10.24,S,6,0,0
9497,3,female,35.7,2,4,14.12,C,7,0,0
9499,3,female,52.1,4,4,9.72,S,9,0,0
9502,3,male,26.2,3,3,108.24,S,7,0,0
9504,3,male,24.6,2,1,26.27,S,4,0,0
9507,3,female,58.5,5,2,34.23,S,8,0,0
9508,3,male,23.7,1,4,67.94,S,6,0,0
9509,3,male,0.0,4,4,14.94,S,9,0,0
9511,3,male,52.1,1,0,3.18,Q,2,0,0
9516,3,male,26.9,0,0,31.54,S,1,1,0
9518,3,female,40.8,0,2,20.23,C,3,0,0
9519,3,female,13.9,2,3,7.74,S,6,0,0
9520,3,female,50.5,5,0,31.07,S,6,0,0
9524,3,female,42.2,2,3,2.57,S,6,0,0
9525,3,male,38.5,0,1,9.59,S,2,0,0
9530,3,female,17.6,1,0,8.89,S,2,0,0
9532,3,female,41.7,5,1,54.74,C,7,0,0
9539,3,male,33.9,5,3,9.11,C,9,0,0
9541,3,male,17.6,2,2,44.43,S,5,0,0
9543,3,male,0.0,2,4,56.56,S,7,0,0
9545,3,male,40.1,3,2,17.39,S,6,0,0
9547,3,male,10.4,4,3,40.11,S,8,0,0
9548,3,male,38.3,1,0,67.43,C,2,0,0
9559,3,female,6.7,0,0,7.77,S,1,1,0
9561,3,male,24.2,3,2,29.47,S,6,0,0
9563,3,male,29.2,4,3,23.57,S,8,0,0
9564,3,male,26.7,2,2,15.46,C,5,0,0
9568,3,female,13.6,5,1,144.08,S,7,0,0
9574,3,female,32.6,0,3,103.59,S,4,0,0
9575,3,male,38.2,1,4,4.32,Q,6,0,0
9580,3,male,23.7,3,2,16.36,S,6,0,0
9583,3,male,22.1,1,4,19.16,S,6,0,0
9588,3,male,35.0,5,4,72.63,C,10,0,0
9591,3,male,40.9,3,4,22.67,S,8,0,0
9593,3,male,40.5,1,1,41.19,S,3,0,0
9595,3,female,34.3,5,1,0.23,C,7,0,0
9596,3,female,39.5,2,4,20.89,S,7,0,0
9597,3,female,0.0,1,0,88.34,S,2,0,0
9598,3,male,41.2,3,2,133.05,C,6,0,0
9600,3,male,24.7,1,0,40.94,S,2,0,0
9602,3,female,17.3,4,4,9.99,S,9,0,0
9603,3,male,34.1,3,0,40.94,S,4,0,0
9607,3,female,40.2,2,1,17.95,C,4,0,0
9608,3,female,46.7,3,3,88.92,Q,7,0,0
9613,3,male,27.4,3,1,11.56,S,5,0,0
9621,3,male,42.3,3,4,18.9,S,8,0,0
9626,3,female,29.0,0,1,19.4,S,2,0,0
9628,3,male,25.0,2,0,16.84,S,3,0,0
9635,3,female,18.1,2,0,8.23,S,3,0,0
9637,3,female,28.1,5,0,52.9,S,6,0,0
9638,3,male,41.0,0,2,0.71,S,3,0,0
9639,3,male,18.3,1,4,32.03,S,6,0,0
9643,3,male,20.6,2,2,4.01,S,5,0,0
9648,3,male,68.7,4,2,3.46,Q,7,0,0
9653,3,male,34.7,1,3,0.32,S,5,0,0
9654,3,male,28.3,4,1,99.97,S,6,0,0
9660,3,female,22.0,5,1,66.22,C,7,0,0
9661,3,male,23.2,4,4,7.21,S,9,0,0
9662,3,female,10.2,4,4,2.26,S,9,0,0
9663,3,female,36.3,2,4,4.91,S,7,0,0
9666,3,male,45.3,3,3,0.12,Q,7,0,0
9667,3,female,19.4,0,3,47.83,Q,4,0,0
9672,3,male,23.5,2,3,0.7,S,6,0,0
9673,3,male,8.9,2,0,49.23,S,3,0,0
9677,3,female,33.0,2,4,34.72,C,7,0,0
9678,3,male,20.6,5,3,2.59,S,9,0,0
9679,3,female,23.0,1,1,40.53,C,3,0,0
9681,3,male,24.5,4,2,87.13,S,7,0,0
9682,3,female,20.9,4,0,13.19,S,5,0,0
9686,3,male,34.5,2,1,3.26,S,4,0,0
9687,3,male,7.7,2,4,1.76,S,7,0,0
9688,3,male,19.5,2,1,38.12,Q,4,0,0
9691,3,male,8.5,0,4,9.2,S,5,0,0
9694,3,male,35.1,4,4,36.87,S,9,0,0
9696,3,male,34.4,4,4,27.1,S,9,0,0
9698,3,female,25.4,2,4,23.25,S,7,0,0
9701,3,male,20.5,0,2,12.3,S,3,0,0
9704,3,female,24.3,3,3,3.84,S,7,0,0
9706,3,male,34.4,2,0,37.43,S,3,0,0
9707,3,male,21.3,3,4,0.45,S,8,0,0
9708,3,male,33.8,1,2,41.0,S,4,0,0
9709,3,male,19.0,0,2,4.6,Q,3,0,0
9712,3,male,29.7,4,2,11.86,Q,7,0,0
9717,3,male,63.7,5,3,12.04,S,9,0,0
9718,3,male,26.4,4,4,0.75,S,9,0,0
9724,3,male,45.6,4,1,6.46,S,6,0,0
9727,3,male,34.6,3,4,32.6,S,8,0,0
9728,3,male,22.5,5,4,21.66,Q,10,0,0
9730,3,male,53.4,0,2,41.35,S,3,0,0
9732,3,female,38.5,5,3,21.78,S,9,0,0
9737,3,male,39.9,1,0,10.33,S,2,0,0
9738,3,male,35.5,2,4,8.46,Q,7,0,0
9744,3,female,31.5,0,2,19.2,S,3,0,0
9747,3,male,33.2,0,0,91.54,S,1,1,0
9748,3,male,26.3,2,4,21.13,S,7,0,0
9750,3,male,27.2,5,2,20.91,S,8,0,0
9754,3,male,33.1,2,3,74.7,S,6,0,0
9755,3,male,40.5,5,4,42.33,S,10,0,0
9759,3,male,44.6,4,1,36.76,S,6,0,0
9765,3,male,32.0,2,2,16.59,C,5,0,0
9769,3,female,0.0,2,3,24.87,S,6,0,0
9772,3,male,21.2,5,3,3.14,S,9,0,0
9775,3,male,18.2,5,3,3.26,S,9,0,0
9776,3,male,52.4,2,0,15.25,S,3,0,0
9778,3,male,29.1,5,3,17.7,C,9,0,0
9779,3,female,9.5,3,1,21.74,S,5,0,0
9780,3,male,33.7,2,2,55.49,S,5,0,0
9781,3,male,36.9,1,2,30.59,S,4,0,0
9787,3,male,20.8,3,2,10.47,S,6,0,0
9792,3,male,6.4,1,0,15.62,S,2,0,0
9793,3,male,28.8,3,4,47.45,S,8,0,0
9794,3,male,46.0,3,0,85.95,C,4,0,0
9798,3,female,18.7,5,4,106.57,C,10,0,0
9801,3,male,53.4,4,0,25.7,S,5,0,0
9802,3,female,30.2,4,0,5.78,S,5,0,0
9804,3,male,28.4,0,1,36.51,C,2,0,0
9809,3,male,48.3,1,1,99.62,C,3,0,0
9816,3,female,25.6,4,3,2.84,S,8,0,0
9818,3,male,22.0,1,3,13.71,S,5,0,0
9824,3,male,25.2,2,1,25.95,C,4,0,0
9832,3,female,23.5,3,1,1.72,C,5,0,0
9834,3,male,27.9,2,0,11.96,S,3,0,0
9837,3,male,21.6,2,4,68.56,C,7,0,0
9842,3,female,11.4,4,0,35.33,S,5,0,0
9852,3,female,22.6,5,3,19.13,C,9,0,0
9853,3,male,36.6,5,3,6.85,C,9,0,0
9856,3,male,36.7,1,3,30.89,Q,5,0,0
9858,3,female,34.4,3,1,57.71,C,5,0,0
9859,3,male,20.7,3,0,4.14,C,4,0,0
9861,3,male,47.8,0,4,3.23,S,5,0,0
9866,3,female,32.1,0,4,1.97,S,5,0,0
9867,3,male,52.7,1,1,52.93,S,3,0,0
9869,3,male,32.7,5,1,48.18,S,7,0,0
9870,3,male,28.7,5,4,54.84,C,10,0,0
9871,3,male,28.3,0,2,11.73,S,3,0,0
9876,3,male,30.0,3,3,19.09,C,7,0,0
9880,3,male,16.8,4,0,74.53,S,5,0,0
9884,3,female,29.5,3,1,19.95,C,5,0,0
9888,3,male,30.1,1,2,1.34,S,4,0,0
9889,3,male,35.2,2,1,6.98,S,4,0,0
9891,3,male,15.7,4,4,29.13,S,9,0,0
9900,3,female,36.6,1,3,9.45,S,5,0,0
9901,3,female,4.7,1,0,10.97,Q,2,0,0
9905,3,female,37.8,0,3,61.47,S,4,0,0
9908,3,female,52.8,3,4,45.84,C,8,0,0
9910,3,female,19.3,4,0,81.64,S,5,0,0
9914,3,male,23.5,3,1,0.82,C,5,0,0
9916,3,female,29.5,3,3,27.84,S,7,0,0
9917,3,male,22.3,3,1,33.65,C,5,0,0
9918,3,male,3.9,1,0,69.19,S,2,0,0
9919,3,female,40.6,2,0,0.34,Q,3,0,0
9920,3,male,24.1,5,0,3.65,S,6,0,0
9923,3,male,23.3,1,3,17.32,S,5,0,0
9925,3,male,10.3,5,3,54.62,C,9,0,0
9931,3,female,24.0,3,4,35.84,S,8,0,0
9935,3,male,19.8,0,0,12.02,S,1,1,0
9936,3,female,44.8,4,2,42.91,S,7,0,0
9942,3,female,9.4,3,4,3.37,S,8,0,0
9945,3,male,20.4,3,1,14.35,Q,5,0,0
9947,3,female,30.1,3,3,78.12,S,7,0,0
9949,3,male,17.4,2,1,5.3,S,4,0,0
9954,3,male,15.3,0,1,19.7,S,2,0,0
9959,3,female,23.7,4,3,63.43,S,8,0,0
9961,3,male,52.6,2,3,37.37,C,6,0,0
9962,3,male,18.8,5,4,49.23,S,10,0,0
9963,3,male,34.9,0,1,6.46,S,2,0,0
9965,3,male,14.0,4,0,32.2,S,5,0,0
9974,3,male,37.3,2,0,18.99,Q,3,0,0
9980,3,male,18.7,0,0,64.55,C,1,1,0
9982,3,female,49.5,0,2,17.98,S,3,0,0
9985,3,female,45.4,5,0,11.33,S,6,0,0
9986,3,male,36.7,5,1,22.15,C,7,0,0
9988,3,female,52.3,4,4,4.5,C,9,0,0
9990,3,male,37.2,5,2,4.06,S,8,0,0
9992,3,male,44.6,0,4,1.83,Q,5,0,0
9998,3,male,9.3,2,1,7.43,C,4,0,0
9999,3,male,34.9,5,0,37.98,S,6,0,0
10002,3,male,39.8,4,3,37.33,S,8,0,0
10003,3,male,65.3,0,4,18.84,S,5,0,0
10004,3,male,36.4,4,4,22.19,C,9,0,0
10015,3,male,29.9,2,2,83.26,S,5,0,0
10016,3,male,15.4,2,0,12.29,Q,3,0,0
10017,3,male,56.5,1,2,28.44,C,4,0,0
10018,3,male,30.4,5,2,33.22,C,8,0,0
10019,3,female,10.2,2,4,9.67,C,7,0,0
10030,3,male,42.3,2,3,25.51,S,6,0,0
10035,3,male,18.9,5,2,23.89,S,8,0,0
10037,3,female,25.8,0,4,1.73,S,5,0,0
10038,3,male,34.3,1,2,3.54,S,4,0,0
10039,3,male,23.2,3,0,17.63,C,4,0,0
10041,3,female,23.9,1,3,15.17,C,5,0,0
10042,3,female,28.7,0,1,26.75,S,2,0,0
10051,3,male,21.4,0,0,33.8,S,1,1,0
10054,3,male,12.5,2,3,33.02,S,6,0,0
10056,3,female,20.4,0,3,21.65,S,4,0,0
10058,3,male,45.1,3,3,20.7,S,7,0,0
10062,3,male,28.7,2,3,82.21,S,6,0,0
10064,3,female,24.1,0,0,36.29,S,1,1,0
10068,3,male,37.1,3,2,34.47,S,6,0,0
10076,3,female,32.4,0,4,20.24,C,5,0,0
10080,3,male,28.7,0,4,1.41,S,5,0,0
10081,3,male,26.4,5,1,104.97,S,7,0,0
10083,3,female,23.2,1,2,24.05,S,4,0,0
10084,3,female,53.9,5,2,34.29,Q,8,0,0
10085,3,male,11.2,0,2,46.28,S,3,0,0
10087,3,male,39.4,2,2,25.17,S,5,0,0
10089,3,female,33.1,2,2,6.84,S,5,0,0
10090,3,male,46.7,3,2,5.35,C,6,0,0
10091,3,male,24.4,2,3,39.89,S,6,0,0
10096,3,male,31.3,5,4,67.73,C,10,0,0
10098,3,female,0.0,0,3,51.77,S,4,0,0
10099,3,male,22.1,5,2,3.6,S,8,0,0
10101,3,female,22.7,5,2,46.79,S,8,0,0
10105,3,male,24.3,4,3,16.19,S,8,0,0
10107,3,male,29.6,4,0,7.88,S,5,0,0
10108,3,female,27.7,5,1,4.54,S,7,0,0
10110,3,male,14.6,5,2,56.1,S,8,0,0
10111,3,male,11.3,4,2,5.36,C,7,0,0
10113,3,female,37.0,2,4,42.74,S,7,0,0
10115,3,female,40.6,4,2,4.13,S,7,0,0
10118,3,male,24.0,1,4,24.54,S,6,0,0
10121,3,male,45.6,3,0,55.39,S,4,0,0
10124,3,female,4.0,0,4,30.45,Q,5,0,0
10126,3,male,23.6,3,3,27.84,S,7,0,0
10131,3,male,47.2,0,0,39.11,S,1,1,0
10133,3,female,39.9,0,0,49.78,Q,1,1,0
10136,3,male,58.2,5,0,9.65,C,6,0,0
10139,3,female,32.2,4,4,106.56,Q,9,0,0
10141,3,female,48.5,3,0,5.57,C,4,0,0
10143,3,male,32.9,1,1,62.13,S,3,0,0
10147,3,female,34.3,0,3,28.71,S,4,0,0
10151,3,male,17.3,4,2,14.16,S,7,0,0
10152,3,male,22.5,5,1,46.08,S,7,0,0
10153,3,female,28.7,1,0,45.66,C,2,0,0
10155,3,male,28.6,5,2,19.84,C,8,0,0
10156,3,female,33.2,2,2,65.04,S,5,0,0
10161,3,female,8.3,1,3,33.93,S,5,0,0
10165,3,female,22.1,4,0,27.5,S,5,0,0
10166,3,female,33.6,5,2,0.12,S,8,0,0
10168,3,male,22.4,4,3,59.45,S,8,0,0
10174,3,female,36.3,5,0,2.91,C,6,0,0
10175,3,female,12.5,4,2,42.76,S,7,0,0
10177,3,male,31.8,3,0,28.51,S,4,0,0
10181,3,male,21.9,2,4,55.26,S,7,0,0
10182,3,male,12.2,0,3,65.11,S,4,0,0
10183,3,male,56.4,3,4,24.22,S,8,0,0
10185,3,female,38.5,4,4,16.39,S,9,0,0
10189,3,female,9.6,5,1,46.54,S,7,0,0
10191,3,male,27.3,2,2,61.98,S,5,0,0
10194,3,female,24.8,1,2,40.47,S,4,0,0
10198,3,male,34.6,3,3,40.58,Q,7,0,0
10199,3,male,30.5,3,0,21.95,C,4,0,0
10200,3,female,49.6,5,0,2.02,C,6,0,0
10201,3,male,8.6,5,1,43.81,S,7,0,0
10202,3,female,46.0,5,1,15.97,S,7,0,0
10204,3,male,33.8,5,2,39.92,S,8,0,0
10208,3,female,19.6,4,4,44.06,S,9,0,0
10213,3,male,21.7,0,1,67.0,S,2,0,0
10217,3,male,35.5,2,1,75.65,C,4,0,0
10219,3,male,10.6,5,1,13.07,S,7,0,0
10223,3,female,51.6,3,1,67.99,S,5,0,0
10224,3,male,24.1,3,3,32.13,S,7,0,0
10225,3,male,45.0,5,0,6.55,C,6,0,0
10228,3,female,35.1,3,3,2.99,C,7,0,0
10229,3,male,35.4,3,3,9.49,S,7,0,0
10230,3,male,0.0,2,3,29.66,C,6,0,0
10235,3,male,25.1,4,1,1.84,S,6,0,0
10237,3,female,33.2,3,2,6.94,C,6,0,0
10240,3,male,32.6,0,3,16.51,S,4,0,0
10241,3,male,21.4,4,2,32.75,S,7,0,0
10251,3,male,15.1,4,4,1.88,S,9,0,0
10253,3,female,21.3,1,3,10.83,S,5,0,0
10255,3,male,14.7,2,1,90.21,C,4,0,0
10256,3,male,36.7,4,3,6.72,S,8,0,0
10257,3,female,31.4,5,4,7.3,C,10,0,0
10259,3,male,31.4,3,0,114.73,Q,4,0,0
10266,3,female,31.5,4,4,19.4,C,9,0,0
10269,3,male,54.3,5,1,27.46,C,7,0,0
10273,3,female,43.5,3,1,37.44,S,5,0,0
10275,3,male,27.9,3,4,0.62,S,8,0,0
10279,3,male,7.3,4,2,41.92,C,7,0,0
10280,3,male,57.5,5,0,49.57,S,6,0,0
10286,3,female,43.2,4,0,65.45,S,5,0,0
10287,3,male,8.9,4,2,106.74,S,7,0,0
10292,3,male,14.0,5,3,59.05,S,9,0,0
10302,3,male,32.6,1,3,20.59,S,5,0,0
10304,3,male,47.6,1,3,0.95,Q,5,0,0
10307,3,male,33.6,4,4,17.27,S,9,0,0
10309,3,female,31.5,4,3,24.96,Q,8,0,0
10313,3,male,44.0,5,2,8.96,S,8,0,0
10319,3,male,19.5,3,1,5.1,C,5,0,0
10323,3,female,41.5,3,2,4.79,S,6,0,0
10324,3,male,29.5,2,4,60.76,S,7,0,0
10325,3,female,29.5,4,0,50.22,C,5,0,0
10331,3,female,28.3,2,2,25.68,S,5,0,0
10334,3,male,27.6,5,2,40.29,S,8,0,0
10336,3,male,21.2,2,3,52.6,S,6,0,0
10337,3,male,52.7,5,4,30.48,C,10,0,0
10338,3,male,21.2,0,2,54.27,Q,3,0,0
10341,3,male,43.2,5,3,43.67,S,9,0,0
10346,3,female,19.4,0,0,0.55,S,1,1,0
10350,3,female,8.1,3,3,59.54,S,7,0,0
10352,3,male,40.0,1,2,38.5,S,4,0,0
10354,3,female,15.2,1,4,17.27,S,6,0,0
10357,3,female,25.4,4,4,88.55,S,9,0,0
10364,3,female,20.6,5,1,38.54,S,7,0,0
10365,3,female,2.5,4,2,8.99,S,7,0,0
10368,3,male,12.3,5,1,72.1,Q,7,0,0
10369,3,male,31.5,1,2,23.22,S,4,0,0
10370,3,male,47.3,1,0,20.05,S,2,0,0
10373,3,male,29.6,4,1,39.29,S,6,0,0
10375,3,male,21.9,5,2,8.97,S,8,0,0
10376,3,male,32.3,5,1,35.19,S,7,0,0
10377,3,female,14.3,4,2,15.31,S,7,0,0
10386,3,male,20.3,2,2,58.27,S,5,0,0
10393,3,female,35.2,2,4,22.42,S,7,0,0
10396,3,male,8.9,3,2,12.16,S,6,0,0
10398,3,male,18.7,2,0,22.06,S,3,0,0
10399,3,male,32.3,2,2,4.37,S,5,0,0
10400,3,female,21.6,5,2,9.53,S,8,0,0
10401,3,male,24.5,5,3,32.02,Q,9,0,0
10403,3,female,33.1,1,4,8.94,C,6,0,0
10407,3,female,37.8,4,4,25.57,S,9,0,0
10409,3,male,24.6,4,2,80.3,S,7,0,0
10412,3,female,47.4,0,1,46.28,S,2,0,0
10417,3,male,57.5,2,2,45.64,S,5,0,0
10418,3,male,35.8,3,2,7.6,S,6,0,0
10419,3,male,30.0,3,2,7.98,S,6,0,0
10420,3,female,22.3,1,2,13.78,C,4,0,0
10421,3,male,44.6,0,2,14.89,S,3,0,0
10422,3,female,21.4,1,0,0.48,S,2,0,0
10439,3,female,28.4,2,0,4.23,S,3,0,0
10444,3,male,28.0,0,0,110.69,S,1,1,0
10446,3,male,14.2,1,2,10.17,S,4,0,0
10456,3,female,39.8,3,3,41.93,S,7,0,0
10457,3,male,24.2,2,3,5.23,S,6,0,0
10459,3,male,2.3,2,1,27.43,S,4,0,0
10460,3,female,42.0,0,2,36.05,Q,3,0,0
10464,3,female,39.1,3,4,52.24,S,8,0,0
10465,3,female,7.6,4,2,38.06,S,7,0,0
10467,3,male,20.6,0,1,104.2,S,2,0,0
10469,3,female,41.3,0,2,14.9,C,3,0,0
10475,3,female,63.7,0,4,85.63,S,5,0,0
10477,3,female,42.5,2,4,2.57,S,7,0,0
10483,3,female,15.2,3,4,4.35,S,8,0,0
10486,3,male,37.7,2,4,19.16,Q,7,0,0
10489,3,male,31.6,1,2,44.77,S,4,0,0
10490,3,male,33.5,0,1,51.7,Q,2,0,0
10492,3,male,20.6,1,1,36.41,S,3,0,0
10495,3,female,36.6,1,0,96.9,C,2,0,0
10496,3,female,19.9,1,0,140.28,C,2,0,0
10498,3,female,35.2,0,0,28.06,S,1,1,0
10499,3,male,30.7,5,2,13.56,C,8,0,0
10500,3,female,20.5,5,3,12.54,S,9,0,0
10506,3,male,35.8,1,0,91.92,S,2,0,0
10509,3,male,16.0,1,3,0.43,S,5,0,0
10512,3,male,23.4,0,0,26.17,Q,1,1,0
10513,3,male,56.6,3,2,12.94,S,6,0,0
10517,3,male,43.5,4,2,6.48,C,7,0,0
10520,3,male,27.5,4,2,31.34,S,7,0,0
10524,3,male,42.4,0,3,32.09,S,4,0,0
10527,3,male,36.2,0,4,20.46,C,5,0,0
10529,3,male,43.7,4,4,198.65,S,9,0,0
10534,3,male,36.9,0,3,14.3,S,4,0,0
10535,3,male,44.2,1,2,6.15,S,4,0,0
10536,3,male,7.4,1,2,53.24,S,4,0,0
10537,3,male,27.3,2,1,12.86,C,4,0,0
10538,3,male,45.1,4,0,23.25,C,5,0,0
10539,3,male,7.2,4,0,22.75,S,5,0,0
10540,3,male,22.9,4,0,43.16,S,5,0,0
10541,3,male,29.0,2,3,36.88,S,6,0,0
10548,3,female,19.6,4,4,1.68,C,9,0,0
10549,3,male,0.0,2,4,22.71,S,7,0,0
10552,3,male,24.4,2,4,3.55,S,7,0,0
10553,3,male,21.5,2,2,35.26,S,5,0,0
10555,3,male,45.8,3,1,0.87,C,5,0,0
10558,3,female,13.9,2,4,9.89,C,7,0,0
10560,3,female,38.8,1,1,18.68,C,3,0,0
10569,3,male,39.5,0,1,5.94,S,2,0,0
10578,3,male,37.5,5,0,1.06,S,6,0,0
10583,3,male,34.0,3,1,60.31,S,5,0,0
10584,3,male,37.9,5,4,27.63,C,10,0,0
10585,3,male,39.2,1,2,107.06,S,4,0,0
10592,3,male,15.9,1,1,23.37,C,3,0,0
10593,3,male,20.6,4,1,82.22,S,6,0,0
10597,3,male,44.2,5,2,44.85,S,8,0,0
10601,3,male,63.4,0,3,0.07,S,4,0,0
10604,3,male,40.7,1,1,14.77,S,3,0,0
10605,3,male,16.5,0,0,19.23,S,1,1,0
10612,3,male,17.0,2,1,55.06,S,4,0,0
10615,3,male,17.8,0,3,144.65,S,4,0,0
10618,3,male,27.2,2,1,29.28,S,4,0,0
10619,3,male,1.8,0,2,28.87,S,3,0,0
10620,3,male,24.8,2,2,98.11,S,5,0,0
10621,3,male,30.1,3,0,49.33,S,4,0,0
10622,3,male,4.4,3,0,0.28,Q,4,0,0
10627,3,female,33.0,2,3,52.68,S,6,0,0
10628,3,female,5.6,4,3,32.36,Q,8,0,0
10629,3,female,38.9,3,3,340.36,Q,7,0,0
10634,3,male,36.2,0,1,5.16,S,2,0,0
10636,3,female,31.4,5,4,53.09,S,10,0,0
10644,3,male,6.9,3,1,21.69,C,5,0,0
10645,3,female,36.3,5,0,63.7,C,6,0,0
10653,3,male,15.6,1,0,4.28,S,2,0,0
10654,3,male,17.9,2,4,5.65,S,7,0,0
10656,3,male,28.7,5,3,43.65,S,9,0,0
10657,3,female,46.6,0,1,7.23,S,2,0,0
10664,3,male,19.2,2,4,4.46,S,7,0,0
10665,3,female,27.9,0,0,4.27,C,1,1,0
10667,3,male,17.6,0,1,17.1,C,2,0,0
10669,3,female,9.7,3,0,3.82,S,4,0,0
10672,3,female,23.5,5,3,5.22,Q,9,0,0
10673,3,female,48.3,2,3,50.64,S,6,0,0
10674,3,female,12.7,2,2,2.68,S,5,0,0
10678,3,male,52.4,0,3,50.02,S,4,0,0
10679,3,male,23.5,4,4,28.12,S,9,0,0
10686,3,male,40.7,2,0,37.52,S,3,0,0
10691,3,male,31.1,3,0,28.18,C,4,0,0
10693,3,female,26.8,2,4,0.32,S,7,0,0
10697,3,female,32.1,5,4,72.9,S,10,0,0
10699,3,male,35.8,0,4,65.17,S,5,0,0
10700,3,female,5.0,2,4,25.78,S,7,0,0
10702,3,female,52.1,4,3,14.76,S,8,0,0
10705,3,male,35.6,5,2,48.31,C,8,0,0
10715,3,male,6.0,0,0,55.63,C,1,1,0
10719,3,male,28.2,0,1,134.29,S,2,0,0
10730,3,male,31.5,5,4,4.88,S,10,0,0
10733,3,male,19.0,3,3,41.09,S,7,0,0
10738,3,male,13.5,4,0,56.21,S,5,0,0
10739,3,male,36.3,0,4,2.55,S,5,0,0
10744,3,male,31.2,1,1,123.02,S,3,0,0
10745,3,female,32.3,5,4,103.67,S,10,0,0
10748,3,male,28.1,2,4,39.25,S,7,0,0
10750,3,male,21.8,1,2,204.74,S,4,0,0
10751,3,male,21.5,2,3,30.68,S,6,0,0
10752,3,male,21.0,3,0,6.69,S,4,0,0
10754,3,female,53.5,4,4,31.2,S,9,0,0
10756,3,female,35.8,5,1,5.2,Q,7,0,0
10760,3,male,39.8,1,4,20.8,S,6,0,0
10761,3,female,28.3,3,3,40.23,Q,7,0,0
10767,3,female,49.6,3,3,47.02,C,7,0,0
10773,3,male,21.1,3,4,210.87,S,8,0,0
10774,3,male,47.0,0,1,1.88,S,2,0,0
10776,3,male,49.5,2,1,43.95,C,4,0,0
10785,3,male,29.3,4,1,10.92,S,6,0,0
10791,3,male,0.0,4,4,43.19,S,9,0,0
10793,3,male,48.0,1,0,2.14,S,2,0,0
10796,3,male,34.4,5,4,21.72,S,10,0,0
10799,3,male,32.0,1,4,91.87,S,6,0,0
10800,3,male,23.5,4,4,62.5,S,9,0,0
10802,3,male,29.3,2,1,22.03,S,4,0,0
10806,3,female,45.2,1,3,9.66,S,5,0,0
10809,3,male,51.4,1,3,10.8,S,5,0,0
10818,3,male,27.3,3,4,53.8,C,8,0,0
10819,3,male,12.5,3,3,117.75,Q,7,0,0
10821,3,female,24.5,1,2,34.27,S,4,0,0
10825,3,male,52.2,5,3,9.48,C,9,0,0
10830,3,male,27.3,1,1,1.25,S,3,0,0
10831,3,male,6.3,2,3,3.03,S,6,0,0
10832,3,female,21.3,0,3,1.6,S,4,0,0
10836,3,male,24.0,4,4,22.29,S,9,0,0
10841,3,male,44.0,2,3,8.69,C,6,0,0
10844,3,male,33.3,5,0,29.28,S,6,0,0
10846,3,female,31.8,4,2,5.64,Q,7,0,0
10851,3,male,29.4,0,4,12.33,S,5,0,0
10859,3,male,32.4,5,2,33.75,S,8,0,0
10862,3,male,35.0,2,4,44.59,S,7,0,0
10868,3,male,48.9,3,3,25.33,S,7,0,0
10869,3,male,16.9,4,1,36.77,S,6,0,0
10872,3,female,14.0,2,3,26.23,S,6,0,0
10873,3,male,12.6,2,2,20.5,S,5,0,0
10876,3,male,31.2,2,2,40.26,S,5,0,0
10878,3,female,36.6,5,2,2.06,S,8,0,0
10880,3,female,29.7,0,3,49.59,S,4,0,0
10881,3,female,28.1,4,0,8.52,S,5,0,0
10882,3,male,29.5,0,1,27.59,C,2,0,0
10884,3,male,39.6,0,4,8.07,S,5,0,0
10893,3,male,32.0,5,0,13.51,S,6,0,0
10895,3,female,38.1,3,0,37.43,S,4,0,0
10897,3,female,2.3,2,1,20.88,S,4,0,0
10904,3,male,0.0,5,3,62.12,S,9,0,0
10906,3,male,25.9,3,0,4.93,C,4,0,0
10907,3,male,30.0,3,4,95.28,S,8,0,0
10910,3,female,38.1,0,3,33.99,S,4,0,0
10915,3,female,17.1,4,1,13.24,S,6,0,0
10916,3,female,30.6,5,2,6.31,S,8,0,0
10917,3,male,50.1,3,2,5.41,S,6,0,0
10918,3,female,20.7,0,4,2.93,S,5,0,0
10919,3,male,23.4,0,0,86.21,C,1,1,0
10921,3,female,38.2,4,1,107.61,S,6,0,0
10928,3,female,26.4,0,0,14.86,S,1,1,0
10934,3,female,35.3,4,3,55.35,Q,8,0,0
10935,3,female,38.0,5,0,4.04,S,6,0,0
10937,3,male,5.9,1,0,9.22,Q,2,0,0
10938,3,female,12.5,1,3,23.87,S,5,0,0
10942,3,female,27.9,4,0,11.02,S,5,0,0
10943,3,male,37.0,0,1,31.31,S,2,0,0
10944,3,male,29.5,3,0,7.6,S,4,0,0
10946,3,female,45.2,3,2,8.57,S,6,0,0
10950,3,female,39.8,2,0,31.73,S,3,0,0
10958,3,male,6.8,0,3,21.09,S,4,0,0
10960,3,male,1.9,0,1,18.11,S,2,0,0
10961,3,female,9.7,3,3,14.81,S,7,0,0
10965,3,male,21.6,2,1,11.75,S,4,0,0
10967,3,male,33.4,0,3,11.39,S,4,0,0
10969,3,male,41.4,5,2,31.96,S,8,0,0
10975,3,male,6.8,4,3,37.71,C,8,0,0
10978,3,male,0.0,0,4,3.2,S,5,0,0
10979,3,female,28.8,0,3,24.39,S,4,0,0
10983,3,male,65.6,4,3,5.95,S,8,0,0
10984,3,male,29.5,3,1,28.26,C,5,0,0
10985,3,female,12.0,3,4,3.13,C,8,0,0
10993,3,male,49.7,5,3,21.79,S,9,0,0
10998,3,male,39.9,2,4,8.57,S,7,0,0
10999,3,male,37.5,5,4,7.96,Q,10,0,0
11002,3,male,20.2,5,2,88.45,S,8,0,0
11013,3,female,23.6,4,0,72.92,C,5,0,0
11018,3,male,5.7,0,3,26.5,C,4,0,0
11021,3,female,36.1,0,2,32.31,S,3,0,0
11027,3,male,22.3,2,1,24.37,C,4,0,0
11029,3,male,46.3,1,3,88.36,S,5,0,0
11030,3,female,23.9,1,1,2.54,C,3,0,0
11031,3,male,23.2,2,0,4.76,S,3,0,0
11032,3,male,34.4,0,0,36.98,S,1,1,0
11046,3,male,27.5,0,4,2.16,C,5,0,0
11047,3,male,30.0,0,4,5.35,S,5,0,0
11049,3,female,28.4,2,0,0.74,C,3,0,0
11058,3,female,19.7,2,3,0.22,C,6,0,0
11061,3,female,0.0,1,4,42.89,Q,6,0,0
11064,3,male,43.9,2,3,22.67,S,6,0,0
11065,3,male,48.1,1,1,14.93,S,3,0,0
11066,3,male,18.9,4,2,19.99,S,7,0,0
11068,3,male,48.3,5,1,8.33,S,7,0,0
11069,3,female,31.8,2,4,12.66,S,7,0,0
11070,3,female,50.0,5,2,23.93,S,8,0,0
11074,3,male,19.3,4,2,66.74,S,7,0,0
11076,3,male,15.9,0,2,40.9,S,3,0,0
11078,3,male,35.6,2,2,6.1,C,5,0,0
11083,3,male,19.8,5,1,3.8,S,7,0,0
11087,3,male,19.9,1,0,36.75,S,2,0,0
11088,3,male,24.6,3,1,93.28,C,5,0,0
11092,3,male,21.2,0,2,7.86,S,3,0,0
11093,3,male,55.5,2,3,23.46,S,6,0,0
11094,3,female,32.2,5,1,4.95,S,7,0,0
11095,3,female,17.8,5,3,0.5,C,9,0,0
11108,3,male,43.5,5,4,110.17,C,10,0,0
11111,3,male,19.6,5,4,16.8,S,10,0,0
11113,3,male,31.0,3,2,30.18,S,6,0,0
11122,3,male,25.0,5,1,14.32,Q,7,0,0
11128,3,male,22.6,2,4,30.59,S,7,0,0
11132,3,male,33.8,4,2,17.3,Q,7,0,0
11135,3,male,32.0,2,1,36.63,S,4,0,0
11136,3,female,29.1,5,1,58.84,S,7,0,0
11142,3,male,28.1,4,3,31.89,S,8,0,0
11150,3,male,15.9,4,4,24.26,S,9,0,0
11160,3,female,22.6,0,0,0.54,S,1,1,0
11166,3,female,36.2,5,0,7.52,S,6,0,0
11175,3,female,38.3,0,3,19.65,Q,4,0,0
11176,3,male,45.2,4,1,42.51,S,6,0,0
11179,3,female,30.3,0,2,32.04,Q,3,0,0
11186,3,male,21.2,4,3,6.48,S,8,0,0
11188,3,male,25.2,5,4,60.25,C,10,0,0
11190,3,male,27.5,1,1,44.77,S,3,0,0
11191,3,male,5.5,4,2,32.52,Q,7,0,0
11192,3,male,18.9,0,0,53.04,S,1,1,0
11195,3,male,0.0,5,1,10.56,S,7,0,0
11197,3,male,12.9,1,1,36.62,S,3,0,0
11198,3,female,41.5,5,1,44.72,S,7,0,0
11201,3,male,15.0,3,2,3.99,S,6,0,0
11202,3,male,19.0,4,3,46.89,C,8,0,0
11207,3,female,19.9,4,0,16.15,S,5,0,0
11209,3,male,14.5,4,0,3.18,S,5,0,0
11210,3,female,0.0,3,3,21.64,S,7,0,0
11218,3,male,34.3,1,4,15.65,S,6,0,0
11219,3,female,22.1,1,1,0.43,C,3,0,0
11220,3,female,57.7,4,2,3.84,S,7,0,0
11228,3,male,45.5,0,1,100.33,S,2,0,0
11231,3,male,41.8,3,4,4.8,S,8,0,0
11232,3,male,48.1,3,3,59.66,S,7,0,0
11234,3,male,17.8,2,4,32.62,S,7,0,0
11235,3,female,36.0,5,3,144.99,Q,9,0,0
11239,3,male,62.6,3,0,16.7,Q,4,0,0
11243,3,female,21.7,1,2,15.44,S,4,0,0
11246,3,male,0.0,5,0,16.92,S,6,0,0
11247,3,male,19.7,2,4,64.82,C,7,0,0
11256,3,female,17.0,5,4,5.29,S,10,0,0
11260,3,female,4.4,1,0,28.22,Q,2,0,0
11261,3,female,9.0,5,0,12.62,S,6,0,0
11263,3,male,41.6,0,3,94.57,S,4,0,0
11267,3,female,62.2,1,4,37.39,S,6,0,0
11269,3,male,27.8,1,3,15.93,S,5,0,0
11274,3,female,12.9,0,4,17.16,S,5,0,0
11276,3,female,27.6,2,2,1.53,S,5,0,0
11277,3,male,8.0,2,0,13.0,S,3,0,0
11280,3,female,41.5,3,2,28.2,S,6,0,0
11285,3,male,52.0,5,2,36.39,S,8,0,0
11287,3,male,54.5,4,1,16.83,S,6,0,0
11290,3,female,37.0,3,2,6.46,S,6,0,0
11292,3,male,0.2,5,1,22.83,S,7,0,0
11294,3,female,29.2,3,4,9.05,S,8,0,0
11295,3,female,56.1,2,3,55.14,Q,6,0,0
11296,3,female,9.7,2,2,26.56,C,5,0,0
11299,3,male,33.8,4,2,7.72,S,7,0,0
11301,3,male,20.1,2,0,4.41,S,3,0,0
11307,3,male,20.2,1,1,46.71,C,3,0,0
11309,3,male,21.1,5,4,30.67,S,10,0,0
11311,3,male,16.2,1,1,15.43,C,3,0,0
11312,3,male,29.1,5,3,12.59,C,9,0,0
11316,3,female,27.3,0,4,68.05,S,5,0,0
11318,3,male,23.1,4,1,43.53,C,6,0,0
11321,3,male,43.3,1,0,122.11,S,2,0,0
11327,3,male,8.7,5,2,3.68,C,8,0,0
11334,3,female,41.1,2,4,42.93,C,7,0,0
11335,3,male,32.9,4,0,28.57,S,5,0,0
11336,3,female,54.3,5,0,2.72,S,6,0,0
11339,3,male,42.2,1,0,49.92,S,2,0,0
11341,3,female,22.5,5,0,110.28,S,6,0,0
11342,3,male,49.7,0,2,105.93,S,3,0,0
11347,3,female,23.9,2,0,40.27,S,3,0,0
11348,3,female,38.4,0,1,68.99,C,2,0,0
11350,3,female,35.6,5,3,6.82,S,9,0,0
11351,3,female,0.0,4,4,18.38,C,9,0,0
11353,3,female,0.0,4,0,2.0,S,5,0,0
11361,3,female,50.7,1,3,55.91,S,5,0,0
11366,3,male,33.4,2,2,57.93,S,5,0,0
11377,3,male,0.0,2,4,3.55,S,7,0,0
11378,3,female,24.9,4,2,25.58,C,7,0,0
11382,3,male,42.6,5,4,28.35,C,10,0,0
11390,3,male,24.0,5,1,37.28,S,7,0,0
11391,3,male,40.2,5,0,81.62,Q,6,0,0
11393,3,female,34.7,1,4,32.63,S,6,0,0
11398,3,male,63.7,0,3,14.49,S,4,0,0
11399,3,male,47.9,2,1,18.74,C,4,0,0
11400,3,female,42.4,3,1,7.44,S,5,0,0
11405,3,female,13.1,4,1,15.88,S,6,0,0
11406,3,male,29.8,4,4,2.56,C,9,0,0
11407,3,female,25.1,4,3,1.7,S,8,0,0
11408,3,male,40.4,4,0,156.51,S,5,0,0
11409,3,female,15.5,0,0,84.07,S,1,1,0
11410,3,male,43.4,4,3,28.78,C,8,0,0
11412,3,female,23.1,0,3,8.46,S,4,0,0
11417,3,male,30.2,0,2,99.5,S,3,0,0
11419,3,male,17.2,1,1,0.86,C,3,0,0
11423,3,female,23.8,5,0,0.17,S,6,0,0
11425,3,female,31.9,2,0,19.35,S,3,0,0
11429,3,male,53.4,2,0,12.19,C,3,0,0
11435,3,female,27.0,5,4,38.29,S,10,0,0
11436,3,male,35.1,4,4,32.77,S,9,0,0
11440,3,female,6.9,4,0,18.78,S,5,0,0
11443,3,male,11.2,5,2,20.05,S,8,0,0
11444,3,male,18.0,2,1,35.14,S,4,0,0
11452,3,male,24.2,2,4,23.62,S,7,0,0
11455,3,female,11.8,2,0,4.97,S,3,0,0
11460,3,female,58.1,3,0,14.57,S,4,0,0
11470,3,male,43.4,0,3,31.68,S,4,0,0
11471,3,male,13.0,2,1,27.29,S,4,0,0
11473,3,male,37.6,1,0,14.35,S,2,0,0
11476,3,female,34.9,5,4,29.07,S,10,0,0
11478,3,female,37.4,3,2,32.12,Q,6,0,0
11480,3,male,20.7,1,0,2.1,C,2,0,0
11481,3,female,20.5,3,0,9.11,S,4,0,0
11484,3,male,37.9,1,4,69.37,C,6,0,0
11486,3,male,44.5,3,4,27.44,S,8,0,0
11489,3,male,27.5,4,3,7.5,S,8,0,0
11494,3,female,26.8,0,0,48.9,S,1,1,0
11495,3,male,22.7,2,3,54.92,S,6,0,0
11498,3,female,25.3,3,0,30.83,S,4,0,0
11503,3,male,22.4,1,0,8.74,Q,2,0,0
11504,3,male,34.6,0,1,0.38,S,2,0,0
11509,3,female,30.3,0,1,0.34,S,2,0,0
11511,3,male,17.5,5,4,28.87,S,10,0,0
11513,3,male,32.7,3,1,2.28,S,5,0,0
11516,3,male,0.0,1,3,48.01,C,5,0,0
11517,3,male,24.9,3,4,26.38,S,8,0,0
11521,3,female,12.1,1,2,1.21,S,4,0,0
11522,3,male,7.1,2,0,17.66,S,3,0,0
11526,3,male,40.9,1,1,18.91,Q,3,0,0
11531,3,female,35.5,4,3,4.88,S,8,0,0
11533,3,male,45.0,3,4,0.73,S,8,0,0
11534,3,male,0.0,1,2,8.59,S,4,0,0
11537,3,male,27.7,3,0,4.8,S,4,0,0
11541,3,female,32.4,2,3,51.31,C,6,0,0
11544,3,male,40.9,3,4,31.37,S,8,0,0
11545,3,female,20.8,0,3,26.03,S,4,0,0
11546,3,male,24.3,0,4,140.45,S,5,0,0
11548,3,female,26.0,3,4,61.0,C,8,0,0
11550,3,male,11.4,4,0,68.55,Q,5,0,0
11554,3,male,27.6,4,0,0.49,C,5,0,0
11563,3,male,37.2,4,2,31.7,C,7,0,0
11565,3,female,11.1,2,1,39.71,S,4,0,0
11566,3,male,11.2,5,0,59.77,S,6,0,0
11568,3,female,53.0,0,3,10.69,S,4,0,0
11571,3,female,2.4,3,0,18.25,S,4,0,0
11572,3,male,26.2,1,3,21.7,S,5,0,0
11580,3,male,54.1,5,3,0.18,S,9,0,0
11586,3,male,34.5,0,1,23.56,S,2,0,0
11587,3,female,19.0,0,0,24.23,S,1,1,0
11590,3,male,44.0,4,3,27.79,C,8,0,0
11592,3,male,73.6,3,2,106.18,S,6,0,0
11593,3,female,35.0,0,3,25.21,S,4,0,0
11596,3,female,26.8,3,2,3.58,S,6,0,0
11598,3,female,39.3,0,1,74.47,C,2,0,0
11600,3,female,28.2,5,4,33.14,S,10,0,0
11604,3,male,20.4,4,1,70.55,S,6,0,0
11606,3,female,39.6,1,4,11.13,C,6,0,0
11609,3,male,26.7,4,1,71.73,S,6,0,0
11612,3,male,17.5,2,1,32.2,S,4,0,0
11616,3,female,36.1,0,0,60.57,Q,1,1,0
11619,3,male,25.7,4,4,4.67,S,9,0,0
11620,3,female,23.8,1,1,5.96,S,3,0,0
11622,3,male,34.0,0,2,9.82,S,3,0,0
11627,3,male,14.9,2,0,2.71,S,3,0,0
11634,3,male,14.2,5,0,10.08,Q,6,0,0
11635,3,male,39.7,2,4,30.65,C,7,0,0
11636,3,male,39.4,0,0,2.68,S,1,1,0
11639,3,male,44.2,2,0,35.55,S,3,0,0
11642,3,male,33.1,0,4,0.94,Q,5,0,0
11646,3,male,26.3,3,4,43.38,S,8,0,0
11647,3,male,28.5,0,2,22.02,S,3,0,0
11650,3,male,27.6,4,1,33.67,S,6,0,0
11651,3,female,20.5,5,0,17.79,S,6,0,0
11653,3,female,46.0,1,1,0.12,C,3,0,0
11658,3,male,37.9,5,3,18.79,S,9,0,0
11665,3,female,34.3,4,4,156.25,S,9,0,0
11666,3,male,51.8,1,1,28.43,S,3,0,0
11672,3,female,27.9,4,4,27.05,S,9,0,0
11674,3,male,24.3,1,3,11.61,S,5,0,0
11676,3,female,24.9,3,4,56.91,S,8,0,0
11678,3,male,15.4,2,4,35.08,S,7,0,0
11681,3,female,33.8,1,0,26.64,S,2,0,0
11683,3,male,22.3,1,2,58.11,S,4,0,0
11685,3,female,7.8,2,0,116.76,Q,3,0,0
11686,3,female,20.4,5,4,7.81,S,10,0,0
11688,3,male,2.7,4,3,10.91,S,8,0,0
11690,3,male,28.3,0,3,8.14,S,4,0,0
11702,3,female,10.6,1,1,13.22,S,3,0,0
11709,3,male,44.4,4,1,6.71,S,6,0,0
11711,3,female,22.0,3,4,2.59,S,8,0,0
11713,3,male,18.2,4,4,24.96,S,9,0,0
11715,3,male,14.3,2,4,3.12,C,7,0,0
11719,3,male,8.8,4,0,31.63,S,5,0,0
11720,3,male,33.0,4,3,15.79,S,8,0,0
11724,3,male,17.0,0,4,76.49,S,5,0,0
11725,3,male,12.0,2,2,3.88,S,5,0,0
11726,3,male,39.0,3,3,10.85,C,7,0,0
11728,3,female,20.2,1,1,89.69,Q,3,0,0
11729,3,male,25.5,4,0,28.88,S,5,0,0
11731,3,male,54.4,5,2,16.24,S,8,0,0
11732,3,male,29.9,0,0,20.54,S,1,1,0
11733,3,male,15.3,4,4,31.21,Q,9,0,0
11734,3,male,12.8,4,2,7.76,C,7,0,0
11739,3,female,0.0,5,2,77.88,S,8,0,0
11740,3,female,17.1,3,3,13.23,S,7,0,0
11742,3,female,33.9,4,3,37.72,C,8,0,0
11745,3,male,31.5,1,2,20.79,S,4,0,0
11746,3,female,15.3,1,4,11.77,S,6,0,0
11747,3,male,29.0,2,3,18.61,S,6,0,0
11754,3,male,9.2,4,2,55.28,S,7,0,0
11762,3,female,36.9,2,2,5.66,S,5,0,0
11763,3,male,32.5,3,1,1.5,S,5,0,0
11768,3,female,19.9,5,2,15.95,S,8,0,0
11769,3,male,50.1,5,3,17.77,C,9,0,0
11771,3,male,4.6,5,1,8.14,S,7,0,0
11772,3,male,0.0,4,4,25.61,S,9,0,0
11773,3,male,26.1,0,1,9.2,S,2,0,0
11775,3,female,46.2,0,4,55.99,S,5,0,0
11776,3,female,31.3,1,3,20.75,C,5,0,0
11777,3,male,18.7,1,1,24.28,S,3,0,0
11780,3,male,44.2,4,1,2.08,C,6,0,0
11781,3,female,37.0,4,2,6.06,S,7,0,0
11787,3,male,13.5,2,2,0.41,C,5,0,0
11791,3,male,15.8,5,4,69.27,S,10,0,0
11793,3,female,6.5,3,0,50.92,S,4,0,0
11796,3,female,11.8,5,0,37.77,C,6,0,0
11798,3,male,17.7,2,2,4.91,S,5,0,0
11800,3,male,13.5,1,3,15.9,C,5,0,0
11801,3,female,35.3,4,1,11.58,Q,6,0,0
11802,3,male,24.7,4,4,9.87,S,9,0,0
11805,3,female,36.8,4,2,72.09,S,7,0,0
11807,3,male,30.7,5,0,72.21,S,6,0,0
11809,3,male,25.7,2,0,3.7,S,3,0,0
11812,3,male,37.7,5,3,79.93,S,9,0,0
11814,3,male,47.3,3,0,8.24,S,4,0,0
11816,3,female,32.0,2,1,127.76,S,4,0,0
11819,3,female,19.1,5,1,19.28,S,7,0,0
11822,3,male,27.5,3,1,85.41,S,5,0,0
11828,3,male,13.8,2,1,107.21,S,4,0,0
11830,3,female,8.8,2,2,4.28,C,5,0,0
11834,3,female,24.1,1,4,18.07,S,6,0,0
11838,3,male,37.6,5,1,15.53,C,7,0,0
11839,3,female,0.0,4,0,45.1,S,5,0,0
11850,3,female,22.3,5,4,29.13,S,10,0,0
11856,3,male,26.8,5,2,14.32,S,8,0,0
11857,3,male,30.1,3,0,3.12,C,4,0,0
11861,3,male,17.1,3,0,39.55,S,4,0,0
11865,3,male,29.1,3,4,34.11,S,8,0,0
11866,3,female,13.0,5,2,20.82,Q,8,0,0
11872,3,male,30.0,4,2,8.62,S,7,0,0
11877,3,male,33.4,1,1,20.79,S,3,0,0
11882,3,male,19.8,2,3,2.28,S,6,0,0
11885,3,male,22.2,2,3,6.56,Q,6,0,0
11887,3,female,40.0,4,3,20.29,S,8,0,0
11888,3,male,33.6,0,2,22.84,Q,3,0,0
11891,3,female,17.4,4,4,37.77,C,9,0,0
11893,3,male,44.0,4,3,49.8,S,8,0,0
11900,3,female,18.1,5,4,33.43,S,10,0,0
11908,3,male,12.6,2,1,25.2,C,4,0,0
11909,3,male,18.8,3,4,35.41,S,8,0,0
11911,3,male,23.1,5,0,11.81,S,6,0,0
11912,3,male,13.7,2,4,62.25,S,7,0,0
11918,3,male,54.0,5,1,24.7,S,7,0,0
11924,3,male,29.8,0,0,19.91,S,1,1,0
11929,3,male,27.7,3,2,25.23,S,6,0,0
11932,3,male,36.1,0,1,113.11,C,2,0,0
11935,3,female,33.2,2,2,18.11,S,5,0,0
11937,3,male,27.2,2,1,0.44,S,4,0,0
11938,3,male,27.7,4,1,0.5,S,6,0,0
11939,3,male,18.7,0,4,11.25,S,5,0,0
11946,3,female,24.6,2,1,69.13,S,4,0,0
11951,3,male,45.2,1,0,30.59,S,2,0,0
11952,3,male,20.0,4,3,43.59,S,8,0,0
11958,3,male,12.3,3,2,29.74,C,6,0,0
11967,3,male,22.6,4,2,31.82,C,7,0,0
11970,3,male,50.9,3,1,25.07,C,5,0,0
11972,3,male,17.6,5,2,42.68,Q,8,0,0
11974,3,male,44.6,1,2,19.83,S,4,0,0
11976,3,male,32.3,2,2,4.42,C,5,0,0
11979,3,male,42.8,0,3,19.33,S,4,0,0
11983,3,female,60.5,4,4,10.78,S,9,0,0
11985,3,male,26.8,3,1,135.67,S,5,0,0
11986,3,male,44.5,3,3,26.72,S,7,0,0
11990,3,male,41.1,0,2,23.67,C,3,0,0
11993,3,female,22.8,0,4,18.54,S,5,0,0
11997,3,male,18.7,4,3,64.1,C,8,0,0
12002,3,male,38.7,0,3,1.21,S,4,0,0
12004,3,female,25.5,5,2,10.36,C,8,0,0
12006,3,female,31.9,0,4,8.96,S,5,0,0
12008,3,male,20.1,2,1,74.16,S,4,0,0
12014,3,female,23.9,2,3,126.94,S,6,0,0
12016,3,male,21.4,5,2,21.38,S,8,0,0
12019,3,male,30.9,3,2,44.2,S,6,0,0
12021,3,male,29.7,2,3,42.33,S,6,0,0
12025,3,male,5.9,4,4,65.0,S,9,0,0
12028,3,male,57.2,0,4,55.16,S,5,0,0
12029,3,male,34.2,2,1,13.98,Q,4,0,0
12030,3,female,31.2,4,1,5.23,S,6,0,0
12033,3,female,39.2,4,2,9.8,S,7,0,0
12035,3,female,11.3,2,2,14.16,S,5,0,0
12039,3,male,38.2,3,0,30.5,S,4,0,0
12043,3,male,32.0,4,0,42.07,S,5,0,0
12045,3,female,43.0,4,2,16.71,S,7,0,0
12049,3,female,42.9,4,3,68.15,S,8,0,0
12050,3,female,36.6,2,3,2.85,S,6,0,0
12058,3,male,27.9,1,4,53.81,S,6,0,0
12066,3,female,37.3,4,3,83.0,Q,8,0,0
12069,3,female,42.4,1,3,31.32,S,5,0,0
12070,3,male,44.0,1,1,0.48,S,3,0,0
12072,3,female,60.0,4,1,15.95,C,6,0,0
12076,3,female,35.1,4,4,4.2,S,9,0,0
12080,3,male,20.5,2,0,19.88,S,3,0,0
12083,3,female,39.5,3,2,98.39,S,6,0,0
12089,3,female,32.2,1,3,16.01,S,5,0,0
12090,3,female,37.1,0,4,98.08,C,5,0,0
12091,3,female,21.5,5,4,2.28,S,10,0,0
12092,3,female,46.9,2,1,86.06,S,4,0,0
12095,3,male,23.8,0,3,29.71,Q,4,0,0
12104,3,male,15.8,0,1,5.14,S,2,0,0
12107,3,male,47.5,1,4,58.59,C,6,0,0
12108,3,male,7.1,3,1,9.21,C,5,0,0
12109,3,male,4.9,5,0,15.99,S,6,0,0
12110,3,male,20.7,4,0,20.73,S,5,0,0
12112,3,male,11.3,3,4,16.07,S,8,0,0
12116,3,female,45.4,4,2,9.11,S,7,0,0
12126,3,male,12.5,1,4,13.98,S,6,0,0
12129,3,male,32.0,1,1,15.85,C,3,0,0
12130,3,male,22.2,4,2,1.91,S,7,0,0
12131,3,female,42.1,5,2,51.06,C,8,0,0
12132,3,male,37.2,0,2,10.28,S,3,0,0
12135,3,male,23.1,1,4,14.68,C,6,0,0
12137,3,male,28.1,0,0,10.72,C,1,1,0
12138,3,female,44.2,1,4,19.75,S,6,0,0
12140,3,female,12.6,2,4,11.67,S,7,0,0
12143,3,female,32.8,2,4,40.85,S,7,0,0
12144,3,male,28.7,4,2,1.8,S,7,0,0
12146,3,male,44.1,0,3,8.8,S,4,0,0
12147,3,female,43.2,2,4,3.08,S,7,0,0
12148,3,male,9.4,1,1,34.62,S,3,0,0
12149,3,female,42.2,3,3,7.87,S,7,0,0
12150,3,male,36.2,5,0,16.7,C,6,0,0
12155,3,female,13.4,3,2,19.11,S,6,0,0
12156,3,male,43.3,0,1,8.0,S,2,0,0
12157,3,male,40.3,5,4,23.21,S,10,0,0
12158,3,female,19.9,1,0,30.85,C,2,0,0
12164,3,male,21.0,1,4,10.11,C,6,0,0
12165,3,female,40.3,0,1,0.04,S,2,0,0
12169,3,male,16.1,1,4,22.08,C,6,0,0
12170,3,male,27.0,4,2,13.13,S,7,0,0
12176,3,male,19.4,2,1,10.75,S,4,0,0
12179,3,male,43.1,3,4,34.45,C,8,0,0
12180,3,female,32.7,5,4,6.87,S,10,0,0
12183,3,male,44.5,0,1,69.29,C,2,0,0
12187,3,male,6.4,4,0,57.38,S,5,0,0
12188,3,female,46.8,0,2,6.32,Q,3,0,0
12189,3,male,44.1,0,1,61.78,S,2,0,0
12194,3,male,59.9,4,0,25.3,C,5,0,0
12202,3,male,28.1,1,1,45.26,S,3,0,0
12205,3,male,30.6,0,0,54.36,S,1,1,0
12208,3,female,25.2,3,2,15.5,S,6,0,0
12209,3,male,24.9,5,3,27.67,S,9,0,0
12215,3,male,27.7,5,4,18.08,S,10,0,0
12216,3,male,10.9,2,3,2.25,S,6,0,0
12218,3,male,39.0,4,3,49.68,S,8,0,0
12219,3,female,44.7,2,4,16.6,C,7,0,0
12221,3,male,35.4,2,3,13.17,C,6,0,0
12222,3,male,46.2,0,0,33.39,S,1,1,0
12228,3,female,28.6,4,4,65.48,S,9,0,0
12229,3,male,17.5,3,2,10.7,C,6,0,0
12238,3,female,26.1,0,3,26.9,S,4,0,0
12241,3,male,56.0,1,0,39.72,S,2,0,0
12245,3,male,59.1,0,4,52.85,S,5,0,0
12246,3,male,48.5,4,3,4.27,S,8,0,0
12255,3,female,35.3,1,0,30.38,S,2,0,0
12258,3,female,15.3,4,2,21.29,S,7,0,0
12263,3,female,40.7,4,2,22.54,C,7,0,0
12266,3,female,44.4,2,2,13.42,S,5,0,0
12267,3,female,36.4,4,0,9.03,S,5,0,0
12271,3,male,14.3,1,1,68.9,C,3,0,0
12280,3,female,35.5,0,1,6.55,C,2,0,0
12282,3,male,43.1,1,2,83.16,S,4,0,0
12283,3,male,35.0,5,2,0.14,S,8,0,0
12287,3,female,41.3,0,1,10.4,S,2,0,0
12288,3,male,0.3,2,0,42.0,S,3,0,0
12290,3,male,22.8,3,4,9.76,S,8,0,0
12291,3,male,8.0,3,0,22.4,C,4,0,0
12293,3,female,9.8,4,3,9.19,S,8,0,0
12296,3,male,55.9,5,3,4.84,S,9,0,0
12297,3,male,9.9,0,4,84.71,C,5,0,0
12298,3,female,12.0,1,2,0.21,S,4,0,0
12301,3,male,7.4,5,1,2.2,S,7,0,0
12302,3,female,19.2,3,0,3.02,C,4,0,0
12305,3,male,35.0,4,3,14.54,S,8,0,0
12306,3,female,26.9,2,2,37.33,S,5,0,0
12308,3,male,19.1,3,3,39.34,S,7,0,0
12310,3,male,15.3,4,0,39.25,S,5,0,0
12316,3,male,38.4,3,1,2.95,S,5,0,0
12317,3,male,53.0,0,0,95.75,S,1,1,0
12320,3,male,12.8,0,2,5.11,Q,3,0,0
12322,3,male,35.2,0,4,14.21,C,5,0,0
12324,3,male,18.0,1,1,42.79,S,3,0,0
12327,3,male,25.2,1,2,14.12,Q,4,0,0
12329,3,female,27.5,4,3,35.85,S,8,0,0
12336,3,female,27.5,0,4,68.92,S,5,0,0
12339,3,male,44.7,1,1,27.7,C,3,0,0
12342,3,female,14.4,4,2,8.15,S,7,0,0
12344,3,female,3.8,3,2,21.76,S,6,0,0
12349,3,male,22.3,4,2,13.54,S,7,0,0
12352,3,male,11.7,2,4,29.36,S,7,0,0
12353,3,male,22.1,5,0,54.91,S,6,0,0
12355,3,male,42.1,1,0,2.05,C,2,0,0
12359,3,male,23.2,4,1,49.73,S,6,0,0
12364,3,male,31.0,2,3,0.71,C,6,0,0
12365,3,male,46.1,1,3,7.93,S,5,0,0
12367,3,male,28.8,5,3,24.31,S,9,0,0
12368,3,female,32.2,3,2,25.36,C,6,0,0
12371,3,male,38.1,4,2,7.77,C,7,0,0
12378,3,female,9.3,0,4,89.39,S,5,0,0
12380,3,male,21.9,0,4,37.47,S,5,0,0
12381,3,male,13.8,1,0,3.97,S,2,0,0
12382,3,male,0.0,2,0,34.55,S,3,0,0
12384,3,male,4.5,1,4,58.08,C,6,0,0
12387,3,female,25.8,5,1,34.84,S,7,0,0
12397,3,male,31.3,4,3,26.68,S,8,0,0
12401,3,male,50.5,2,4,5.86,S,7,0,0
12402,3,male,40.4,1,1,19.12,C,3,0,0
12405,3,male,29.8,5,0,15.65,S,6,0,0
12406,3,male,24.2,2,4,0.17,S,7,0,0
12412,3,male,24.3,5,2,1.63,Q,8,0,0
12414,3,female,40.3,3,4,18.91,S,8,0,0
12416,3,male,32.3,3,3,26.02,S,7,0,0
12417,3,female,17.4,1,2,10.24,S,4,0,0
12419,3,male,0.0,0,3,5.43,S,4,0,0
12421,3,male,17.6,5,1,15.37,S,7,0,0
12423,3,male,22.5,2,3,14.36,C,6,0,0
12426,3,female,40.1,3,3,65.11,S,7,0,0
12427,3,female,26.6,1,1,71.21,S,3,0,0
12428,3,male,27.6,3,3,25.47,C,7,0,0
12431,3,male,33.0,2,3,66.1,C,6,0,0
12433,3,male,25.4,1,3,55.22,S,5,0,0
12436,3,male,34.6,4,4,4.12,S,9,0,0
12437,3,male,17.1,3,3,40.42,S,7,0,0
12438,3,male,16.0,2,2,75.54,S,5,0,0
12439,3,male,18.3,0,2,122.92,S,3,0,0
12441,3,male,35.1,4,0,32.41,S,5,0,0
12443,3,female,24.9,5,2,14.74,S,8,0,0
12444,3,male,37.9,2,3,25.73,Q,6,0,0
12446,3,male,27.3,0,0,82.71,S,1,1,0
12452,3,male,26.2,0,0,51.74,C,1,1,0
12455,3,female,22.7,3,1,11.97,S,5,0,0
12456,3,female,10.7,2,2,25.96,S,5,0,0
12457,3,male,38.7,2,2,5.62,S,5,0,0
12459,3,female,39.5,3,1,9.85,S,5,0,0
12464,3,female,6.7,0,1,15.3,S,2,0,0
12467,3,female,25.0,5,1,50.27,S,7,0,0
12468,3,female,56.9,0,1,43.19,S,2,0,0
12473,3,male,42.8,2,1,2.56,S,4,0,0
12475,3,male,26.2,5,0,2.25,S,6,0,0
12478,3,male,24.2,0,3,15.0,S,4,0,0
12479,3,male,14.8,2,1,31.97,S,4,0,0
12483,3,male,11.6,5,0,28.88,S,6,0,0
12485,3,female,23.8,4,1,4.68,S,6,0,0
12486,3,female,34.3,2,0,64.6,S,3,0,0
12487,3,male,4.0,3,0,4.38,S,4,0,0
12488,3,female,8.1,1,1,30.93,S,3,0,0
12491,3,male,38.2,4,1,8.17,S,6,0,0
12502,3,female,37.9,0,4,12.19,S,5,0,0
12508,3,male,16.8,1,0,65.7,S,2,0,0
12513,3,female,47.0,3,1,4.76,S,5,0,0
12523,3,male,35.8,0,2,11.75,S,3,0,0
12525,3,male,41.6,4,1,3.34,C,6,0,0
12526,3,female,49.0,1,4,3.66,S,6,0,0
12527,3,female,39.8,4,1,18.79,C,6,0,0
12532,3,female,40.2,1,3,11.56,S,5,0,0
12534,3,female,48.9,1,0,39.48,S,2,0,0
12539,3,male,27.0,1,4,43.84,S,6,0,0
12540,3,male,10.0,5,4,87.29,Q,10,0,0
12541,3,male,32.2,4,2,67.02,S,7,0,0
12543,3,female,0.0,3,4,6.74,C,8,0,0
12550,3,male,17.4,2,0,37.26,S,3,0,0
12552,3,female,22.7,5,2,72.75,S,8,0,0
12554,3,female,0.0,2,4,18.94,S,7,0,0
12559,3,male,18.4,5,0,17.23,C,6,0,0
12567,3,female,15.9,4,2,43.38,S,7,0,0
12569,3,female,35.4,3,0,61.9,S,4,0,0
12573,3,female,36.4,1,0,22.64,S,2,0,0
12574,3,male,14.5,4,4,33.32,S,9,0,0
12576,3,female,0.0,3,1,72.95,S,5,0,0
12578,3,female,22.8,5,4,31.14,S,10,0,0
12585,3,male,24.1,3,1,21.42,S,5,0,0
12586,3,female,6.8,3,3,22.34,Q,7,0,0
12593,3,female,25.6,0,2,18.41,S,3,0,0
12594,3,male,8.0,2,0,119.85,S,3,0,0
12595,3,female,0.3,2,4,0.14,S,7,0,0
12597,3,male,19.7,5,0,33.82,S,6,0,0
12598,3,male,26.8,4,0,31.23,Q,5,0,0
12603,3,male,27.8,5,3,66.08,S,9,0,0
12606,3,male,47.3,3,0,55.14,C,4,0,0
12610,3,male,44.2,3,2,5.75,S,6,0,0
12611,3,female,19.3,1,2,5.75,C,4,0,0
12612,3,female,9.6,1,1,29.3,S,3,0,0
12613,3,female,17.2,1,4,9.94,S,6,0,0
12624,3,female,10.4,1,2,2.61,S,4,0,0
12632,3,male,22.0,5,0,19.76,S,6,0,0
12635,3,female,18.8,4,3,38.37,S,8,0,0
12638,3,female,28.8,2,4,5.13,S,7,0,0
12650,3,male,38.4,5,4,29.66,S,10,0,0
12653,3,female,42.4,5,4,24.4,S,10,0,0
12658,3,male,9.0,0,3,30.78,C,4,0,0
12661,3,female,10.5,1,0,18.96,S,2,0,0
12665,3,female,44.7,3,4,42.33,S,8,0,0
12670,3,male,25.9,0,3,38.91,S,4,0,0
12671,3,male,38.7,4,4,34.6,S,9,0,0
12672,3,male,25.4,0,4,9.19,S,5,0,0
12673,3,female,27.0,5,4,34.0,S,10,0,0
12674,3,male,55.3,0,0,19.83,C,1,1,0
12682,3,female,32.4,2,3,12.76,S,6,0,0
12683,3,female,45.0,1,1,62.37,C,3,0,0
12690,3,male,26.2,4,1,8.39,S,6,0,0
12692,3,male,6.6,1,3,14.47,Q,5,0,0
12696,3,female,41.7,4,0,11.21,C,5,0,0
12699,3,male,41.6,4,2,23.64,S,7,0,0
12701,3,female,22.8,2,0,9.26,S,3,0,0
12704,3,female,35.7,5,3,12.7,S,9,0,0
12708,3,male,50.8,5,0,19.99,S,6,0,0
12710,3,female,7.5,2,1,2.1,S,4,0,0
12711,3,female,51.2,5,0,7.69,S,6,0,0
12714,3,male,17.3,1,3,129.6,S,5,0,0
12716,3,male,15.3,0,2,11.05,S,3,0,0
12720,3,female,14.0,5,1,59.44,S,7,0,0
12721,3,female,9.2,3,2,0.95,S,6,0,0
12734,3,male,48.0,5,3,0.47,S,9,0,0
12735,3,male,40.6,0,1,6.53,S,2,0,0
12737,3,female,21.4,2,0,29.17,S,3,0,0
12741,3,male,29.8,0,1,24.52,S,2,0,0
12742,3,male,42.1,1,3,6.39,C,5,0,0
12743,3,male,52.5,2,1,24.96,C,4,0,0
12748,3,male,25.0,4,4,72.07,S,9,0,0
12749,3,male,38.3,4,2,15.46,S,7,0,0
12752,3,female,25.6,3,4,22.87,S,8,0,0
12753,3,male,36.0,4,3,14.37,S,8,0,0
12758,3,male,0.0,1,1,65.71,S,3,0,0
12759,3,male,42.1,2,3,22.86,S,6,0,0
12760,3,female,28.8,2,3,56.93,S,6,0,0
12765,3,female,35.5,0,1,6.53,S,2,0,0
12771,3,male,32.9,5,1,69.45,S,7,0,0
12773,3,male,34.5,3,3,10.02,Q,7,0,0
12774,3,female,23.8,3,2,8.34,S,6,0,0
12782,3,male,0.0,2,0,27.81,S,3,0,0
12783,3,male,3.3,1,3,8.65,S,5,0,0
12784,3,male,53.2,3,0,8.16,C,4,0,0
12788,3,male,31.8,5,0,6.25,C,6,0,0
12789,3,female,52.7,0,1,35.95,S,2,0,0
12790,3,male,23.6,3,3,21.52,S,7,0,0
12791,3,male,37.6,0,3,36.19,C,4,0,0
12794,3,male,25.3,0,3,24.9,S,4,0,0
12797,3,female,23.1,0,3,53.47,C,4,0,0
12799,3,male,19.4,0,1,11.88,C,2,0,0
12801,3,male,48.7,5,4,65.81,C,10,0,0
12810,3,male,20.7,0,0,2.39,S,1,1,0
12811,3,male,27.7,1,3,36.45,C,5,0,0
12812,3,male,35.5,5,2,13.73,S,8,0,0
12813,3,male,54.2,0,4,1.83,S,5,0,0
12815,3,male,24.8,3,1,16.31,S,5,0,0
12818,3,male,19.9,1,3,22.36,S,5,0,0
12819,3,male,27.6,4,2,14.26,S,7,0,0
12820,3,female,26.6,5,4,73.43,Q,10,0,0
12821,3,female,30.6,5,4,7.95,S,10,0,0
12823,3,female,15.4,5,4,25.81,Q,10,0,0
12825,3,male,17.9,0,3,5.21,S,4,0,0
12832,3,female,24.2,3,1,25.69,C,5,0,0
12833,3,male,17.3,3,2,0.75,S,6,0,0
12834,3,female,40.3,2,4,10.13,Q,7,0,0
12838,3,female,15.3,0,1,4.04,S,2,0,0
12841,3,female,9.9,2,1,28.65,S,4,0,0
12843,3,male,0.0,0,1,22.44,S,2,0,0
12845,3,female,23.0,4,1,25.64,Q,6,0,0
12848,3,female,34.3,3,3,44.09,S,7,0,0
12849,3,male,41.6,2,1,29.52,S,4,0,0
12850,3,male,26.6,4,4,64.28,S,9,0,0
12851,3,male,8.6,0,4,45.12,S,5,0,0
12853,3,female,16.7,1,2,23.79,C,4,0,0
12854,3,male,10.0,5,0,66.53,S,6,0,0
12855,3,female,37.1,2,0,62.67,S,3,0,0
12858,3,male,10.9,4,2,7.57,C,7,0,0
12862,3,female,37.3,0,1,34.77,S,2,0,0
12863,3,male,17.5,2,0,12.09,S,3,0,0
12868,3,female,47.4,3,2,10.14,S,6,0,0
12873,3,female,11.5,2,0,42.88,Q,3,0,0
12879,3,male,45.8,1,3,0.62,S,5,0,0
12882,3,male,34.5,2,2,26.63,S,5,0,0
12883,3,male,51.2,1,2,30.6,S,4,0,0
12891,3,female,21.1,0,1,2.02,S,2,0,0
12899,3,male,18.0,2,0,30.47,S,3,0,0
12901,3,male,26.5,2,4,16.11,S,7,0,0
12910,3,female,18.6,4,2,34.73,S,7,0,0
12913,3,male,34.9,4,1,43.9,S,6,0,0
12915,3,male,15.2,0,4,15.79,C,5,0,0
12916,3,female,37.6,5,2,48.49,S,8,0,0
12917,3,male,28.3,5,4,51.74,C,10,0,0
12918,3,male,12.4,2,1,2.76,S,4,0,0
12921,3,male,13.0,4,0,2.82,S,5,0,0
12922,3,male,25.0,5,4,6.02,C,10,0,0
12924,3,male,16.2,2,4,22.78,S,7,0,0
12930,3,female,36.6,1,4,26.91,S,6,0,0
12932,3,male,39.6,5,2,6.47,S,8,0,0
12933,3,male,1.0,5,1,13.63,S,7,0,0
12936,3,male,29.5,2,1,37.49,C,4,0,0
12938,3,male,47.9,3,1,6.48,S,5,0,0
12942,3,female,31.1,0,4,54.93,S,5,0,0
12945,3,female,21.1,5,0,31.73,S,6,0,0
12946,3,male,37.9,0,4,16.67,S,5,0,0
12952,3,female,49.3,5,3,7.82,S,9,0,0
12954,3,female,24.1,2,4,57.29,C,7,0,0
12960,3,female,34.9,0,1,7.84,C,2,0,0
12964,3,male,34.2,0,2,46.56,C,3,0,0
12966,3,male,8.9,1,1,25.24,Q,3,0,0
12969,3,female,27.0,1,2,0.91,S,4,0,0
12970,3,male,26.0,5,0,4.23,C,6,0,0
12973,3,female,0.0,1,4,101.14,C,6,0,0
12976,3,female,25.2,4,2,63.68,S,7,0,0
12980,3,male,37.5,1,3,23.86,Q,5,0,0
12982,3,male,25.5,4,1,4.9,S,6,0,0
12987,3,male,19.6,1,4,105.05,Q,6,0,0
12988,3,male,51.7,0,3,50.25,Q,4,0,0
12989,3,male,45.9,5,1,5.46,S,7,0,0
12991,3,female,25.3,2,3,21.93,C,6,0,0
12994,3,male,30.0,1,2,10.74,S,4,0,0
13003,3,female,39.9,2,4,3.99,S,7,0,0
13013,3,female,22.4,2,2,2.49,S,5,0,0
13017,3,male,19.4,2,3,57.76,Q,6,0,0
13018,3,male,52.5,1,4,11.72,S,6,0,0
13024,3,male,21.9,1,2,76.66,Q,4,0,0
13025,3,male,11.4,5,0,44.79,S,6,0,0
13029,3,female,13.6,2,2,48.47,S,5,0,0
13030,3,male,29.3,3,3,10.33,C,7,0,0
13031,3,female,35.5,0,2,149.9,S,3,0,0
13032,3,male,22.2,0,2,80.46,S,3,0,0
13034,3,male,34.1,1,1,0.29,S,3,0,0
13036,3,male,23.1,5,2,28.64,Q,8,0,0
13037,3,male,13.1,4,2,28.63,S,7,0,0
13044,3,female,26.1,0,1,2.4,S,2,0,0
13049,3,male,0.0,2,2,71.91,S,5,0,0
13051,3,male,17.6,5,1,13.78,S,7,0,0
13053,3,male,30.4,5,3,16.73,S,9,0,0
13054,3,female,27.6,1,4,15.36,S,6,0,0
13056,3,male,27.2,5,1,3.9,S,7,0,0
13057,3,female,30.4,2,3,7.25,Q,6,0,0
13059,3,male,38.0,0,3,30.0,S,4,0,0
13062,3,male,19.1,0,2,18.3,S,3,0,0
13064,3,female,45.4,2,1,63.13,C,4,0,0
13067,3,male,48.3,1,3,35.97,S,5,0,0
13072,3,female,54.9,0,0,12.79,C,1,1,0
13073,3,male,56.5,5,3,50.64,S,9,0,0
13081,3,female,30.2,5,1,7.25,S,7,0,0
13085,3,female,36.3,5,0,97.9,S,6,0,0
13089,3,male,44.2,1,0,31.86,S,2,0,0
13092,3,male,15.5,0,4,28.99,S,5,0,0
13098,3,female,25.2,4,2,11.26,S,7,0,0
13101,3,male,15.1,1,0,5.01,S,2,0,0
13110,3,female,28.7,2,1,25.79,S,4,0,0
13112,3,male,24.1,0,3,33.88,Q,4,0,0
13113,3,male,26.0,2,4,38.23,S,7,0,0
13114,3,female,45.1,5,3,18.53,S,9,0,0
13117,3,male,66.3,4,4,39.15,Q,9,0,0
13119,3,female,26.5,2,0,34.11,S,3,0,0
13121,3,male,49.9,0,4,24.05,S,5,0,0
13122,3,male,27.4,4,1,39.48,C,6,0,0
13124,3,male,33.9,0,4,32.39,S,5,0,0
13127,3,male,20.5,4,0,77.97,Q,5,0,0
13129,3,male,7.4,4,0,19.54,Q,5,0,0
13132,3,female,31.8,3,3,6.93,C,7,0,0
13133,3,male,35.0,0,2,31.43,C,3,0,0
13144,3,male,20.5,0,0,38.34,C,1,1,0
13147,3,male,9.9,4,1,22.79,S,6,0,0
13153,3,female,22.7,3,3,1.75,S,7,0,0
13154,3,female,13.8,1,3,22.29,S,5,0,0
13157,3,female,17.0,3,1,8.48,C,5,0,0
13160,3,female,18.5,2,1,78.89,S,4,0,0
13161,3,male,8.4,1,2,22.98,Q,4,0,0
13164,3,female,54.6,5,3,11.02,S,9,0,0
13166,3,male,27.1,0,3,0.31,C,4,0,0
13167,3,male,0.0,4,3,57.7,C,8,0,0
13168,3,male,12.7,5,2,108.05,Q,8,0,0
13172,3,female,37.8,1,4,21.64,S,6,0,0
13181,3,female,3.7,5,4,19.04,S,10,0,0
13182,3,male,36.0,2,3,6.17,S,6,0,0
13186,3,male,24.0,3,1,18.79,S,5,0,0
13191,3,male,38.2,5,2,8.68,S,8,0,0
13192,3,female,37.6,2,2,52.21,S,5,0,0
13194,3,female,43.6,0,0,60.98,S,1,1,0
13197,3,male,34.9,5,3,3.65,C,9,0,0
13198,3,female,31.3,2,2,67.24,S,5,0,0
13199,3,female,16.8,1,3,59.76,Q,5,0,0
13201,3,male,0.1,2,0,37.62,S,3,0,0
13215,3,female,23.3,4,4,14.21,Q,9,0,0
13220,3,male,35.0,1,3,37.52,S,5,0,0
13225,3,female,19.3,2,4,43.37,C,7,0,0
13226,3,male,23.6,1,3,2.18,S,5,0,0
13231,3,female,6.0,1,3,21.0,S,5,0,0
13236,3,female,32.1,4,3,4.15,Q,8,0,0
13240,3,male,18.5,3,4,31.85,S,8,0,0
13247,3,male,29.2,3,2,14.17,S,6,0,0
13248,3,male,20.1,1,0,0.08,S,2,0,0
13251,3,female,48.6,1,4,14.01,S,6,0,0
13252,3,male,47.4,2,1,11.28,S,4,0,0
13256,3,male,7.3,0,0,8.08,S,1,1,0
13258,3,male,22.2,1,0,47.52,S,2,0,0
13264,3,male,31.0,0,0,54.41,Q,1,1,0
13266,3,male,39.5,3,3,44.97,C,7,0,0
13272,3,male,17.5,5,0,42.31,S,6,0,0
13276,3,male,28.0,3,2,39.38,S,6,0,0
13283,3,male,18.1,3,4,8.09,S,8,0,0
13288,3,female,37.1,2,0,32.86,C,3,0,0
13290,3,female,64.4,3,1,0.47,S,5,0,0
13292,3,male,30.5,5,3,96.07,S,9,0,0
13293,3,male,33.7,0,1,28.57,S,2,0,0
13294,3,female,46.8,0,3,17.94,C,4,0,0
13300,3,male,32.6,1,0,45.28,Q,2,0,0
13301,3,male,33.3,2,2,12.12,S,5,0,0
13304,3,female,5.9,2,1,87.15,C,4,0,0
13309,3,male,24.6,4,3,1.66,S,8,0,0
13311,3,male,52.7,1,3,15.7,S,5,0,0
13312,3,male,14.6,2,2,19.28,S,5,0,0
13314,3,male,22.4,0,2,21.78,S,3,0,0
13316,3,female,25.7,3,3,17.26,S,7,0,0
13317,3,male,24.0,5,2,14.74,Q,8,0,0
13319,3,male,18.0,0,3,43.46,S,4,0,0
13321,3,male,43.1,5,3,39.57,S,9,0,0
13325,3,male,51.0,3,2,28.64,S,6,0,0
13326,3,male,27.8,2,3,45.47,S,6,0,0
13330,3,female,41.8,3,2,4.11,C,6,0,0
13331,3,female,43.5,1,0,80.84,S,2,0,0
13332,3,male,41.9,2,0,6.87,S,3,0,0
13337,3,female,14.5,1,1,5.94,S,3,0,0
13341,3,male,28.6,0,0,15.95,S,1,1,0
13344,3,male,7.5,4,4,52.1,S,9,0,0
13347,3,male,43.8,1,2,34.62,C,4,0,0
13351,3,male,40.4,1,2,46.47,S,4,0,0
13354,3,female,55.7,3,0,31.32,S,4,0,0
13359,3,male,18.9,5,0,31.9,S,6,0,0
13360,3,female,23.5,0,4,63.41,S,5,0,0
13361,3,male,18.8,3,1,24.05,C,5,0,0
13362,3,male,17.7,2,0,3.69,S,3,0,0
13366,3,female,47.2,3,3,36.37,S,7,0,0
13369,3,male,57.4,4,0,42.24,S,5,0,0
13380,3,male,3.1,5,4,58.07,S,10,0,0
13383,3,male,14.4,5,2,17.72,S,8,0,0
13384,3,male,35.6,4,3,2.97,S,8,0,0
13386,3,male,8.2,3,0,88.99,S,4,0,0
13392,3,female,28.6,1,1,36.96,S,3,0,0
13396,3,male,24.6,0,0,1.6,S,1,1,0
13397,3,male,36.3,4,2,5.22,S,7,0,0
13410,3,male,14.4,3,2,2.86,S,6,0,0
13412,3,female,46.0,1,3,17.46,S,5,0,0
13413,3,female,36.5,1,0,81.13,C,2,0,0
13415,3,male,23.7,2,1,2.35,S,4,0,0
13429,3,male,23.9,5,4,5.21,S,10,0,0
13433,3,male,31.1,0,2,50.6,C,3,0,0
13434,3,female,24.9,4,4,242.64,S,9,0,0
13439,3,female,25.4,2,2,11.73,S,5,0,0
13440,3,male,20.5,1,2,11.72,S,4,0,0
13444,3,male,22.8,1,2,40.27,S,4,0,0
13446,3,male,20.1,4,3,99.56,C,8,0,0
13447,3,female,9.3,1,2,23.53,C,4,0,0
13449,3,male,25.4,5,1,11.34,C,7,0,0
13454,3,female,40.3,4,3,51.77,S,8,0,0
13468,3,male,40.5,4,2,16.11,Q,7,0,0
13470,3,male,43.4,0,2,9.82,S,3,0,0
13471,3,male,17.0,0,4,26.98,C,5,0,0
13472,3,male,24.6,1,3,40.89,S,5,0,0
13473,3,male,35.6,3,4,77.17,S,8,0,0
13474,3,male,31.8,2,4,8.44,S,7,0,0
13476,3,female,38.0,0,3,0.8,C,4,0,0
13478,3,male,0.0,1,1,28.9,S,3,0,0
13481,3,female,58.0,0,0,14.94,S,1,1,0
13488,3,female,19.8,3,3,35.54,S,7,0,0
13489,3,female,27.6,1,1,1.53,S,3,0,0
13492,3,female,16.3,1,4,60.79,S,6,0,0
13495,3,male,33.8,5,0,20.57,S,6,0,0
13497,3,male,44.4,2,0,14.41,S,3,0,0
13500,3,female,9.5,2,3,34.71,S,6,0,0
13503,3,male,40.6,5,4,7.67,S,10,0,0
13509,3,male,28.3,2,3,12.34,S,6,0,0
13510,3,male,43.1,5,0,0.7,C,6,0,0
13519,3,male,0.0,5,0,2.02,S,6,0,0
13520,3,male,31.8,0,3,29.07,C,4,0,0
13521,3,female,42.2,5,3,63.97,S,9,0,0
13522,3,male,36.5,2,1,23.85,S,4,0,0
13528,3,female,20.1,1,4,3.7,C,6,0,0
13532,3,male,46.3,3,2,55.56,S,6,0,0
13533,3,male,13.7,3,4,10.63,S,8,0,0
13535,3,female,36.7,3,1,3.15,S,5,0,0
13536,3,female,32.6,1,4,194.49,S,6,0,0
13539,3,female,22.5,0,1,73.59,C,2,0,0
13542,3,female,27.3,3,1,11.3,S,5,0,0
13546,3,male,26.2,0,3,94.46,C,4,0,0
13547,3,female,34.7,1,2,54.09,C,4,0,0
13549,3,male,10.2,2,2,47.6,S,5,0,0
13550,3,male,3.3,3,1,14.12,S,5,0,0
13551,3,male,37.9,1,1,6.76,S,3,0,0
13556,3,female,50.5,0,1,53.48,S,2,0,0
13558,3,female,26.2,0,0,4.97,Q,1,1,0
13561,3,male,6.7,2,4,25.99,S,7,0,0
13563,3,female,7.2,0,0,13.12,S,1,1,0
13564,3,male,44.9,2,2,1.9,S,5,0,0
13565,3,female,16.1,3,3,73.11,C,7,0,0
13566,3,female,8.9,2,0,8.79,S,3,0,0
13571,3,male,17.5,1,3,57.24,S,5,0,0
13573,3,male,16.3,5,2,21.28,S,8,0,0
13577,3,female,10.3,1,4,21.66,C,6,0,0
13582,3,male,12.9,2,2,37.99,S,5,0,0
13584,3,male,25.5,0,3,26.62,S,4,0,0
13585,3,male,31.6,0,2,5.94,S,3,0,0
13587,3,male,30.8,3,3,8.55,S,7,0,0
13588,3,male,4.5,1,4,1.57,S,6,0,0
13590,3,male,47.7,3,2,25.0,S,6,0,0
13591,3,female,43.4,5,0,5.16,S,6,0,0
13594,3,female,0.0,1,3,7.4,S,5,0,0
13597,3,female,34.4,5,4,72.04,S,10,0,0
13598,3,male,52.7,4,2,29.06,S,7,0,0
13600,3,female,32.2,4,1,20.6,C,6,0,0
13604,3,male,17.6,5,3,15.63,Q,9,0,0
13605,3,female,31.9,5,3,35.06,C,9,0,0
13608,3,male,15.4,0,2,25.46,Q,3,0,0
13610,3,male,33.7,3,2,53.98,Q,6,0,0
13613,3,male,37.6,5,2,55.01,C,8,0,0
13617,3,male,12.6,1,0,69.49,S,2,0,0
13619,3,male,29.0,0,1,12.34,S,2,0,0
13620,3,male,14.9,4,2,30.18,S,7,0,0
13621,3,male,20.9,3,0,6.33,C,4,0,0
13624,3,female,36.2,1,2,8.41,S,4,0,0
13626,3,female,18.2,0,4,16.45,S,5,0,0
13627,3,male,47.6,1,2,38.38,S,4,0,0
13630,3,female,4.2,3,1,24.61,S,5,0,0
13638,3,female,30.4,5,3,18.6,S,9,0,0
13640,3,male,56.9,0,0,2.15,S,1,1,0
13641,3,male,13.5,3,1,78.8,S,5,0,0
13648,3,male,35.1,2,1,11.93,S,4,0,0
13650,3,male,34.0,3,4,16.76,S,8,0,0
13651,3,female,10.5,1,2,15.67,S,4,0,0
13652,3,male,21.7,4,0,57.01,S,5,0,0
13653,3,female,25.4,0,0,50.22,S,1,1,0
13654,3,male,28.1,4,0,20.61,S,5,0,0
13657,3,male,32.1,2,0,16.8,S,3,0,0
13659,3,male,32.0,5,0,43.91,S,6,0,0
13662,3,female,30.8,2,3,1.22,S,6,0,0
13664,3,male,46.5,4,4,29.68,S,9,0,0
13667,3,male,34.8,0,2,8.97,S,3,0,0
13672,3,male,29.6,0,4,16.15,Q,5,0,0
13675,3,female,36.9,3,0,2.41,C,4,0,0
13676,3,female,33.0,3,0,3.75,C,4,0,0
13678,3,male,51.4,1,2,15.69,S,4,0,0
13683,3,female,34.0,0,0,123.6,S,1,1,0
13686,3,male,0.0,0,3,47.14,S,4,0,0
13697,3,male,29.9,5,1,25.11,S,7,0,0
13698,3,female,64.4,1,0,12.24,S,2,0,0
13699,3,female,26.8,0,3,31.16,S,4,0,0
13705,3,male,25.0,4,4,31.63,Q,9,0,0
13707,3,male,27.3,1,1,14.55,C,3,0,0
13710,3,female,45.7,4,0,18.6,S,5,0,0
13714,3,female,0.0,0,3,89.41,S,4,0,0
13716,3,male,27.1,1,4,20.31,S,6,0,0
13723,3,female,27.5,3,0,47.05,S,4,0,0
13729,3,male,31.8,2,0,17.83,S,3,0,0
13730,3,female,34.0,5,1,16.4,Q,7,0,0
13741,3,male,40.5,0,1,17.19,S,2,0,0
13750,3,female,31.9,3,4,12.62,C,8,0,0
13752,3,male,16.4,3,3,6.28,S,7,0,0
13755,3,male,18.1,0,4,63.04,S,5,0,0
13758,3,female,49.1,5,0,63.3,S,6,0,0
13759,3,female,18.3,1,2,1.99,S,4,0,0
13760,3,male,32.6,4,3,65.3,S,8,0,0
13762,3,male,9.6,3,0,62.8,Q,4,0,0
13770,3,female,26.6,3,3,64.51,S,7,0,0
13776,3,male,40.2,3,4,15.97,S,8,0,0
13781,3,female,34.5,2,0,4.6,S,3,0,0
13782,3,female,30.0,1,3,6.52,S,5,0,0
13783,3,male,25.7,5,4,29.03,S,10,0,0
13787,3,female,51.1,3,4,62.58,C,8,0,0
13791,3,female,32.5,2,2,6.42,S,5,0,0
13797,3,male,68.6,5,2,7.43,C,8,0,0
13803,3,male,37.9,5,1,27.74,S,7,0,0
13806,3,male,0.0,1,2,2.53,S,4,0,0
13807,3,male,3.9,1,2,15.53,S,4,0,0
13808,3,male,29.2,1,3,39.6,S,5,0,0
13809,3,male,33.7,2,1,14.6,Q,4,0,0
13813,3,female,27.5,5,2,24.4,Q,8,0,0
13814,3,female,22.3,1,3,101.74,C,5,0,0
13815,3,female,6.4,3,1,5.2,C,5,0,0
13817,3,male,42.1,2,1,0.99,S,4,0,0
13819,3,male,38.3,4,1,7.03,S,6,0,0
13821,3,male,17.9,5,4,10.06,S,10,0,0
13823,3,male,42.8,0,1,23.21,S,2,0,0
13825,3,female,20.0,4,2,11.37,S,7,0,0
13826,3,male,6.3,0,3,5.46,C,4,0,0
13827,3,female,46.6,4,3,32.27,C,8,0,0
13830,3,female,41.8,4,0,24.63,S,5,0,0
13834,3,male,37.4,1,1,20.5,S,3,0,0
13838,3,male,32.5,2,3,6.27,S,6,0,0
13841,3,female,20.3,0,3,46.12,C,4,0,0
13843,3,male,34.6,0,1,9.79,Q,2,0,0
13844,3,male,38.1,1,3,65.31,S,5,0,0
13845,3,male,19.9,5,4,43.53,S,10,0,0
13849,3,male,21.4,5,2,26.46,S,8,0,0
13850,3,male,22.7,0,3,12.83,S,4,0,0
13856,3,male,37.7,0,3,15.66,S,4,0,0
13867,3,male,25.2,3,3,13.0,S,7,0,0
13868,3,male,15.7,5,0,2.4,Q,6,0,0
13869,3,male,22.6,5,4,33.17,S,10,0,0
13871,3,male,14.0,0,0,146.38,S,1,1,0
13874,3,male,18.9,0,3,16.53,S,4,0,0
13875,3,male,15.2,2,4,51.09,S,7,0,0
13876,3,male,16.2,5,0,48.02,S,6,0,0
13877,3,male,18.9,4,0,8.96,Q,5,0,0
13881,3,male,28.4,4,2,5.9,S,7,0,0
13883,3,female,42.0,1,0,52.81,S,2,0,0
13884,3,male,5.6,5,1,5.77,S,7,0,0
13888,3,male,27.4,2,2,19.02,S,5,0,0
13892,3,male,0.0,1,2,3.02,C,4,0,0
13894,3,female,27.0,5,1,46.89,S,7,0,0
13897,3,male,40.6,4,1,63.23,C,6,0,0
13899,3,female,24.8,5,2,14.76,S,8,0,0
13904,3,male,38.2,0,0,12.31,S,1,1,0
13905,3,male,25.7,0,1,14.03,S,2,0,0
13907,3,male,0.0,4,0,12.22,S,5,0,0
13909,3,male,26.1,2,2,22.78,S,5,0,0
13919,3,female,37.4,5,4,35.91,S,10,0,0
13921,3,male,26.5,4,4,15.81,S,9,0,0
13922,3,male,37.4,0,4,27.82,S,5,0,0
13923,3,female,55.9,4,1,23.96,S,6,0,0
13924,3,female,31.4,1,4,13.84,C,6,0,0
13925,3,male,23.4,0,1,21.75,S,2,0,0
13926,3,female,50.6,2,0,14.54,C,3,0,0
13932,3,male,45.1,0,0,0.34,C,1,1,0
13934,3,male,16.4,2,1,9.01,C,4,0,0
13935,3,male,11.6,3,2,18.62,S,6,0,0
13938,3,male,13.9,3,0,25.22,Q,4,0,0
13942,3,male,21.0,2,1,47.82,S,4,0,0
13943,3,female,26.7,4,4,9.89,C,9,0,0
13944,3,male,41.1,3,2,30.55,S,6,0,0
13946,3,female,35.6,1,3,1.26,S,5,0,0
13956,3,female,40.5,3,3,117.62,S,7,0,0
13960,3,male,33.0,4,1,99.76,C,6,0,0
13961,3,female,26.1,2,4,16.7,S,7,0,0
13963,3,male,21.5,4,4,14.72,S,9,0,0
13969,3,male,61.5,2,3,1.53,S,6,0,0
13971,3,male,50.0,0,2,5.08,S,3,0,0
13977,3,male,33.2,0,0,48.99,S,1,1,0
13978,3,male,20.3,5,4,30.75,S,10,0,0
13979,3,male,41.9,2,2,34.89,C,5,0,0
13980,3,female,17.1,5,2,3.85,Q,8,0,0
13985,3,male,22.6,4,1,5.57,C,6,0,0
13986,3,male,24.6,0,3,66.34,S,4,0,0
13990,3,male,37.3,2,3,108.08,S,6,0,0
13991,3,male,33.7,1,2,0.45,C,4,0,0
13995,3,male,17.4,3,3,4.23,S,7,0,0
13997,3,male,10.0,1,3,22.69,S,5,0,0
14006,3,male,54.2,3,4,12.44,S,8,0,0
14007,3,female,34.7,4,1,48.55,S,6,0,0
14014,3,male,30.5,2,3,19.4,S,6,0,0
14017,3,female,11.7,0,3,28.55,C,4,0,0
14023,3,female,40.5,4,3,6.79,S,8,0,0
14024,3,male,32.5,5,1,44.29,S,7,0,0
14027,3,male,30.0,3,3,75.79,C,7,0,0
14030,3,female,35.6,3,0,83.01,C,4,0,0
14033,3,male,37.0,2,1,6.44,S,4,0,0
14034,3,male,18.4,0,4,17.0,S,5,0,0
14036,3,male,47.5,0,0,5.24,Q,1,1,0
14039,3,male,26.1,5,1,20.15,S,7,0,0
14040,3,male,20.4,5,4,41.78,S,10,0,0
14041,3,male,24.6,2,2,2.14,Q,5,0,0
14043,3,male,16.1,5,2,50.22,C,8,0,0
14053,3,female,8.9,0,4,29.91,S,5,0,0
14054,3,female,8.8,0,3,8.3,Q,4,0,0
14056,3,female,42.5,0,1,53.8,S,2,0,0
14067,3,male,0.0,5,2,89.88,S,8,0,0
14069,3,female,24.3,0,2,33.88,Q,3,0,0
14070,3,female,34.0,2,3,2.89,Q,6,0,0
14071,3,male,26.2,2,3,33.83,Q,6,0,0
14072,3,male,21.1,3,2,7.75,S,6,0,0
14074,3,female,47.3,3,0,3.41,S,4,0,0
14078,3,female,47.6,5,0,45.23,S,6,0,0
14079,3,male,23.1,5,1,44.95,S,7,0,0
14089,3,male,26.4,2,0,1.64,S,3,0,0
14091,3,male,0.0,3,0,69.68,S,4,0,0
14096,3,male,34.1,2,0,2.66,S,3,0,0
14102,3,female,4.9,5,0,3.22,S,6,0,0
14103,3,male,26.9,0,1,86.93,S,2,0,0
14105,3,female,56.3,4,3,14.12,Q,8,0,0
14106,3,female,21.7,5,3,31.71,S,9,0,0
14107,3,male,24.7,0,4,40.67,S,5,0,0
14111,3,male,14.8,3,2,68.14,C,6,0,0
14116,3,male,20.6,3,4,21.38,S,8,0,0
14119,3,male,28.2,4,0,2.95,S,5,0,0
14123,3,male,26.6,5,3,34.2,C,9,0,0
14130,3,female,53.2,3,3,8.27,S,7,0,0
14131,3,female,8.7,5,1,21.13,S,7,0,0
14132,3,male,29.3,4,1,54.04,S,6,0,0
14133,3,male,37.9,3,2,9.94,S,6,0,0
14135,3,female,42.3,0,2,4.87,S,3,0,0
14136,3,male,21.4,5,2,11.03,C,8,0,0
14139,3,male,31.3,2,3,35.86,C,6,0,0
14140,3,female,30.0,3,1,9.2,C,5,0,0
14142,3,male,22.4,4,0,69.89,S,5,0,0
14143,3,male,19.7,0,4,92.04,S,5,0,0
14144,3,male,33.4,5,3,1.76,S,9,0,0
14147,3,female,33.8,5,1,42.91,C,7,0,0
14148,3,female,22.5,2,3,11.5,S,6,0,0
14149,3,male,50.8,1,1,31.01,S,3,0,0
14153,3,male,40.4,0,0,12.06,S,1,1,0
14157,3,female,19.5,1,0,2.28,S,2,0,0
14159,3,male,32.6,5,4,85.37,Q,10,0,0
14160,3,female,19.8,2,1,56.21,C,4,0,0
14161,3,male,3.2,2,2,97.27,Q,5,0,0
14163,3,male,36.5,3,2,26.46,C,6,0,0
14169,3,male,54.8,1,3,72.59,C,5,0,0
14171,3,male,28.4,0,1,36.42,S,2,0,0
14178,3,male,13.2,0,1,1.52,S,2,0,0
14181,3,male,34.9,4,4,70.77,C,9,0,0
14186,3,female,29.3,5,2,6.75,C,8,0,0
14188,3,male,31.8,0,3,19.19,S,4,0,0
14190,3,male,56.5,1,4,36.29,S,6,0,0
14192,3,male,23.6,4,3,10.11,Q,8,0,0
14196,3,male,50.4,1,2,14.52,S,4,0,0
14199,3,male,22.6,3,0,21.23,S,4,0,0
14200,3,male,39.8,1,4,30.73,S,6,0,0
14212,3,male,32.1,3,0,209.96,S,4,0,0
14217,3,male,45.1,0,3,18.44,S,4,0,0
14226,3,male,34.6,1,2,32.7,C,4,0,0
14227,3,female,27.8,4,3,58.7,S,8,0,0
14229,3,female,22.4,4,1,26.92,S,6,0,0
14232,3,female,44.9,4,4,16.52,S,9,0,0
14238,3,male,40.7,5,0,17.6,S,6,0,0
14243,3,female,16.9,3,3,22.73,S,7,0,0
14245,3,male,19.9,2,0,35.18,S,3,0,0
14246,3,male,20.3,1,2,25.89,Q,4,0,0
14259,3,female,23.4,0,1,8.19,S,2,0,0
14260,3,female,23.7,3,1,2.94,C,5,0,0
14269,3,male,36.3,5,0,22.8,S,6,0,0
14270,3,male,28.7,4,3,23.67,Q,8,0,0
14273,3,female,17.3,2,1,8.43,S,4,0,0
14275,3,male,18.9,5,3,6.32,Q,9,0,0
14277,3,male,18.6,5,2,134.66,Q,8,0,0
14279,3,male,14.6,3,4,33.47,S,8,0,0
14286,3,female,27.8,5,3,38.57,C,9,0,0
14289,3,male,51.3,5,4,8.68,S,10,0,0
14291,3,male,40.2,5,2,43.39,S,8,0,0
14292,3,female,51.0,5,2,24.03,C,8,0,0
14293,3,female,35.9,4,2,65.65,S,7,0,0
14298,3,female,27.6,0,2,64.67,C,3,0,0
14303,3,male,3.1,3,1,217.88,S,5,0,0
14307,3,male,28.6,4,3,25.68,S,8,0,0
14308,3,male,32.8,5,0,3.37,S,6,0,0
14310,3,male,25.7,0,3,11.08,S,4,0,0
14311,3,male,15.7,3,1,13.51,S,5,0,0
14317,3,female,25.6,1,3,31.46,C,5,0,0
14319,3,female,30.9,0,3,17.08,S,4,0,0
14320,3,female,18.7,1,2,28.73,S,4,0,0
14321,3,female,39.3,0,2,12.49,Q,3,0,0
14323,3,male,0.0,3,3,29.83,S,7,0,0
14327,3,male,17.4,0,4,3.33,S,5,0,0
14328,3,male,15.0,1,3,79.1,S,5,0,0
14329,3,male,31.9,0,2,37.25,S,3,0,0
14330,3,male,36.6,0,4,94.88,S,5,0,0
14334,3,female,0.9,4,1,64.42,C,6,0,0
14338,3,female,0.0,2,2,11.6,S,5,0,0
14339,3,female,54.6,4,1,30.88,S,6,0,0
14341,3,male,19.4,0,2,14.44,S,3,0,0
14347,3,male,11.1,3,4,52.81,S,8,0,0
14348,3,male,28.5,4,1,20.55,S,6,0,0
14349,3,male,43.9,2,0,15.3,C,3,0,0
14350,3,female,21.4,2,0,54.02,Q,3,0,0
14351,3,male,37.4,4,1,21.47,C,6,0,0
14353,3,female,40.2,1,4,12.27,S,6,0,0
14354,3,male,15.3,4,0,104.57,S,5,0,0
14355,3,male,29.2,4,4,82.32,C,9,0,0
14379,3,male,30.1,3,3,10.07,S,7,0,0
14381,3,male,23.1,1,1,9.62,S,3,0,0
14382,3,female,27.2,2,3,17.01,S,6,0,0
14383,3,male,9.7,5,2,32.16,S,8,0,0
14388,3,female,66.1,5,2,27.35,C,8,0,0
14389,3,male,2.7,2,0,13.76,S,3,0,0
14395,3,female,25.4,4,3,26.21,S,8,0,0
14399,3,female,49.8,3,1,2.1,S,5,0,0
14401,3,male,44.7,1,4,65.31,C,6,0,0
14402,3,male,27.2,2,4,25.19,S,7,0,0
14404,3,female,30.4,3,2,75.6,S,6,0,0
14405,3,female,19.7,4,2,24.32,S,7,0,0
14407,3,female,4.2,5,4,44.39,S,10,0,0
14409,3,female,31.6,1,0,33.44,S,2,0,0
14413,3,female,24.3,1,1,4.61,S,3,0,0
14414,3,female,44.9,3,4,88.33,S,8,0,0
14421,3,male,9.7,2,2,31.45,S,5,0,0
14423,3,male,2.7,5,4,22.41,S,10,0,0
14424,3,male,27.5,0,0,21.75,S,1,1,0
14435,3,female,22.5,0,0,0.12,S,1,1,0
14444,3,male,20.0,5,3,50.94,S,9,0,0
14447,3,female,41.2,5,2,13.12,S,8,0,0
14451,3,female,25.7,5,3,29.8,S,9,0,0
14454,3,female,27.7,3,0,25.88,S,4,0,0
14455,3,female,43.1,2,0,16.04,C,3,0,0
14457,3,male,18.2,1,4,15.92,S,6,0,0
14462,3,male,44.9,0,0,36.27,S,1,1,0
14468,3,male,36.9,1,0,52.53,S,2,0,0
14474,3,male,23.9,1,4,4.48,S,6,0,0
14475,3,female,36.7,1,1,19.17,S,3,0,0
14479,3,female,9.9,2,4,35.35,S,7,0,0
14482,3,male,24.7,1,3,24.46,C,5,0,0
14483,3,female,50.9,1,2,27.23,C,4,0,0
14486,3,female,27.1,0,1,45.68,S,2,0,0
14488,3,female,15.5,5,2,46.65,S,8,0,0
14492,3,male,44.2,0,4,42.2,S,5,0,0
14498,3,male,53.1,4,3,6.33,S,8,0,0
14502,3,female,28.3,2,1,30.22,C,4,0,0
14503,3,female,28.0,2,3,1.76,Q,6,0,0
14504,3,female,22.2,5,0,6.87,S,6,0,0
14507,3,male,0.0,5,1,37.55,Q,7,0,0
14512,3,male,36.2,3,2,28.4,S,6,0,0
14513,3,male,29.4,2,1,0.2,S,4,0,0
14514,3,male,35.9,0,0,28.96,C,1,1,0
14515,3,male,6.2,5,4,21.54,S,10,0,0
14516,3,male,11.7,5,3,31.43,C,9,0,0
14519,3,male,24.2,0,4,52.66,C,5,0,0
14523,3,female,0.0,4,2,1.03,Q,7,0,0
14525,3,male,19.9,1,0,117.68,S,2,0,0
14526,3,female,20.6,3,2,44.64,Q,6,0,0
14527,3,male,28.1,2,1,25.37,S,4,0,0
14529,3,female,19.4,5,3,4.16,C,9,0,0
14530,3,female,35.8,2,4,9.8,S,7,0,0
14533,3,male,35.9,5,4,14.58,S,10,0,0
14535,3,male,13.9,2,3,9.76,S,6,0,0
14536,3,female,32.8,4,0,9.51,S,5,0,0
14539,3,male,30.3,5,3,10.88,S,9,0,0
14542,3,female,22.2,0,3,11.36,C,4,0,0
14547,3,male,50.1,3,0,13.8,S,4,0,0
14551,3,female,57.6,5,3,59.34,S,9,0,0
14554,3,male,43.6,2,0,52.71,S,3,0,0
14555,3,female,19.3,3,3,45.11,C,7,0,0
14556,3,female,53.0,0,3,58.3,S,4,0,0
14557,3,male,16.3,3,1,16.82,S,5,0,0
14562,3,female,35.3,4,0,2.55,S,5,0,0
14564,3,male,27.4,5,1,102.27,C,7,0,0
14572,3,male,32.8,0,3,22.8,C,4,0,0
14574,3,male,20.9,2,3,1.36,S,6,0,0
14575,3,male,35.6,0,4,18.61,S,5,0,0
14577,3,male,21.5,3,3,13.95,S,7,0,0
14579,3,male,16.5,0,0,15.46,C,1,1,0
14580,3,female,12.3,1,1,48.91,S,3,0,0
14582,3,male,22.2,1,2,12.93,C,4,0,0
14585,3,male,11.2,5,3,3.15,C,9,0,0
14589,3,male,16.4,2,0,114.28,S,3,0,0
14593,3,male,37.4,3,0,150.59,C,4,0,0
14594,3,female,13.8,5,3,4.84,S,9,0,0
14598,3,female,34.6,1,2,21.93,S,4,0,0
14608,3,female,9.0,2,1,3.13,C,4,0,0
14610,3,female,32.7,3,4,60.77,Q,8,0,0
14617,3,male,31.0,3,1,14.07,C,5,0,0
14619,3,female,31.5,2,2,35.32,Q,5,0,0
14621,3,male,28.7,4,4,3.56,C,9,0,0
14624,3,female,31.8,1,3,140.27,S,5,0,0
14627,3,male,50.1,0,2,14.73,S,3,0,0
14629,3,male,29.8,4,3,49.49,S,8,0,0
14632,3,female,32.7,4,2,27.37,S,7,0,0
14634,3,male,30.4,4,1,0.42,S,6,0,0
14635,3,female,28.1,0,0,65.34,S,1,1,0
14643,3,female,36.4,3,3,10.24,S,7,0,0
14649,3,male,34.1,5,0,40.67,C,6,0,0
14651,3,female,28.1,0,3,130.37,S,4,0,0
14654,3,male,20.9,1,2,13.83,S,4,0,0
14662,3,female,34.6,1,4,5.11,C,6,0,0
14663,3,male,1.6,2,3,43.79,S,6,0,0
14666,3,male,45.1,0,4,0.92,Q,5,0,0
14667,3,male,25.6,5,3,7.64,Q,9,0,0
14670,3,male,3.5,1,0,82.28,C,2,0,0
14678,3,female,24.3,1,1,11.75,S,3,0,0
14683,3,male,60.7,5,1,12.09,S,7,0,0
14686,3,male,18.4,0,2,22.69,S,3,0,0
14689,3,male,26.3,2,0,54.24,S,3,0,0
14691,3,female,10.0,5,0,5.0,S,6,0,0
14695,3,female,23.3,4,2,23.11,S,7,0,0
14696,3,female,7.7,1,3,0.23,C,5,0,0
14698,3,female,42.5,1,0,34.78,C,2,0,0
14701,3,female,12.1,0,3,9.97,S,4,0,0
14703,3,female,44.9,1,3,20.64,S,5,0,0
14705,3,female,25.4,1,4,1.25,S,6,0,0
14706,3,male,40.9,3,0,24.11,C,4,0,0
14707,3,male,12.2,1,4,17.69,S,6,0,0
14708,3,female,11.6,0,2,67.75,S,3,0,0
14710,3,male,34.1,4,4,30.07,S,9,0,0
14712,3,male,21.7,1,4,26.73,S,6,0,0
14713,3,male,18.1,3,1,0.97,C,5,0,0
14714,3,male,62.8,0,0,3.43,S,1,1,0
14715,3,female,25.4,0,4,109.01,S,5,0,0
14718,3,female,22.0,4,1,26.84,S,6,0,0
14719,3,male,48.8,5,0,100.99,S,6,0,0
14722,3,female,44.9,1,0,4.68,S,2,0,0
14726,3,male,23.3,3,3,105.33,S,7,0,0
14734,3,male,25.2,3,3,6.74,C,7,0,0
14735,3,female,23.9,1,4,45.28,S,6,0,0
14739,3,female,40.3,1,4,0.37,S,6,0,0
14741,3,male,39.4,4,4,49.14,S,9,0,0
14743,3,female,34.1,5,0,50.05,S,6,0,0
14744,3,male,35.8,1,4,28.34,S,6,0,0
14745,3,male,13.5,0,2,27.25,S,3,0,0
14748,3,male,11.6,1,3,95.54,Q,5,0,0
14750,3,male,29.3,4,2,104.83,C,7,0,0
14752,3,male,0.0,2,3,29.81,Q,6,0,0
14753,3,male,34.4,5,1,12.56,S,7,0,0
14754,3,male,21.8,5,4,17.47,S,10,0,0
14756,3,male,29.0,0,4,5.11,S,5,0,0
14760,3,male,41.7,2,1,0.16,S,4,0,0
14762,3,female,24.2,2,1,3.68,S,4,0,0
14763,3,male,49.6,0,1,46.13,Q,2,0,0
14765,3,male,34.1,5,3,56.33,S,9,0,0
14766,3,male,11.7,2,0,23.2,S,3,0,0
14768,3,male,14.4,0,3,29.89,S,4,0,0
14773,3,male,21.4,2,2,34.99,S,5,0,0
14777,3,male,38.4,0,4,45.0,C,5,0,0
14778,3,male,25.3,4,0,148.22,C,5,0,0
14783,3,female,39.4,2,0,39.76,S,3,0,0
14787,3,male,36.1,4,2,76.85,S,7,0,0
14788,3,male,30.8,2,2,3.43,S,5,0,0
14790,3,female,10.9,4,1,31.34,S,6,0,0
14794,3,male,4.6,4,4,16.78,S,9,0,0
14796,3,male,44.3,1,1,16.12,C,3,0,0
14798,3,male,14.8,4,3,114.84,Q,8,0,0
14805,3,female,29.0,4,4,8.74,S,9,0,0
14806,3,male,22.5,2,3,68.63,S,6,0,0
14812,3,male,39.0,1,1,32.15,S,3,0,0
14813,3,male,17.5,0,4,11.9,S,5,0,0
14815,3,female,28.7,1,1,13.95,C,3,0,0
14820,3,male,48.0,4,4,50.76,S,9,0,0
14821,3,male,45.3,5,2,27.49,C,8,0,0
14826,3,female,21.1,0,0,80.69,S,1,1,0
14831,3,male,33.4,2,3,19.38,S,6,0,0
14838,3,male,25.2,3,4,54.73,S,8,0,0
14839,3,female,1.5,2,4,83.41,S,7,0,0
14840,3,female,51.8,4,2,2.5,S,7,0,0
14841,3,male,30.5,3,3,76.6,S,7,0,0
14842,3,male,49.2,0,0,92.05,Q,1,1,0
14846,3,male,46.6,1,0,8.06,S,2,0,0
14858,3,male,29.1,3,1,13.68,S,5,0,0
14865,3,female,27.5,3,2,45.03,S,6,0,0
14867,3,male,43.7,1,2,69.66,S,4,0,0
14870,3,female,0.0,1,2,36.9,C,4,0,0
14875,3,male,33.8,5,1,19.85,S,7,0,0
14876,3,female,52.3,5,2,9.59,C,8,0,0
14881,3,male,25.8,5,3,34.37,C,9,0,0
14883,3,male,40.6,4,3,10.32,S,8,0,0
14887,3,female,49.5,4,3,15.15,Q,8,0,0
14891,3,male,16.3,5,4,27.73,C,10,0,0
14892,3,female,7.0,5,4,12.75,S,10,0,0
14895,3,male,10.2,5,1,0.52,S,7,0,0
14898,3,female,17.0,0,3,48.06,S,4,0,0
14899,3,female,22.1,0,4,11.45,S,5,0,0
14900,3,male,26.3,1,4,51.31,S,6,0,0
14901,3,male,35.4,1,1,85.91,S,3,0,0
14902,3,male,16.7,0,3,35.74,S,4,0,0
14913,3,male,36.4,4,1,125.52,S,6,0,0
14914,3,female,32.9,0,2,37.47,S,3,0,0
14923,3,male,31.5,3,3,30.43,S,7,0,0
14924,3,female,38.4,3,1,51.94,S,5,0,0
14927,3,female,32.7,5,4,19.72,S,10,0,0
14929,3,male,24.1,0,3,66.32,S,4,0,0
14931,3,male,28.4,0,0,29.01,S,1,1,0
14932,3,male,35.3,1,3,41.3,S,5,0,0
14933,3,female,25.2,1,2,33.81,S,4,0,0
14940,3,female,26.9,2,3,48.53,C,6,0,0
14941,3,female,39.9,0,3,1.07,S,4,0,0
14942,3,male,19.3,1,1,41.73,S,3,0,0
14943,3,male,56.0,3,4,0.97,S,8,0,0
14944,3,male,29.1,2,1,2.45,S,4,0,0
14948,3,female,14.1,1,3,8.95,S,5,0,0
14949,3,male,51.0,3,3,7.11,S,7,0,0
14953,3,female,33.7,1,1,18.69,S,3,0,0
14954,3,male,15.4,0,1,45.5,S,2,0,0
14959,3,female,7.1,4,2,11.39,C,7,0,0
14963,3,male,19.6,3,1,3.34,S,5,0,0
14964,3,male,34.2,2,1,18.82,S,4,0,0
14967,3,male,28.3,5,2,19.98,S,8,0,0
14971,3,female,32.9,2,3,38.11,C,6,0,0
14973,3,male,37.6,4,1,64.28,S,6,0,0
14977,3,female,21.7,0,4,5.87,S,5,0,0
14983,3,female,40.3,0,0,10.78,S,1,1,0
14985,3,female,34.7,2,1,1.78,S,4,0,0
14991,3,female,13.9,0,3,12.33,S,4,0,0
14996,3,male,22.6,5,3,102.12,S,9,0,0
