,Pclass,Sex,Age,SibSp,Parch,Fare,Embarked,FamilySize,IsAlone,Survived
0,3,male,43.2,4,3,23.01,S,8,0,0
2,3,female,47.2,1,4,131.88,S,6,0,1
3,1,male,15.7,0,4,3.42,S,5,0,0
4,1,male,49.6,2,0,54.24,S,3,0,0
6,2,female,34.6,3,0,53.03,S,4,0,0
7,3,male,14.9,5,0,61.47,S,6,0,1
8,3,female,39.2,3,2,0.25,S,6,0,0
9,1,male,39.7,2,2,8.67,S,5,0,1
10,1,male,24.5,4,4,1.86,S,9,0,0
11,1,female,0.0,2,4,22.11,S,7,0,1
13,3,female,13.4,3,1,31.48,S,5,0,0
16,3,male,22.8,5,3,19.82,S,9,0,0
17,3,male,21.1,3,2,147.67,S,6,0,0
18,1,female,49.6,5,4,5.87,S,10,0,0
19,3,male,29.6,4,1,42.02,S,6,0,0
20,2,female,31.8,4,3,33.17,S,8,0,0
21,3,male,20.3,4,1,34.87,S,6,0,0
22,1,male,28.6,5,4,13.57,S,10,0,0
23,3,female,15.3,3,1,7.81,S,5,0,0
25,3,male,12.9,5,1,78.04,S,7,0,1
26,2,male,39.4,1,3,119.33,S,5,0,0
27,3,female,18.7,1,1,20.98,S,3,0,0
28,3,male,42.3,1,4,17.74,S,6,0,0
31,3,male,47.4,2,1,9.44,S,4,0,0
33,3,male,8.9,1,4,13.54,S,6,0,1
36,2,female,37.4,3,4,37.12,S,8,0,0
42,1,male,25.7,4,1,30.25,S,6,0,0
44,3,male,22.0,3,1,16.24,S,5,0,0
45,3,male,20.7,3,2,53.87,S,6,0,1
46,1,male,19.8,3,2,32.58,S,6,0,0
47,2,female,14.3,0,2,28.81,S,3,0,0
50,3,male,23.1,1,3,8.31,S,5,0,1
51,3,female,9.3,0,4,20.51,S,5,0,1
53,3,female,45.0,1,4,23.64,S,6,0,1
54,3,male,45.3,2,3,0.14,S,6,0,0
55,3,female,34.2,4,1,95.25,S,6,0,1
56,1,female,24.9,0,3,0.66,S,4,0,0
58,1,male,19.7,1,0,8.12,S,2,0,0
59,2,female,24.8,3,2,29.24,S,6,0,0
60,1,male,18.6,2,4,113.45,S,7,0,0
61,1,male,41.7,4,2,81.9,S,7,0,0
62,1,female,39.9,2,0,33.72,S,3,0,1
63,1,male,28.5,1,0,43.31,S,2,0,0
64,1,female,53.2,4,1,39.82,S,6,0,0
65,3,male,34.8,3,1,37.16,S,5,0,0
68,1,male,11.3,5,2,8.0,S,8,0,0
69,3,female,16.5,1,4,13.67,S,6,0,1
70,3,male,28.2,4,0,1.59,S,5,0,1
71,1,male,28.4,0,4,109.2,S,5,0,0
72,3,male,37.3,3,0,43.05,S,4,0,0
73,1,female,19.6,3,1,7.68,S,5,0,1
74,3,male,30.0,2,1,9.45,S,4,0,1
75,3,male,30.2,1,0,157.04,S,2,0,1
77,2,male,29.2,4,2,17.75,S,7,0,0
78,1,male,9.3,0,0,7.41,S,1,1,0
80,3,female,15.8,0,3,35.41,S,4,0,1
81,3,female,21.6,1,0,48.45,S,2,0,1
82,2,female,12.5,3,1,3.65,S,5,0,0
84,2,male,44.3,4,3,14.15,S,8,0,0
85,1,male,39.2,4,1,35.23,S,6,0,0
87,1,male,42.8,0,1,67.73,S,2,0,1
89,2,male,22.6,0,3,53.83,S,4,0,0
90,1,female,37.6,1,2,14.08,S,4,0,0
91,3,female,22.4,4,2,9.0,S,7,0,1
92,3,male,23.1,5,4,4.24,S,10,0,1
93,2,female,55.1,0,2,6.41,S,3,0,0
94,3,female,30.3,3,3,105.44,S,7,0,1
95,3,female,53.7,1,1,85.08,S,3,0,0
96,2,female,3.5,3,3,1.54,S,7,0,0
97,3,male,20.2,1,4,20.31,S,6,0,0
98,3,female,34.7,0,4,14.95,S,5,0,0
100,3,male,0.2,5,4,12.74,S,10,0,0
101,1,male,25.8,5,4,10.54,S,10,0,1
102,1,male,63.6,0,3,53.0,S,4,0,0
103,3,male,32.5,2,3,94.07,S,6,0,0
104,3,female,37.5,1,4,7.25,S,6,0,1
105,3,male,20.0,4,3,8.58,S,8,0,0
106,1,male,32.4,3,3,17.38,S,7,0,0
107,2,male,28.8,5,4,39.21,S,10,0,1
111,3,male,30.0,2,3,8.53,S,6,0,0
112,3,female,5.5,4,0,1.56,S,5,0,1
114,1,male,30.1,3,1,49.57,S,5,0,1
115,3,male,41.2,0,1,38.4,S,2,0,1
116,3,male,47.6,0,3,2.92,S,4,0,1
117,3,male,16.5,3,4,73.47,S,8,0,0
118,1,male,7.9,5,4,11.66,S,10,0,1
120,3,male,17.6,3,4,21.39,S,8,0,1
121,1,male,6.9,1,2,81.96,S,4,0,1
122,3,female,22.1,5,1,166.81,S,7,0,0
123,3,male,21.8,1,4,30.47,S,6,0,0
125,2,female,41.1,2,2,19.33,S,5,0,0
126,3,female,18.7,5,2,0.96,S,8,0,1
127,3,male,48.6,0,3,10.32,S,4,0,1
128,3,female,30.8,5,0,11.5,S,6,0,0
129,2,male,43.9,0,3,48.85,S,4,0,0
130,2,male,47.6,3,2,4.25,S,6,0,0
132,3,female,37.0,0,2,30.48,S,3,0,0
133,1,male,23.3,1,0,4.48,S,2,0,0
134,3,female,42.0,1,4,21.9,S,6,0,1
135,1,male,30.3,4,1,1.14,S,6,0,0
136,1,female,42.4,4,0,35.37,S,5,0,0
137,2,female,50.3,1,4,76.48,S,6,0,1
138,2,female,36.7,3,3,66.52,S,7,0,0
140,3,female,27.9,3,0,28.61,S,4,0,1
141,3,female,0.0,1,3,3.51,S,5,0,0
142,3,male,19.0,4,4,1.76,S,9,0,0
143,2,male,42.1,2,1,30.16,S,4,0,0
145,3,male,18.7,1,1,3.15,S,3,0,0
146,3,female,31.3,0,3,14.27,S,4,0,0
147,3,male,26.4,3,4,12.18,S,8,0,0
148,3,male,38.7,0,0,13.42,S,1,1,0
149,1,male,59.9,5,4,12.97,S,10,0,0
150,3,male,38.9,5,2,55.71,S,8,0,1
151,3,male,19.6,1,4,13.96,S,6,0,0
152,3,female,27.9,5,4,12.84,S,10,0,0
153,1,male,48.6,1,4,0.96,S,6,0,0
154,3,female,9.3,1,0,50.0,S,2,0,1
156,2,male,38.9,0,0,13.37,S,1,1,1
157,3,male,47.1,4,1,19.24,S,6,0,1
158,2,male,37.5,3,3,50.57,S,7,0,0
160,2,male,36.5,2,4,20.52,S,7,0,0
161,3,male,34.8,0,1,0.64,S,2,0,1
162,2,female,33.9,3,3,80.16,S,7,0,1
163,3,male,27.6,1,0,14.85,S,2,0,0
164,2,male,29.7,0,2,11.25,S,3,0,0
165,1,female,16.3,5,2,30.06,S,8,0,1
167,1,female,31.2,0,1,16.4,S,2,0,0
168,3,female,36.7,2,3,81.78,S,6,0,0
169,3,male,25.9,4,0,14.43,S,5,0,0
170,1,female,40.8,4,1,205.49,S,6,0,1
171,1,female,10.8,0,2,49.81,S,3,0,0
172,3,male,4.6,2,4,74.77,S,7,0,0
174,3,male,57.8,1,1,2.33,S,3,0,1
175,3,male,45.9,0,4,17.39,S,5,0,0
176,2,male,17.7,0,0,12.03,S,1,1,1
178,3,male,20.1,1,1,2.37,S,3,0,1
179,1,male,35.0,1,3,6.13,S,5,0,0
180,1,male,36.1,3,1,15.18,S,5,0,0
182,3,male,7.1,3,0,34.31,S,4,0,1
183,3,male,11.3,4,3,16.26,S,8,0,1
184,1,male,27.9,3,2,51.41,S,6,0,0
185,3,male,14.5,2,4,26.9,S,7,0,1
187,3,male,32.8,5,3,4.99,S,9,0,0
188,1,female,16.2,5,4,83.77,S,10,0,0
189,3,male,60.6,2,1,31.29,S,4,0,0
191,1,male,25.2,0,1,18.46,S,2,0,1
192,2,male,33.2,4,3,46.35,S,8,0,1
193,2,female,7.9,3,2,6.33,S,6,0,1
195,2,female,33.8,3,4,2.08,S,8,0,0
196,3,male,24.1,5,0,2.67,S,6,0,1
197,3,female,32.8,5,0,23.91,S,6,0,1
199,3,female,49.1,4,0,40.68,S,5,0,1
200,3,female,64.0,4,0,138.31,S,5,0,1
201,3,male,14.1,1,0,62.78,S,2,0,0
202,2,female,10.8,2,2,18.66,S,5,0,0
203,1,male,30.4,0,1,15.19,S,2,0,1
205,2,male,38.1,3,2,3.08,S,6,0,0
206,3,female,30.6,1,1,140.64,S,3,0,0
207,3,female,34.1,3,1,126.81,S,5,0,1
208,1,male,24.7,4,0,82.03,S,5,0,0
209,1,female,32.6,0,2,34.73,S,3,0,0
210,3,female,35.6,0,4,22.38,S,5,0,0
211,3,male,31.8,0,4,39.25,S,5,0,1
212,3,male,10.2,5,0,12.08,S,6,0,1
213,1,male,31.4,5,2,61.19,S,8,0,0
215,3,male,32.4,3,2,52.06,S,6,0,0
216,3,male,30.9,4,0,64.67,S,5,0,0
218,2,male,18.6,0,4,20.84,S,5,0,1
219,2,male,41.5,0,0,71.12,S,1,1,1
220,3,female,21.6,3,2,102.44,S,6,0,1
221,3,male,44.2,3,4,53.37,S,8,0,0
222,3,female,40.2,1,0,90.52,S,2,0,0
223,3,male,23.2,1,3,88.47,S,5,0,0
224,1,male,25.3,2,4,124.74,S,7,0,0
226,1,female,3.0,4,2,10.82,S,7,0,1
227,2,female,22.8,3,1,32.07,S,5,0,0
228,3,female,37.7,1,1,6.7,S,3,0,1
229,3,male,24.7,5,2,26.06,S,8,0,1
230,1,female,30.9,0,3,27.71,S,4,0,1
231,3,male,0.4,1,1,52.55,S,3,0,0
232,3,female,17.0,1,1,14.37,S,3,0,0
234,1,male,18.5,1,0,74.75,S,2,0,0
235,3,male,10.8,2,1,17.53,S,4,0,1
236,2,female,43.9,2,1,27.14,S,4,0,0
238,2,male,13.8,4,3,9.19,S,8,0,1
239,1,male,30.9,2,3,3.49,S,6,0,0
241,3,male,26.9,3,1,14.81,S,5,0,1
242,3,female,31.5,3,0,15.38,S,4,0,1
243,3,female,17.7,2,2,85.14,S,5,0,0
244,1,female,39.4,3,0,16.77,S,4,0,0
245,1,female,41.6,3,4,98.31,S,8,0,1
246,3,female,32.7,0,3,3.6,S,4,0,0
248,3,male,8.7,2,1,37.78,S,4,0,1
249,2,male,48.1,1,2,4.31,S,4,0,1
250,1,male,27.7,1,1,15.66,S,3,0,0
251,3,male,15.9,3,2,61.08,S,6,0,0
252,1,female,31.0,1,2,45.9,S,4,0,1
253,3,male,39.4,0,3,10.61,S,4,0,0
256,3,male,39.6,2,2,42.05,S,5,0,1
257,1,male,28.2,4,0,5.27,S,5,0,1
259,3,female,17.8,2,4,2.44,S,7,0,0
260,3,male,43.6,5,0,16.23,S,6,0,0
261,3,male,31.6,5,2,6.78,S,8,0,1
264,3,male,9.4,1,4,47.05,S,6,0,1
265,2,male,25.6,1,4,9.86,S,6,0,1
266,1,male,49.5,0,2,34.88,S,3,0,1
267,3,male,56.5,1,0,24.38,S,2,0,1
268,1,female,16.6,3,4,52.19,S,8,0,0
270,1,male,31.2,4,4,167.42,S,9,0,1
272,2,male,41.4,4,2,27.73,S,7,0,1
273,3,female,13.4,2,4,32.01,S,7,0,1
275,3,female,0.9,1,0,62.65,S,2,0,0
277,3,female,24.3,3,3,29.1,S,7,0,1
278,2,male,12.1,4,1,22.59,S,6,0,1
279,3,male,33.7,2,0,17.28,S,3,0,1
282,3,male,16.5,1,3,33.59,S,5,0,0
283,2,male,60.1,1,2,4.01,S,4,0,0
287,3,female,54.0,2,1,2.59,S,4,0,0
288,3,male,12.0,4,2,3.14,S,7,0,0
289,3,female,26.1,2,1,8.61,S,4,0,0
291,3,male,36.1,3,3,21.29,S,7,0,0
292,3,male,11.7,1,2,11.91,S,4,0,1
293,3,female,44.9,4,1,60.59,S,6,0,0
294,2,female,33.8,4,3,6.82,S,8,0,0
295,3,female,23.2,1,3,9.61,S,5,0,0
296,3,male,7.4,4,1,47.98,S,6,0,1
297,1,female,35.1,3,2,0.88,S,6,0,0
298,3,male,26.7,4,1,7.96,S,6,0,1
299,2,male,31.2,2,0,23.58,S,3,0,0
302,1,male,35.7,3,2,7.67,S,6,0,0
305,1,male,49.2,2,3,2.07,S,6,0,1
307,3,female,32.3,2,3,24.41,S,6,0,0
308,3,male,14.8,2,4,2.39,S,7,0,1
309,1,male,15.4,4,1,37.74,S,6,0,0
311,3,female,21.6,3,2,39.58,S,6,0,0
312,1,male,20.4,4,4,13.38,S,9,0,0
313,1,male,26.5,1,2,17.43,S,4,0,1
314,1,male,26.7,0,0,84.25,S,1,1,1
316,1,male,21.9,0,0,1.29,S,1,1,0
318,3,male,35.2,4,0,0.24,S,5,0,0
319,3,female,5.6,5,0,70.13,S,6,0,0
320,3,female,33.1,0,0,55.95,S,1,1,0
321,3,female,0.0,3,0,21.4,S,4,0,1
323,3,male,35.5,0,2,3.55,S,3,0,0
324,1,male,28.9,1,4,46.16,S,6,0,1
325,3,female,4.2,2,4,49.0,S,7,0,1
327,1,female,0.0,0,1,22.0,S,2,0,0
328,3,male,10.2,5,2,94.7,S,8,0,0
330,1,male,21.2,1,1,133.37,S,3,0,0
332,3,male,29.2,1,0,4.87,S,2,0,0
334,3,female,43.3,0,0,41.54,S,1,1,0
335,3,male,26.2,5,0,10.68,S,6,0,0
336,1,male,41.7,0,3,53.17,S,4,0,1
337,2,female,0.0,5,0,63.23,S,6,0,1
338,3,male,44.6,0,3,46.14,S,4,0,0
340,3,male,14.0,3,2,43.29,S,6,0,0
341,2,female,19.1,4,3,2.4,S,8,0,0
342,2,male,44.2,3,2,13.07,S,6,0,0
343,1,female,16.5,3,4,46.42,S,8,0,0
344,3,male,19.8,3,1,50.68,S,5,0,0
345,3,male,15.5,2,4,12.28,S,7,0,0
347,3,male,39.4,5,1,10.21,S,7,0,0
349,3,female,62.6,2,0,67.57,S,3,0,1
350,1,male,38.1,4,1,25.65,S,6,0,0
351,3,female,34.1,2,3,17.02,S,6,0,1
352,3,female,12.0,4,0,7.6,S,5,0,1
354,2,male,32.0,3,3,5.54,S,7,0,0
355,3,female,25.0,5,1,18.73,S,7,0,1
358,2,female,0.0,5,3,7.84,S,9,0,1
359,2,male,37.0,5,2,45.04,S,8,0,0
360,3,female,47.8,4,0,37.91,S,5,0,0
361,1,male,36.8,1,1,32.21,S,3,0,1
362,1,male,28.9,3,0,13.26,S,4,0,0
363,1,male,29.2,4,1,12.25,S,6,0,0
364,3,male,31.4,3,2,45.53,S,6,0,1
368,1,female,50.8,2,3,207.32,S,6,0,0
369,2,female,35.6,0,0,0.05,S,1,1,0
370,1,female,30.5,1,3,37.15,S,5,0,0
371,3,male,38.2,5,0,24.54,S,6,0,0
372,3,female,38.2,2,1,19.73,S,4,0,0
373,3,male,42.2,4,1,10.32,S,6,0,1
374,1,male,18.4,3,2,22.64,S,6,0,0
375,3,female,22.3,0,4,19.52,S,5,0,0
377,3,female,39.7,3,2,60.67,S,6,0,0
379,1,male,11.2,3,2,29.12,S,6,0,0
380,3,male,34.5,1,2,63.89,S,4,0,0
381,2,male,48.2,4,0,123.63,S,5,0,1
383,3,female,33.4,3,3,23.49,S,7,0,1
385,3,male,10.5,4,0,6.68,S,5,0,1
387,2,female,46.8,2,4,2.12,S,7,0,0
388,3,male,20.7,4,4,34.52,S,9,0,1
389,3,female,40.7,0,0,50.84,S,1,1,1
390,1,female,29.4,0,2,2.08,S,3,0,1
391,3,female,19.6,1,1,60.37,S,3,0,0
392,2,male,27.6,4,4,4.21,S,9,0,0
393,3,female,21.6,5,4,6.19,S,10,0,1
394,3,male,16.6,0,1,57.93,S,2,0,0
395,2,female,25.4,1,2,4.26,S,4,0,1
396,2,female,30.0,3,4,35.85,S,8,0,1
397,3,male,26.7,3,2,11.18,S,6,0,0
398,3,male,25.3,0,3,9.14,S,4,0,1
399,3,female,32.2,5,1,33.61,S,7,0,1
400,3,female,36.4,1,0,3.61,S,2,0,0
401,1,female,13.0,1,2,27.35,S,4,0,1
402,3,male,25.5,5,1,82.69,S,7,0,0
403,1,male,1.4,2,1,61.01,S,4,0,1
405,2,male,31.1,0,0,11.55,S,1,1,1
406,3,male,37.0,2,4,38.66,S,7,0,0
407,2,male,31.2,4,3,48.47,S,8,0,0
408,2,male,36.7,1,4,74.14,S,6,0,1
409,2,male,29.9,5,2,9.81,S,8,0,0
410,3,male,19.5,2,1,45.78,S,4,0,0
413,2,female,18.3,2,0,21.04,S,3,0,0
415,3,male,22.1,4,4,7.72,S,9,0,0
416,1,female,34.9,1,0,1.59,S,2,0,0
417,2,female,29.7,1,0,14.98,S,2,0,0
418,3,female,35.3,5,3,7.26,S,9,0,1
419,2,female,35.2,3,2,15.41,S,6,0,1
421,3,male,27.3,3,2,43.59,S,6,0,1
422,1,male,36.0,4,1,14.94,S,6,0,0
423,3,male,63.2,0,2,12.58,S,3,0,0
424,3,female,15.2,4,0,81.3,S,5,0,0
425,3,male,29.6,5,0,70.3,S,6,0,0
427,1,female,28.7,5,2,14.16,S,8,0,1
428,3,female,19.6,0,1,50.3,S,2,0,0
429,2,male,27.3,3,1,34.88,S,5,0,0
430,3,male,31.2,1,4,26.61,S,6,0,0
432,3,male,4.0,3,4,4.62,S,8,0,0
433,3,male,49.0,0,4,85.16,S,5,0,0
434,2,female,40.7,3,2,115.49,S,6,0,0
435,1,female,27.2,5,0,14.0,S,6,0,1
436,3,male,16.5,2,4,93.88,S,7,0,0
437,1,female,30.2,2,2,50.84,S,5,0,1
438,3,male,34.1,4,3,90.58,S,8,0,1
440,3,male,41.1,0,2,7.18,S,3,0,0
441,1,female,43.7,3,2,9.64,S,6,0,1
442,3,male,4.6,1,4,9.66,S,6,0,0
444,3,male,42.9,0,2,16.22,S,3,0,1
445,2,female,16.1,5,4,14.41,S,10,0,1
446,3,female,46.1,0,2,13.49,S,3,0,1
447,2,male,54.3,0,1,13.73,S,2,0,1
449,2,male,38.3,4,4,6.58,S,9,0,0
450,3,female,22.7,0,3,11.23,S,4,0,1
452,3,male,10.2,0,0,83.55,S,1,1,0
453,3,female,18.1,1,1,10.74,S,3,0,1
454,1,male,19.0,0,2,37.91,S,3,0,0
455,3,male,29.9,4,3,60.84,S,8,0,0
456,3,male,23.5,4,2,22.58,S,7,0,0
457,1,male,32.7,1,1,45.08,S,3,0,0
458,3,female,41.3,0,4,119.17,S,5,0,0
459,3,female,19.1,0,0,5.66,S,1,1,0
460,1,male,31.1,5,1,2.34,S,7,0,0
461,3,male,23.2,0,3,32.69,S,4,0,1
463,2,male,38.6,0,0,11.26,S,1,1,0
464,3,female,41.9,4,4,79.49,S,9,0,1
466,3,male,34.8,3,3,9.83,S,7,0,0
467,3,male,9.1,2,3,47.62,S,6,0,1
469,3,female,17.5,2,3,12.59,S,6,0,1
470,1,male,34.0,3,3,3.34,S,7,0,0
471,3,male,10.9,2,2,60.8,S,5,0,1
472,3,male,33.7,2,0,3.26,S,3,0,0
474,3,male,1.9,1,3,6.92,S,5,0,0
475,1,female,13.8,5,4,83.96,S,10,0,1
476,3,female,43.6,2,0,3.63,S,3,0,0
478,3,male,17.1,0,1,38.71,S,2,0,1
479,1,female,14.5,0,4,7.36,S,5,0,0
480,3,female,0.0,3,1,4.54,S,5,0,1
481,1,male,49.6,4,2,5.89,S,7,0,1
482,3,female,29.6,5,3,28.99,S,9,0,0
483,3,female,55.4,2,1,8.06,S,4,0,1
485,3,male,33.0,0,0,60.65,S,1,1,1
487,1,female,51.9,0,0,56.01,S,1,1,0
488,2,male,36.0,1,0,47.79,S,2,0,1
489,3,male,29.0,1,2,56.92,S,4,0,1
490,3,male,29.4,5,1,13.64,S,7,0,0
492,3,male,23.7,2,1,39.28,S,4,0,0
493,2,male,29.7,2,3,1.22,S,6,0,0
494,2,female,48.3,3,4,34.88,S,8,0,0
495,3,male,23.0,3,3,4.09,S,7,0,0
496,2,female,43.9,1,1,10.87,S,3,0,0
497,1,male,27.9,4,1,53.11,S,6,0,0
499,3,male,38.5,4,1,31.12,S,6,0,1
500,3,female,37.5,1,0,8.24,S,2,0,1
501,3,female,42.7,1,0,35.27,S,2,0,0
502,2,male,40.7,3,4,4.52,S,8,0,0
504,3,female,58.8,3,3,9.32,S,7,0,1
505,3,male,51.6,2,2,56.1,S,5,0,0
506,3,male,35.5,4,0,80.88,S,5,0,1
507,2,male,22.8,1,2,6.03,S,4,0,1
508,3,male,34.1,3,0,0.31,S,4,0,1
512,3,male,44.7,5,0,56.77,S,6,0,1
513,3,male,56.7,0,1,53.22,S,2,0,1
514,3,male,8.7,0,4,19.79,S,5,0,0
515,1,male,28.3,3,0,93.89,S,4,0,0
516,1,male,14.1,0,0,27.92,S,1,1,0
517,2,female,4.8,1,2,18.72,S,4,0,1
523,3,male,30.7,3,2,0.17,S,6,0,1
524,3,male,8.1,1,2,25.03,S,4,0,1
525,1,male,9.0,0,0,5.54,S,1,1,0
526,3,male,15.0,4,3,0.73,S,8,0,0
527,3,male,43.7,1,4,32.84,S,6,0,0
528,3,male,36.6,0,4,29.56,S,5,0,0
529,3,male,33.5,5,1,42.41,S,7,0,1
530,1,female,16.9,5,2,30.81,S,8,0,1
532,3,male,9.8,4,1,20.84,S,6,0,1
533,1,male,48.1,0,0,7.96,S,1,1,0
534,2,female,59.8,1,4,2.8,S,6,0,1
535,3,male,36.8,2,4,63.11,S,7,0,1
536,2,male,39.2,2,1,37.61,S,4,0,1
537,3,male,26.8,0,1,4.2,S,2,0,0
539,3,male,17.2,1,3,63.66,S,5,0,0
540,2,female,22.5,2,2,102.87,S,5,0,1
541,2,female,23.6,3,4,50.12,S,8,0,0
544,3,female,17.1,0,2,31.54,S,3,0,0
545,3,male,59.3,5,3,38.46,S,9,0,0
547,2,female,41.4,0,1,13.98,S,2,0,1
550,3,male,36.1,3,4,6.91,S,8,0,0
551,2,female,31.2,3,4,53.37,S,8,0,1
554,2,male,31.4,3,3,23.72,S,7,0,1
555,3,male,30.5,0,0,122.02,S,1,1,0
556,3,female,14.7,3,0,71.87,S,4,0,0
557,3,female,47.1,1,4,22.67,S,6,0,0
559,3,male,25.5,5,1,30.48,S,7,0,1
560,3,male,16.1,1,4,50.07,S,6,0,1
561,1,male,31.6,3,2,66.24,S,6,0,0
564,2,male,62.0,2,0,8.25,S,3,0,0
566,3,female,34.3,4,3,6.01,S,8,0,0
567,2,male,8.8,1,1,52.8,S,3,0,0
568,1,male,28.3,3,3,34.61,S,7,0,1
570,3,female,31.9,2,1,92.49,S,4,0,0
571,3,female,31.0,0,2,86.94,S,3,0,1
573,1,male,9.7,3,0,15.13,S,4,0,1
574,1,male,9.6,3,3,21.12,S,7,0,1
576,3,male,41.4,2,3,0.48,S,6,0,0
577,3,male,43.4,4,1,83.08,S,6,0,1
578,3,female,17.5,0,0,16.73,S,1,1,0
579,3,female,26.8,2,2,31.91,S,5,0,0
580,3,male,46.2,5,1,126.18,S,7,0,0
581,2,female,11.8,2,0,68.57,S,3,0,1
582,1,female,44.8,5,4,14.39,S,10,0,0
583,3,female,20.8,3,4,21.2,S,8,0,0
584,1,female,17.0,5,3,47.02,S,9,0,1
585,2,male,28.6,3,3,43.55,S,7,0,0
586,1,female,13.4,1,3,39.04,S,5,0,0
587,2,female,2.4,3,0,0.34,S,4,0,0
590,3,male,46.0,3,2,9.23,S,6,0,0
591,3,male,37.5,2,4,3.24,S,7,0,1
593,3,female,48.1,3,0,13.36,S,4,0,0
595,2,male,35.6,5,3,85.8,S,9,0,0
596,1,male,46.2,4,0,12.01,S,5,0,1
597,3,female,0.0,4,3,19.35,S,8,0,0
598,3,male,22.3,1,1,2.93,S,3,0,0
599,1,male,3.0,5,4,11.18,S,10,0,0
600,2,male,38.3,0,2,25.29,S,3,0,0
602,3,female,71.3,1,2,24.64,S,4,0,0
603,3,male,21.7,2,0,12.01,S,3,0,0
607,3,female,11.5,1,2,20.49,S,4,0,0
608,3,male,11.1,4,1,13.01,S,6,0,0
609,3,male,0.0,4,4,14.79,S,9,0,1
611,3,male,23.1,3,0,68.16,S,4,0,1
612,2,male,56.1,3,2,22.07,S,6,0,1
613,2,female,11.6,1,1,9.33,S,3,0,0
614,3,female,49.7,3,2,50.32,S,6,0,1
615,2,female,51.0,2,4,18.75,S,7,0,1
617,3,male,32.3,1,4,208.04,S,6,0,0
618,3,male,24.3,0,3,0.89,S,4,0,1
619,2,male,46.9,0,4,39.53,S,5,0,1
620,2,male,17.9,1,1,60.19,S,3,0,0
621,3,male,32.8,4,1,13.97,S,6,0,0
623,3,male,16.5,3,0,18.36,S,4,0,0
624,3,male,32.9,1,1,21.08,S,3,0,0
625,2,male,39.4,2,3,259.95,S,6,0,0
626,3,male,16.0,1,3,0.63,S,5,0,0
629,1,male,14.3,4,3,30.79,S,8,0,0
630,2,female,22.6,5,2,31.81,S,8,0,1
631,3,male,34.0,2,3,66.62,S,6,0,1
632,3,male,41.2,4,1,26.65,S,6,0,0
636,3,female,34.7,2,1,1.09,S,4,0,0
639,3,male,24.0,1,2,24.78,S,4,0,0
640,3,female,37.4,0,4,16.12,S,5,0,0
642,3,female,45.9,3,4,7.18,S,8,0,0
643,2,male,13.2,0,3,17.87,S,4,0,0
644,2,female,13.2,1,2,11.59,S,4,0,0
645,3,male,21.5,1,1,27.58,S,3,0,1
647,3,male,29.7,4,4,37.91,S,9,0,1
650,1,male,29.1,4,3,7.03,S,8,0,0
652,3,male,36.2,5,0,2.95,S,6,0,0
654,3,male,36.7,5,1,41.35,S,7,0,0
656,2,male,20.4,1,1,34.88,S,3,0,0
660,2,female,39.3,3,4,51.22,S,8,0,0
661,1,male,45.1,2,1,1.06,S,4,0,1
662,3,female,49.7,0,0,5.2,S,1,1,0
663,2,female,9.8,0,2,49.98,S,3,0,0
664,3,female,34.7,2,0,109.97,S,3,0,0
667,1,male,17.4,3,3,12.4,S,7,0,0
668,3,male,49.2,2,1,48.66,S,4,0,0
669,1,male,20.8,5,1,25.07,S,7,0,0
670,3,male,0.0,3,0,1.91,S,4,0,0
672,1,male,25.7,0,3,44.72,S,4,0,0
673,3,male,55.0,1,1,12.61,S,3,0,0
676,2,female,26.2,3,2,133.64,S,6,0,0
677,3,male,26.1,4,2,45.3,S,7,0,0
678,3,male,60.0,3,1,8.79,S,5,0,1
679,2,male,38.5,4,0,8.91,S,5,0,1
680,3,female,9.3,0,2,11.61,S,3,0,1
683,3,male,13.5,3,2,9.46,S,6,0,1
684,3,male,4.0,1,3,34.51,S,5,0,1
685,3,female,37.3,0,4,30.33,S,5,0,0
686,3,female,17.7,3,0,13.34,S,4,0,0
689,3,female,22.4,5,4,4.49,S,10,0,0
690,1,male,0.0,1,0,5.06,S,2,0,0
692,3,male,33.1,3,3,26.81,S,7,0,0
693,1,male,22.7,5,1,41.7,S,7,0,0
694,2,female,16.5,2,0,37.17,S,3,0,0
695,3,male,51.4,2,1,15.22,S,4,0,0
696,3,female,14.1,5,3,34.02,S,9,0,0
699,3,female,49.3,3,3,30.57,S,7,0,0
701,1,female,18.7,3,1,2.65,S,5,0,0
704,1,female,44.8,0,4,25.3,S,5,0,0
705,2,female,9.7,5,4,27.01,S,10,0,1
706,2,male,30.6,5,2,0.35,S,8,0,0
708,3,male,41.4,0,2,46.11,S,3,0,0
709,3,male,34.9,1,4,3.97,S,6,0,1
710,1,female,16.1,2,0,13.17,S,3,0,1
711,3,male,50.5,3,1,60.7,S,5,0,0
712,1,male,33.7,4,3,37.19,S,8,0,0
713,3,male,32.2,4,0,11.63,S,5,0,0
714,1,male,26.5,0,4,43.38,S,5,0,0
718,2,female,46.2,1,4,3.14,S,6,0,0
723,1,female,44.8,2,3,48.49,S,6,0,1
725,1,male,46.2,5,0,22.98,S,6,0,1
726,3,female,30.5,2,3,45.11,S,6,0,0
727,3,male,17.2,0,3,10.11,S,4,0,1
728,2,male,22.3,0,4,14.38,S,5,0,0
730,3,male,58.2,2,4,4.47,S,7,0,0
731,3,male,33.5,3,0,30.15,S,4,0,1
733,2,male,27.3,0,2,5.91,S,3,0,0
736,2,female,19.0,4,1,44.32,S,6,0,0
737,3,male,27.9,5,1,3.15,S,7,0,1
739,2,male,26.9,1,3,8.73,S,5,0,0
740,2,male,25.9,5,1,25.51,S,7,0,0
741,3,female,39.6,3,4,22.93,S,8,0,0
743,3,male,26.7,1,3,47.43,S,5,0,0
744,3,male,26.5,4,3,89.15,S,8,0,0
745,3,female,50.6,2,1,27.6,S,4,0,1
746,3,male,22.1,2,3,42.83,S,6,0,0
747,1,male,37.3,5,4,72.14,S,10,0,0
748,1,female,18.5,4,1,1.34,S,6,0,1
751,3,male,44.2,2,1,39.07,S,4,0,1
752,2,male,23.6,5,2,47.5,S,8,0,1
754,3,male,18.0,3,1,97.91,S,5,0,0
755,3,female,42.5,5,1,83.56,S,7,0,1
756,3,female,58.1,0,1,34.01,S,2,0,1
757,2,female,40.7,5,3,5.4,S,9,0,0
758,1,male,11.3,1,3,26.71,S,5,0,1
759,1,male,40.2,2,4,13.5,S,7,0,1
760,1,female,15.8,1,2,85.45,S,4,0,0
766,3,male,43.8,0,4,16.88,S,5,0,1
767,3,male,21.6,0,1,15.02,S,2,0,1
768,3,male,46.6,1,4,63.84,S,6,0,0
771,1,female,11.8,1,1,0.22,S,3,0,1
775,3,male,47.3,1,2,10.12,S,4,0,0
776,3,male,41.2,5,2,67.91,S,8,0,0
777,3,female,29.5,4,4,37.67,S,9,0,1
778,1,female,31.6,4,1,2.33,S,6,0,1
779,3,male,46.7,1,3,156.06,S,5,0,1
780,1,male,38.8,1,3,92.9,S,5,0,1
781,3,female,29.3,2,2,4.89,S,5,0,0
782,2,male,49.8,4,2,81.58,S,7,0,0
786,2,male,21.3,1,2,37.85,S,4,0,0
787,2,female,24.3,2,2,11.02,S,5,0,0
788,2,male,35.4,3,3,82.74,S,7,0,0
789,3,female,40.7,4,0,27.27,S,5,0,1
790,3,male,8.8,4,3,13.37,S,8,0,0
791,3,female,1.7,2,2,19.72,S,5,0,0
792,1,male,15.7,3,3,16.68,S,7,0,0
793,3,male,23.3,0,4,87.61,S,5,0,0
795,1,female,25.1,5,2,1.02,S,8,0,1
797,3,female,34.9,1,2,2.3,S,4,0,0
799,1,female,49.4,1,1,53.91,S,3,0,1
800,3,female,19.7,0,1,23.15,S,2,0,1
801,2,male,50.8,1,3,24.48,S,5,0,0
802,3,male,27.2,0,1,8.8,S,2,0,0
803,3,male,24.3,2,2,19.68,S,5,0,0
805,1,male,31.8,1,2,10.25,S,4,0,1
806,1,male,60.6,4,1,15.88,S,6,0,1
807,3,male,34.8,1,1,1.56,S,3,0,1
808,3,female,32.8,5,0,99.21,S,6,0,0
809,1,male,19.7,0,2,78.61,S,3,0,0
810,1,female,37.3,5,0,50.91,S,6,0,1
811,1,female,31.2,0,0,26.9,S,1,1,1
812,3,male,28.1,3,0,53.66,S,4,0,0
813,3,male,35.9,3,2,116.96,S,6,0,1
814,2,female,3.6,3,1,10.67,S,5,0,1
815,3,male,27.6,1,2,14.5,S,4,0,0
817,3,female,29.4,3,2,32.95,S,6,0,0
818,1,female,18.9,4,4,55.74,S,9,0,0
820,1,male,10.3,2,2,11.9,S,5,0,1
821,3,female,44.6,3,2,28.18,S,6,0,0
823,3,female,20.3,3,4,1.29,S,8,0,0
824,1,male,50.4,2,2,8.96,S,5,0,0
825,2,male,37.0,3,3,5.52,S,7,0,1
827,3,female,48.4,4,3,48.16,S,8,0,0
828,2,male,52.1,4,2,25.07,S,7,0,1
829,1,male,50.8,4,0,35.38,S,5,0,0
830,3,female,38.4,4,0,5.7,S,5,0,0
831,2,female,13.6,5,1,9.49,S,7,0,0
832,3,female,28.3,5,3,1.98,S,9,0,0
833,1,male,8.7,0,4,191.39,S,5,0,0
834,3,female,16.9,3,3,3.48,S,7,0,0
836,3,female,20.2,0,1,30.48,S,2,0,1
838,3,male,22.8,1,0,69.94,S,2,0,0
839,3,male,22.2,0,4,56.99,S,5,0,1
840,3,female,24.9,3,0,64.84,S,4,0,0
841,3,male,50.0,0,3,42.51,S,4,0,1
842,2,female,59.3,2,2,4.52,S,5,0,0
844,1,female,33.7,4,4,2.14,S,9,0,0
845,3,male,17.2,5,1,51.79,S,7,0,0
846,3,male,39.7,5,1,34.25,S,7,0,0
850,1,male,10.0,0,3,3.0,S,4,0,0
851,3,male,0.0,2,4,14.56,S,7,0,1
853,3,male,23.9,1,3,31.68,S,5,0,1
854,1,female,20.0,2,4,3.23,S,7,0,0
855,2,male,67.2,3,1,47.38,S,5,0,0
856,3,male,39.2,0,1,38.16,S,2,0,0
857,3,male,28.2,0,1,42.66,S,2,0,0
858,1,male,19.1,2,2,107.72,S,5,0,0
859,3,male,35.2,0,0,33.65,S,1,1,0
861,3,male,21.8,4,0,2.85,S,5,0,0
863,2,male,32.0,2,0,7.89,S,3,0,0
864,3,male,27.0,2,1,21.74,S,4,0,0
865,1,male,19.3,5,3,100.76,S,9,0,0
867,3,male,5.9,3,0,1.16,S,4,0,0
868,3,male,25.1,0,4,11.28,S,5,0,1
869,2,male,21.7,1,2,5.44,S,4,0,1
871,1,male,22.6,1,0,10.44,S,2,0,0
874,3,male,3.3,3,1,1.62,S,5,0,0
875,3,male,28.1,1,3,10.13,S,5,0,0
876,1,male,4.6,1,4,8.79,S,6,0,1
877,1,male,33.9,3,3,0.76,S,7,0,1
878,1,female,18.8,5,3,5.78,S,9,0,0
879,1,female,45.6,2,4,53.97,S,7,0,0
880,1,male,26.5,2,2,1.22,S,5,0,0
882,2,male,45.8,4,4,32.17,S,9,0,0
884,3,male,41.5,4,1,14.87,S,6,0,1
885,1,male,35.5,0,4,0.07,S,5,0,0
888,3,male,46.4,0,3,30.35,S,4,0,0
889,3,male,36.0,0,1,22.12,S,2,0,0
891,3,female,32.4,4,0,87.89,S,5,0,1
895,2,female,43.4,2,2,148.47,S,5,0,0
896,3,female,50.5,2,0,12.44,S,3,0,0
897,3,male,27.3,2,3,10.37,S,6,0,1
898,1,male,10.3,4,0,16.53,S,5,0,0
899,1,female,10.8,3,1,48.94,S,5,0,0
903,1,female,54.9,3,0,7.71,S,4,0,0
904,1,female,36.4,3,4,16.63,S,8,0,0
905,1,female,21.7,0,1,14.57,S,2,0,1
907,1,female,4.0,0,4,60.76,S,5,0,0
908,1,male,45.2,3,0,10.52,S,4,0,0
909,2,female,1.7,5,0,28.75,S,6,0,0
910,3,male,36.1,0,0,20.88,S,1,1,0
911,3,female,3.3,0,4,82.24,S,5,0,0
912,3,male,23.2,4,0,31.72,S,5,0,1
914,3,male,6.1,1,4,32.58,S,6,0,0
915,2,male,26.9,3,1,12.29,S,5,0,0
916,2,female,37.8,2,2,3.05,S,5,0,0
917,3,male,35.5,0,3,21.25,S,4,0,1
918,3,male,30.0,1,0,62.96,S,2,0,1
919,3,female,35.9,2,3,76.76,S,6,0,0
921,3,female,56.1,5,3,38.48,S,9,0,0
922,1,male,6.5,3,1,30.19,S,5,0,1
924,1,female,31.7,0,1,3.49,S,2,0,0
925,3,female,37.6,4,4,16.42,S,9,0,0
926,1,female,40.1,3,4,9.34,S,8,0,0
928,2,female,17.6,3,2,56.69,S,6,0,1
929,2,female,25.0,2,2,4.61,S,5,0,0
930,1,male,8.7,3,4,12.5,S,8,0,0
931,2,male,24.8,4,0,64.53,S,5,0,1
932,3,female,33.5,5,0,40.89,S,6,0,1
935,1,male,4.4,2,2,23.18,S,5,0,0
937,1,female,19.7,1,3,41.58,S,5,0,1
938,2,male,10.7,5,4,8.67,S,10,0,0
940,2,female,29.0,0,2,3.18,S,3,0,0
941,2,male,48.8,4,4,39.7,S,9,0,0
943,1,female,13.2,5,3,19.48,S,9,0,1
944,2,female,20.6,2,1,2.78,S,4,0,0
945,3,female,33.7,1,4,92.86,S,6,0,0
946,1,male,46.1,1,2,18.96,S,4,0,0
947,3,male,27.8,4,4,2.68,S,9,0,1
948,3,male,8.8,0,4,6.68,S,5,0,1
950,3,male,31.6,3,1,7.04,S,5,0,0
951,1,male,42.9,5,3,5.42,S,9,0,1
952,2,male,54.4,2,0,82.0,S,3,0,0
953,2,male,12.4,4,1,7.51,S,6,0,1
954,1,male,31.0,5,0,18.67,S,6,0,0
955,3,male,14.6,3,1,41.88,S,5,0,0
957,3,female,15.2,0,4,100.29,S,5,0,0
958,3,female,24.3,1,1,108.23,S,3,0,0
959,1,female,16.6,3,2,27.06,S,6,0,1
960,3,female,63.7,2,2,44.66,S,5,0,0
961,3,female,22.6,0,2,15.61,S,3,0,0
962,3,female,42.8,2,2,17.95,S,5,0,0
963,2,male,19.8,3,0,3.53,S,4,0,0
964,3,male,60.3,0,3,35.81,S,4,0,0
965,2,female,33.7,5,3,10.1,S,9,0,0
966,3,male,40.7,1,1,2.66,S,3,0,1
969,3,male,33.7,2,2,8.32,S,5,0,0
970,3,female,23.7,2,2,47.03,S,5,0,1
971,1,male,13.9,5,2,75.64,S,8,0,1
972,3,male,25.7,2,3,13.34,S,6,0,1
973,3,male,24.5,2,3,50.54,S,6,0,0
974,3,female,41.2,5,4,17.92,S,10,0,0
976,3,male,2.1,0,3,11.72,S,4,0,0
977,3,female,38.0,0,2,85.78,S,3,0,0
980,3,female,54.3,3,4,7.1,S,8,0,0
982,3,male,20.2,4,4,28.04,S,9,0,0
983,3,male,13.4,5,1,152.45,S,7,0,0
984,3,male,43.7,3,1,53.41,S,5,0,1
985,2,male,9.8,0,1,57.68,S,2,0,0
986,3,male,19.6,5,3,41.48,S,9,0,1
989,3,female,49.5,4,4,20.06,S,9,0,1
990,3,male,34.2,0,2,16.32,S,3,0,1
991,2,female,43.3,0,3,6.91,S,4,0,1
992,3,female,24.1,0,4,11.6,S,5,0,0
993,3,female,30.4,0,3,0.07,S,4,0,0
997,3,male,26.8,0,0,109.26,S,1,1,0
999,3,female,24.6,3,3,8.9,S,7,0,0
1001,1,male,53.7,2,0,23.21,S,3,0,0
1002,3,female,48.8,1,1,25.22,S,3,0,1
1003,1,male,54.1,4,1,10.32,S,6,0,1
1004,3,female,48.9,2,0,9.18,S,3,0,1
1007,1,male,32.3,2,2,14.26,S,5,0,1
1008,3,female,26.1,5,3,15.0,S,9,0,0
1010,1,female,33.2,3,4,5.68,S,8,0,0
1011,2,male,7.1,4,3,32.98,S,8,0,1
1012,2,male,30.9,5,0,35.1,S,6,0,1
1014,1,male,27.9,4,3,6.74,S,8,0,1
1015,3,male,31.7,1,3,20.1,S,5,0,1
1016,3,male,24.1,4,4,57.74,S,9,0,0
1020,3,male,21.2,1,4,22.93,S,6,0,1
1021,3,male,36.9,4,4,31.16,S,9,0,0
1022,1,male,29.1,4,3,81.14,S,8,0,1
1023,2,female,26.2,4,0,43.24,S,5,0,1
1024,3,female,33.9,4,4,14.18,S,9,0,1
1025,3,female,19.6,1,3,13.8,S,5,0,0
1026,3,male,34.6,2,3,14.61,S,6,0,1
1027,3,female,23.1,2,3,21.88,S,6,0,1
1029,3,female,13.1,3,2,6.64,S,6,0,1
1032,3,male,10.1,5,2,21.71,S,8,0,0
1034,3,male,23.0,2,3,53.66,S,6,0,0
1035,3,male,0.0,2,3,45.11,S,6,0,1
1036,2,male,38.7,3,1,38.55,S,5,0,0
1037,3,male,20.1,5,4,35.94,S,10,0,1
1038,3,female,27.5,4,2,48.78,S,7,0,0
1039,2,male,38.5,4,2,56.75,S,7,0,0
1040,1,female,23.9,5,3,73.11,S,9,0,0
1043,3,female,0.0,2,1,3.01,S,4,0,1
1044,2,male,11.0,2,4,41.01,S,7,0,1
1046,3,male,54.0,2,0,64.92,S,3,0,0
1047,1,male,20.0,2,0,16.66,S,3,0,0
1048,3,male,32.4,0,1,66.83,S,2,0,1
1049,3,male,22.4,0,3,23.39,S,4,0,0
1050,3,male,37.4,2,0,19.33,S,3,0,1
1053,3,male,47.0,0,4,0.37,S,5,0,1
1055,3,female,18.7,0,3,74.04,S,4,0,0
1057,3,female,62.9,4,3,63.46,S,8,0,0
1058,2,male,36.9,4,4,265.95,S,9,0,0
1059,1,male,31.1,0,2,6.3,S,3,0,1
1061,1,female,39.1,1,1,17.26,S,3,0,1
1062,1,male,41.2,1,4,7.49,S,6,0,1
1064,1,female,30.6,5,3,8.98,S,9,0,0
1067,1,female,46.4,5,4,9.45,S,10,0,0
1068,1,male,29.9,2,0,69.48,S,3,0,0
1069,1,male,27.2,4,2,1.12,S,7,0,0
1071,3,male,27.1,3,0,103.45,S,4,0,0
1073,3,male,35.5,3,0,25.42,S,4,0,0
1074,3,male,21.8,0,1,2.03,S,2,0,1
1075,1,male,32.1,0,0,22.37,S,1,1,0
1076,2,male,30.1,1,0,14.35,S,2,0,0
1077,1,female,42.5,0,1,48.18,S,2,0,1
1079,1,male,1.0,1,2,5.87,S,4,0,1
1081,2,male,34.6,4,0,62.9,S,5,0,0
1082,2,male,42.5,4,1,31.35,S,6,0,0
1084,3,male,36.6,2,1,73.07,S,4,0,1
1085,3,female,44.9,1,0,108.67,S,2,0,0
1087,3,male,17.9,1,1,6.46,S,3,0,0
1088,3,male,19.4,3,0,64.04,S,4,0,1
1089,3,male,35.1,4,0,8.91,S,5,0,0
1090,2,male,51.8,1,4,60.25,S,6,0,1
1091,3,female,29.2,5,0,11.47,S,6,0,1
1092,3,male,26.7,1,0,0.62,S,2,0,0
1093,2,male,9.8,5,4,17.54,S,10,0,0
1094,3,female,23.9,0,2,1.32,S,3,0,0
1095,3,male,19.0,3,4,7.46,S,8,0,0
1100,3,male,42.2,0,3,19.88,S,4,0,0
1101,1,female,17.0,4,2,116.81,S,7,0,1
1102,3,male,21.0,3,4,3.14,S,8,0,1
1103,1,female,32.9,2,1,31.13,S,4,0,1
1105,2,female,62.0,1,3,1.99,S,5,0,0
1106,3,female,42.0,1,0,1.11,S,2,0,0
1107,3,male,29.2,3,4,8.03,S,8,0,1
1109,1,female,0.0,1,1,104.97,S,3,0,0
1110,2,male,46.2,2,0,25.99,S,3,0,1
1112,2,male,28.0,2,2,9.55,S,5,0,0
1113,3,female,36.9,1,3,91.29,S,5,0,0
1114,3,male,38.6,1,0,0.4,S,2,0,0
1115,3,female,23.2,3,3,29.5,S,7,0,0
1116,3,male,34.3,0,2,6.31,S,3,0,0
1118,2,male,35.4,4,3,9.4,S,8,0,0
1119,1,male,25.5,0,2,88.46,S,3,0,0
1120,3,female,33.2,2,0,45.9,S,3,0,1
1121,3,female,48.4,3,4,6.01,S,8,0,1
1122,1,female,40.0,4,4,2.17,S,9,0,1
1123,2,male,12.7,5,2,21.75,S,8,0,1
1125,3,male,35.4,0,4,16.56,S,5,0,0
1127,2,male,29.5,5,2,22.22,S,8,0,0
1131,3,female,45.9,5,4,50.0,S,10,0,0
1133,1,female,27.6,5,1,7.2,S,7,0,0
1134,1,female,47.1,3,3,38.57,S,7,0,1
1135,3,female,44.3,1,3,0.18,S,5,0,0
1136,2,male,18.7,2,4,0.15,S,7,0,1
1137,3,female,45.8,2,2,15.31,S,5,0,0
1138,3,male,5.8,1,3,64.58,S,5,0,0
1139,1,female,35.4,3,4,126.57,S,8,0,0
1140,3,male,33.8,4,3,33.58,S,8,0,1
1141,1,male,45.1,0,3,96.04,S,4,0,0
1142,3,female,34.3,3,4,60.22,S,8,0,1
1143,3,male,25.6,5,4,7.2,S,10,0,0
1145,1,male,66.7,4,2,31.28,S,7,0,1
1146,3,female,30.2,5,0,5.25,S,6,0,1
1147,3,female,37.4,4,0,12.02,S,5,0,1
1148,2,male,0.7,0,0,45.19,S,1,1,1
1150,3,female,36.3,0,0,83.29,S,1,1,1
1151,3,male,6.4,4,3,16.71,S,8,0,1
1152,3,male,36.7,1,0,7.94,S,2,0,1
1153,2,male,18.8,0,4,7.55,S,5,0,1
1154,3,male,14.5,4,2,37.19,S,7,0,0
1155,2,male,18.8,3,1,14.69,S,5,0,1
1157,1,male,33.7,0,3,37.88,S,4,0,1
1158,2,male,16.3,0,0,17.51,S,1,1,1
1159,1,male,39.9,0,4,59.86,S,5,0,0
1160,3,male,40.6,1,1,25.48,S,3,0,1
1161,3,female,23.7,2,0,114.62,S,3,0,0
1162,3,female,42.4,5,1,15.01,S,7,0,0
1164,2,female,40.9,1,0,33.1,S,2,0,0
1165,3,female,19.6,3,2,39.43,S,6,0,1
1166,3,male,12.5,0,2,0.55,S,3,0,1
1168,2,male,19.8,3,4,6.39,S,8,0,0
1169,3,female,23.9,4,0,102.11,S,5,0,0
1172,3,female,53.3,1,4,1.73,S,6,0,1
1175,2,male,3.6,3,0,18.22,S,4,0,0
1176,3,male,60.2,1,0,2.93,S,2,0,1
1177,3,male,10.6,3,2,15.82,S,6,0,0
1178,3,female,19.1,3,3,45.74,S,7,0,1
1180,3,male,32.4,0,3,64.12,S,4,0,1
1181,3,male,52.0,2,4,44.51,S,7,0,0
1183,2,male,27.9,1,2,13.35,S,4,0,1
1184,1,female,43.6,3,0,33.39,S,4,0,0
1188,3,male,25.9,3,1,21.48,S,5,0,0
1189,3,male,27.6,1,4,1.41,S,6,0,1
1192,3,male,22.9,1,3,13.5,S,5,0,0
1194,3,male,7.6,2,1,19.55,S,4,0,0
1195,3,female,14.1,1,3,10.03,S,5,0,1
1197,1,female,28.0,0,1,18.87,S,2,0,1
1198,3,male,42.9,4,3,61.54,S,8,0,1
1199,3,female,34.0,3,3,45.9,S,7,0,0
1200,3,female,10.3,5,3,68.86,S,9,0,1
1202,1,female,36.5,3,4,0.36,S,8,0,0
1205,1,female,25.2,1,1,88.38,S,3,0,1
1207,2,male,10.4,5,0,13.78,S,6,0,0
1208,3,male,8.5,5,0,123.7,S,6,0,0
1210,3,male,16.8,1,4,1.55,S,6,0,0
1211,1,male,37.1,3,4,1.54,S,8,0,0
1212,3,female,20.7,4,1,54.67,S,6,0,0
1214,2,male,23.3,3,0,61.08,S,4,0,1
1215,3,male,58.3,4,3,82.73,S,8,0,0
1218,3,male,31.4,0,2,0.75,S,3,0,1
1219,3,male,9.3,0,1,2.42,S,2,0,0
1220,3,male,49.3,2,1,24.44,S,4,0,1
1221,2,male,25.5,0,4,41.92,S,5,0,0
1223,3,male,21.8,1,1,15.61,S,3,0,1
1224,1,female,26.1,5,2,7.41,S,8,0,0
1227,3,male,65.7,0,1,61.96,S,2,0,0
1229,3,male,37.6,4,1,89.83,S,6,0,0
1230,1,female,1.4,0,4,1.71,S,5,0,1
1232,3,male,34.1,1,1,13.23,S,3,0,0
1235,3,male,35.1,3,2,38.57,S,6,0,0
1236,1,male,24.6,4,2,14.03,S,7,0,1
1237,3,male,34.9,1,3,19.54,S,5,0,0
1239,3,male,46.5,4,3,19.84,S,8,0,0
1240,3,male,43.2,5,1,50.12,S,7,0,1
1242,2,male,37.6,4,4,0.41,S,9,0,1
1243,1,female,8.3,1,0,5.26,S,2,0,1
1244,3,male,49.5,0,2,14.46,S,3,0,1
1245,2,female,27.6,4,0,35.71,S,5,0,1
1246,2,female,43.4,2,1,8.35,S,4,0,0
1247,3,male,39.5,1,3,12.47,S,5,0,0
1248,3,male,43.1,3,0,19.84,S,4,0,1
1249,1,male,14.3,3,2,28.5,S,6,0,0
1250,2,male,16.1,1,2,74.26,S,4,0,1
1251,2,male,60.5,3,4,52.25,S,8,0,0
1252,1,female,7.7,1,0,14.24,S,2,0,0
1256,3,female,21.4,1,2,11.23,S,4,0,0
1257,1,male,37.6,0,4,91.71,S,5,0,0
1259,3,male,28.7,4,1,8.14,S,6,0,0
1260,2,male,25.2,2,1,49.2,S,4,0,0
1261,3,female,28.7,0,2,1.36,S,3,0,1
1262,3,female,22.0,2,3,0.08,S,6,0,0
1264,1,male,33.2,0,1,19.87,S,2,0,0
1265,3,female,39.7,3,4,25.29,S,8,0,0
1266,3,male,26.8,4,4,15.21,S,9,0,0
1267,3,male,0.0,5,0,4.41,S,6,0,0
1268,3,male,21.0,4,0,13.53,S,5,0,0
1269,2,male,41.7,0,1,55.2,S,2,0,0
1270,2,male,8.9,0,1,13.09,S,2,0,1
1272,3,male,22.8,3,3,36.55,S,7,0,1
1273,3,male,28.7,2,2,42.19,S,5,0,0
1274,3,female,19.4,0,1,21.42,S,2,0,0
1275,1,female,13.1,5,4,4.3,S,10,0,0
1276,1,male,49.1,2,0,73.85,S,3,0,0
1277,3,female,40.4,0,3,9.65,S,4,0,1
1278,1,female,38.0,1,4,13.25,S,6,0,0
1279,3,female,41.7,3,1,47.56,S,5,0,0
1282,3,male,19.7,2,0,1.1,S,3,0,0
1283,3,male,48.3,5,3,66.42,S,9,0,0
1284,1,female,47.0,4,1,50.28,S,6,0,0
1285,3,female,34.3,1,0,23.83,S,2,0,0
1286,3,male,25.0,1,1,5.56,S,3,0,0
1289,1,male,52.6,4,4,107.24,S,9,0,0
1290,2,male,12.7,0,3,39.48,S,4,0,0
1292,3,female,22.4,0,2,53.71,S,3,0,0
1295,2,male,18.5,2,2,9.59,S,5,0,0
1296,1,male,38.1,5,0,128.01,S,6,0,0
1297,3,male,39.8,0,1,60.88,S,2,0,0
1298,3,male,32.3,5,3,83.95,S,9,0,1
1300,2,male,13.6,5,3,9.12,S,9,0,0
1304,3,male,24.5,5,3,16.89,S,9,0,1
1305,3,male,24.9,5,4,10.05,S,10,0,1
1306,2,male,31.2,3,0,85.26,S,4,0,1
1307,1,male,33.9,5,1,30.0,S,7,0,1
1309,2,male,24.3,5,0,29.49,S,6,0,1
1310,3,female,36.6,0,3,30.34,S,4,0,0
1313,2,male,45.3,3,1,13.71,S,5,0,1
1314,1,female,20.3,4,1,11.18,S,6,0,0
1315,3,female,18.9,4,4,37.6,S,9,0,1
1316,2,female,26.8,2,3,17.57,S,6,0,0
1318,2,male,44.0,2,2,47.16,S,5,0,0
1319,3,male,18.8,3,2,9.92,S,6,0,0
1320,3,male,27.8,2,1,17.63,S,4,0,0
1321,3,male,44.0,3,3,23.45,S,7,0,0
1324,3,female,32.3,2,3,2.1,S,6,0,1
1325,1,male,13.2,2,3,44.65,S,6,0,0
1328,3,male,31.9,3,4,35.7,S,8,0,1
1330,1,female,39.7,0,1,53.32,S,2,0,0
1332,3,male,49.4,5,1,11.68,S,7,0,0
1333,3,male,31.0,0,1,1.61,S,2,0,1
1334,3,female,28.1,3,2,2.04,S,6,0,1
1336,2,male,19.2,5,2,12.39,S,8,0,0
1338,3,female,24.3,4,2,13.89,S,7,0,0
1339,2,male,22.6,5,3,55.23,S,9,0,0
1341,3,male,17.1,0,4,13.82,S,5,0,0
1342,3,male,34.2,4,4,34.51,S,9,0,1
1343,3,female,21.0,1,1,14.92,S,3,0,1
1344,2,male,46.2,3,2,15.61,S,6,0,1
1348,3,male,32.2,5,0,3.92,S,6,0,1
1350,1,female,32.7,1,4,43.35,S,6,0,1
1351,3,female,27.2,0,4,70.16,S,5,0,0
1352,1,female,38.7,1,2,5.1,S,4,0,0
1354,3,female,32.8,0,0,21.31,S,1,1,0
1355,3,female,34.4,4,0,75.26,S,5,0,1
1356,1,male,38.1,0,1,9.52,S,2,0,1
1357,3,male,6.0,3,2,5.8,S,6,0,0
1358,2,female,24.1,3,4,4.88,S,8,0,0
1359,3,male,34.3,3,1,5.38,S,5,0,0
1360,2,female,24.9,0,2,65.17,S,3,0,1
1361,2,male,25.0,3,4,30.95,S,8,0,0
1362,3,male,34.2,5,0,17.47,S,6,0,1
1363,2,female,34.6,5,0,64.49,S,6,0,1
1364,1,male,35.5,4,0,11.32,S,5,0,1
1365,2,female,17.9,4,3,84.13,S,8,0,0
1366,3,female,9.2,0,0,45.52,S,1,1,1
1368,2,male,18.6,1,1,19.87,S,3,0,0
1369,1,male,17.6,4,1,59.14,S,6,0,0
1371,3,female,45.1,4,3,139.33,S,8,0,0
1373,2,male,33.8,3,2,44.75,S,6,0,0
1374,1,male,38.7,4,3,4.66,S,8,0,0
1375,1,male,28.4,3,3,3.65,S,7,0,1
1376,1,female,43.2,2,4,32.8,S,7,0,0
1377,3,male,12.2,5,1,34.66,S,7,0,0
1378,3,male,13.8,2,4,5.11,S,7,0,0
1379,3,female,13.0,5,0,61.57,S,6,0,0
1380,1,female,34.9,5,2,66.22,S,8,0,0
1381,3,female,36.1,2,3,17.24,S,6,0,0
1383,3,male,25.7,1,4,22.88,S,6,0,0
1384,3,male,46.8,0,1,1.16,S,2,0,1
1385,1,female,19.3,1,2,3.03,S,4,0,0
1386,1,female,33.1,5,3,48.42,S,9,0,1
1387,3,male,19.4,4,0,21.44,S,5,0,0
1388,2,female,44.3,0,2,30.21,S,3,0,1
1390,2,male,9.4,4,4,15.28,S,9,0,0
1392,3,female,0.0,1,4,49.47,S,6,0,0
1394,2,female,57.7,2,2,4.79,S,5,0,0
1395,3,female,0.0,5,1,0.68,S,7,0,1
1396,3,male,9.0,3,4,0.57,S,8,0,0
1399,3,female,23.2,2,1,8.42,S,4,0,1
1401,3,male,33.5,1,4,32.0,S,6,0,0
1402,2,female,41.4,3,1,8.85,S,5,0,0
1403,3,male,68.9,0,0,35.86,S,1,1,1
1404,3,female,47.3,5,0,55.47,S,6,0,1
1405,3,male,10.8,4,0,15.55,S,5,0,0
1406,1,male,28.8,0,1,40.55,S,2,0,1
1408,3,female,19.4,5,3,12.72,S,9,0,0
1409,3,male,39.9,0,4,36.73,S,5,0,1
1410,2,female,38.8,1,3,85.92,S,5,0,0
1413,3,male,33.0,4,3,12.05,S,8,0,0
1414,3,female,20.1,4,0,15.9,S,5,0,0
1415,2,male,10.9,0,2,33.86,S,3,0,1
1416,3,male,32.1,3,3,12.67,S,7,0,0
1417,3,female,23.3,2,4,20.32,S,7,0,0
1418,3,male,24.7,4,1,45.53,S,6,0,0
1419,2,male,44.7,1,1,8.69,S,3,0,1
1420,3,male,48.2,4,0,40.34,S,5,0,0
1422,2,male,26.1,3,2,63.77,S,6,0,0
1423,3,female,22.9,0,1,0.77,S,2,0,0
1424,3,male,33.4,3,2,3.86,S,6,0,1
1425,3,male,0.0,2,0,99.12,S,3,0,1
1426,2,female,8.5,4,4,4.3,S,9,0,0
1427,3,male,27.4,5,4,21.41,S,10,0,1
1429,3,male,30.1,5,2,53.46,S,8,0,1
1430,2,male,38.4,1,2,3.25,S,4,0,0
1432,3,male,46.9,5,0,22.48,S,6,0,0
1433,2,male,49.8,5,1,8.71,S,7,0,1
1434,2,male,18.4,0,1,34.67,S,2,0,0
1436,3,male,36.1,0,4,28.22,S,5,0,0
1437,3,male,64.1,4,4,57.59,S,9,0,1
1438,3,male,17.8,5,3,38.25,S,9,0,0
1440,2,male,14.5,3,0,2.61,S,4,0,1
1441,2,male,15.4,1,4,44.08,S,6,0,0
1442,1,female,34.4,4,2,43.11,S,7,0,1
1443,3,female,31.9,1,1,60.78,S,3,0,0
1444,1,male,36.6,0,2,7.23,S,3,0,1
1446,3,male,25.7,3,0,27.51,S,4,0,1
1447,3,female,25.6,5,4,5.41,S,10,0,1
1449,2,male,19.2,5,1,53.56,S,7,0,1
1450,3,male,28.2,0,1,13.02,S,2,0,0
1451,1,female,31.8,4,0,0.36,S,5,0,0
1452,1,female,39.0,2,4,33.67,S,7,0,1
1454,1,male,50.8,3,3,6.97,S,7,0,0
1455,3,female,15.4,4,1,0.53,S,6,0,1
1456,3,male,25.7,1,4,27.61,S,6,0,1
1457,3,male,16.6,0,2,26.41,S,3,0,1
1458,2,female,46.9,1,1,3.25,S,3,0,0
1459,3,male,22.0,3,1,1.66,S,5,0,1
1461,3,male,49.3,1,2,48.64,S,4,0,1
1462,1,female,34.8,3,4,98.35,S,8,0,0
1463,3,male,33.1,1,3,2.5,S,5,0,1
1464,1,female,29.5,0,4,39.41,S,5,0,1
1465,1,male,24.6,1,0,6.8,S,2,0,0
1468,3,male,54.5,5,0,27.3,S,6,0,1
1470,2,male,31.9,2,1,1.61,S,4,0,0
1471,3,female,39.0,1,4,84.1,S,6,0,1
1472,2,male,25.0,5,2,1.8,S,8,0,1
1474,3,male,7.9,4,1,18.13,S,6,0,0
1477,2,male,27.6,1,2,0.01,S,4,0,1
1478,2,male,16.7,5,4,8.14,S,10,0,1
1479,3,female,40.1,1,1,22.27,S,3,0,0
1480,2,male,12.9,1,2,37.93,S,4,0,1
1482,1,female,28.2,4,0,9.27,S,5,0,0
1483,2,female,50.3,3,0,7.04,S,4,0,0
1484,2,male,38.0,4,3,0.46,S,8,0,0
1485,3,male,19.9,2,0,59.22,S,3,0,0
1486,3,male,5.5,0,2,15.24,S,3,0,0
1487,3,male,29.6,0,3,63.92,S,4,0,1
1488,3,female,32.5,0,1,12.52,S,2,0,0
1489,2,male,28.0,3,2,45.14,S,6,0,0
1490,1,male,54.3,2,0,2.31,S,3,0,0
1492,2,male,0.0,0,0,70.93,S,1,1,0
1493,2,male,23.3,2,4,9.85,S,7,0,0
1495,2,female,34.4,1,1,6.99,S,3,0,1
1496,2,male,26.5,3,0,64.75,S,4,0,0
1497,1,male,24.2,2,4,10.79,S,7,0,0
1498,2,male,1.0,5,3,8.42,S,9,0,0
1500,2,male,24.3,4,2,35.48,S,7,0,0
1504,1,female,15.6,1,1,63.55,S,3,0,0
1509,1,male,49.2,4,0,61.7,S,5,0,1
1510,3,male,31.1,4,3,5.13,S,8,0,1
1513,3,male,12.6,0,1,0.83,S,2,0,0
1514,3,male,17.7,3,4,13.08,S,8,0,0
1516,3,female,13.1,5,2,7.34,S,8,0,1
1517,3,male,36.8,1,4,66.07,S,6,0,1
1518,3,male,24.0,3,0,70.42,S,4,0,0
1519,1,male,16.0,4,1,100.58,S,6,0,1
1522,3,female,17.4,0,4,25.99,S,5,0,0
1523,3,male,27.9,0,2,50.31,S,3,0,0
1524,3,female,21.9,0,0,11.01,S,1,1,0
1525,3,female,60.0,4,3,8.82,S,8,0,0
1526,2,female,43.8,1,1,23.34,S,3,0,0
1527,3,male,20.7,3,4,21.05,S,8,0,0
1530,3,male,30.9,1,0,41.55,S,2,0,0
1532,2,male,30.2,3,1,21.41,S,5,0,1
1535,3,male,52.8,5,1,71.17,S,7,0,0
1536,3,male,29.8,3,1,15.51,S,5,0,0
1538,3,male,28.7,2,1,25.01,S,4,0,0
1539,3,male,28.1,4,0,10.09,S,5,0,0
1540,1,male,59.7,2,2,10.02,S,5,0,1
1541,3,male,24.3,5,0,2.59,S,6,0,0
1542,3,male,12.2,0,1,33.77,S,2,0,0
1544,3,male,31.7,2,3,36.99,S,6,0,1
1545,3,male,36.9,4,0,26.84,S,5,0,0
1546,3,male,39.6,3,0,39.81,S,4,0,1
1547,1,female,56.4,0,0,108.63,S,1,1,0
1548,3,female,20.7,0,0,13.13,S,1,1,0
1549,1,male,19.4,2,4,18.03,S,7,0,1
1550,1,female,3.0,3,0,10.79,S,4,0,1
1551,2,male,38.3,4,4,0.54,S,9,0,0
1553,3,female,41.5,1,0,2.38,S,2,0,1
1554,3,male,22.1,2,0,62.55,S,3,0,0
1555,2,male,53.2,1,3,40.24,S,5,0,0
1557,3,male,43.3,2,1,12.72,S,4,0,0
1559,3,male,36.4,0,1,51.19,S,2,0,1
1560,1,male,13.4,4,2,40.59,S,7,0,0
1561,3,male,36.4,5,3,0.94,S,9,0,0
1562,3,male,30.8,2,1,49.23,S,4,0,1
1563,3,female,3.4,3,2,68.21,S,6,0,0
1564,3,female,50.8,5,0,3.01,S,6,0,1
1565,3,male,24.2,0,3,47.04,S,4,0,0
1566,3,male,49.7,4,3,9.28,S,8,0,1
1567,3,female,28.1,5,3,6.11,S,9,0,0
1568,3,female,42.8,0,2,25.12,S,3,0,1
1569,2,male,17.0,0,4,25.74,S,5,0,0
1570,2,female,32.0,4,3,20.37,S,8,0,0
1571,1,male,31.0,5,2,74.27,S,8,0,0
1572,3,female,24.5,4,4,8.85,S,9,0,1
1573,3,male,16.8,4,2,29.53,S,7,0,1
1576,3,female,38.8,3,3,4.56,S,7,0,0
1577,3,male,9.5,1,0,2.77,S,2,0,1
1578,1,male,12.4,5,3,157.7,S,9,0,0
1579,3,female,8.9,5,3,27.55,S,9,0,0
1581,3,male,16.5,2,3,16.79,S,6,0,0
1582,3,male,46.1,1,4,29.67,S,6,0,0
1584,2,female,31.8,2,2,136.86,S,5,0,1
1586,1,male,18.3,3,1,4.26,S,5,0,1
1587,2,female,18.3,3,0,23.7,S,4,0,0
1588,1,female,39.0,1,2,1.84,S,4,0,0
1590,2,female,38.8,3,4,149.88,S,8,0,1
1591,3,female,22.4,0,3,53.39,S,4,0,1
1592,3,female,23.5,1,0,9.89,S,2,0,0
1593,2,female,16.0,0,0,51.43,S,1,1,0
1594,3,female,39.8,2,4,31.63,S,7,0,1
1596,1,male,0.0,3,3,26.71,S,7,0,0
1599,3,female,48.0,2,4,34.44,S,7,0,1
1602,3,male,27.5,4,1,7.38,S,6,0,0
1603,3,female,49.5,5,1,30.02,S,7,0,0
1605,3,female,58.6,4,2,25.42,S,7,0,0
1609,3,male,29.3,3,2,17.73,S,6,0,0
1611,3,male,30.4,1,2,6.81,S,4,0,1
1613,1,male,46.6,1,3,40.37,S,5,0,0
1615,2,male,27.4,0,3,16.95,S,4,0,1
1616,1,male,18.3,1,4,5.74,S,6,0,1
1617,2,male,25.4,0,0,30.67,S,1,1,1
1619,3,male,18.1,2,4,22.23,S,7,0,1
1621,3,female,22.3,5,2,6.91,S,8,0,0
1622,2,male,28.3,1,4,3.22,S,6,0,0
1623,3,female,48.1,0,2,14.15,S,3,0,1
1624,3,female,12.8,0,4,64.66,S,5,0,0
1625,3,male,32.2,4,1,29.72,S,6,0,1
1626,3,male,25.1,1,1,48.32,S,3,0,0
1628,3,male,50.6,0,1,12.03,S,2,0,0
1629,2,female,30.1,5,1,15.74,S,7,0,0
1630,1,male,16.2,5,4,62.92,S,10,0,1
1631,3,female,41.4,0,3,34.94,S,4,0,0
1632,3,male,40.4,5,3,21.58,S,9,0,1
1633,1,female,15.0,2,3,11.44,S,6,0,1
1636,3,female,28.5,3,4,24.63,S,8,0,0
1637,1,male,22.4,3,3,1.42,S,7,0,0
1639,3,male,20.7,4,1,43.83,S,6,0,1
1640,3,female,34.9,0,0,15.69,S,1,1,0
1642,3,male,24.3,0,0,23.79,S,1,1,0
1643,3,female,3.4,2,4,76.25,S,7,0,1
1646,3,male,43.0,3,4,2.14,S,8,0,0
1650,1,female,31.3,1,1,0.1,S,3,0,0
1651,1,male,25.7,0,0,64.66,S,1,1,0
1652,2,male,47.9,1,2,114.37,S,4,0,0
1654,3,male,35.0,2,2,21.09,S,5,0,0
1655,3,male,25.6,2,4,30.66,S,7,0,1
1656,3,male,50.4,2,4,118.19,S,7,0,0
1659,1,male,17.3,4,2,26.65,S,7,0,0
1661,1,male,23.8,3,3,45.78,S,7,0,0
1663,3,female,1.2,1,4,82.66,S,6,0,0
1664,1,female,34.8,0,4,51.51,S,5,0,1
1665,1,male,13.8,1,3,12.65,S,5,0,1
1668,3,male,14.2,1,4,3.36,S,6,0,0
1669,2,female,36.0,5,3,37.49,S,9,0,1
1671,2,female,38.3,2,3,12.28,S,6,0,1
1672,3,male,14.6,1,2,32.52,S,4,0,1
1674,3,female,20.4,2,3,97.2,S,6,0,1
1675,2,female,42.4,0,4,2.22,S,5,0,0
1676,3,male,35.0,4,2,12.76,S,7,0,0
1678,1,male,43.6,2,2,16.26,S,5,0,0
1679,2,female,36.1,3,2,69.38,S,6,0,1
1680,3,male,9.6,0,2,5.23,S,3,0,0
1681,3,male,5.6,3,4,2.21,S,8,0,1
1683,3,male,52.1,3,4,114.48,S,8,0,1
1684,2,male,14.8,3,4,2.97,S,8,0,0
1685,2,male,55.3,0,0,33.75,S,1,1,1
1686,2,male,14.1,3,0,18.59,S,4,0,1
1689,3,female,42.0,2,2,0.94,S,5,0,1
1690,3,male,36.8,1,1,44.18,S,3,0,0
1691,2,male,38.5,4,2,28.43,S,7,0,0
1692,3,male,17.8,3,1,18.24,S,5,0,0
1693,1,female,40.7,4,4,12.48,S,9,0,0
1694,3,male,32.4,4,4,73.5,S,9,0,0
1696,3,male,30.3,3,2,4.88,S,6,0,0
1697,3,female,43.8,4,2,0.48,S,7,0,0
1699,1,female,0.0,1,0,62.3,S,2,0,0
1700,3,male,41.5,5,3,50.5,S,9,0,1
1701,1,male,40.4,0,3,3.46,S,4,0,0
1702,1,male,23.7,4,4,48.43,S,9,0,0
1703,3,male,30.6,4,4,32.79,S,9,0,0
1704,3,male,30.6,4,2,15.69,S,7,0,0
1705,1,female,1.3,5,4,2.81,S,10,0,0
1706,3,male,23.4,5,2,29.51,S,8,0,1
1709,3,male,21.6,4,4,17.67,S,9,0,1
1710,3,male,38.3,5,3,56.08,S,9,0,0
1711,2,female,17.7,4,2,7.57,S,7,0,0
1712,3,male,41.7,2,4,6.06,S,7,0,1
1714,3,male,48.0,5,4,34.19,S,10,0,0
1715,3,male,53.3,3,2,77.82,S,6,0,1
1716,2,male,53.4,3,3,13.02,S,7,0,0
1717,1,male,12.4,3,3,7.22,S,7,0,1
1718,2,male,33.8,4,0,17.92,S,5,0,1
1720,2,male,74.9,3,3,89.03,S,7,0,0
1721,2,female,37.6,0,1,79.88,S,2,0,0
1722,3,male,48.8,0,3,17.88,S,4,0,0
1723,3,female,35.1,5,2,17.02,S,8,0,0
1724,3,male,0.0,1,4,18.84,S,6,0,1
1725,3,female,18.0,2,1,42.0,S,4,0,0
1726,1,male,19.4,3,3,25.56,S,7,0,0
1727,1,male,23.5,2,4,10.87,S,7,0,1
1728,3,female,34.0,0,0,46.85,S,1,1,1
1729,3,male,36.0,5,3,74.93,S,9,0,0
1730,3,male,0.0,3,1,40.48,S,5,0,0
1731,1,male,25.7,4,2,6.93,S,7,0,1
1733,3,female,48.3,1,4,144.17,S,6,0,0
1734,3,female,37.3,3,3,36.98,S,7,0,0
1735,3,female,26.4,1,2,8.95,S,4,0,1
1736,3,female,32.1,5,2,0.18,S,8,0,0
1738,3,male,38.3,1,3,20.33,S,5,0,0
1739,3,female,23.5,1,4,76.93,S,6,0,0
1740,3,male,17.7,4,0,30.94,S,5,0,1
1742,3,male,32.8,4,0,37.66,S,5,0,1
1744,1,male,20.5,4,0,7.68,S,5,0,0
1745,3,female,34.1,0,0,43.66,S,1,1,0
1746,3,male,33.0,4,2,11.29,S,7,0,0
1747,1,male,29.4,0,2,1.01,S,3,0,0
1748,3,female,12.2,0,4,21.97,S,5,0,1
1749,1,female,14.2,5,2,34.34,S,8,0,0
1750,3,male,18.5,3,3,49.79,S,7,0,0
1752,1,male,28.4,3,0,17.68,S,4,0,0
1755,3,male,55.3,2,0,7.05,S,3,0,1
1756,2,female,40.9,3,4,14.75,S,8,0,1
1758,3,male,35.5,2,1,20.07,S,4,0,0
1759,3,female,30.0,5,0,33.66,S,6,0,0
1760,1,female,34.7,4,3,24.83,S,8,0,0
1761,3,female,32.2,3,1,47.62,S,5,0,1
1762,1,male,40.3,4,0,31.5,S,5,0,0
1764,3,female,39.1,4,0,4.09,S,5,0,0
1765,1,male,31.3,2,2,32.67,S,5,0,0
1766,3,male,3.7,0,1,7.62,S,2,0,1
1767,2,male,30.2,2,4,12.28,S,7,0,0
1769,3,female,21.5,0,0,7.95,S,1,1,0
1770,3,female,26.8,3,0,24.7,S,4,0,0
1771,3,male,7.9,1,2,3.19,S,4,0,1
1772,3,male,28.2,3,1,17.24,S,5,0,1
1773,3,male,30.0,1,0,125.63,S,2,0,1
1774,3,female,39.6,0,4,98.8,S,5,0,1
1775,2,female,22.6,3,1,93.75,S,5,0,0
1776,3,male,32.8,4,1,28.94,S,6,0,1
1777,3,male,27.7,5,2,11.17,S,8,0,0
1778,2,female,23.1,4,0,14.03,S,5,0,0
1779,2,male,5.6,3,1,7.38,S,5,0,1
1781,2,male,39.4,0,4,5.92,S,5,0,1
1782,1,female,15.9,4,2,20.15,S,7,0,0
1783,3,male,26.0,5,2,0.88,S,8,0,1
1784,3,male,28.0,5,2,89.6,S,8,0,1
1785,3,female,44.4,4,0,26.39,S,5,0,1
1786,2,male,29.4,1,2,6.1,S,4,0,1
1787,3,male,33.0,5,4,17.23,S,10,0,0
1789,3,male,22.1,2,3,57.73,S,6,0,0
1790,3,female,13.1,0,0,4.11,S,1,1,0
1793,3,male,30.7,0,0,14.95,S,1,1,1
1794,2,male,49.7,1,4,14.16,S,6,0,0
1795,1,female,42.2,5,3,13.32,S,9,0,0
1797,1,male,0.5,2,4,4.07,S,7,0,0
1799,3,female,32.7,2,3,2.35,S,6,0,0
1801,3,male,41.5,2,0,15.77,S,3,0,1
1802,3,male,29.3,1,4,16.01,S,6,0,0
1805,3,male,18.2,5,2,19.34,S,8,0,1
1806,2,male,15.2,4,4,26.83,S,9,0,1
1808,3,male,23.6,1,1,6.8,S,3,0,0
1809,1,male,29.1,1,3,80.94,S,5,0,0
1810,3,male,27.6,0,1,56.72,S,2,0,1
1811,3,female,47.9,3,4,56.4,S,8,0,1
1812,3,male,35.4,1,0,24.27,S,2,0,0
1813,2,male,17.0,4,2,54.88,S,7,0,0
1814,3,female,18.9,4,1,31.6,S,6,0,0
1815,1,male,23.6,0,2,19.16,S,3,0,1
1816,2,male,23.6,1,3,44.68,S,5,0,0
1817,1,female,21.8,3,2,29.32,S,6,0,1
1818,3,male,13.6,0,3,0.06,S,4,0,1
1819,3,male,33.1,0,2,185.92,S,3,0,0
1821,3,female,15.7,0,2,27.14,S,3,0,0
1822,1,male,35.8,2,1,16.66,S,4,0,0
1823,1,female,40.9,2,1,3.38,S,4,0,1
1824,3,female,25.6,5,1,57.47,S,7,0,1
1825,1,male,53.9,1,3,36.72,S,5,0,0
1826,3,female,60.0,4,3,56.42,S,8,0,0
1827,1,male,36.0,3,4,21.17,S,8,0,1
1829,3,female,32.8,0,4,51.14,S,5,0,0
1831,1,male,16.8,1,0,0.13,S,2,0,0
1834,3,male,11.7,4,4,64.97,S,9,0,1
1835,1,female,37.7,4,3,30.82,S,8,0,1
1836,3,male,18.5,2,2,32.23,S,5,0,0
1838,1,female,39.5,3,1,16.49,S,5,0,1
1840,3,male,24.1,2,0,6.76,S,3,0,0
1843,3,male,46.8,5,2,22.96,S,8,0,0
1845,3,male,47.2,2,2,99.51,S,5,0,0
1846,3,male,5.7,3,4,65.14,S,8,0,0
1847,3,female,19.7,1,2,21.65,S,4,0,0
1848,2,male,43.4,4,1,59.49,S,6,0,1
1850,3,female,27.2,5,0,0.91,S,6,0,0
1851,1,female,22.4,3,3,81.69,S,7,0,1
1852,3,male,40.0,4,4,37.26,S,9,0,1
1853,3,female,1.3,0,2,35.67,S,3,0,1
1854,3,female,40.1,3,2,40.0,S,6,0,1
1855,3,male,30.3,2,3,8.15,S,6,0,0
1857,1,female,36.0,3,3,8.44,S,7,0,0
1858,3,male,23.6,3,1,50.65,S,5,0,1
1859,2,female,29.4,4,0,29.11,S,5,0,1
1860,2,male,28.4,3,0,14.35,S,4,0,1
1861,2,male,39.4,0,2,8.85,S,3,0,1
1862,2,male,31.2,3,4,51.48,S,8,0,0
1863,2,male,2.3,2,4,19.59,S,7,0,0
1864,2,male,9.5,5,2,30.27,S,8,0,1
1865,3,male,13.8,1,4,0.4,S,6,0,1
1866,3,male,35.4,4,4,17.98,S,9,0,0
1868,1,male,52.4,0,1,49.55,S,2,0,0
1870,3,male,47.3,4,2,5.85,S,7,0,1
1871,3,female,1.9,5,1,83.49,S,7,0,0
1872,1,female,29.2,4,1,0.58,S,6,0,0
1873,3,male,32.4,4,0,7.05,S,5,0,1
1874,3,male,32.4,5,1,8.8,S,7,0,1
1875,3,female,24.7,5,1,55.38,S,7,0,0
1878,1,female,41.1,1,1,37.98,S,3,0,0
1879,2,male,32.5,1,3,8.63,S,5,0,0
1881,3,male,25.1,0,1,45.06,S,2,0,1
1882,3,male,24.4,5,4,73.97,S,10,0,1
1883,3,female,36.3,2,3,77.65,S,6,0,1
1884,3,female,51.3,2,1,47.18,S,4,0,0
1885,2,female,9.5,2,4,50.61,S,7,0,0
1886,3,male,8.8,5,2,34.75,S,8,0,0
1887,3,male,32.7,3,3,42.6,S,7,0,0
1889,1,male,30.7,2,2,12.78,S,5,0,1
1890,3,male,28.7,4,4,19.61,S,9,0,0
1891,3,male,37.7,5,3,34.93,S,9,0,0
1892,1,male,25.0,5,3,17.3,S,9,0,1
1893,3,female,12.1,4,1,15.04,S,6,0,0
1894,3,female,17.9,4,2,26.53,S,7,0,0
1896,1,female,11.4,2,0,2.41,S,3,0,0
1898,3,male,29.9,4,3,83.39,S,8,0,0
1899,3,female,24.0,0,4,1.27,S,5,0,1
1900,2,female,31.9,0,0,24.11,S,1,1,0
1902,2,male,15.7,3,1,30.12,S,5,0,1
1903,2,female,13.0,3,0,13.95,S,4,0,0
1906,2,female,16.7,4,2,8.74,S,7,0,1
1907,1,male,25.7,2,0,30.23,S,3,0,0
1909,1,male,32.1,2,3,28.99,S,6,0,0
1910,3,female,20.5,2,2,46.25,S,5,0,0
1911,3,female,33.0,3,0,11.53,S,4,0,1
1912,3,male,38.3,4,1,10.62,S,6,0,1
1913,1,male,11.9,0,1,41.51,S,2,0,0
1914,1,male,32.8,4,2,22.72,S,7,0,0
1916,3,male,25.4,2,2,25.25,S,5,0,1
1917,2,male,24.5,2,0,34.83,S,3,0,0
1920,3,male,22.1,3,1,14.52,S,5,0,1
1921,1,male,25.3,1,2,67.27,S,4,0,0
1923,3,female,32.7,3,0,10.57,S,4,0,0
1924,2,male,30.6,1,1,47.54,S,3,0,1
1925,3,male,21.0,5,0,1.91,S,6,0,0
1926,1,female,44.1,2,2,139.92,S,5,0,0
1928,1,female,11.0,0,3,52.72,S,4,0,1
1929,3,male,31.3,3,3,28.06,S,7,0,0
1931,2,female,42.0,2,2,18.22,S,5,0,0
1933,1,male,29.7,1,3,34.7,S,5,0,0
1934,1,female,35.9,0,0,74.31,S,1,1,1
1935,3,female,24.8,1,3,1.13,S,5,0,1
1936,2,female,52.5,2,1,3.69,S,4,0,0
1937,2,female,36.1,4,3,37.54,S,8,0,1
1938,3,male,42.0,4,0,13.51,S,5,0,0
1939,3,female,25.9,0,1,36.24,S,2,0,0
1940,3,male,27.3,5,0,8.27,S,6,0,0
1941,1,female,40.4,2,4,31.67,S,7,0,0
1943,3,male,11.5,3,0,4.2,S,4,0,1
1944,1,male,30.8,4,3,84.84,S,8,0,1
1946,3,male,27.2,2,0,48.61,S,3,0,0
1947,3,male,34.3,0,3,38.2,S,4,0,0
1948,1,male,27.8,5,4,0.69,S,10,0,0
1949,2,male,0.0,4,2,22.48,S,7,0,0
1950,3,male,10.6,3,2,44.48,S,6,0,0
1951,1,male,42.6,0,4,7.82,S,5,0,0
1953,3,female,31.7,1,0,84.86,S,2,0,1
1955,3,male,17.4,4,0,25.38,S,5,0,1
1957,1,female,33.6,5,2,32.39,S,8,0,0
1958,3,female,35.0,0,2,40.1,S,3,0,1
1959,3,male,59.6,3,0,32.5,S,4,0,1
1960,3,female,22.3,0,3,45.06,S,4,0,0
1961,3,female,52.4,4,2,10.48,S,7,0,0
1962,3,female,17.0,2,0,22.68,S,3,0,1
1963,3,male,35.8,5,2,25.46,S,8,0,0
1965,3,male,27.2,4,4,6.22,S,9,0,0
1966,3,female,28.9,4,2,11.72,S,7,0,0
1969,3,male,17.2,0,3,23.63,S,4,0,0
1971,3,male,39.6,2,0,9.18,S,3,0,1
1972,3,male,48.4,3,4,93.69,S,8,0,0
1976,2,male,18.0,3,1,16.3,S,5,0,0
1977,3,male,13.1,0,0,25.0,S,1,1,0
1978,1,male,11.7,3,2,11.98,S,6,0,1
1979,3,female,29.0,1,2,6.02,S,4,0,1
1980,3,female,18.8,1,2,7.19,S,4,0,0
1981,2,male,45.8,1,4,20.11,S,6,0,1
1982,3,female,20.9,1,3,2.36,S,5,0,0
1983,3,female,30.3,0,2,8.55,S,3,0,0
1984,2,female,25.3,4,4,40.68,S,9,0,0
1985,1,female,9.3,1,2,7.74,S,4,0,0
1986,2,female,44.3,5,1,3.98,S,7,0,1
1988,3,male,40.3,4,0,143.53,S,5,0,0
1989,3,male,37.3,1,4,2.91,S,6,0,1
1990,1,female,18.4,5,1,18.18,S,7,0,1
1991,3,male,18.6,4,0,22.9,S,5,0,0
1994,2,male,34.4,4,1,8.68,S,6,0,1
1995,2,male,42.7,4,0,2.83,S,5,0,1
1996,3,female,21.6,2,3,18.44,S,6,0,1
1997,3,female,44.4,3,4,3.4,S,8,0,0
1998,3,male,23.1,4,4,65.56,S,9,0,0
2001,3,male,41.4,4,2,26.97,S,7,0,0
2002,3,male,41.6,1,3,14.5,S,5,0,1
2003,2,female,8.3,4,0,22.22,S,5,0,0
2005,3,male,62.3,0,4,19.9,S,5,0,1
2006,2,male,24.0,0,4,212.84,S,5,0,0
2008,3,female,46.4,3,3,2.06,S,7,0,0
2009,3,female,29.9,2,2,41.39,S,5,0,0
2010,3,male,28.9,3,0,3.4,S,4,0,0
2011,3,male,55.6,0,0,15.85,S,1,1,0
2012,3,male,10.0,5,1,49.37,S,7,0,1
2013,1,male,18.0,0,4,4.39,S,5,0,0
2014,2,female,34.8,5,3,11.08,S,9,0,0
2016,2,female,23.8,5,1,65.31,S,7,0,0
2017,1,male,23.6,5,1,5.12,S,7,0,1
2018,3,female,42.5,4,0,24.56,S,5,0,0
2019,3,male,38.7,3,4,10.3,S,8,0,1
2020,2,male,5.4,5,0,22.65,S,6,0,1
2021,2,male,19.3,3,1,5.86,S,5,0,0
2024,3,male,13.6,4,0,1.42,S,5,0,0
2025,2,female,35.3,5,0,94.34,S,6,0,0
2028,3,female,29.0,0,4,11.04,S,5,0,0
2030,3,male,48.4,0,0,30.89,S,1,1,0
2031,2,female,48.8,4,4,11.01,S,9,0,0
2034,3,female,14.2,4,4,16.23,S,9,0,0
2035,3,male,44.0,2,3,25.97,S,6,0,0
2036,1,male,40.5,2,0,51.45,S,3,0,0
2037,1,female,17.6,1,4,65.74,S,6,0,0
2038,3,male,19.4,3,1,8.97,S,5,0,0
2039,3,male,35.4,0,0,8.83,S,1,1,0
2040,3,male,12.5,5,3,14.7,S,9,0,1
2041,3,female,20.2,0,4,17.85,S,5,0,0
2042,1,female,14.4,2,4,60.37,S,7,0,0
2043,3,male,14.9,3,0,0.24,S,4,0,0
2045,3,male,41.7,5,4,7.95,S,10,0,1
2046,3,female,4.4,1,4,68.5,S,6,0,0
2047,3,female,35.1,5,1,12.22,S,7,0,1
2049,1,male,42.6,1,0,12.77,S,2,0,0
2052,1,female,17.6,2,2,44.05,S,5,0,0
2053,1,male,42.9,3,0,4.12,S,4,0,1
2054,3,male,36.0,5,1,13.89,S,7,0,1
2055,1,male,22.1,4,0,32.66,S,5,0,1
2056,3,male,41.7,0,3,28.44,S,4,0,0
2058,3,female,29.0,3,1,70.36,S,5,0,1
2060,1,male,36.5,2,3,40.04,S,6,0,0
2061,3,male,15.1,2,0,10.69,S,3,0,0
2062,3,female,24.8,5,2,21.01,S,8,0,1
2063,1,male,19.8,2,2,31.62,S,5,0,0
2066,3,female,13.5,1,3,119.46,S,5,0,0
2067,3,male,34.7,4,1,4.69,S,6,0,0
2068,3,male,8.3,5,0,2.78,S,6,0,0
2070,2,male,21.8,0,2,18.02,S,3,0,1
2072,3,male,31.8,2,2,11.68,S,5,0,0
2073,2,female,32.4,4,1,7.08,S,6,0,1
2074,3,male,12.7,5,2,7.64,S,8,0,1
2075,1,male,40.8,0,2,6.96,S,3,0,1
2076,1,male,29.7,0,4,9.08,S,5,0,0
2078,3,male,27.7,2,0,53.77,S,3,0,1
2079,3,male,30.8,3,1,24.39,S,5,0,1
2080,3,female,16.6,3,0,11.25,S,4,0,0
2081,3,female,26.9,0,3,13.54,S,4,0,0
2082,1,female,23.1,0,0,101.29,S,1,1,0
2083,3,male,19.1,2,1,6.5,S,4,0,1
2084,3,male,30.9,0,4,69.7,S,5,0,0
2085,3,male,34.1,4,0,42.72,S,5,0,0
2090,1,female,30.4,5,1,50.88,S,7,0,1
2091,3,female,31.3,0,0,53.29,S,1,1,1
2092,3,female,45.6,0,2,27.09,S,3,0,0
2093,2,female,12.1,5,1,46.83,S,7,0,0
2095,3,male,33.7,4,1,12.92,S,6,0,1
2097,1,male,48.4,3,2,18.31,S,6,0,1
2098,2,male,32.6,0,3,3.3,S,4,0,1
2099,1,male,42.4,2,0,33.45,S,3,0,0
2100,3,male,44.7,0,3,28.34,S,4,0,1
2101,3,female,34.8,0,0,3.46,S,1,1,0
2102,3,male,0.0,2,1,2.35,S,4,0,0
2104,1,male,32.0,3,2,57.35,S,6,0,1
2107,3,female,35.5,1,0,6.31,S,2,0,1
2109,3,male,57.9,0,4,47.02,S,5,0,1
2110,3,male,32.7,2,3,60.84,S,6,0,0
2111,3,male,47.9,5,4,27.78,S,10,0,0
2112,2,female,29.4,2,2,63.67,S,5,0,0
2113,3,male,39.5,0,3,62.21,S,4,0,1
2115,2,female,43.1,1,3,33.14,S,5,0,0
2117,2,male,41.4,5,4,26.35,S,10,0,0
2118,3,male,38.4,0,3,52.44,S,4,0,0
2119,2,male,26.8,5,2,31.72,S,8,0,1
2120,1,female,23.3,4,4,10.71,S,9,0,1
2121,3,male,24.8,4,4,37.03,S,9,0,0
2122,1,male,33.0,1,4,28.38,S,6,0,1
2123,3,male,46.0,2,1,31.38,S,4,0,0
2124,3,male,21.5,2,1,3.21,S,4,0,1
2125,3,female,5.2,1,2,4.3,S,4,0,1
2127,2,male,38.4,0,0,18.06,S,1,1,0
2129,3,male,45.6,1,3,3.11,S,5,0,0
2130,3,male,42.1,5,4,9.76,S,10,0,0
2132,3,male,22.3,0,1,130.32,S,2,0,0
2133,2,male,38.3,4,2,57.56,S,7,0,0
2135,3,male,4.9,1,4,44.16,S,6,0,1
2137,3,male,33.2,5,0,8.3,S,6,0,1
2138,3,female,32.7,4,0,43.93,S,5,0,0
2140,3,female,45.6,2,3,42.08,S,6,0,1
2141,3,female,26.0,0,1,72.21,S,2,0,0
2142,3,male,29.0,5,0,68.55,S,6,0,1
2144,3,female,26.5,4,3,87.34,S,8,0,0
2145,3,male,9.6,2,0,39.32,S,3,0,1
2146,3,female,32.0,5,1,37.14,S,7,0,0
2148,2,male,23.9,2,0,6.12,S,3,0,0
2149,1,female,27.1,4,1,48.66,S,6,0,1
2150,3,male,0.0,4,2,191.76,S,7,0,0
2151,3,female,45.9,4,4,40.73,S,9,0,0
2152,3,female,41.6,0,4,27.75,S,5,0,1
2155,2,female,49.3,3,3,33.57,S,7,0,0
2156,3,male,12.8,4,4,21.49,S,9,0,0
2161,3,male,25.0,1,3,3.91,S,5,0,1
2162,3,male,34.4,1,0,102.89,S,2,0,0
2165,3,male,16.0,5,1,6.78,S,7,0,1
2166,3,male,14.3,4,0,76.62,S,5,0,1
2169,2,female,26.6,4,3,1.16,S,8,0,0
2170,2,male,34.0,2,2,16.05,S,5,0,1
2171,1,male,36.3,3,1,21.76,S,5,0,0
2172,1,male,39.6,3,3,0.3,S,7,0,0
2173,1,male,34.7,2,1,34.6,S,4,0,1
2174,1,female,15.3,5,2,58.42,S,8,0,0
2175,3,male,37.1,1,1,0.8,S,3,0,1
2176,2,female,32.1,4,1,21.71,S,6,0,0
2177,2,male,59.7,5,2,1.1,S,8,0,1
2178,3,male,29.1,4,4,66.11,S,9,0,1
2180,3,male,27.7,0,1,1.93,S,2,0,0
2181,3,female,29.7,2,1,62.39,S,4,0,0
2186,2,male,23.1,3,0,26.88,S,4,0,1
2188,1,male,39.0,0,0,17.68,S,1,1,1
2189,1,male,16.7,1,3,99.12,S,5,0,1
2191,3,male,35.3,1,4,16.19,S,6,0,1
2193,3,male,14.4,3,3,2.53,S,7,0,0
2194,1,male,53.0,1,0,10.97,S,2,0,0
2195,2,male,15.5,1,0,8.22,S,2,0,0
2196,1,female,7.7,5,1,36.47,S,7,0,0
2197,3,male,18.0,0,1,29.64,S,2,0,1
2198,1,male,32.2,1,3,45.59,S,5,0,0
2199,3,female,30.0,3,1,17.81,S,5,0,0
2201,3,male,18.2,1,1,6.46,S,3,0,0
2202,2,female,32.3,4,4,71.3,S,9,0,0
2203,2,male,44.8,5,1,2.49,S,7,0,0
2204,1,male,19.8,3,1,28.85,S,5,0,1
2205,3,female,38.9,1,4,8.43,S,6,0,1
2206,3,female,3.3,4,0,7.72,S,5,0,0
2208,3,male,42.9,1,2,124.05,S,4,0,0
2210,3,male,40.6,4,4,5.12,S,9,0,1
2211,1,female,47.4,5,4,14.54,S,10,0,1
2212,3,male,11.0,4,3,19.47,S,8,0,0
2216,1,male,35.1,0,2,34.18,S,3,0,1
2217,3,female,30.0,4,0,23.32,S,5,0,0
2219,2,male,36.2,2,2,5.45,S,5,0,0
2220,1,female,30.5,0,2,6.21,S,3,0,1
2221,3,female,0.0,0,1,13.59,S,2,0,0
2222,3,male,38.0,1,0,4.72,S,2,0,0
2223,3,male,39.2,5,4,209.84,S,10,0,0
2224,3,male,11.6,0,3,18.89,S,4,0,0
2225,1,male,12.6,4,1,24.78,S,6,0,0
2226,3,male,36.2,1,1,30.67,S,3,0,0
2227,3,male,31.7,0,1,6.97,S,2,0,0
2229,1,male,17.5,1,3,2.08,S,5,0,0
2230,3,male,33.4,5,0,111.33,S,6,0,1
2231,3,male,38.5,1,4,20.49,S,6,0,0
2232,3,female,20.8,1,0,0.96,S,2,0,1
2234,3,male,16.7,5,3,3.38,S,9,0,1
2235,3,male,47.5,4,0,49.94,S,5,0,0
2237,2,male,19.7,5,1,79.48,S,7,0,0
2239,3,female,11.3,3,0,39.9,S,4,0,0
2240,1,female,54.4,0,0,5.42,S,1,1,1
2241,3,male,26.6,2,2,2.52,S,5,0,0
2242,2,male,23.4,1,3,55.06,S,5,0,0
2243,1,female,26.0,1,1,38.02,S,3,0,1
2244,3,male,20.2,5,4,76.03,S,10,0,1
2245,3,female,27.5,4,4,78.73,S,9,0,0
2246,1,female,29.5,5,1,13.65,S,7,0,0
2247,3,female,29.2,1,3,12.28,S,5,0,1
2248,3,male,11.3,4,4,18.66,S,9,0,0
2250,1,male,21.3,0,1,0.16,S,2,0,0
2251,3,male,19.8,3,4,24.48,S,8,0,1
2252,2,male,19.1,5,4,0.64,S,10,0,1
2253,2,female,14.3,4,1,19.17,S,6,0,1
2256,1,female,18.9,0,0,12.07,S,1,1,0
2258,3,male,14.6,0,0,101.21,S,1,1,0
2260,3,male,11.8,2,0,40.65,S,3,0,1
2261,2,male,20.6,0,3,36.79,S,4,0,0
2262,3,male,21.3,2,1,65.02,S,4,0,1
2263,2,female,28.8,3,2,13.03,S,6,0,0
2264,3,male,8.6,4,2,1.85,S,7,0,0
2265,1,male,37.1,2,1,112.89,S,4,0,1
2266,2,female,52.3,3,4,14.4,S,8,0,0
2269,2,male,38.4,5,2,6.77,S,8,0,0
2271,3,male,28.4,5,0,45.07,S,6,0,0
2273,2,male,38.6,3,4,0.96,S,8,0,1
2275,2,male,17.6,3,0,70.2,S,4,0,0
2278,1,male,41.4,0,0,16.47,S,1,1,1
2279,1,male,50.5,1,3,43.75,S,5,0,0
2281,2,male,37.3,4,0,8.45,S,5,0,0
2282,2,female,32.7,1,4,187.11,S,6,0,0
2284,2,male,13.2,1,1,127.44,S,3,0,0
2285,3,male,21.9,5,4,83.54,S,10,0,0
2286,3,male,41.6,2,1,40.13,S,4,0,1
2287,1,female,14.2,2,1,27.91,S,4,0,0
2288,3,male,32.4,0,0,0.15,S,1,1,0
2289,3,female,28.8,0,3,32.28,S,4,0,0
2290,2,female,26.3,2,0,47.37,S,3,0,0
2291,3,male,37.0,5,4,42.24,S,10,0,0
2292,2,female,13.4,5,1,6.04,S,7,0,0
2293,3,female,18.1,1,0,25.17,S,2,0,0
2294,3,male,27.1,5,4,25.57,S,10,0,0
2295,3,male,12.2,0,4,33.86,S,5,0,0
2297,3,male,17.8,0,0,38.34,S,1,1,0
2299,3,male,16.7,1,4,0.61,S,6,0,0
2300,2,male,38.9,2,0,4.7,S,3,0,1
2301,3,male,6.5,2,3,1.32,S,6,0,0
2305,1,male,17.4,3,4,2.68,S,8,0,0
2307,3,female,7.6,2,2,89.9,S,5,0,0
2308,1,male,29.5,1,4,168.28,S,6,0,0
2309,2,female,17.7,1,3,1.65,S,5,0,0
2310,3,male,25.4,0,2,56.81,S,3,0,0
2311,3,female,20.0,5,1,20.94,S,7,0,1
2312,3,female,17.8,5,4,31.05,S,10,0,0
2313,3,female,52.9,3,0,22.57,S,4,0,1
2314,3,male,39.9,2,2,82.68,S,5,0,1
2315,3,male,8.3,1,3,20.83,S,5,0,0
2316,3,male,16.7,2,4,5.88,S,7,0,0
2317,3,male,41.0,3,2,48.43,S,6,0,0
2318,3,male,42.6,5,2,23.07,S,8,0,0
2320,2,female,38.8,4,0,19.81,S,5,0,1
2321,1,male,32.7,4,4,37.21,S,9,0,1
2322,3,female,1.8,3,0,11.22,S,4,0,0
2323,1,male,23.4,1,4,77.76,S,6,0,0
2324,3,male,27.1,4,1,60.7,S,6,0,1
2326,3,male,10.5,0,4,1.79,S,5,0,1
2328,3,female,20.3,0,2,17.19,S,3,0,1
2329,2,male,21.5,4,4,41.2,S,9,0,0
2330,3,female,21.7,4,2,9.94,S,7,0,0
2331,3,female,27.1,1,4,29.79,S,6,0,0
2332,1,male,33.3,4,3,25.87,S,8,0,0
2333,3,female,53.8,1,0,23.95,S,2,0,1
2334,1,female,41.2,3,3,3.94,S,7,0,0
2335,3,female,47.4,4,3,21.54,S,8,0,0
2338,1,male,40.2,5,0,19.77,S,6,0,0
2339,1,male,28.8,2,0,32.68,S,3,0,0
2340,3,female,39.2,5,1,26.95,S,7,0,1
2341,3,female,16.6,1,1,6.95,S,3,0,0
2343,2,male,26.5,2,0,43.03,S,3,0,0
2345,3,male,23.9,4,3,72.44,S,8,0,1
2346,2,male,35.9,3,1,76.4,S,5,0,1
2347,3,male,39.8,5,0,11.28,S,6,0,0
2349,1,male,33.8,1,1,13.49,S,3,0,0
2350,3,male,33.8,4,1,2.22,S,6,0,1
2351,3,female,39.3,0,3,48.64,S,4,0,1
2352,3,female,42.8,4,4,5.06,S,9,0,0
2353,1,male,54.4,3,4,64.4,S,8,0,1
2355,2,male,49.4,1,3,10.45,S,5,0,0
2357,1,male,13.7,2,4,29.76,S,7,0,0
2358,3,male,19.9,1,4,38.69,S,6,0,0
2362,3,male,18.3,2,0,57.55,S,3,0,0
2365,3,male,2.7,3,1,25.65,S,5,0,0
2366,3,male,0.0,1,4,32.66,S,6,0,0
2367,3,male,23.7,2,2,14.93,S,5,0,0
2368,3,male,32.5,5,4,25.19,S,10,0,0
2369,1,female,38.2,0,1,86.13,S,2,0,1
2371,2,male,10.2,0,1,3.58,S,2,0,1
2373,3,male,29.0,4,4,22.51,S,9,0,0
2374,2,female,43.1,0,2,17.71,S,3,0,1
2375,3,male,39.0,4,4,48.14,S,9,0,0
2377,3,male,34.0,4,0,31.94,S,5,0,1
2378,3,male,17.2,5,0,83.35,S,6,0,0
2379,2,male,30.0,5,2,1.93,S,8,0,1
2380,3,female,28.1,2,4,9.74,S,7,0,1
2381,3,male,48.7,2,3,73.12,S,6,0,1
2382,1,female,35.9,4,2,50.36,S,7,0,1
2384,2,female,18.4,4,0,5.93,S,5,0,0
2386,3,female,7.1,4,2,25.76,S,7,0,0
2387,3,male,25.8,1,2,62.99,S,4,0,0
2389,1,male,35.5,5,4,2.31,S,10,0,1
2390,3,female,37.6,4,3,111.97,S,8,0,0
2393,3,female,11.9,0,0,31.84,S,1,1,0
2394,2,female,20.5,2,3,11.65,S,6,0,1
2396,2,female,37.7,2,0,23.21,S,3,0,0
2397,3,male,25.5,5,1,86.06,S,7,0,0
2398,1,male,62.0,0,1,25.91,S,2,0,1
2400,3,male,46.4,1,1,37.08,S,3,0,0
2402,1,male,35.4,2,3,92.24,S,6,0,0
2403,3,male,34.4,4,1,21.33,S,6,0,0
2404,3,female,3.7,4,3,110.15,S,8,0,1
2405,3,female,14.3,5,1,0.84,S,7,0,0
2406,2,male,25.9,1,3,24.36,S,5,0,0
2408,1,male,27.3,3,0,32.76,S,4,0,1
2409,3,female,32.8,1,0,22.07,S,2,0,0
2410,2,female,0.0,4,4,26.72,S,9,0,1
2411,2,male,36.1,5,4,14.26,S,10,0,0
2412,1,male,29.9,2,0,1.69,S,3,0,0
2416,3,male,25.7,0,2,46.95,S,3,0,0
2417,2,female,33.0,2,4,4.19,S,7,0,0
2418,3,male,17.1,2,4,1.62,S,7,0,0
2419,3,male,1.0,2,0,0.56,S,3,0,0
2420,3,female,12.9,2,0,23.61,S,3,0,0
2421,1,male,28.1,0,2,22.24,S,3,0,0
2422,2,male,25.5,1,2,3.75,S,4,0,1
2423,3,female,28.7,1,4,13.62,S,6,0,0
2424,2,male,19.8,5,4,24.18,S,10,0,0
2425,1,female,10.6,0,4,36.05,S,5,0,1
2427,1,female,26.7,0,3,32.82,S,4,0,1
2429,2,male,18.5,1,3,28.23,S,5,0,1
2431,3,male,0.0,1,4,26.63,S,6,0,1
2432,3,male,23.4,0,4,15.09,S,5,0,1
2433,1,male,30.8,3,0,10.8,S,4,0,0
2434,1,male,25.7,4,4,21.03,S,9,0,1
2435,3,male,21.1,2,4,15.37,S,7,0,0
2437,3,female,2.5,1,1,8.22,S,3,0,0
2438,2,female,34.1,5,3,4.7,S,9,0,0
2440,3,male,23.9,1,4,8.93,S,6,0,0
2441,3,male,7.4,0,3,1.05,S,4,0,0
2442,3,male,15.5,1,0,15.66,S,2,0,1
2443,1,female,29.6,3,1,54.7,S,5,0,1
2447,3,male,20.9,5,4,39.73,S,10,0,0
2449,2,female,32.0,4,0,41.74,S,5,0,0
2450,3,female,30.5,1,2,16.94,S,4,0,0
2451,1,female,42.1,2,1,23.95,S,4,0,1
2452,3,male,20.3,0,0,28.49,S,1,1,0
2453,1,male,24.4,0,3,7.02,S,4,0,0
2455,3,male,42.1,1,1,28.19,S,3,0,0
2456,3,female,33.7,2,4,55.4,S,7,0,0
2458,1,female,31.9,2,0,23.77,S,3,0,0
2459,2,male,44.4,5,1,2.46,S,7,0,0
2463,1,male,29.0,3,3,114.65,S,7,0,0
2464,3,male,39.2,4,1,10.53,S,6,0,1
2465,3,female,61.6,1,1,34.23,S,3,0,0
2466,2,female,40.5,2,4,4.98,S,7,0,0
2467,1,male,41.8,5,0,40.68,S,6,0,0
2468,3,male,21.4,1,0,119.77,S,2,0,0
2469,2,male,31.2,2,1,134.51,S,4,0,0
2470,3,male,27.7,3,3,4.32,S,7,0,0
2471,2,male,48.7,2,4,46.85,S,7,0,1
2473,2,male,47.6,1,3,51.74,S,5,0,1
2474,2,female,10.8,0,4,12.97,S,5,0,0
2476,2,male,16.9,2,3,13.38,S,6,0,0
2477,3,male,41.0,0,3,46.55,S,4,0,1
2478,3,female,16.9,4,3,52.99,S,8,0,0
2482,3,male,40.8,4,0,0.42,S,5,0,1
2483,1,female,20.6,1,4,30.14,S,6,0,0
2484,3,male,37.1,3,1,58.68,S,5,0,0
2485,2,female,42.3,5,0,75.85,S,6,0,1
2488,3,male,14.0,4,0,16.57,S,5,0,0
2491,1,female,41.9,5,4,11.81,S,10,0,0
2492,3,male,36.8,0,2,29.1,S,3,0,1
2493,1,male,5.3,1,4,1.68,S,6,0,0
2494,2,male,21.9,1,4,5.07,S,6,0,0
2495,3,female,12.8,5,4,93.79,S,10,0,0
2496,3,male,41.1,2,1,0.31,S,4,0,0
2497,3,male,22.7,3,1,7.27,S,5,0,1
2499,3,male,31.4,0,1,38.4,S,2,0,0
2500,2,male,37.5,2,0,3.57,S,3,0,1
2503,1,male,16.4,2,1,65.97,S,4,0,1
2504,3,female,46.4,3,3,14.2,S,7,0,0
2506,3,male,18.9,4,4,36.28,S,9,0,1
2507,3,female,28.3,2,3,68.69,S,6,0,0
2508,1,male,26.1,3,3,117.6,S,7,0,1
2510,1,male,46.0,1,2,29.34,S,4,0,0
2511,2,male,46.1,3,1,18.02,S,5,0,1
2512,1,female,23.7,1,1,5.46,S,3,0,0
2513,3,male,33.3,1,3,52.79,S,5,0,0
2514,3,female,49.8,1,3,48.77,S,5,0,1
2516,3,female,16.7,5,4,2.86,S,10,0,0
2517,3,female,37.3,3,2,8.73,S,6,0,0
2518,3,male,34.9,2,3,56.25,S,6,0,1
2519,3,male,42.0,0,1,16.1,S,2,0,1
2520,3,male,46.4,4,4,20.68,S,9,0,1
2521,3,male,14.4,5,0,30.26,S,6,0,0
2522,2,female,19.3,5,1,16.8,S,7,0,0
2523,3,female,41.7,1,3,1.15,S,5,0,0
2524,1,male,31.1,0,4,29.64,S,5,0,1
2528,3,male,40.7,3,1,58.77,S,5,0,0
2529,3,male,10.1,0,4,98.81,S,5,0,1
2530,3,female,44.4,3,2,2.09,S,6,0,1
2531,2,male,26.2,2,0,5.15,S,3,0,1
2532,3,male,14.7,2,0,52.81,S,3,0,0
2534,3,female,11.9,4,1,0.16,S,6,0,1
2535,3,male,20.4,5,4,92.94,S,10,0,1
2536,1,male,2.8,5,4,19.39,S,10,0,1
2537,3,male,28.0,4,1,19.87,S,6,0,0
2538,3,female,37.2,5,1,67.51,S,7,0,1
2539,2,female,10.1,1,4,10.94,S,6,0,1
2540,3,female,29.2,2,4,28.03,S,7,0,1
2542,3,male,38.4,2,0,3.86,S,3,0,1
2545,3,male,3.6,1,0,23.55,S,2,0,0
2546,3,female,26.1,4,4,24.15,S,9,0,0
2547,3,male,19.1,2,3,18.4,S,6,0,0
2551,1,female,11.0,2,2,3.81,S,5,0,0
2552,2,male,12.1,5,4,11.18,S,10,0,1
2553,3,male,54.1,5,2,0.06,S,8,0,1
2555,2,female,11.4,4,2,20.34,S,7,0,1
2556,2,male,27.2,4,0,6.46,S,5,0,0
2557,1,male,25.7,4,3,9.78,S,8,0,0
2558,3,male,5.4,2,1,13.95,S,4,0,0
2559,3,female,18.4,0,3,1.29,S,4,0,0
2560,3,male,28.6,3,2,7.95,S,6,0,1
2561,3,female,46.7,5,3,47.97,S,9,0,1
2562,3,female,26.4,4,2,13.34,S,7,0,0
2564,3,female,17.6,0,1,7.05,S,2,0,0
2565,3,male,44.3,5,4,133.83,S,10,0,0
2566,3,male,41.6,4,1,5.14,S,6,0,0
2567,3,male,40.1,2,4,75.47,S,7,0,0
2568,3,male,30.6,0,4,2.69,S,5,0,1
2569,3,female,6.6,5,3,66.4,S,9,0,1
2570,3,male,44.2,2,1,22.63,S,4,0,0
2571,3,female,29.8,1,3,30.03,S,5,0,1
2572,3,female,24.7,4,4,9.03,S,9,0,0
2573,1,male,35.3,3,3,73.24,S,7,0,0
2574,3,male,32.1,0,2,28.31,S,3,0,0
2575,3,male,14.0,1,4,36.03,S,6,0,1
2577,1,male,2.3,1,4,4.28,S,6,0,0
2578,1,male,30.2,0,2,57.9,S,3,0,0
2580,3,female,3.9,0,4,11.05,S,5,0,0
2583,3,female,40.4,2,2,86.69,S,5,0,0
2585,2,male,13.6,1,1,35.2,S,3,0,1
2586,3,female,20.8,2,1,32.26,S,4,0,0
2588,2,female,5.1,1,3,18.18,S,5,0,0
2590,2,male,22.6,4,3,121.64,S,8,0,1
2591,3,male,15.3,4,0,54.37,S,5,0,1
2595,3,female,27.0,5,1,33.48,S,7,0,1
2596,1,female,28.9,3,4,4.67,S,8,0,0
2597,1,female,24.3,5,1,6.47,S,7,0,0
2598,3,male,6.9,5,4,24.91,S,10,0,0
2599,3,male,20.1,5,2,22.42,S,8,0,0
2600,2,female,20.1,0,2,16.85,S,3,0,1
2601,3,male,37.9,4,0,17.81,S,5,0,0
2602,1,male,34.9,1,4,6.05,S,6,0,1
2603,3,male,7.3,0,0,9.44,S,1,1,0
2604,1,female,23.6,4,4,21.72,S,9,0,0
2605,2,male,22.0,2,2,2.11,S,5,0,0
2606,1,female,56.4,2,0,13.92,S,3,0,0
2607,3,male,33.1,5,1,7.56,S,7,0,0
2610,1,male,23.7,2,2,4.83,S,5,0,1
2611,2,female,34.1,3,2,5.6,S,6,0,0
2613,2,male,31.8,3,4,3.42,S,8,0,1
2614,3,female,26.1,4,3,72.75,S,8,0,0
2616,2,female,27.2,2,0,22.49,S,3,0,0
2617,3,male,4.0,0,0,7.59,S,1,1,0
2619,1,female,20.9,2,3,56.35,S,6,0,0
2620,1,male,5.9,5,4,1.12,S,10,0,1
2621,3,female,62.9,1,1,42.18,S,3,0,1
2625,3,male,39.2,1,1,87.0,S,3,0,1
2626,3,female,12.7,3,4,6.52,S,8,0,0
2627,3,male,24.6,4,4,89.8,S,9,0,1
2628,3,male,15.7,3,4,2.31,S,8,0,0
2632,3,male,27.6,0,1,14.59,S,2,0,0
2633,3,male,39.8,5,0,90.45,S,6,0,0
2634,3,male,34.6,5,0,54.61,S,6,0,1
2635,3,male,43.8,4,0,12.74,S,5,0,1
2638,3,female,2.9,4,1,28.44,S,6,0,1
2639,3,female,29.6,3,4,6.42,S,8,0,1
2640,2,male,21.4,0,3,18.18,S,4,0,0
2641,3,male,9.3,0,2,2.24,S,3,0,0
2642,2,male,16.5,1,1,14.2,S,3,0,1
2644,3,male,26.2,5,4,28.49,S,10,0,0
2646,1,male,30.1,0,1,9.51,S,2,0,1
2649,3,male,25.0,3,2,9.53,S,6,0,0
2650,2,male,31.5,3,2,39.4,S,6,0,0
2652,3,male,41.0,2,2,4.76,S,5,0,0
2653,3,male,32.3,0,0,59.88,S,1,1,0
2654,1,male,35.0,0,1,8.64,S,2,0,1
2655,3,female,33.4,1,3,9.25,S,5,0,0
2656,1,female,24.6,0,3,19.9,S,4,0,1
2657,3,male,41.6,2,0,20.43,S,3,0,1
2660,3,female,14.4,1,3,38.08,S,5,0,0
2661,2,male,48.6,1,0,21.2,S,2,0,1
2662,3,male,24.9,0,3,72.25,S,4,0,0
2664,3,male,25.2,3,3,24.07,S,7,0,0
2667,3,female,28.0,3,3,24.08,S,7,0,1
2668,3,male,37.6,0,4,65.29,S,5,0,1
2669,3,male,22.5,4,4,108.67,S,9,0,0
2670,1,male,34.2,1,4,221.35,S,6,0,1
2671,3,male,26.6,0,0,45.56,S,1,1,0
2673,1,male,17.5,0,2,11.23,S,3,0,0
2677,1,male,5.4,1,3,9.97,S,5,0,0
2678,3,female,41.4,0,4,14.01,S,5,0,0
2679,2,male,4.6,4,2,48.44,S,7,0,0
2680,3,female,36.5,1,0,30.42,S,2,0,0
2682,3,male,36.9,5,0,80.53,S,6,0,0
2684,3,female,8.9,1,2,41.19,S,4,0,0
2685,3,female,48.0,0,4,34.1,S,5,0,0
2687,3,male,36.0,2,0,53.55,S,3,0,0
2688,3,male,20.0,0,1,144.41,S,2,0,0
2689,3,female,40.4,5,3,15.26,S,9,0,0
2691,2,female,0.0,3,4,45.64,S,8,0,0
2692,3,female,7.1,2,1,66.47,S,4,0,0
2693,2,female,16.1,4,0,1.79,S,5,0,0
2694,1,female,18.4,4,4,12.95,S,9,0,1
2695,3,male,22.9,5,2,52.67,S,8,0,0
2696,1,male,23.5,0,2,36.81,S,3,0,1
2697,3,male,19.9,3,3,45.05,S,7,0,0
2698,3,male,0.0,4,0,25.07,S,5,0,1
2699,3,male,31.7,4,2,15.39,S,7,0,1
2700,3,female,25.3,4,4,53.38,S,9,0,0
2701,1,male,19.3,0,4,25.88,S,5,0,1
2703,3,male,25.6,1,0,42.48,S,2,0,0
2704,2,male,29.8,5,0,6.78,S,6,0,1
2706,3,female,8.1,5,3,11.62,S,9,0,0
2707,1,female,28.7,0,3,0.69,S,4,0,0
2709,1,male,27.7,5,1,20.6,S,7,0,0
2710,1,female,10.8,2,0,74.74,S,3,0,1
2712,3,male,31.6,0,2,0.33,S,3,0,0
2713,3,male,0.0,3,4,16.82,S,8,0,0
2714,2,male,10.1,4,0,6.0,S,5,0,0
2715,2,male,56.6,3,3,81.26,S,7,0,0
2718,2,male,41.1,5,4,14.56,S,10,0,1
2720,3,male,24.7,1,1,2.77,S,3,0,1
2721,2,male,34.3,5,0,19.64,S,6,0,1
2722,1,male,49.3,4,1,34.85,S,6,0,1
2723,3,male,40.6,3,2,14.9,S,6,0,0
2724,3,male,31.3,4,4,15.96,S,9,0,0
2728,3,male,36.0,4,3,11.27,S,8,0,0
2729,3,male,19.2,4,0,21.11,S,5,0,0
2730,3,male,24.0,0,0,1.78,S,1,1,1
2731,3,female,14.6,0,0,18.0,S,1,1,0
2732,1,male,22.8,4,2,51.94,S,7,0,0
2733,3,female,19.4,5,1,5.63,S,7,0,1
2734,3,female,52.7,1,1,46.27,S,3,0,1
2736,3,male,34.4,5,3,0.88,S,9,0,1
2737,3,male,15.7,0,0,97.99,S,1,1,0
2739,2,male,33.1,5,3,13.04,S,9,0,0
2740,2,male,3.1,1,1,20.97,S,3,0,0
2742,3,female,15.6,1,0,27.85,S,2,0,0
2744,2,male,30.2,3,0,26.6,S,4,0,1
2746,3,male,14.1,0,0,26.59,S,1,1,0
2747,2,female,30.7,4,0,3.39,S,5,0,0
2748,1,male,23.1,1,1,3.98,S,3,0,1
2749,2,female,27.6,1,2,3.93,S,4,0,1
2751,2,female,35.8,5,4,5.25,S,10,0,1
2752,3,female,51.9,0,3,13.93,S,4,0,0
2755,2,male,9.4,1,3,3.81,S,5,0,0
2756,3,female,19.5,2,1,87.99,S,4,0,0
2757,3,male,36.9,2,4,23.87,S,7,0,1
2760,3,male,14.6,5,4,25.9,S,10,0,0
2761,3,male,22.9,5,1,3.65,S,7,0,0
2763,3,female,26.7,4,3,57.51,S,8,0,0
2765,2,male,24.9,2,3,68.67,S,6,0,1
2766,1,female,28.8,0,2,4.76,S,3,0,0
2767,3,female,13.8,4,0,55.94,S,5,0,0
2769,3,female,22.8,4,2,29.62,S,7,0,1
2770,3,female,28.0,4,0,28.44,S,5,0,0
2772,2,male,27.3,1,0,32.87,S,2,0,1
2773,1,female,42.7,1,2,16.28,S,4,0,0
2774,3,female,14.6,2,4,2.09,S,7,0,0
2776,3,female,40.8,2,4,18.7,S,7,0,0
2777,1,male,17.4,2,3,158.68,S,6,0,0
2778,2,male,26.5,5,1,18.03,S,7,0,0
2779,3,female,26.8,1,0,5.19,S,2,0,0
2781,3,female,35.6,4,1,1.15,S,6,0,1
2782,2,male,16.2,1,4,4.34,S,6,0,1
2783,1,male,28.2,2,4,20.54,S,7,0,1
2784,1,female,51.3,2,2,3.12,S,5,0,1
2786,1,male,40.1,0,1,5.49,S,2,0,1
2787,3,male,26.3,4,1,33.67,S,6,0,0
2788,2,female,58.8,4,1,4.01,S,6,0,1
2790,3,male,29.5,3,4,42.36,S,8,0,1
2791,3,male,32.1,3,4,83.06,S,8,0,1
2796,2,male,26.5,0,4,21.05,S,5,0,0
2797,3,male,8.4,4,1,96.72,S,6,0,1
2798,2,female,32.4,1,2,4.18,S,4,0,1
2799,3,male,38.9,3,4,18.17,S,8,0,0
2800,3,male,15.3,4,3,9.34,S,8,0,1
2801,3,male,27.7,1,3,5.4,S,5,0,1
2803,1,male,12.2,4,0,34.97,S,5,0,1
2804,3,male,25.0,4,2,21.12,S,7,0,0
2805,3,male,49.8,4,3,6.41,S,8,0,1
2806,1,male,31.2,2,4,1.03,S,7,0,1
2807,3,female,21.6,4,4,82.25,S,9,0,0
2808,2,male,28.9,1,1,12.07,S,3,0,0
2809,2,male,40.6,1,3,4.37,S,5,0,1
2811,1,male,37.4,5,2,9.35,S,8,0,1
2812,1,male,32.3,0,2,8.4,S,3,0,1
2813,2,female,33.4,1,3,10.49,S,5,0,0
2814,3,female,38.3,1,1,8.18,S,3,0,0
2815,1,male,24.9,1,0,18.02,S,2,0,1
2816,3,male,15.8,1,1,46.42,S,3,0,0
2817,3,male,35.6,0,3,0.88,S,4,0,0
2818,3,female,27.1,0,3,6.76,S,4,0,0
2819,1,female,22.7,5,1,39.83,S,7,0,0
2820,3,male,36.4,4,4,5.16,S,9,0,1
2821,1,male,46.9,5,4,43.27,S,10,0,0
2822,3,male,26.8,1,0,23.14,S,2,0,1
2823,2,male,29.1,1,0,68.28,S,2,0,0
2824,1,female,12.5,3,0,0.33,S,4,0,0
2825,3,male,25.9,3,3,49.09,S,7,0,1
2827,1,male,28.7,3,4,20.25,S,8,0,0
2828,2,male,23.9,4,1,5.04,S,6,0,0
2829,3,male,39.2,2,2,8.53,S,5,0,0
2830,1,female,29.8,3,1,49.34,S,5,0,0
2831,1,male,65.2,3,4,5.16,S,8,0,1
2835,1,male,36.4,4,3,9.41,S,8,0,1
2838,3,male,11.7,4,1,1.21,S,6,0,1
2839,3,female,22.3,2,1,82.59,S,4,0,0
2840,3,male,31.7,1,4,12.31,S,6,0,0
2841,1,male,34.4,0,4,29.01,S,5,0,1
2845,2,male,35.1,3,1,37.35,S,5,0,0
2846,3,male,33.7,4,1,66.06,S,6,0,1
2847,2,female,15.9,2,1,64.35,S,4,0,0
2848,2,male,14.3,4,2,13.15,S,7,0,0
2849,3,male,34.4,0,4,2.97,S,5,0,0
2853,3,female,35.7,1,4,0.84,S,6,0,1
2856,3,female,15.9,0,4,0.55,S,5,0,0
2857,3,male,41.2,4,1,22.74,S,6,0,0
2858,2,male,50.5,1,4,35.17,S,6,0,0
2859,3,male,17.2,5,3,13.92,S,9,0,0
2860,3,female,28.6,4,2,29.8,S,7,0,1
2861,1,male,41.8,5,1,59.84,S,7,0,0
2862,2,male,29.3,4,2,50.8,S,7,0,1
2863,1,male,36.9,0,3,68.96,S,4,0,0
2864,3,male,29.7,5,1,5.55,S,7,0,0
2865,1,male,14.2,2,1,8.14,S,4,0,0
2866,1,male,30.7,5,3,28.35,S,9,0,0
2868,3,male,33.4,0,0,3.63,S,1,1,0
2869,2,female,51.7,0,1,6.18,S,2,0,0
2870,1,male,4.2,0,2,82.02,S,3,0,1
2871,3,female,34.3,4,4,0.84,S,9,0,1
2873,2,female,16.7,5,0,7.58,S,6,0,0
2874,3,male,47.7,4,3,47.64,S,8,0,1
2875,3,female,25.4,1,2,63.75,S,4,0,0
2876,1,female,24.1,0,4,9.08,S,5,0,0
2877,2,male,33.8,4,4,28.52,S,9,0,0
2879,2,male,48.0,5,4,29.2,S,10,0,0
2880,2,male,55.7,5,4,29.38,S,10,0,0
2881,3,male,41.8,0,2,17.04,S,3,0,1
2882,3,female,34.8,2,3,33.87,S,6,0,0
2883,3,male,26.0,3,0,103.27,S,4,0,0
2884,1,female,13.9,1,0,11.4,S,2,0,0
2885,3,female,45.7,3,1,7.16,S,5,0,1
2887,3,male,35.3,0,3,1.99,S,4,0,0
2888,3,male,33.7,5,4,58.62,S,10,0,1
2889,3,male,33.2,1,2,76.98,S,4,0,1
2890,2,male,21.6,4,3,7.93,S,8,0,0
2892,3,female,25.0,5,2,4.2,S,8,0,1
2893,3,female,23.0,4,2,14.63,S,7,0,1
2894,1,male,44.7,0,2,19.56,S,3,0,0
2895,3,male,28.6,3,1,22.8,S,5,0,1
2896,1,male,28.7,2,4,4.18,S,7,0,0
2897,3,female,48.8,0,2,16.54,S,3,0,0
2899,2,male,39.2,4,0,22.19,S,5,0,0
2900,1,male,9.2,1,1,58.93,S,3,0,0
2901,2,male,34.6,1,4,96.56,S,6,0,1
2902,3,male,14.9,3,0,54.32,S,4,0,0
2903,1,male,22.6,1,2,1.55,S,4,0,0
2904,3,female,31.5,1,2,7.73,S,4,0,0
2905,3,male,28.5,1,2,2.93,S,4,0,0
2906,2,female,38.2,3,2,18.2,S,6,0,1
2908,3,female,40.8,5,1,1.05,S,7,0,0
2910,1,male,62.1,0,3,3.16,S,4,0,0
2912,3,male,46.0,5,1,83.03,S,7,0,1
2914,1,male,25.3,0,1,32.23,S,2,0,0
2915,1,male,8.6,4,1,15.66,S,6,0,1
2916,2,male,16.9,2,0,42.07,S,3,0,1
2917,3,female,29.7,2,4,43.48,S,7,0,1
2920,1,female,53.8,4,1,15.63,S,6,0,0
2922,3,male,22.2,1,4,5.5,S,6,0,1
2927,1,male,33.4,4,1,0.16,S,6,0,1
2929,3,female,17.0,4,1,8.16,S,6,0,0
2930,3,male,29.7,5,4,76.96,S,10,0,0
2931,3,male,25.3,0,1,61.35,S,2,0,1
2932,3,female,33.9,2,1,13.74,S,4,0,0
2933,1,female,6.2,3,2,7.58,S,6,0,0
2934,3,male,31.6,3,3,17.8,S,7,0,1
2935,3,female,19.4,3,1,86.77,S,5,0,0
2937,3,female,41.7,0,3,21.46,S,4,0,0
2938,3,female,21.2,0,1,25.24,S,2,0,1
2939,3,male,45.8,2,3,16.81,S,6,0,0
2940,3,male,4.6,1,4,92.67,S,6,0,0
2941,2,male,50.6,2,2,144.08,S,5,0,0
2942,3,female,46.3,3,2,10.92,S,6,0,0
2944,2,male,16.7,3,4,96.13,S,8,0,1
2945,2,female,8.1,2,1,20.52,S,4,0,0
2946,2,female,41.9,1,1,17.15,S,3,0,0
2948,2,female,23.3,2,4,91.7,S,7,0,0
2949,2,male,13.3,5,3,16.47,S,9,0,1
2952,1,female,29.3,2,3,7.5,S,6,0,1
2953,2,male,32.0,4,3,178.44,S,8,0,0
2954,3,male,23.4,4,4,6.7,S,9,0,1
2956,2,female,23.8,0,0,17.46,S,1,1,1
2957,3,male,36.9,2,4,2.8,S,7,0,1
2958,1,male,24.1,4,0,12.57,S,5,0,0
2959,3,female,51.8,3,0,2.78,S,4,0,1
2960,2,female,18.1,0,1,128.47,S,2,0,0
2961,1,female,39.6,3,3,9.86,S,7,0,0
2963,2,male,18.1,0,0,17.74,S,1,1,1
2965,3,female,13.5,2,4,9.42,S,7,0,1
2966,3,male,33.0,4,3,3.16,S,8,0,1
2969,1,female,56.9,1,2,3.71,S,4,0,0
2970,1,male,31.5,3,3,42.01,S,7,0,0
2971,3,male,29.0,1,2,29.13,S,4,0,0
2975,1,male,1.7,5,3,22.62,S,9,0,0
2976,3,male,36.9,5,3,6.3,S,9,0,1
2977,1,female,15.5,5,0,24.86,S,6,0,0
2978,2,male,46.3,4,3,5.68,S,8,0,1
2981,1,male,10.2,4,4,34.01,S,9,0,0
2982,3,female,11.3,3,4,36.43,S,8,0,1
2983,1,male,27.5,5,1,2.42,S,7,0,1
2985,3,male,22.3,1,4,1.13,S,6,0,1
2986,3,male,57.7,5,3,75.32,S,9,0,0
2987,3,male,37.5,4,4,48.26,S,9,0,0
2988,3,male,29.1,1,1,41.24,S,3,0,1
2989,1,male,0.0,2,1,8.75,S,4,0,1
2990,2,male,40.6,3,0,140.37,S,4,0,0
2991,3,female,70.9,5,0,82.6,S,6,0,1
2992,1,male,26.4,1,3,21.54,S,5,0,0
2994,3,male,31.3,5,2,22.92,S,8,0,0
2995,3,female,9.0,2,2,5.35,S,5,0,1
2996,3,male,35.5,3,0,28.74,S,4,0,0
2997,3,male,50.0,2,2,137.97,S,5,0,0
2999,3,male,20.1,1,4,12.45,S,6,0,1
3000,3,male,27.9,1,4,16.04,S,6,0,1
3002,3,female,7.8,2,1,3.74,S,4,0,0
3004,3,male,20.8,2,0,2.48,S,3,0,0
3005,2,female,48.1,2,1,17.14,S,4,0,1
3006,2,male,45.2,3,1,43.78,S,5,0,1
3007,3,female,48.6,3,1,16.08,S,5,0,0
3008,3,male,40.2,1,4,27.09,S,6,0,1
3012,3,male,33.9,5,0,27.61,S,6,0,0
3014,1,male,16.2,4,2,6.9,S,7,0,1
3016,3,male,0.3,0,2,15.91,S,3,0,1
3017,3,male,34.4,4,0,15.01,S,5,0,0
3018,2,male,11.7,1,4,4.3,S,6,0,0
3021,2,male,26.4,3,2,58.03,S,6,0,0
3022,3,male,19.0,2,1,17.59,S,4,0,1
3023,3,male,50.3,3,0,135.84,S,4,0,0
3024,3,male,7.6,3,1,48.43,S,5,0,0
3026,3,female,35.4,0,4,25.71,S,5,0,1
3028,3,male,19.7,5,4,47.61,S,10,0,1
3029,3,female,13.9,4,1,34.31,S,6,0,1
3030,3,male,33.7,1,0,9.93,S,2,0,0
3031,3,female,32.2,5,2,16.9,S,8,0,0
3032,3,female,30.7,0,1,49.51,S,2,0,1
3033,2,female,20.8,5,0,31.6,S,6,0,0
3034,3,female,18.5,5,1,100.32,S,7,0,0
3035,3,female,26.7,4,3,66.01,S,8,0,0
3036,3,male,42.5,5,4,17.83,S,10,0,0
3037,3,male,51.0,3,1,11.13,S,5,0,1
3039,3,male,36.1,0,0,16.76,S,1,1,0
3040,3,female,42.8,5,2,8.23,S,8,0,0
3041,3,male,12.5,0,4,0.54,S,5,0,1
3042,2,female,19.0,2,2,4.76,S,5,0,0
3043,1,female,36.3,3,4,19.31,S,8,0,0
3044,3,female,27.3,0,4,71.34,S,5,0,1
3045,3,male,33.7,3,1,12.39,S,5,0,1
3046,3,female,42.7,4,2,18.62,S,7,0,0
3047,1,male,40.5,0,2,15.51,S,3,0,0
3049,3,male,29.2,4,0,41.04,S,5,0,0
3050,1,female,16.1,5,3,22.57,S,9,0,0
3052,3,male,5.0,1,2,91.85,S,4,0,0
3053,3,male,30.9,3,4,10.35,S,8,0,0
3054,1,female,4.0,4,4,57.24,S,9,0,1
3058,2,male,29.7,0,3,62.57,S,4,0,0
3060,1,male,33.6,3,1,36.4,S,5,0,0
3062,3,female,30.8,0,1,24.58,S,2,0,0
3063,3,male,56.4,0,1,32.75,S,2,0,1
3064,3,female,13.7,5,1,13.31,S,7,0,1
3065,3,male,9.7,0,1,41.49,S,2,0,0
3066,1,male,37.6,2,3,34.2,S,6,0,0
3067,3,male,25.9,4,1,18.83,S,6,0,1
3068,3,male,21.6,1,4,32.22,S,6,0,0
3069,3,male,11.4,0,1,9.75,S,2,0,1
3071,3,male,8.6,2,1,35.74,S,4,0,0
3072,3,male,51.6,2,2,18.83,S,5,0,0
3073,3,male,28.9,5,0,9.18,S,6,0,0
3074,1,male,1.5,0,3,52.0,S,4,0,0
3075,3,male,45.6,4,2,44.89,S,7,0,1
3076,3,male,46.3,2,3,1.88,S,6,0,1
3077,2,male,46.2,0,0,21.82,S,1,1,0
3078,1,male,23.1,5,4,3.09,S,10,0,0
3079,3,female,25.2,3,0,12.32,S,4,0,1
3085,3,male,45.9,3,3,8.54,S,7,0,1
3086,2,male,28.3,2,0,17.15,S,3,0,0
3088,2,female,30.6,3,0,88.16,S,4,0,0
3089,1,female,25.5,0,4,22.15,S,5,0,0
3092,1,male,20.4,1,4,26.2,S,6,0,0
3093,2,male,15.3,2,0,5.09,S,3,0,1
3094,3,male,33.0,3,4,66.62,S,8,0,0
3096,1,male,31.9,5,1,64.93,S,7,0,1
3097,3,male,16.1,0,0,96.22,S,1,1,0
3098,2,male,41.0,0,4,10.35,S,5,0,0
3099,1,male,33.2,5,3,12.98,S,9,0,0
3100,1,male,35.9,5,1,37.18,S,7,0,0
3101,3,male,21.7,0,0,26.56,S,1,1,1
3102,1,male,44.9,1,2,64.89,S,4,0,1
3103,1,female,44.8,3,2,9.4,S,6,0,0
3105,3,male,39.1,5,2,90.25,S,8,0,0
3106,1,male,44.4,2,0,7.78,S,3,0,1
3108,2,male,27.9,0,0,16.74,S,1,1,0
3109,1,female,30.1,2,4,2.92,S,7,0,0
3110,3,male,13.6,5,2,6.23,S,8,0,1
3111,1,male,35.2,5,4,15.41,S,10,0,0
3114,2,male,33.8,0,2,8.96,S,3,0,0
3116,2,male,23.3,1,4,30.01,S,6,0,1
3117,3,male,34.0,1,1,73.2,S,3,0,0
3118,3,male,21.0,3,4,7.26,S,8,0,0
3119,3,female,20.6,5,2,2.73,S,8,0,0
3120,3,female,33.8,1,1,13.98,S,3,0,0
3123,3,male,30.1,3,3,6.67,S,7,0,0
3124,2,male,35.5,2,0,4.87,S,3,0,1
3125,1,male,52.3,2,2,49.6,S,5,0,0
3130,3,male,26.8,0,1,15.65,S,2,0,1
3132,2,male,30.2,1,0,49.54,S,2,0,1
3133,3,male,40.1,0,2,8.78,S,3,0,0
3134,2,male,46.7,1,1,19.61,S,3,0,0
3135,3,female,27.6,0,2,68.13,S,3,0,0
3136,3,male,0.9,4,4,12.26,S,9,0,1
3138,1,female,19.9,3,3,70.38,S,7,0,0
3139,3,female,31.7,5,0,21.79,S,6,0,0
3140,2,female,39.2,5,3,21.99,S,9,0,0
3141,2,male,48.7,3,1,25.65,S,5,0,1
3142,3,female,54.3,1,0,6.35,S,2,0,0
3143,2,male,23.9,5,1,40.16,S,7,0,0
3144,1,male,45.7,3,0,8.42,S,4,0,0
3147,2,female,44.4,4,4,44.33,S,9,0,1
3148,3,male,26.5,4,3,41.97,S,8,0,1
3149,3,male,17.9,1,0,2.78,S,2,0,0
3151,3,male,38.4,1,3,34.78,S,5,0,0
3152,2,male,43.1,0,1,29.73,S,2,0,1
3153,1,male,39.4,2,0,109.04,S,3,0,0
3155,2,male,11.4,1,3,36.77,S,5,0,1
3156,3,male,35.7,1,0,27.25,S,2,0,1
3157,1,male,54.0,5,2,15.71,S,8,0,0
3159,3,female,44.3,5,2,16.51,S,8,0,0
3160,3,male,14.5,4,2,26.17,S,7,0,0
3162,3,male,25.2,0,4,22.91,S,5,0,0
3163,3,female,45.6,2,0,19.56,S,3,0,0
3165,2,male,52.5,4,0,8.82,S,5,0,0
3167,3,female,14.0,5,4,41.14,S,10,0,0
3168,1,female,14.5,1,4,43.64,S,6,0,1
3170,3,female,34.2,1,2,79.89,S,4,0,1
3171,3,male,20.5,3,1,9.85,S,5,0,0
3172,1,male,17.5,2,3,55.06,S,6,0,0
3173,1,male,41.5,2,4,6.58,S,7,0,0
3174,3,female,0.0,2,3,2.25,S,6,0,0
3176,2,female,10.3,4,0,27.81,S,5,0,1
3177,2,male,16.8,4,2,48.27,S,7,0,1
3178,3,female,32.4,4,4,55.41,S,9,0,1
3179,2,male,26.1,5,0,20.36,S,6,0,1
3180,3,male,24.9,0,3,1.94,S,4,0,0
3181,1,male,45.7,3,4,1.17,S,8,0,0
3182,1,male,28.8,3,0,79.78,S,4,0,0
3183,1,male,54.3,4,0,3.12,S,5,0,0
3185,1,female,15.5,4,2,2.31,S,7,0,0
3186,1,male,56.1,3,2,6.48,S,6,0,0
3187,3,male,32.9,4,2,5.69,S,7,0,0
3188,1,male,55.2,2,4,10.38,S,7,0,1
3189,3,male,25.3,4,0,16.65,S,5,0,1
3190,2,male,32.8,2,1,4.26,S,4,0,0
3191,3,female,35.0,1,1,115.77,S,3,0,1
3192,1,male,26.6,1,3,0.06,S,5,0,1
3193,2,female,46.8,3,0,47.33,S,4,0,0
3194,3,male,56.1,0,4,23.92,S,5,0,0
3196,3,male,40.4,1,3,4.09,S,5,0,1
3197,3,male,16.5,3,1,28.53,S,5,0,1
3198,3,male,0.0,3,4,12.12,S,8,0,0
3199,2,female,36.2,2,1,19.14,S,4,0,0
3200,3,female,36.3,2,2,25.49,S,5,0,0
3202,3,male,34.2,5,1,27.96,S,7,0,0
3204,1,male,20.6,2,0,43.17,S,3,0,1
3205,2,male,32.7,0,3,11.12,S,4,0,1
3206,3,female,38.8,5,1,3.89,S,7,0,1
3207,3,female,47.9,3,2,3.45,S,6,0,1
3208,3,female,29.6,5,1,8.66,S,7,0,0
3209,3,female,26.0,4,4,31.7,S,9,0,0
3211,1,male,12.3,2,2,3.62,S,5,0,1
3212,1,female,39.8,2,3,1.05,S,6,0,0
3213,3,female,8.6,5,4,0.8,S,10,0,1
3214,3,female,34.5,1,4,17.49,S,6,0,0
3215,2,female,30.2,5,2,49.66,S,8,0,0
3218,1,male,17.0,3,3,12.31,S,7,0,1
3219,3,female,24.2,2,3,4.84,S,6,0,1
3220,2,male,49.7,5,3,51.99,S,9,0,0
3221,3,female,27.4,0,3,41.64,S,4,0,0
3222,3,male,36.7,2,2,28.46,S,5,0,0
3223,3,male,46.7,4,3,69.99,S,8,0,0
3224,1,male,44.0,4,0,31.87,S,5,0,0
3225,3,female,28.9,0,1,23.88,S,2,0,1
3226,3,male,19.1,4,0,22.33,S,5,0,0
3229,1,male,54.4,3,4,10.19,S,8,0,0
3231,3,female,31.9,4,1,101.49,S,6,0,0
3232,3,male,36.2,0,3,5.84,S,4,0,0
3233,2,female,31.5,0,3,24.2,S,4,0,0
3234,1,male,23.8,3,1,49.88,S,5,0,0
3235,3,male,36.0,5,2,1.8,S,8,0,0
3236,2,male,25.6,0,1,4.22,S,2,0,0
3237,1,male,56.1,1,2,25.19,S,4,0,1
3238,1,male,19.3,3,0,0.92,S,4,0,0
3242,1,male,4.0,0,0,55.3,S,1,1,0
3243,1,male,34.8,5,1,35.64,S,7,0,1
3245,3,male,44.2,0,4,0.97,S,5,0,0
3246,1,female,34.8,2,0,60.3,S,3,0,0
3247,3,female,31.1,1,2,39.3,S,4,0,0
3248,1,female,9.3,4,4,16.26,S,9,0,1
3249,1,male,37.2,3,0,51.0,S,4,0,1
3250,1,male,19.7,0,0,1.75,S,1,1,0
3251,1,male,8.9,0,2,12.3,S,3,0,0
3252,3,male,35.0,1,3,13.39,S,5,0,0
3253,3,male,11.4,2,3,3.55,S,6,0,0
3255,1,female,47.2,2,4,48.09,S,7,0,0
3256,1,female,21.1,2,3,28.0,S,6,0,1
3257,2,male,4.6,4,4,17.31,S,9,0,0
3258,3,female,15.5,2,3,29.89,S,6,0,0
3259,2,female,18.9,4,2,73.17,S,7,0,1
3260,2,male,45.0,3,4,14.17,S,8,0,0
3262,1,male,10.3,3,1,31.19,S,5,0,0
3263,3,female,42.7,2,3,36.83,S,6,0,0
3264,3,male,22.7,4,1,19.58,S,6,0,1
3265,3,male,32.2,4,1,62.82,S,6,0,0
3266,3,male,22.1,3,0,13.9,S,4,0,0
3270,1,male,50.0,2,4,0.61,S,7,0,0
3271,2,male,23.8,1,1,56.07,S,3,0,0
3272,3,female,18.4,3,0,21.07,S,4,0,1
3273,3,female,39.7,1,3,3.21,S,5,0,0
3274,3,female,43.1,3,2,101.11,S,6,0,1
3275,3,female,17.8,3,3,11.25,S,7,0,1
3277,2,female,29.7,2,4,21.18,S,7,0,0
3282,1,female,19.6,0,1,36.7,S,2,0,1
3283,3,female,66.9,1,2,51.84,S,4,0,1
3286,1,female,36.1,4,2,32.52,S,7,0,0
3287,3,male,36.8,5,3,6.97,S,9,0,1
3288,3,male,58.8,1,4,30.98,S,6,0,1
3290,3,female,27.7,4,4,2.83,S,9,0,0
3291,3,female,50.7,1,0,23.73,S,2,0,1
3292,2,female,27.1,0,2,115.92,S,3,0,0
3293,3,male,41.3,1,4,33.49,S,6,0,0
3295,3,male,41.9,2,4,26.53,S,7,0,0
3297,3,male,23.4,0,3,5.44,S,4,0,0
3298,1,female,3.2,5,0,24.08,S,6,0,0
3299,3,male,5.6,5,4,22.62,S,10,0,1
3303,3,female,26.8,4,3,38.41,S,8,0,0
3304,2,male,30.9,4,1,29.0,S,6,0,0
3305,3,male,41.0,0,2,48.59,S,3,0,0
3307,3,male,41.6,2,1,36.24,S,4,0,0
3308,3,female,34.8,0,1,8.18,S,2,0,0
3310,2,female,27.5,3,1,5.4,S,5,0,1
3312,3,female,32.2,5,1,70.46,S,7,0,1
3313,1,female,6.8,2,0,3.68,S,3,0,0
3314,3,male,43.9,3,2,64.48,S,6,0,0
3315,3,male,15.6,3,2,20.64,S,6,0,1
3317,3,male,33.5,5,3,42.76,S,9,0,0
3318,3,male,45.3,5,4,10.69,S,10,0,1
3319,1,female,5.5,0,3,36.25,S,4,0,1
3320,1,male,24.4,0,0,50.08,S,1,1,0
3321,3,male,36.7,1,3,26.96,S,5,0,0
3322,3,male,53.5,2,4,49.34,S,7,0,1
3325,2,female,57.4,1,4,5.29,S,6,0,1
3326,3,female,40.2,1,3,39.57,S,5,0,1
3327,1,male,48.2,0,3,16.89,S,4,0,0
3328,1,male,12.1,4,2,24.25,S,7,0,0
3332,2,female,37.1,0,4,8.48,S,5,0,0
3334,2,female,22.3,4,4,52.7,S,9,0,1
3335,3,male,49.0,4,3,1.23,S,8,0,1
3336,3,male,23.8,1,3,11.79,S,5,0,1
3337,1,female,25.2,1,4,121.84,S,6,0,1
3338,2,male,28.5,0,2,6.26,S,3,0,0
3339,3,male,25.6,1,4,6.46,S,6,0,1
3340,3,male,46.9,0,3,28.63,S,4,0,1
3341,3,male,14.4,4,3,13.21,S,8,0,0
3342,3,male,18.4,3,0,34.25,S,4,0,1
3343,3,male,12.3,3,2,9.75,S,6,0,0
3344,3,male,55.4,2,0,17.76,S,3,0,0
3345,3,female,24.5,5,3,206.66,S,9,0,1
3346,3,male,18.2,2,2,14.96,S,5,0,0
3347,3,female,25.0,2,2,2.88,S,5,0,0
3348,3,male,40.9,3,2,43.41,S,6,0,0
3349,2,male,38.3,1,4,28.42,S,6,0,0
3352,3,female,8.6,2,2,5.07,S,5,0,1
3354,1,female,47.0,5,2,6.81,S,8,0,0
3355,3,female,20.9,1,4,2.79,S,6,0,0
3356,1,male,37.9,2,3,18.69,S,6,0,1
3357,3,male,20.9,2,2,94.21,S,5,0,0
3358,1,male,13.7,0,2,40.97,S,3,0,1
3361,3,female,36.6,4,4,51.1,S,9,0,0
3362,2,male,23.2,2,1,6.96,S,4,0,1
3363,1,female,24.1,2,3,7.29,S,6,0,0
3364,2,female,55.7,0,0,6.39,S,1,1,1
3365,1,male,33.3,4,3,29.92,S,8,0,1
3366,3,male,18.3,1,4,0.94,S,6,0,0
3367,2,female,28.1,1,3,28.35,S,5,0,0
3368,2,male,32.0,3,2,55.84,S,6,0,0
3369,3,male,35.6,5,2,48.84,S,8,0,1
3370,3,male,50.2,3,3,35.17,S,7,0,0
3371,3,female,46.9,1,3,7.93,S,5,0,0
3372,3,female,31.8,3,3,54.24,S,7,0,0
3373,3,male,28.4,5,3,101.04,S,9,0,1
3374,1,male,34.5,5,2,6.5,S,8,0,1
3376,3,female,42.7,2,1,61.35,S,4,0,1
3377,3,male,26.2,1,3,124.05,S,5,0,0
3378,3,female,35.9,4,3,12.31,S,8,0,0
3380,1,male,36.7,1,3,6.33,S,5,0,0
3381,1,male,32.2,3,1,6.16,S,5,0,0
3382,3,male,21.8,3,4,3.62,S,8,0,0
3383,3,female,27.9,1,4,17.86,S,6,0,0
3384,2,male,13.1,1,3,0.39,S,5,0,0
3386,3,female,0.0,0,4,31.47,S,5,0,0
3387,1,female,42.6,4,0,2.61,S,5,0,0
3388,3,male,39.2,0,1,54.6,S,2,0,0
3390,1,female,21.5,0,3,1.52,S,4,0,0
3391,3,female,28.8,2,0,15.02,S,3,0,1
3393,3,male,40.5,5,3,50.76,S,9,0,0
3394,1,male,26.7,4,1,13.01,S,6,0,1
3395,3,female,50.2,3,1,3.98,S,5,0,1
3398,3,male,34.6,5,4,10.32,S,10,0,0
3400,3,male,22.7,1,3,46.87,S,5,0,0
3401,3,male,30.9,0,2,32.58,S,3,0,0
3402,3,male,24.8,5,2,7.73,S,8,0,1
3403,3,male,20.9,2,0,94.72,S,3,0,0
3404,1,male,25.0,3,4,11.63,S,8,0,1
3405,1,male,29.6,0,1,24.4,S,2,0,1
3406,3,male,61.5,1,2,27.09,S,4,0,1
3407,3,female,24.4,4,3,7.69,S,8,0,1
3408,2,female,19.5,1,1,11.01,S,3,0,0
3413,3,male,29.9,5,3,42.35,S,9,0,0
3415,3,male,14.3,1,2,4.15,S,4,0,0
3416,1,male,24.1,1,1,42.74,S,3,0,0
3418,3,male,35.6,2,3,27.82,S,6,0,0
3419,3,male,29.5,5,3,29.7,S,9,0,0
3420,3,female,32.2,4,2,99.47,S,7,0,1
3421,1,male,17.2,0,1,65.15,S,2,0,1
3423,3,male,0.0,3,4,46.46,S,8,0,0
3424,1,male,25.5,2,0,6.39,S,3,0,1
3425,2,female,27.5,1,0,17.05,S,2,0,0
3426,3,male,0.7,3,3,40.21,S,7,0,0
3427,2,male,34.4,2,2,10.9,S,5,0,1
3429,1,female,36.9,3,3,6.07,S,7,0,0
3431,3,female,33.5,5,3,72.33,S,9,0,1
3432,1,female,42.6,4,2,20.82,S,7,0,1
3433,3,male,48.3,3,0,6.82,S,4,0,0
3435,1,female,16.9,1,0,7.69,S,2,0,0
3436,2,male,6.0,0,4,8.31,S,5,0,0
3437,3,female,34.2,4,1,114.47,S,6,0,0
3438,3,female,23.4,2,3,3.36,S,6,0,1
3442,3,male,12.8,0,1,1.27,S,2,0,0
3443,2,female,24.2,3,3,25.01,S,7,0,1
3445,1,female,17.1,2,1,9.26,S,4,0,1
3446,2,male,28.3,3,2,22.01,S,6,0,1
3447,2,male,20.5,5,2,13.66,S,8,0,1
3448,1,female,65.8,3,3,39.67,S,7,0,0
3449,2,female,40.7,3,1,105.03,S,5,0,0
3451,3,female,27.4,1,0,375.72,S,2,0,1
3452,3,male,30.5,2,4,15.76,S,7,0,1
3453,1,female,23.0,0,1,11.65,S,2,0,0
3454,3,male,65.7,2,2,7.65,S,5,0,1
3455,1,male,27.5,3,4,69.18,S,8,0,0
3456,1,male,20.5,2,2,15.81,S,5,0,0
3458,3,male,33.7,5,2,35.94,S,8,0,1
3459,3,male,48.9,5,3,1.88,S,9,0,1
3460,1,male,44.2,4,2,67.75,S,7,0,0
3461,3,male,18.4,2,1,21.33,S,4,0,0
3462,3,female,18.1,5,4,8.1,S,10,0,1
3463,1,male,46.4,4,0,123.76,S,5,0,0
3467,1,male,8.5,4,4,45.22,S,9,0,1
3468,2,male,17.2,2,3,4.13,S,6,0,1
3469,2,male,14.9,5,3,151.26,S,9,0,0
3470,3,male,34.8,0,3,29.13,S,4,0,0
3471,3,female,26.5,2,0,11.39,S,3,0,1
3472,2,female,32.3,1,4,54.44,S,6,0,0
3473,2,male,46.1,5,2,1.57,S,8,0,1
3474,3,male,19.9,1,4,34.0,S,6,0,1
3476,3,male,10.3,4,4,2.93,S,9,0,1
3477,2,male,45.3,4,2,13.98,S,7,0,0
3479,3,female,34.1,1,3,29.36,S,5,0,0
3480,2,female,30.7,1,3,26.67,S,5,0,0
3481,3,male,21.9,4,2,37.27,S,7,0,0
3482,3,male,9.5,3,1,6.12,S,5,0,0
3484,3,male,39.6,2,3,62.61,S,6,0,0
3485,3,male,57.3,0,4,7.8,S,5,0,0
3486,1,female,23.5,4,2,20.53,S,7,0,0
3487,2,male,32.8,0,0,21.42,S,1,1,0
3490,3,male,20.3,3,2,2.24,S,6,0,0
3492,3,male,21.6,4,4,2.27,S,9,0,1
3493,3,male,16.4,3,3,25.52,S,7,0,1
3497,1,male,32.5,5,0,28.05,S,6,0,1
3498,1,male,29.8,1,4,5.87,S,6,0,0
3499,1,male,25.9,2,4,111.98,S,7,0,1
3500,3,female,18.3,0,4,0.93,S,5,0,0
3501,2,female,50.9,4,4,13.46,S,9,0,1
3502,3,female,21.0,0,3,51.72,S,4,0,1
3503,2,male,16.0,4,4,60.91,S,9,0,0
3504,3,female,27.9,2,4,51.07,S,7,0,1
3505,3,male,59.2,4,3,14.91,S,8,0,1
3507,3,female,38.9,0,1,46.25,S,2,0,0
3509,2,male,32.4,0,1,36.36,S,2,0,0
3511,3,male,4.9,4,1,1.81,S,6,0,0
3513,3,male,41.7,1,1,38.81,S,3,0,1
3514,3,male,30.4,1,4,8.85,S,6,0,1
3516,3,female,39.0,5,2,24.48,S,8,0,0
3517,2,male,16.5,4,1,35.57,S,6,0,0
3518,1,male,43.8,0,0,9.6,S,1,1,0
3519,2,female,40.5,2,2,28.94,S,5,0,0
3521,2,male,35.6,0,0,59.66,S,1,1,0
3522,3,male,45.3,5,0,25.7,S,6,0,0
3523,3,female,20.7,2,4,11.19,S,7,0,0
3524,2,male,38.3,4,0,23.67,S,5,0,0
3525,3,male,53.4,0,2,3.63,S,3,0,0
3526,1,male,38.0,3,3,29.95,S,7,0,1
3527,1,female,25.9,4,0,79.31,S,5,0,1
3528,3,male,61.5,1,2,24.15,S,4,0,1
3529,3,female,32.2,4,3,11.06,S,8,0,0
3530,1,female,48.6,4,1,16.64,S,6,0,0
3531,1,male,23.1,2,0,74.28,S,3,0,1
3532,3,female,43.9,1,4,53.66,S,6,0,0
3533,2,male,21.4,5,1,52.01,S,7,0,0
3534,3,male,33.5,2,4,26.57,S,7,0,0
3535,3,female,20.5,4,2,16.16,S,7,0,0
3536,1,male,55.6,0,2,4.55,S,3,0,0
3538,2,male,13.5,3,4,6.32,S,8,0,1
3539,3,male,30.3,2,2,9.3,S,5,0,0
3540,3,male,36.5,0,4,46.24,S,5,0,0
3541,3,male,28.6,3,2,13.82,S,6,0,1
3545,3,male,5.9,2,0,21.59,S,3,0,0
3546,3,male,16.7,1,2,1.67,S,4,0,0
3547,2,male,26.8,0,4,21.4,S,5,0,0
3548,3,male,21.6,0,2,19.42,S,3,0,0
3550,3,male,54.8,4,0,18.98,S,5,0,1
3553,3,male,8.4,2,1,20.18,S,4,0,0
3554,2,male,35.4,4,1,9.67,S,6,0,0
3555,3,male,20.7,2,1,71.8,S,4,0,1
3556,1,male,35.7,1,1,72.28,S,3,0,0
3557,3,male,4.4,0,1,73.63,S,2,0,0
3558,3,female,11.0,3,4,10.19,S,8,0,0
3560,3,male,20.2,2,4,80.35,S,7,0,0
3561,3,female,24.5,2,4,4.3,S,7,0,1
3562,1,male,54.7,5,0,34.14,S,6,0,0
3563,2,male,30.9,0,0,11.06,S,1,1,0
3564,1,male,41.6,1,4,40.88,S,6,0,0
3566,3,female,10.2,5,3,16.78,S,9,0,0
3567,3,male,27.9,2,2,5.24,S,5,0,1
3568,3,female,8.1,0,1,42.16,S,2,0,1
3569,3,male,19.2,2,0,1.83,S,3,0,1
3570,1,female,32.3,3,4,0.48,S,8,0,0
3572,1,female,33.7,1,2,54.31,S,4,0,1
3576,3,female,0.0,2,0,2.07,S,3,0,0
3577,3,male,23.8,1,1,7.81,S,3,0,0
3578,1,male,39.3,5,0,41.8,S,6,0,1
3579,2,male,49.9,4,2,9.81,S,7,0,0
3581,3,male,48.2,0,2,18.68,S,3,0,1
3582,1,female,34.4,5,2,41.16,S,8,0,0
3583,3,male,30.5,2,1,7.56,S,4,0,1
3584,3,male,20.4,2,0,17.96,S,3,0,0
3585,1,male,0.0,5,1,23.41,S,7,0,0
3587,3,female,28.3,2,4,20.73,S,7,0,1
3588,3,male,48.4,2,0,64.29,S,3,0,0
3589,1,male,15.7,3,4,43.86,S,8,0,0
3590,1,male,63.0,3,0,22.4,S,4,0,1
3591,1,male,25.5,3,1,4.28,S,5,0,0
3592,2,male,19.3,4,3,0.76,S,8,0,0
3593,3,male,26.0,5,4,2.23,S,10,0,0
3594,3,male,31.4,2,0,44.39,S,3,0,0
3595,3,male,28.0,2,4,39.0,S,7,0,1
3597,1,male,3.8,1,4,11.74,S,6,0,0
3599,2,female,44.0,2,0,40.09,S,3,0,1
3600,2,female,16.7,5,3,81.83,S,9,0,0
3601,3,female,5.0,0,3,19.26,S,4,0,0
3602,1,female,14.2,0,3,46.25,S,4,0,0
3605,3,male,25.1,1,1,0.92,S,3,0,0
3606,3,male,17.8,4,2,99.45,S,7,0,1
3608,3,male,35.9,5,4,66.92,S,10,0,1
3609,3,male,60.1,2,2,179.64,S,5,0,1
3611,1,male,25.0,1,4,2.73,S,6,0,0
3614,3,female,15.8,1,2,42.85,S,4,0,0
3616,3,male,34.6,2,4,0.21,S,7,0,0
3617,3,male,3.9,3,3,18.31,S,7,0,1
3619,1,male,31.7,1,4,2.93,S,6,0,0
3621,3,male,38.8,1,2,19.29,S,4,0,0
3623,3,male,19.1,1,2,87.34,S,4,0,1
3624,3,male,40.2,3,0,55.75,S,4,0,0
3626,1,male,17.7,5,3,0.56,S,9,0,0
3627,1,male,48.7,5,4,26.99,S,10,0,1
3629,3,male,18.4,5,4,28.33,S,10,0,1
3632,3,female,30.1,5,3,14.54,S,9,0,0
3633,3,female,25.9,2,0,37.98,S,3,0,0
3634,2,male,34.2,0,0,19.79,S,1,1,0
3635,3,female,31.3,5,1,84.35,S,7,0,0
3636,3,male,30.2,1,0,30.81,S,2,0,1
3637,3,female,10.5,0,3,27.92,S,4,0,0
3643,2,female,39.7,4,2,5.35,S,7,0,0
3645,3,male,47.2,5,3,0.07,S,9,0,0
3646,2,female,18.5,5,3,79.18,S,9,0,0
3648,1,female,26.9,0,2,1.67,S,3,0,0
3652,3,male,23.5,2,3,4.6,S,6,0,1
3653,3,female,32.8,5,1,7.05,S,7,0,0
3654,3,female,28.0,1,0,22.91,S,2,0,0
3655,3,female,18.0,3,1,12.4,S,5,0,0
3658,3,male,61.9,4,3,70.69,S,8,0,0
3659,3,female,20.4,4,1,112.03,S,6,0,1
3660,1,male,17.2,3,3,23.14,S,7,0,0
3661,3,male,32.9,3,2,9.04,S,6,0,0
3663,3,female,14.0,5,2,65.55,S,8,0,0
3665,3,male,18.2,4,4,77.5,S,9,0,0
3666,3,male,18.5,0,4,8.22,S,5,0,1
3667,3,male,11.0,3,1,11.9,S,5,0,0
3669,3,female,0.0,4,2,78.42,S,7,0,0
3670,2,male,35.9,2,2,6.19,S,5,0,0
3671,3,male,21.2,0,4,8.07,S,5,0,0
3672,3,female,23.3,2,4,42.03,S,7,0,1
3673,3,male,37.2,4,0,87.31,S,5,0,0
3674,1,male,34.2,0,0,3.54,S,1,1,0
3676,3,female,35.3,4,0,78.68,S,5,0,0
3678,3,male,14.8,1,2,94.89,S,4,0,1
3679,3,male,39.6,1,1,74.36,S,3,0,0
3680,1,male,13.4,3,1,12.09,S,5,0,1
3681,3,male,45.5,4,3,7.46,S,8,0,0
3682,3,male,19.0,5,0,74.16,S,6,0,1
3684,1,female,45.1,5,4,15.22,S,10,0,1
3685,1,female,39.1,2,2,39.94,S,5,0,0
3686,3,male,19.5,4,1,11.74,S,6,0,1
3687,1,male,30.8,1,4,27.86,S,6,0,0
3689,2,female,6.7,4,4,26.4,S,9,0,0
3690,3,female,31.6,2,4,82.11,S,7,0,1
3691,3,female,24.0,3,1,47.23,S,5,0,0
3692,3,female,15.8,5,0,34.15,S,6,0,1
3695,2,male,31.0,3,0,39.67,S,4,0,0
3697,2,male,25.4,4,1,7.65,S,6,0,1
3698,2,female,18.7,1,0,87.35,S,2,0,1
3699,3,male,33.2,5,2,25.7,S,8,0,0
3700,2,female,35.4,4,4,27.15,S,9,0,0
3702,2,male,55.2,0,3,67.68,S,4,0,0
3703,3,female,22.6,1,1,71.04,S,3,0,1
3704,1,male,31.7,3,4,40.19,S,8,0,1
3706,2,male,38.3,2,4,2.82,S,7,0,1
3708,3,female,26.5,0,0,4.9,S,1,1,0
3710,3,female,24.1,0,2,6.01,S,3,0,0
3711,3,female,32.3,4,0,11.88,S,5,0,1
3713,3,male,24.7,5,3,44.79,S,9,0,1
3714,1,male,29.2,4,4,4.76,S,9,0,1
3716,3,female,14.3,1,4,0.99,S,6,0,0
3717,1,male,19.8,5,1,131.58,S,7,0,0
3718,2,male,51.0,3,3,24.28,S,7,0,0
3721,3,female,14.4,2,4,19.59,S,7,0,1
3722,3,male,18.1,1,0,23.91,S,2,0,1
3724,1,male,38.4,4,2,1.5,S,7,0,0
3725,2,female,10.4,1,1,13.4,S,3,0,1
3726,1,male,41.7,3,2,15.66,S,6,0,0
3727,1,male,35.6,4,2,5.17,S,7,0,0
3728,1,female,27.9,3,2,8.77,S,6,0,0
3730,3,male,72.4,5,3,53.21,S,9,0,0
3731,3,male,35.7,2,2,37.19,S,5,0,1
3733,3,female,49.8,2,3,11.87,S,6,0,0
3734,3,male,31.6,1,1,68.29,S,3,0,0
3735,3,male,58.6,5,3,63.8,S,9,0,0
3736,3,male,21.9,0,1,19.01,S,2,0,1
3738,3,male,29.0,4,0,29.16,S,5,0,1
3739,2,female,66.2,3,1,11.77,S,5,0,0
3742,3,male,35.2,5,0,58.18,S,6,0,1
3743,3,female,40.9,3,4,24.4,S,8,0,0
3745,3,male,18.0,0,2,22.83,S,3,0,0
3747,2,male,24.9,1,3,3.58,S,5,0,0
3748,1,male,31.1,1,1,45.58,S,3,0,0
3750,1,female,37.0,3,1,12.35,S,5,0,1
3751,3,male,36.4,5,2,16.84,S,8,0,1
3755,1,male,42.9,1,1,15.62,S,3,0,0
3756,1,female,52.7,5,0,34.52,S,6,0,0
3757,2,male,31.7,5,3,10.16,S,9,0,0
3760,1,male,18.3,2,3,7.73,S,6,0,0
3762,2,male,38.6,5,3,8.31,S,9,0,0
3763,2,female,36.7,2,0,24.62,S,3,0,0
3765,3,male,31.0,3,3,2.58,S,7,0,0
3767,2,male,39.3,0,3,15.0,S,4,0,0
3768,3,female,28.0,4,4,33.12,S,9,0,0
3769,3,male,19.4,5,4,63.43,S,10,0,0
3770,3,male,35.3,2,1,25.77,S,4,0,0
3772,3,male,27.9,3,1,49.13,S,5,0,0
3773,3,male,9.7,0,1,15.38,S,2,0,1
3774,2,male,21.2,1,1,31.71,S,3,0,1
3775,3,male,21.8,2,1,7.38,S,4,0,1
3776,1,male,15.2,5,3,1.82,S,9,0,1
3778,3,male,43.3,5,4,3.11,S,10,0,1
3779,3,male,47.4,5,4,17.92,S,10,0,1
3780,3,female,26.4,5,4,2.23,S,10,0,0
3781,1,male,22.9,5,1,81.92,S,7,0,0
3782,1,male,40.3,3,2,3.7,S,6,0,0
3783,3,female,30.8,3,0,49.41,S,4,0,1
3784,3,male,30.7,1,2,40.25,S,4,0,1
3785,3,female,0.0,0,2,1.47,S,3,0,0
3787,3,male,37.7,4,2,111.48,S,7,0,0
3788,3,female,28.9,2,3,23.55,S,6,0,0
3793,3,male,14.9,5,1,14.55,S,7,0,1
3794,1,male,49.5,0,0,19.54,S,1,1,0
3795,3,female,42.7,0,3,16.42,S,4,0,1
3796,3,male,17.6,2,0,0.9,S,3,0,0
3798,3,male,32.9,1,2,26.44,S,4,0,0
3800,3,male,30.7,4,0,137.75,S,5,0,0
3801,3,female,41.0,4,2,9.78,S,7,0,1
3802,2,male,42.2,3,0,14.71,S,4,0,1
3803,2,male,61.6,4,2,141.17,S,7,0,1
3804,2,male,30.3,5,4,1.57,S,10,0,0
3805,3,female,25.7,5,1,32.93,S,7,0,1
3806,3,male,36.9,3,0,3.43,S,4,0,0
3807,2,male,26.4,3,3,93.64,S,7,0,0
3809,3,male,16.0,4,4,53.84,S,9,0,0
3811,3,female,39.3,4,2,60.08,S,7,0,0
3812,2,male,6.1,4,0,26.05,S,5,0,0
3815,1,male,24.5,3,3,49.36,S,7,0,0
3816,2,male,59.1,5,4,8.96,S,10,0,0
3817,1,male,7.9,4,3,17.34,S,8,0,1
3818,1,male,60.3,2,0,29.18,S,3,0,1
3819,1,male,48.3,1,0,5.04,S,2,0,0
3820,3,female,41.7,3,2,107.95,S,6,0,0
3821,2,female,49.2,0,3,3.72,S,4,0,0
3822,2,female,34.7,3,3,42.24,S,7,0,1
3823,3,female,5.2,1,4,1.91,S,6,0,0
3824,3,male,36.2,2,0,3.47,S,3,0,0
3825,3,male,8.3,1,1,31.24,S,3,0,0
3826,3,male,21.6,4,2,19.28,S,7,0,0
3827,3,male,27.9,5,3,0.12,S,9,0,0
3828,3,female,16.2,5,2,16.01,S,8,0,1
3830,3,male,26.0,0,3,65.68,S,4,0,0
3831,3,male,34.7,0,4,39.4,S,5,0,1
3832,2,male,28.9,4,3,42.8,S,8,0,1
3833,3,male,30.8,4,2,96.48,S,7,0,0
3835,3,male,12.6,5,4,5.6,S,10,0,0
3836,1,male,26.8,2,4,88.63,S,7,0,1
3837,2,male,15.5,5,2,3.84,S,8,0,0
3839,2,female,9.7,1,3,10.74,S,5,0,1
3840,3,male,61.7,0,0,6.16,S,1,1,0
3841,3,male,33.2,4,2,0.59,S,7,0,0
3842,3,female,30.0,4,1,19.67,S,6,0,0
3844,3,male,38.2,3,1,17.5,S,5,0,0
3845,3,male,26.1,4,0,8.56,S,5,0,1
3846,3,male,33.2,2,2,68.63,S,5,0,1
3847,3,male,40.8,0,4,15.73,S,5,0,0
3848,3,female,38.4,3,4,58.42,S,8,0,1
3849,3,female,46.4,0,2,6.29,S,3,0,0
3851,1,female,15.7,0,2,52.07,S,3,0,0
3852,1,male,0.0,1,0,0.99,S,2,0,0
3853,3,female,32.0,2,2,81.02,S,5,0,1
3854,2,male,32.2,3,1,16.16,S,5,0,1
3855,3,male,56.0,4,2,122.11,S,7,0,0
3856,1,female,27.4,0,0,38.67,S,1,1,0
3857,3,male,34.2,2,3,95.48,S,6,0,0
3858,2,male,39.9,0,4,2.19,S,5,0,0
3859,2,female,36.2,5,3,40.97,S,9,0,1
3860,2,male,40.8,2,2,66.66,S,5,0,1
3862,1,male,15.3,2,4,1.09,S,7,0,0
3864,3,male,0.0,3,3,42.1,S,7,0,0
3865,1,male,28.4,0,4,1.27,S,5,0,0
3866,1,male,19.8,0,2,0.37,S,3,0,0
3867,3,female,33.5,2,4,25.2,S,7,0,1
3869,2,male,14.8,4,4,30.42,S,9,0,0
3870,1,male,47.4,4,1,0.45,S,6,0,0
3873,1,male,31.6,5,4,45.15,S,10,0,1
3874,3,male,35.5,1,1,13.7,S,3,0,0
3875,3,female,9.9,5,2,14.11,S,8,0,0
3877,3,male,41.3,3,4,34.58,S,8,0,1
3878,2,male,28.7,2,3,1.92,S,6,0,0
3879,1,male,33.0,5,3,31.47,S,9,0,0
3880,1,male,43.0,0,4,34.32,S,5,0,0
3883,2,male,24.1,4,0,0.29,S,5,0,0
3885,3,female,28.5,4,4,15.09,S,9,0,1
3886,2,male,47.4,4,3,28.98,S,8,0,1
3887,3,male,15.6,1,0,1.12,S,2,0,1
3888,3,male,17.3,2,4,39.49,S,7,0,1
3889,1,female,14.2,2,4,25.11,S,7,0,0
3892,3,female,39.4,3,2,40.95,S,6,0,1
3893,3,female,15.9,3,1,2.47,S,5,0,0
3894,2,female,18.2,2,3,2.13,S,6,0,1
3895,3,male,53.8,1,4,95.23,S,6,0,1
3896,3,female,46.3,5,1,9.35,S,7,0,0
3898,1,female,10.6,0,2,2.93,S,3,0,0
3900,2,male,26.3,4,1,25.67,S,6,0,0
3901,3,female,32.5,2,0,108.37,S,3,0,0
3902,3,female,41.8,0,0,16.56,S,1,1,1
3905,2,male,28.0,2,3,55.63,S,6,0,0
3906,3,male,30.8,5,4,1.72,S,10,0,0
3907,3,female,10.7,1,0,1.18,S,2,0,0
3908,3,female,33.6,3,3,55.19,S,7,0,0
3909,2,female,29.5,3,0,55.59,S,4,0,0
3910,3,female,52.3,4,1,7.14,S,6,0,0
3912,3,male,25.2,5,0,2.13,S,6,0,0
3913,3,female,26.3,2,4,46.42,S,7,0,1
3914,3,male,43.2,2,1,11.65,S,4,0,1
3916,2,female,9.8,3,2,36.23,S,6,0,1
3917,3,male,58.3,2,3,77.61,S,6,0,0
3919,3,male,63.7,2,0,4.97,S,3,0,1
3921,1,male,20.1,1,0,84.1,S,2,0,0
3922,3,female,0.0,0,1,67.1,S,2,0,1
3923,1,female,39.9,0,0,76.06,S,1,1,0
3924,2,male,7.3,4,1,15.21,S,6,0,1
3925,2,female,34.0,2,1,8.43,S,4,0,0
3926,3,female,56.1,0,1,6.81,S,2,0,0
3927,3,female,13.1,1,3,68.37,S,5,0,1
3928,1,female,39.3,4,1,8.41,S,6,0,1
3929,3,male,17.6,4,0,24.22,S,5,0,0
3930,2,male,44.9,5,4,12.9,S,10,0,1
3931,3,male,29.9,3,1,22.11,S,5,0,0
3932,3,female,28.7,3,0,13.58,S,4,0,1
3934,1,male,37.8,1,2,17.84,S,4,0,0
3935,3,male,17.7,0,0,12.96,S,1,1,0
3937,3,female,7.5,0,0,27.81,S,1,1,0
3938,1,male,32.9,1,1,6.2,S,3,0,0
3940,3,male,8.2,4,2,1.76,S,7,0,1
3942,2,male,28.3,1,1,35.43,S,3,0,0
3943,3,male,33.9,4,4,6.47,S,9,0,0
3946,1,male,32.9,3,1,30.34,S,5,0,1
3947,3,male,22.8,0,0,20.48,S,1,1,0
3948,3,male,43.5,1,1,12.92,S,3,0,0
3950,3,male,6.7,5,3,20.23,S,9,0,0
3951,1,male,42.1,5,0,19.43,S,6,0,1
3954,2,male,56.5,0,0,19.68,S,1,1,0
3955,3,male,37.2,3,4,5.02,S,8,0,1
3956,2,male,35.1,4,2,8.94,S,7,0,1
3957,3,male,21.8,4,4,7.24,S,9,0,0
3959,3,male,7.7,4,0,18.3,S,5,0,0
3961,1,male,18.7,4,0,14.29,S,5,0,0
3963,1,male,41.1,4,3,18.35,S,8,0,0
3964,2,female,33.8,1,0,25.38,S,2,0,0
3965,1,female,40.3,4,2,30.25,S,7,0,1
3966,1,male,25.1,3,4,7.94,S,8,0,0
3970,3,male,20.1,3,4,10.64,S,8,0,1
3972,3,male,45.3,1,4,27.81,S,6,0,0
3973,3,male,43.7,3,2,30.17,S,6,0,1
3974,2,female,70.0,3,1,17.5,S,5,0,0
3975,3,female,24.3,5,2,88.93,S,8,0,1
3977,3,male,5.2,5,0,8.16,S,6,0,0
3978,2,male,42.4,5,4,28.45,S,10,0,0
3979,1,female,39.2,1,1,40.85,S,3,0,0
3982,1,male,39.0,2,2,118.83,S,5,0,0
3985,3,female,36.5,2,2,8.74,S,5,0,1
3986,3,male,7.2,0,0,5.37,S,1,1,0
3987,1,female,27.2,3,2,37.18,S,6,0,0
3988,2,male,1.7,3,2,45.05,S,6,0,0
3989,1,female,12.7,1,0,17.45,S,2,0,1
3990,2,male,13.6,5,3,8.9,S,9,0,0
3991,1,male,20.0,0,3,19.06,S,4,0,0
3994,3,female,30.6,4,2,18.75,S,7,0,0
3996,1,female,33.7,4,3,20.42,S,8,0,0
3997,2,male,11.5,0,4,13.65,S,5,0,0
3998,2,female,30.0,1,3,26.02,S,5,0,0
3999,3,female,49.1,4,3,2.3,S,8,0,0
4001,1,male,35.9,1,4,66.66,S,6,0,1
4002,1,female,34.6,1,4,26.57,S,6,0,1
4003,1,female,41.1,4,0,42.75,S,5,0,0
4005,2,female,40.8,2,3,28.55,S,6,0,0
4006,3,female,36.1,0,2,30.77,S,3,0,0
4007,3,male,38.2,1,1,13.98,S,3,0,0
4008,1,female,35.2,3,4,103.71,S,8,0,1
4009,1,male,14.9,4,4,29.53,S,9,0,0
4010,3,male,12.6,1,3,149.11,S,5,0,0
4011,3,male,24.1,2,3,18.12,S,6,0,0
4012,2,female,50.7,2,4,1.05,S,7,0,1
4013,1,male,26.6,2,3,11.53,S,6,0,0
4014,1,female,33.3,2,2,33.67,S,5,0,1
4015,2,male,1.5,5,4,77.18,S,10,0,0
4016,1,female,31.7,0,4,30.56,S,5,0,1
4017,1,female,30.2,1,0,20.42,S,2,0,1
4019,1,female,33.1,1,0,5.0,S,2,0,0
4020,1,female,5.9,1,3,1.76,S,5,0,0
4021,3,male,18.8,3,1,39.74,S,5,0,0
4022,3,male,42.9,0,4,56.91,S,5,0,1
4025,3,male,21.5,4,0,20.87,S,5,0,1
4026,1,male,23.1,5,0,4.93,S,6,0,0
4027,3,female,31.3,4,1,17.22,S,6,0,0
4028,1,female,12.2,3,4,109.0,S,8,0,1
4029,1,female,44.7,1,2,40.64,S,4,0,0
4030,3,male,12.9,5,3,5.84,S,9,0,1
4031,3,male,4.8,4,4,3.33,S,9,0,0
4032,3,male,42.9,5,3,18.85,S,9,0,0
4033,2,male,22.9,4,2,141.4,S,7,0,1
4034,2,male,30.0,3,2,50.44,S,6,0,0
4035,2,male,38.2,1,3,11.1,S,5,0,1
4036,3,male,18.9,4,3,0.85,S,8,0,1
4037,3,male,30.9,0,3,16.95,S,4,0,1
4039,1,male,52.0,3,2,6.36,S,6,0,0
4040,3,female,21.8,3,2,5.67,S,6,0,1
4042,1,female,36.9,1,3,1.17,S,5,0,0
4043,3,male,31.9,0,4,26.62,S,5,0,0
4044,3,female,27.1,5,1,44.69,S,7,0,0
4045,1,female,51.3,4,2,5.44,S,7,0,0
4046,1,male,5.4,3,4,71.5,S,8,0,0
4047,2,male,9.1,1,2,2.6,S,4,0,0
4048,2,male,5.6,4,0,36.73,S,5,0,1
4049,2,female,45.8,0,3,6.04,S,4,0,0
4050,1,male,36.2,5,2,52.48,S,8,0,1
4051,1,female,9.8,4,3,27.11,S,8,0,1
4052,3,male,27.3,0,4,28.47,S,5,0,1
4053,3,female,28.6,2,0,13.59,S,3,0,0
4054,3,female,0.0,2,3,10.66,S,6,0,1
4055,3,female,31.6,3,1,19.92,S,5,0,0
4058,1,female,12.9,4,1,54.22,S,6,0,1
4059,3,female,32.1,5,3,20.92,S,9,0,1
4060,3,male,47.1,2,4,19.26,S,7,0,0
4061,3,female,42.6,3,2,0.54,S,6,0,0
4062,3,male,36.1,0,2,4.24,S,3,0,1
4063,2,male,27.9,1,1,18.1,S,3,0,0
4065,1,female,22.9,1,0,9.21,S,2,0,0
4066,1,male,25.8,1,1,0.33,S,3,0,0
4068,2,male,7.5,0,0,0.51,S,1,1,1
4071,2,male,50.6,0,1,0.08,S,2,0,1
4073,3,female,42.7,0,0,78.08,S,1,1,0
4074,2,female,42.4,4,4,214.18,S,9,0,1
4075,3,male,58.1,5,1,22.75,S,7,0,0
4077,1,male,23.5,0,1,40.45,S,2,0,0
4079,3,male,49.9,2,2,15.26,S,5,0,0
4083,3,female,26.9,1,0,0.66,S,2,0,1
4084,3,male,42.5,2,2,24.83,S,5,0,0
4085,3,female,10.3,4,2,34.94,S,7,0,0
4086,1,female,28.1,3,1,27.38,S,5,0,0
4087,3,male,26.4,2,3,29.02,S,6,0,0
4088,3,male,14.0,5,0,15.98,S,6,0,1
4089,3,male,41.3,5,1,33.73,S,7,0,0
4090,1,male,27.7,3,4,1.4,S,8,0,1
4093,1,male,23.8,1,2,91.66,S,4,0,1
4094,3,female,14.7,5,3,33.09,S,9,0,0
4095,2,male,41.1,1,1,14.05,S,3,0,0
4096,3,female,43.5,4,4,19.6,S,9,0,0
4097,3,female,52.5,2,2,59.79,S,5,0,0
4100,3,male,22.4,5,0,17.26,S,6,0,1
4101,1,male,35.9,3,1,15.71,S,5,0,0
4102,3,female,31.8,2,0,73.65,S,3,0,0
4105,2,female,45.4,2,2,14.02,S,5,0,1
4106,2,female,23.0,0,3,1.44,S,4,0,1
4107,1,male,47.9,0,3,57.14,S,4,0,0
4108,3,male,31.5,2,1,28.55,S,4,0,1
4110,3,male,18.0,5,0,14.27,S,6,0,0
4112,3,female,36.0,0,2,49.61,S,3,0,0
4113,2,male,23.7,5,3,6.35,S,9,0,0
4114,2,male,40.9,5,3,2.37,S,9,0,0
4117,1,male,11.0,4,1,26.43,S,6,0,0
4118,3,male,36.8,2,3,50.89,S,6,0,0
4119,3,female,25.3,1,2,71.45,S,4,0,1
4121,1,female,38.9,0,0,28.47,S,1,1,0
4122,2,male,30.2,0,3,57.23,S,4,0,1
4125,3,male,43.1,5,0,49.65,S,6,0,1
4127,2,male,35.5,2,3,22.28,S,6,0,1
4129,2,male,7.4,0,0,30.41,S,1,1,0
4130,2,male,50.1,4,3,7.67,S,8,0,0
4133,3,female,0.0,1,2,19.31,S,4,0,1
4135,3,male,6.0,2,0,15.95,S,3,0,0
4138,3,male,31.7,0,2,21.79,S,3,0,1
4140,3,male,6.7,1,1,22.41,S,3,0,0
4141,3,male,27.5,4,0,8.77,S,5,0,0
4142,3,male,41.0,1,2,46.07,S,4,0,0
4144,1,male,54.0,2,1,0.51,S,4,0,1
4145,1,male,19.9,2,3,21.79,S,6,0,1
4147,3,female,33.3,1,2,26.95,S,4,0,0
4149,3,male,28.9,4,1,64.6,S,6,0,1
4150,3,female,18.6,0,0,8.94,S,1,1,0
4151,3,male,0.0,1,3,4.83,S,5,0,0
4152,1,female,14.9,4,1,50.1,S,6,0,1
4155,2,male,42.5,2,4,53.23,S,7,0,0
4156,2,male,33.8,1,1,9.31,S,3,0,0
4158,1,male,39.7,0,2,30.29,S,3,0,1
4160,3,female,29.4,0,0,17.81,S,1,1,0
4161,3,female,0.0,5,1,19.41,S,7,0,0
4162,3,male,19.8,3,4,7.34,S,8,0,0
4163,1,male,20.4,3,2,2.04,S,6,0,0
4164,3,male,27.5,1,1,46.57,S,3,0,0
4165,3,male,16.0,2,1,48.98,S,4,0,0
4166,1,male,42.1,5,1,29.19,S,7,0,0
4167,2,male,16.7,0,0,5.15,S,1,1,0
4168,1,female,44.4,5,4,20.69,S,10,0,0
4170,3,male,20.5,4,4,68.19,S,9,0,0
4172,1,male,22.1,1,0,1.02,S,2,0,0
4173,3,female,45.5,4,3,0.05,S,8,0,0
4174,1,male,24.4,2,4,131.85,S,7,0,1
4175,2,male,24.8,1,3,1.3,S,5,0,1
4176,3,female,18.6,2,1,64.28,S,4,0,0
4177,1,male,25.4,2,1,99.82,S,4,0,1
4178,3,male,32.0,3,1,11.79,S,5,0,0
4179,3,male,26.0,5,4,24.86,S,10,0,0
4180,3,male,26.9,2,1,33.36,S,4,0,0
4181,2,male,43.2,4,0,23.52,S,5,0,1
4182,3,female,32.8,4,1,7.69,S,6,0,1
4184,3,male,27.8,5,0,9.58,S,6,0,0
4185,3,female,21.5,0,4,5.77,S,5,0,1
4186,3,male,36.3,5,1,22.54,S,7,0,0
4187,3,female,30.4,3,0,14.89,S,4,0,0
4188,1,male,44.8,5,1,0.89,S,7,0,1
4191,3,female,14.1,0,0,74.64,S,1,1,1
4192,3,male,28.4,5,3,6.73,S,9,0,0
4193,2,male,7.5,2,1,4.9,S,4,0,1
4194,3,male,33.5,2,0,2.29,S,3,0,0
4195,3,female,28.2,2,4,17.75,S,7,0,0
4197,2,female,40.0,2,0,74.9,S,3,0,0
4199,1,male,11.1,0,2,5.56,S,3,0,0
4200,1,male,21.2,5,4,5.87,S,10,0,1
4201,2,male,27.9,5,0,0.26,S,6,0,0
4202,3,female,24.4,2,0,37.25,S,3,0,0
4205,3,male,30.4,4,0,32.21,S,5,0,0
4206,3,female,34.4,2,0,5.21,S,3,0,0
4207,3,female,0.9,2,0,5.32,S,3,0,0
4209,3,male,68.9,4,2,15.57,S,7,0,0
4210,1,male,47.8,1,4,0.25,S,6,0,0
4211,3,male,22.8,5,3,43.86,S,9,0,0
4213,2,female,29.4,2,4,14.62,S,7,0,0
4214,3,female,33.3,1,3,51.2,S,5,0,1
4215,1,female,25.3,4,2,10.72,S,7,0,1
4217,2,male,0.0,2,1,16.23,S,4,0,0
4218,3,female,40.0,2,0,35.36,S,3,0,1
4219,1,male,24.8,5,3,12.46,S,9,0,0
4220,1,female,26.4,3,2,19.18,S,6,0,0
4221,3,female,32.8,1,0,33.15,S,2,0,0
4223,3,male,32.7,3,1,34.2,S,5,0,1
4224,2,female,45.8,5,3,5.05,S,9,0,0
4225,1,male,34.7,5,0,21.16,S,6,0,1
4226,3,female,26.9,0,3,10.2,S,4,0,0
4227,3,male,27.3,1,1,80.83,S,3,0,1
4230,2,female,31.9,5,4,19.35,S,10,0,1
4232,2,male,30.2,5,1,37.52,S,7,0,0
4233,3,male,23.1,1,3,36.8,S,5,0,1
4234,3,male,25.0,4,3,25.43,S,8,0,0
4235,3,male,38.1,3,3,63.46,S,7,0,0
4236,3,male,13.6,1,0,6.72,S,2,0,0
4238,3,male,6.5,3,2,23.54,S,6,0,1
4239,3,male,29.5,5,3,31.07,S,9,0,0
4241,1,male,47.6,0,1,17.68,S,2,0,0
4242,3,male,50.7,4,0,35.29,S,5,0,1
4244,3,female,32.5,5,3,85.84,S,9,0,0
4245,3,male,23.4,1,4,21.4,S,6,0,1
4249,3,female,20.3,1,3,22.23,S,5,0,1
4250,3,male,0.0,2,4,5.06,S,7,0,0
4251,2,female,8.9,1,0,24.96,S,2,0,0
4252,2,male,3.1,5,0,15.69,S,6,0,0
4253,3,male,8.8,0,2,33.57,S,3,0,0
4255,2,male,10.9,3,1,12.45,S,5,0,1
4256,3,male,14.1,1,1,23.26,S,3,0,1
4258,1,male,65.4,4,2,7.56,S,7,0,0
4259,1,female,28.1,3,3,51.72,S,7,0,0
4260,2,male,42.9,4,4,89.62,S,9,0,0
4261,3,male,31.5,1,1,111.72,S,3,0,1
4264,3,male,34.6,3,4,55.07,S,8,0,1
4265,3,male,27.3,0,1,42.57,S,2,0,0
4267,3,male,24.1,0,2,18.65,S,3,0,0
4269,3,male,24.2,5,1,41.94,S,7,0,1
4271,3,male,40.4,0,0,14.29,S,1,1,1
4273,1,male,14.3,2,3,44.35,S,6,0,0
4276,3,male,45.2,1,3,71.57,S,5,0,0
4278,1,female,51.3,1,1,37.48,S,3,0,0
4281,3,male,23.2,3,4,26.53,S,8,0,1
4283,3,male,35.0,0,3,2.84,S,4,0,0
4284,3,female,48.8,2,4,42.03,S,7,0,0
4287,1,male,46.6,5,1,32.68,S,7,0,0
4288,3,male,45.4,3,1,35.12,S,5,0,0
4289,3,female,26.4,2,4,20.56,S,7,0,1
4290,3,female,28.9,1,0,26.02,S,2,0,0
4292,3,female,43.8,1,1,3.62,S,3,0,0
4293,3,female,46.1,4,1,2.16,S,6,0,1
4294,3,male,65.2,4,1,34.17,S,6,0,0
4295,1,female,36.7,5,2,29.63,S,8,0,0
4296,3,male,33.6,3,4,6.58,S,8,0,0
4298,2,male,56.8,2,3,43.81,S,6,0,0
4299,3,male,20.4,0,0,42.1,S,1,1,0
4300,3,female,26.2,1,0,28.98,S,2,0,0
4301,3,male,14.7,0,2,4.47,S,3,0,1
4302,3,male,33.8,2,1,11.6,S,4,0,1
4303,2,female,41.4,5,0,16.66,S,6,0,0
4306,2,male,22.7,0,1,42.28,S,2,0,0
4307,1,female,21.5,3,1,82.26,S,5,0,1
4308,3,male,44.8,0,4,31.29,S,5,0,1
4309,3,male,20.2,2,4,8.66,S,7,0,1
4311,3,male,39.4,2,2,0.02,S,5,0,1
4312,1,male,27.2,0,3,6.18,S,4,0,0
4313,2,male,45.8,3,4,10.04,S,8,0,1
4314,2,female,40.7,1,4,10.06,S,6,0,1
4315,3,male,4.5,0,3,35.2,S,4,0,0
4316,1,male,47.4,3,1,5.21,S,5,0,1
4317,3,male,55.6,4,4,18.3,S,9,0,0
4318,3,male,43.5,2,3,0.16,S,6,0,0
4319,3,male,44.0,4,0,9.69,S,5,0,0
4320,3,female,25.5,2,2,1.34,S,5,0,0
4321,3,male,22.3,1,4,39.56,S,6,0,1
4322,2,female,32.0,5,3,14.0,S,9,0,1
4323,1,female,41.9,3,4,20.93,S,8,0,0
4324,1,male,41.5,1,1,45.86,S,3,0,1
4326,1,female,21.5,3,4,23.27,S,8,0,0
4328,1,female,38.1,0,4,42.62,S,5,0,0
4329,2,male,23.5,4,1,10.75,S,6,0,1
4330,1,female,24.8,1,3,39.31,S,5,0,0
4331,3,male,53.2,1,2,33.93,S,4,0,0
4332,3,male,37.4,0,2,18.73,S,3,0,0
4333,3,male,33.5,3,3,13.33,S,7,0,1
4335,3,male,48.9,5,0,137.34,S,6,0,0
4336,3,male,6.4,4,2,38.01,S,7,0,0
4337,3,female,21.1,4,3,15.51,S,8,0,1
4338,3,male,25.8,3,4,44.56,S,8,0,0
4339,3,female,15.3,1,3,36.39,S,5,0,0
4341,3,male,7.3,5,3,4.52,S,9,0,0
4342,3,male,41.9,3,0,93.76,S,4,0,1
4344,1,female,31.8,2,4,15.99,S,7,0,0
4345,3,male,29.7,0,2,13.41,S,3,0,0
4346,1,male,36.8,2,1,5.34,S,4,0,1
4349,3,male,25.1,4,4,43.04,S,9,0,1
4350,1,male,34.7,5,0,0.67,S,6,0,1
4352,1,female,34.8,4,0,4.45,S,5,0,0
4353,2,male,47.2,1,3,41.19,S,5,0,1
4355,3,male,19.0,4,0,121.93,S,5,0,0
4356,3,female,19.6,0,0,18.12,S,1,1,0
4357,3,female,37.1,3,4,44.23,S,8,0,1
4358,2,male,37.0,0,1,1.35,S,2,0,0
4361,3,male,31.8,4,4,12.07,S,9,0,0
4362,3,male,28.1,1,1,4.34,S,3,0,1
4364,2,female,39.6,5,4,43.89,S,10,0,0
4365,2,male,33.3,1,2,2.85,S,4,0,1
4369,2,female,37.3,3,3,130.26,S,7,0,0
4370,1,male,15.6,4,1,43.73,S,6,0,0
4372,2,male,33.8,4,3,74.81,S,8,0,0
4373,3,male,6.8,4,4,0.86,S,9,0,0
4377,3,male,21.6,1,2,2.91,S,4,0,1
4378,2,male,28.6,4,4,5.77,S,9,0,0
4380,3,female,41.0,1,3,1.26,S,5,0,0
4381,1,male,31.5,1,4,15.8,S,6,0,0
4383,3,male,33.2,1,4,34.03,S,6,0,0
4384,3,male,37.0,2,2,13.87,S,5,0,1
4385,3,male,17.0,1,2,0.28,S,4,0,0
4386,2,male,12.5,4,4,10.06,S,9,0,1
4389,2,female,38.0,5,0,15.17,S,6,0,0
4392,1,male,37.0,1,1,31.12,S,3,0,1
4394,3,male,23.6,0,4,45.74,S,5,0,1
4395,3,female,27.4,1,3,67.02,S,5,0,1
4396,3,female,21.1,1,0,44.43,S,2,0,0
4397,3,female,10.6,5,3,25.15,S,9,0,0
4398,2,male,29.5,1,0,87.81,S,2,0,0
4399,2,male,44.5,0,2,15.41,S,3,0,0
4401,3,male,48.6,5,4,27.4,S,10,0,0
4402,3,male,46.0,5,2,58.96,S,8,0,0
4403,3,male,34.6,4,3,22.15,S,8,0,0
4406,1,male,29.6,2,2,4.85,S,5,0,1
4408,3,male,29.4,1,2,63.34,S,4,0,0
4411,1,male,36.9,4,2,14.04,S,7,0,0
4412,3,male,26.1,0,0,1.17,S,1,1,1
4413,2,female,27.6,0,4,2.59,S,5,0,1
4414,3,male,19.0,5,1,23.08,S,7,0,0
4415,2,male,21.3,4,4,1.64,S,9,0,0
4418,1,male,20.4,2,3,14.97,S,6,0,0
4420,3,male,18.8,3,0,12.55,S,4,0,0
4423,1,female,25.0,0,2,1.85,S,3,0,1
4424,3,male,29.4,1,3,135.29,S,5,0,0
4426,1,male,18.5,5,2,12.88,S,8,0,0
4427,2,female,9.5,0,1,58.05,S,2,0,0
4428,2,female,47.7,5,2,37.24,S,8,0,0
4429,3,male,42.8,3,4,1.92,S,8,0,1
4430,3,male,34.3,2,3,47.68,S,6,0,1
4432,2,female,55.8,5,2,96.18,S,8,0,0
4434,3,male,13.3,1,0,118.34,S,2,0,0
4435,3,female,38.3,3,3,19.42,S,7,0,0
4437,1,female,29.5,5,0,104.57,S,6,0,1
4441,3,male,45.8,1,2,218.47,S,4,0,1
4442,1,male,18.5,2,2,0.45,S,5,0,0
4443,1,female,38.9,0,3,25.89,S,4,0,0
4444,1,female,19.7,0,2,23.55,S,3,0,0
4445,2,female,36.7,3,1,11.63,S,5,0,1
4446,3,female,14.8,5,1,42.18,S,7,0,0
4447,3,male,28.7,5,4,9.51,S,10,0,1
4448,1,male,47.5,4,0,11.0,S,5,0,0
4449,2,male,30.6,3,0,6.36,S,4,0,1
4450,2,female,45.6,5,4,40.06,S,10,0,0
4452,2,male,21.9,1,2,72.95,S,4,0,1
4455,2,female,2.3,5,0,20.62,S,6,0,0
4456,1,female,36.3,2,4,38.78,S,7,0,1
4457,1,male,15.8,4,4,8.53,S,9,0,0
4458,2,female,12.4,0,0,58.37,S,1,1,0
4459,1,male,36.5,2,0,42.85,S,3,0,0
4461,3,female,32.0,1,0,4.1,S,2,0,0
4462,3,male,10.0,3,4,22.49,S,8,0,1
4463,3,male,19.6,5,1,126.04,S,7,0,0
4464,3,female,23.1,1,1,0.79,S,3,0,1
4465,2,female,31.7,2,1,59.63,S,4,0,0
4467,2,female,35.9,0,1,6.47,S,2,0,0
4468,2,male,43.0,2,3,20.71,S,6,0,1
4469,2,male,33.8,3,3,31.62,S,7,0,1
4470,1,female,41.6,5,2,38.18,S,8,0,1
4471,3,male,25.2,3,1,81.37,S,5,0,1
4472,1,male,75.1,5,4,66.05,S,10,0,0
4473,2,male,36.7,5,2,12.74,S,8,0,0
4474,2,female,38.6,4,0,4.09,S,5,0,1
4475,1,male,53.6,3,2,3.52,S,6,0,0
4476,1,female,30.2,4,3,110.9,S,8,0,0
4477,1,male,20.0,3,4,99.82,S,8,0,0
4478,2,male,47.3,1,1,54.79,S,3,0,0
4479,3,female,48.1,5,3,125.93,S,9,0,0
4481,1,male,53.6,5,1,55.88,S,7,0,0
4482,3,female,27.8,0,2,22.32,S,3,0,0
4485,2,male,30.4,1,1,59.9,S,3,0,1
4487,1,male,43.4,1,3,144.72,S,5,0,0
4488,3,male,23.9,0,1,7.92,S,2,0,1
4489,1,male,17.6,2,0,35.73,S,3,0,0
4490,3,male,47.7,2,0,51.92,S,3,0,0
4491,3,male,33.3,5,3,28.2,S,9,0,1
4495,2,female,7.0,2,3,6.75,S,6,0,0
4496,3,male,39.0,0,1,46.1,S,2,0,0
4497,3,female,34.7,1,4,9.95,S,6,0,0
4498,2,female,52.2,5,3,57.1,S,9,0,0
4499,3,male,25.9,0,2,7.72,S,3,0,0
4500,1,male,48.3,5,3,22.33,S,9,0,0
4501,2,male,28.4,4,4,38.02,S,9,0,0
4502,3,male,30.9,5,3,175.36,S,9,0,0
4503,2,male,32.9,3,0,10.11,S,4,0,0
4504,2,female,58.3,2,4,32.3,S,7,0,0
4505,1,female,11.6,5,2,5.33,S,8,0,0
4506,3,female,35.9,5,4,54.81,S,10,0,1
4509,3,male,37.2,0,2,93.13,S,3,0,1
4510,3,male,44.5,1,2,14.07,S,4,0,0
4516,3,male,56.8,2,3,4.57,S,6,0,0
4517,1,male,26.4,5,1,60.81,S,7,0,1
4520,3,male,44.5,4,1,35.41,S,6,0,1
4522,2,female,45.6,2,1,50.71,S,4,0,1
4525,3,male,21.4,2,1,74.46,S,4,0,0
4526,3,male,39.3,1,4,5.61,S,6,0,1
4527,2,male,29.6,1,0,17.13,S,2,0,1
4531,1,male,42.9,5,4,19.91,S,10,0,0
4532,2,male,1.8,4,4,17.39,S,9,0,0
4533,3,male,33.7,0,2,37.25,S,3,0,0
4534,1,male,32.5,3,3,1.59,S,7,0,0
4535,3,female,5.4,1,0,13.97,S,2,0,0
4536,3,male,17.8,0,0,24.37,S,1,1,0
4537,3,male,17.8,5,0,21.18,S,6,0,0
4538,2,male,29.7,4,1,32.91,S,6,0,0
4539,1,female,49.5,1,0,4.79,S,2,0,0
4540,3,male,44.0,1,1,16.49,S,3,0,0
4541,3,male,24.0,0,2,32.13,S,3,0,0
4543,1,male,7.2,2,3,30.37,S,6,0,0
4546,3,female,28.5,0,3,41.37,S,4,0,0
4547,2,female,29.0,3,3,6.26,S,7,0,1
4548,3,male,22.3,1,3,49.08,S,5,0,1
4549,3,male,22.6,3,0,18.94,S,4,0,1
4550,3,male,19.3,1,3,96.99,S,5,0,1
4551,1,female,21.8,0,4,30.25,S,5,0,0
4552,3,female,49.1,2,2,7.85,S,5,0,0
4553,2,male,36.2,1,4,11.99,S,6,0,1
4554,3,male,36.4,5,0,12.3,S,6,0,0
4555,3,male,43.2,0,3,10.35,S,4,0,0
4556,3,male,41.9,0,1,47.28,S,2,0,1
4557,1,male,48.9,0,0,13.14,S,1,1,1
4558,3,female,37.2,3,2,6.97,S,6,0,1
4559,2,female,31.9,0,1,29.01,S,2,0,1
4560,2,female,20.7,3,1,20.0,S,5,0,1
4561,1,female,17.5,4,3,0.72,S,8,0,0
4562,1,female,41.4,5,2,10.47,S,8,0,1
4563,1,female,27.4,5,2,1.25,S,8,0,0
4564,2,male,10.0,5,1,46.62,S,7,0,0
4565,3,male,0.0,2,2,96.53,S,5,0,1
4566,2,male,59.1,5,4,22.19,S,10,0,0
4567,3,female,15.2,0,3,26.14,S,4,0,0
4569,3,male,46.2,0,4,0.61,S,5,0,1
4570,3,female,12.1,4,4,5.67,S,9,0,0
4571,3,male,36.4,5,2,34.0,S,8,0,1
4572,3,female,54.5,0,1,43.32,S,2,0,0
4573,3,female,58.6,2,2,31.49,S,5,0,1
4576,3,male,23.5,0,3,25.92,S,4,0,0
4578,2,male,47.2,3,2,73.57,S,6,0,1
4579,1,male,9.4,4,4,1.0,S,9,0,1
4581,3,male,26.3,5,2,42.98,S,8,0,0
4582,3,male,48.2,0,3,0.03,S,4,0,1
4583,3,female,47.4,5,4,63.61,S,10,0,1
4584,1,male,23.3,5,1,22.32,S,7,0,1
4586,3,male,41.5,0,2,18.7,S,3,0,0
4587,3,male,42.8,0,0,21.71,S,1,1,0
4588,3,male,0.0,1,4,14.63,S,6,0,1
4589,3,male,41.5,2,0,19.38,S,3,0,1
4590,3,male,52.1,2,3,71.04,S,6,0,0
4593,1,female,46.9,1,3,37.17,S,5,0,0
4594,2,male,32.1,5,4,72.43,S,10,0,0
4595,3,female,40.4,1,2,7.5,S,4,0,1
4596,3,female,29.2,1,4,21.66,S,6,0,1
4597,2,female,28.3,4,4,26.67,S,9,0,0
4598,3,male,19.7,5,4,2.85,S,10,0,0
4602,3,male,37.6,1,1,32.9,S,3,0,1
4603,3,female,33.5,1,3,143.61,S,5,0,0
4605,2,male,52.3,2,2,11.57,S,5,0,1
4606,3,male,16.1,0,4,28.14,S,5,0,1
4607,2,female,21.0,0,4,24.95,S,5,0,0
4608,3,female,21.7,2,0,3.56,S,3,0,1
4610,1,female,23.4,5,3,35.42,S,9,0,0
4611,1,male,33.9,4,0,28.73,S,5,0,0
4612,1,female,17.1,4,2,13.51,S,7,0,0
4614,3,female,17.9,0,2,33.12,S,3,0,0
4615,1,male,35.9,3,4,8.4,S,8,0,0
4616,3,male,28.1,1,3,20.39,S,5,0,1
4617,2,male,25.6,3,0,39.79,S,4,0,1
4618,3,female,17.2,1,0,35.67,S,2,0,0
4619,3,female,6.5,3,3,9.05,S,7,0,1
4621,3,male,25.0,5,2,12.95,S,8,0,1
4623,3,female,39.8,4,2,35.39,S,7,0,1
4625,2,male,42.9,4,0,39.91,S,5,0,1
4627,3,male,20.6,4,0,44.62,S,5,0,0
4628,3,male,15.3,3,1,0.51,S,5,0,1
4629,3,male,44.7,0,0,6.66,S,1,1,0
4630,2,male,32.7,0,1,115.85,S,2,0,0
4632,3,female,40.4,4,2,34.7,S,7,0,1
4633,3,female,34.0,0,1,79.55,S,2,0,1
4634,2,female,22.4,1,4,62.81,S,6,0,0
4636,1,male,26.2,5,2,132.14,S,8,0,0
4637,1,male,30.3,1,2,14.15,S,4,0,1
4641,3,female,43.6,0,1,33.86,S,2,0,0
4642,3,male,46.6,5,2,12.87,S,8,0,1
4644,3,female,14.4,4,1,33.22,S,6,0,1
4646,1,female,32.2,1,0,1.84,S,2,0,1
4647,3,male,29.0,1,1,51.96,S,3,0,0
4648,3,female,23.0,0,4,49.92,S,5,0,1
4649,1,male,14.6,3,0,15.56,S,4,0,0
4651,3,female,42.6,4,2,8.7,S,7,0,1
4652,3,male,28.8,3,3,14.67,S,7,0,0
4653,2,male,37.5,1,3,1.19,S,5,0,1
4654,3,male,53.7,0,3,10.23,S,4,0,0
4656,2,male,33.2,0,2,17.66,S,3,0,1
4658,3,female,15.9,0,0,21.88,S,1,1,0
4659,3,male,31.5,2,2,13.33,S,5,0,1
4660,3,female,55.2,4,3,7.42,S,8,0,0
4661,1,male,24.2,2,3,19.38,S,6,0,0
4662,1,male,44.0,0,0,65.27,S,1,1,0
4663,2,male,27.0,3,2,130.82,S,6,0,1
4664,3,male,54.2,4,4,12.0,S,9,0,1
4665,3,male,6.0,2,4,117.32,S,7,0,1
4666,3,male,29.9,4,0,18.24,S,5,0,0
4667,1,female,8.3,2,2,30.4,S,5,0,1
4668,1,male,19.2,5,4,52.1,S,10,0,1
4669,3,female,19.1,4,3,14.25,S,8,0,1
4670,3,male,25.3,1,3,7.47,S,5,0,0
4671,3,male,12.4,2,4,10.21,S,7,0,1
4672,3,male,28.0,2,2,58.37,S,5,0,1
4673,3,male,35.4,4,4,87.21,S,9,0,0
4676,3,male,64.6,2,4,1.14,S,7,0,0
4677,3,male,33.6,0,3,66.53,S,4,0,1
4678,1,male,3.6,0,2,62.2,S,3,0,1
4681,2,male,30.4,3,3,29.67,S,7,0,0
4682,3,male,20.8,1,2,5.1,S,4,0,1
4683,3,male,59.7,2,0,78.72,S,3,0,0
4684,1,female,65.7,0,3,4.86,S,4,0,1
4686,3,male,41.2,0,0,18.13,S,1,1,0
4687,2,male,41.9,4,1,22.05,S,6,0,0
4688,3,male,43.8,4,2,3.24,S,7,0,0
4689,2,male,20.0,2,0,45.89,S,3,0,1
4690,1,male,56.2,4,2,4.73,S,7,0,0
4691,1,male,28.0,1,2,34.03,S,4,0,0
4695,1,male,32.9,4,2,57.96,S,7,0,1
4696,3,male,12.4,2,2,9.3,S,5,0,0
4699,3,female,16.7,5,3,13.91,S,9,0,1
4700,3,male,36.7,5,4,0.38,S,10,0,0
4701,3,male,35.1,3,3,16.23,S,7,0,0
4702,2,female,29.2,5,1,4.03,S,7,0,1
4703,3,female,49.7,2,2,8.16,S,5,0,0
4704,3,male,28.9,1,0,37.3,S,2,0,0
4705,2,female,8.6,0,2,27.1,S,3,0,0
4706,2,male,25.9,5,2,23.96,S,8,0,1
4707,3,male,45.4,0,1,26.56,S,2,0,0
4708,1,male,2.6,3,2,4.09,S,6,0,1
4709,3,male,27.7,0,0,5.76,S,1,1,1
4710,2,female,37.1,2,0,25.04,S,3,0,0
4711,1,female,66.1,5,4,16.71,S,10,0,0
4712,3,female,45.9,1,4,19.91,S,6,0,0
4713,1,male,30.9,5,2,67.62,S,8,0,1
4716,1,male,14.3,4,3,62.35,S,8,0,0
4717,3,female,38.1,0,1,74.26,S,2,0,1
4718,3,male,31.3,3,1,32.81,S,5,0,0
4719,1,male,33.0,3,0,63.83,S,4,0,1
4720,3,male,29.5,5,3,151.42,S,9,0,0
4721,2,male,28.9,4,0,20.4,S,5,0,0
4722,3,male,30.4,3,3,63.33,S,7,0,0
4724,2,female,25.8,0,4,11.86,S,5,0,0
4725,3,female,11.6,5,2,18.71,S,8,0,0
4726,1,male,20.3,2,1,27.28,S,4,0,1
4727,1,male,45.7,2,1,13.74,S,4,0,1
4728,3,female,26.5,1,3,12.44,S,5,0,1
4729,3,male,37.3,2,4,15.33,S,7,0,0
4730,3,female,30.6,2,3,17.65,S,6,0,0
4732,3,male,14.9,5,3,20.52,S,9,0,1
4733,2,female,23.4,0,0,48.27,S,1,1,1
4737,3,male,38.1,2,3,55.6,S,6,0,0
4738,3,male,7.7,5,0,22.91,S,6,0,0
4739,2,male,41.1,2,3,113.56,S,6,0,1
4740,2,male,13.2,4,1,9.32,S,6,0,1
4741,2,female,42.8,5,1,6.18,S,7,0,0
4743,3,male,2.8,5,1,2.76,S,7,0,1
4744,3,male,39.3,2,1,15.58,S,4,0,0
4746,3,male,46.6,5,3,1.24,S,9,0,0
4747,3,male,18.2,2,0,8.17,S,3,0,0
4748,3,female,31.5,3,0,41.75,S,4,0,0
4749,3,male,38.7,4,4,42.58,S,9,0,1
4751,1,female,34.7,4,4,88.21,S,9,0,0
4757,3,female,18.8,3,4,5.44,S,8,0,1
4758,3,male,48.1,0,2,32.19,S,3,0,0
4759,2,female,42.3,4,2,10.36,S,7,0,1
4760,3,male,28.7,2,0,9.14,S,3,0,0
4761,3,female,26.2,1,2,72.82,S,4,0,1
4762,3,male,4.2,5,4,7.72,S,10,0,1
4763,2,male,27.8,5,2,63.98,S,8,0,0
4764,2,male,12.3,2,2,11.58,S,5,0,0
4765,2,male,31.2,5,0,151.56,S,6,0,1
4766,2,male,45.6,4,0,126.71,S,5,0,1
4767,1,male,15.3,0,3,56.26,S,4,0,0
4768,3,male,32.3,1,1,64.82,S,3,0,1
4769,2,female,43.0,2,2,55.46,S,5,0,0
4770,3,male,32.1,1,1,31.79,S,3,0,0
4772,1,male,29.1,5,0,31.67,S,6,0,0
4773,3,male,42.4,4,4,59.08,S,9,0,1
4774,3,male,32.7,3,3,87.74,S,7,0,0
4775,3,female,29.0,3,2,44.79,S,6,0,1
4776,2,male,45.2,4,4,106.99,S,9,0,0
4777,3,female,36.2,1,0,19.03,S,2,0,0
4778,2,male,12.2,2,3,83.05,S,6,0,0
4779,3,female,37.8,2,1,8.21,S,4,0,0
4780,1,male,42.3,1,3,1.02,S,5,0,0
4781,3,female,11.7,0,1,4.39,S,2,0,0
4782,2,male,0.0,1,2,5.59,S,4,0,0
4783,1,male,14.4,4,1,55.67,S,6,0,0
4784,3,male,27.6,4,1,16.4,S,6,0,0
4785,3,male,43.1,3,3,8.5,S,7,0,0
4787,1,male,36.8,3,0,7.23,S,4,0,1
4788,3,female,0.0,2,3,2.59,S,6,0,0
4790,1,male,23.3,0,4,2.3,S,5,0,0
4791,3,male,58.4,5,0,10.46,S,6,0,1
4792,3,female,2.5,2,1,38.56,S,4,0,0
4793,1,male,28.8,0,4,15.02,S,5,0,0
4794,3,male,2.4,0,1,2.93,S,2,0,0
4795,3,male,21.3,0,2,16.51,S,3,0,0
4796,3,male,5.2,1,0,23.03,S,2,0,0
4797,1,male,61.2,0,0,9.22,S,1,1,1
4798,3,female,24.0,0,3,6.0,S,4,0,0
4799,2,male,26.0,4,2,45.89,S,7,0,1
4800,3,male,28.4,4,1,2.25,S,6,0,0
4801,1,female,13.1,2,1,100.59,S,4,0,0
4802,3,male,43.8,4,1,0.24,S,6,0,1
4804,2,female,41.9,0,0,4.59,S,1,1,1
4805,3,female,11.9,4,0,25.35,S,5,0,0
4808,3,female,25.7,5,4,62.86,S,10,0,0
4809,3,male,41.5,1,2,17.65,S,4,0,1
4810,1,male,32.8,4,1,10.3,S,6,0,0
4812,3,male,26.4,5,1,2.74,S,7,0,0
4813,2,female,22.3,4,3,13.71,S,8,0,0
4814,3,female,30.2,5,4,6.25,S,10,0,1
4815,2,male,43.3,4,1,151.44,S,6,0,1
4816,3,female,6.0,3,1,25.27,S,5,0,1
4817,3,male,22.8,0,4,53.52,S,5,0,1
4818,2,female,17.5,2,1,5.71,S,4,0,1
4819,3,male,18.1,4,0,11.62,S,5,0,0
4820,3,male,17.5,4,3,30.93,S,8,0,0
4821,2,male,30.0,1,0,6.27,S,2,0,0
4823,3,male,33.9,4,0,85.84,S,5,0,0
4824,3,male,31.6,4,0,85.21,S,5,0,0
4828,3,female,43.3,0,1,122.89,S,2,0,0
4830,3,female,53.9,4,3,7.39,S,8,0,1
4831,2,male,36.8,0,1,59.61,S,2,0,1
4832,3,female,17.2,0,2,17.45,S,3,0,1
4833,3,male,33.3,2,4,32.35,S,7,0,0
4834,2,male,32.5,3,0,59.36,S,4,0,0
4835,1,male,40.4,5,3,11.84,S,9,0,0
4836,3,male,16.8,5,4,27.6,S,10,0,0
4838,1,female,29.1,3,3,8.55,S,7,0,0
4839,3,female,40.8,2,4,4.78,S,7,0,0
4840,3,female,33.3,5,0,33.07,S,6,0,1
4841,3,male,30.7,5,4,9.41,S,10,0,1
4844,3,male,56.4,0,0,49.08,S,1,1,0
4846,1,male,36.6,1,0,23.89,S,2,0,1
4848,1,male,26.5,0,4,12.47,S,5,0,1
4849,2,female,0.0,4,0,9.64,S,5,0,0
4851,2,male,27.3,0,3,13.85,S,4,0,0
4853,3,male,29.6,2,1,26.48,S,4,0,0
4854,2,male,24.9,5,2,31.0,S,8,0,1
4855,3,male,4.6,3,0,47.99,S,4,0,0
4856,1,female,30.2,1,2,1.34,S,4,0,0
4857,3,male,37.1,2,2,6.14,S,5,0,1
4859,3,male,32.7,3,1,24.29,S,5,0,1
4860,3,female,30.5,4,2,52.49,S,7,0,1
4862,1,male,27.5,0,1,19.68,S,2,0,0
4863,3,male,40.2,5,3,15.17,S,9,0,0
4864,3,male,24.6,5,2,37.6,S,8,0,0
4867,3,male,19.4,1,2,6.65,S,4,0,0
4868,3,male,27.6,4,4,0.08,S,9,0,0
4869,3,male,18.8,0,3,3.07,S,4,0,1
4870,3,male,11.5,4,2,3.65,S,7,0,0
4871,1,male,39.2,4,4,26.96,S,9,0,0
4872,2,female,0.0,5,0,45.56,S,6,0,0
4874,2,female,10.2,2,3,17.12,S,6,0,0
4876,1,male,0.0,1,2,74.01,S,4,0,0
4877,2,male,36.7,0,4,42.52,S,5,0,1
4878,3,male,38.2,1,3,17.26,S,5,0,0
4879,1,male,6.1,0,3,3.27,S,4,0,1
4880,3,female,31.7,5,4,59.88,S,10,0,0
4881,3,female,36.2,0,1,5.95,S,2,0,0
4883,1,female,8.4,4,3,13.28,S,8,0,0
4884,3,male,6.5,4,3,62.81,S,8,0,0
4887,3,male,21.6,3,3,0.41,S,7,0,1
4888,3,male,37.9,3,2,7.64,S,6,0,0
4889,3,male,12.6,5,2,14.55,S,8,0,1
4890,1,male,25.3,1,2,39.43,S,4,0,0
4892,3,female,9.1,3,2,9.7,S,6,0,0
4895,3,male,18.2,0,3,46.81,S,4,0,0
4896,2,male,45.6,0,4,2.62,S,5,0,0
4897,3,male,48.7,5,1,42.74,S,7,0,0
4898,3,female,32.6,1,0,9.98,S,2,0,0
4899,2,male,36.5,5,1,19.71,S,7,0,1
4900,1,female,36.1,1,4,16.91,S,6,0,0
4901,1,female,19.6,5,1,9.35,S,7,0,0
4902,1,female,32.3,4,1,9.45,S,6,0,0
4903,1,female,10.9,2,2,95.26,S,5,0,0
4904,1,female,15.6,0,0,11.66,S,1,1,1
4905,2,male,27.8,4,2,6.47,S,7,0,0
4906,2,female,14.1,3,4,9.23,S,8,0,1
4907,3,male,11.2,4,0,38.02,S,5,0,0
4908,3,male,19.0,5,4,11.82,S,10,0,1
4909,3,male,45.0,3,4,6.02,S,8,0,0
4911,1,male,28.5,0,1,4.0,S,2,0,0
4912,3,male,37.2,4,1,16.28,S,6,0,0
4913,2,female,21.1,0,1,63.43,S,2,0,0
4914,1,male,0.1,2,0,14.93,S,3,0,0
4916,2,female,24.7,2,0,49.81,S,3,0,0
4917,1,male,31.0,2,1,23.22,S,4,0,0
4919,3,female,25.1,5,4,7.74,S,10,0,0
4921,2,male,33.8,0,1,51.85,S,2,0,1
4922,3,female,9.9,5,4,45.76,S,10,0,0
4923,3,male,40.2,4,4,25.37,S,9,0,1
4926,3,male,24.6,1,4,34.84,S,6,0,0
4927,2,male,22.3,1,0,32.94,S,2,0,0
4928,3,male,21.1,1,1,22.42,S,3,0,1
4929,3,female,22.4,1,3,9.61,S,5,0,1
4930,2,female,37.5,3,3,18.29,S,7,0,0
4931,3,female,28.4,3,2,22.97,S,6,0,0
4932,1,male,42.8,4,2,7.79,S,7,0,1
4935,2,male,34.2,3,4,12.33,S,8,0,0
4936,3,female,45.7,4,4,116.39,S,9,0,1
4938,2,male,32.9,3,1,30.03,S,5,0,1
4939,1,female,34.9,0,0,22.43,S,1,1,1
4942,3,female,36.4,0,2,3.12,S,3,0,1
4944,2,female,28.6,2,1,10.78,S,4,0,1
4945,3,male,0.0,1,1,12.63,S,3,0,1
4947,1,male,30.1,2,0,2.32,S,3,0,1
4949,3,male,17.4,3,1,42.82,S,5,0,1
4951,3,male,39.8,5,0,57.29,S,6,0,0
4952,3,male,46.6,1,3,12.81,S,5,0,0
4953,3,female,31.4,3,3,3.84,S,7,0,1
4959,3,female,22.8,2,3,7.68,S,6,0,1
4960,3,male,36.4,1,0,26.45,S,2,0,0
4961,1,male,35.3,3,3,70.86,S,7,0,0
4962,3,female,23.5,5,3,0.67,S,9,0,0
4963,3,female,4.9,4,1,55.37,S,6,0,1
4964,1,female,16.6,2,1,44.9,S,4,0,0
4965,1,female,50.9,3,0,5.64,S,4,0,0
4966,3,female,5.3,2,2,14.94,S,5,0,1
4967,2,female,47.4,4,1,75.65,S,6,0,1
4968,3,female,4.8,5,2,5.06,S,8,0,1
4969,3,female,18.2,2,3,3.78,S,6,0,0
4970,2,female,23.8,2,3,42.52,S,6,0,0
4971,3,male,54.0,3,0,20.37,S,4,0,1
4973,3,male,26.0,5,3,6.03,S,9,0,1
4974,3,female,15.9,3,2,40.99,S,6,0,0
4976,1,female,21.8,4,3,8.76,S,8,0,0
4977,2,male,25.8,5,4,91.89,S,10,0,0
4979,2,female,39.1,0,2,13.94,S,3,0,0
4982,3,female,20.2,5,0,0.3,S,6,0,1
4983,2,male,18.8,3,0,58.77,S,4,0,1
4984,2,male,31.6,0,4,2.2,S,5,0,0
4985,3,male,41.7,0,3,145.36,S,4,0,0
4986,2,male,31.8,5,1,13.77,S,7,0,1
4987,3,male,0.0,2,4,23.81,S,7,0,0
4988,1,male,39.6,5,3,246.08,S,9,0,1
4989,3,male,10.1,0,3,10.04,S,4,0,1
4991,3,female,31.8,2,1,44.99,S,4,0,0
4992,1,male,27.8,5,1,20.13,S,7,0,0
4993,3,male,41.2,4,2,13.0,S,7,0,1
4994,3,male,20.4,2,3,4.11,S,6,0,0
4995,3,male,15.5,2,3,23.03,S,6,0,1
5001,1,male,45.0,5,1,51.22,S,7,0,0
5003,3,male,12.5,2,0,10.18,S,3,0,0
5004,3,female,40.0,2,2,58.61,S,5,0,1
5005,3,male,26.2,5,0,53.33,S,6,0,0
5006,3,female,23.5,4,3,50.45,S,8,0,1
5007,1,female,19.4,0,3,43.45,S,4,0,1
5008,3,male,26.6,4,1,70.26,S,6,0,0
5009,1,male,20.2,3,2,39.97,S,6,0,0
5010,2,male,31.4,2,4,5.94,S,7,0,0
5011,1,male,26.6,5,3,1.07,S,9,0,1
5012,1,female,32.1,5,4,6.42,S,10,0,0
5014,2,male,24.9,3,3,1.74,S,7,0,0
5015,3,female,18.7,1,4,45.27,S,6,0,0
5016,3,male,0.9,0,4,32.81,S,5,0,0
5017,3,male,39.8,3,4,40.51,S,8,0,0
5018,3,male,30.1,0,0,3.22,S,1,1,0
5019,2,female,26.5,2,2,12.76,S,5,0,1
5020,2,male,45.4,5,1,19.68,S,7,0,1
5022,2,male,29.8,2,4,51.95,S,7,0,1
5024,3,male,38.2,1,0,2.74,S,2,0,1
5026,1,male,40.3,0,2,4.64,S,3,0,0
5028,1,female,16.1,0,0,47.32,S,1,1,1
5029,1,female,29.9,1,2,164.24,S,4,0,0
5030,3,female,16.4,4,2,23.92,S,7,0,0
5031,1,male,35.0,0,0,13.94,S,1,1,0
5034,1,female,10.8,3,2,74.9,S,6,0,0
5035,3,male,44.4,0,4,60.41,S,5,0,0
5036,3,male,56.2,2,4,22.81,S,7,0,0
5037,1,male,35.9,0,1,28.47,S,2,0,1
5038,3,male,37.0,3,1,57.97,S,5,0,1
5039,1,female,24.4,1,0,84.58,S,2,0,1
5040,1,female,31.5,2,4,89.5,S,7,0,1
5041,3,female,33.9,4,1,37.46,S,6,0,0
5042,3,male,26.4,5,0,6.81,S,6,0,0
5043,2,female,47.9,2,1,12.01,S,4,0,1
5044,1,male,31.5,5,2,9.91,S,8,0,1
5045,3,male,33.3,0,3,6.1,S,4,0,0
5046,2,male,26.7,2,1,9.24,S,4,0,0
5047,1,male,28.2,0,2,65.26,S,3,0,0
5048,3,male,46.1,2,3,47.08,S,6,0,0
5049,3,male,31.0,0,1,1.43,S,2,0,0
5050,1,female,31.4,5,4,5.11,S,10,0,0
5051,3,female,31.6,1,3,134.02,S,5,0,1
5052,3,male,23.9,1,2,8.2,S,4,0,0
5053,2,male,9.3,0,4,32.2,S,5,0,0
5054,3,male,51.0,0,2,7.36,S,3,0,0
5056,1,male,46.5,0,2,22.09,S,3,0,0
5057,1,male,14.0,3,0,21.4,S,4,0,0
5058,3,female,49.2,5,2,33.25,S,8,0,0
5060,2,male,43.6,1,4,9.75,S,6,0,1
5062,3,female,40.2,1,3,3.28,S,5,0,0
5063,3,male,17.1,3,2,76.82,S,6,0,0
5064,3,male,36.1,2,1,6.3,S,4,0,1
5065,2,female,14.7,1,0,18.46,S,2,0,0
5066,2,female,20.6,0,0,3.68,S,1,1,0
5068,2,male,31.5,0,0,12.67,S,1,1,1
5069,3,male,35.5,2,4,2.45,S,7,0,0
5070,2,male,3.9,5,0,28.74,S,6,0,0
5071,1,male,26.8,4,1,126.27,S,6,0,1
5072,3,male,36.7,3,2,65.51,S,6,0,0
5073,3,female,39.5,1,0,38.84,S,2,0,0
5074,3,male,40.4,1,1,0.41,S,3,0,1
5075,3,male,32.5,3,0,62.88,S,4,0,0
5076,1,male,23.7,1,1,72.65,S,3,0,0
5078,3,male,24.8,4,1,4.18,S,6,0,0
5080,3,female,35.0,4,1,16.46,S,6,0,0
5081,3,male,28.1,5,2,11.16,S,8,0,0
5082,2,female,18.2,0,1,7.06,S,2,0,1
5083,3,female,44.7,4,4,25.49,S,9,0,0
5086,1,female,36.4,1,4,11.46,S,6,0,1
5087,1,male,37.5,4,4,38.87,S,9,0,0
5088,3,female,8.5,3,3,49.67,S,7,0,0
5089,3,male,33.3,0,1,20.8,S,2,0,0
5090,3,male,24.6,0,3,81.26,S,4,0,0
5092,3,female,33.7,2,2,73.84,S,5,0,1
5093,2,male,42.8,3,1,71.37,S,5,0,0
5094,3,female,58.9,2,3,4.71,S,6,0,0
5095,3,female,17.8,4,0,18.52,S,5,0,0
5099,1,male,38.9,1,0,39.94,S,2,0,0
5102,2,male,41.9,1,3,1.51,S,5,0,0
5103,2,male,49.4,4,2,28.98,S,7,0,0
5104,3,female,17.5,2,4,23.67,S,7,0,0
5106,3,female,53.3,1,1,38.09,S,3,0,0
5107,3,female,1.6,3,4,105.12,S,8,0,0
5109,3,male,31.1,5,3,23.08,S,9,0,1
5110,3,male,26.5,1,1,15.5,S,3,0,1
5112,3,male,35.7,1,2,84.1,S,4,0,0
5113,3,female,23.6,2,1,16.19,S,4,0,1
5116,2,male,45.3,0,3,19.59,S,4,0,0
5117,3,male,30.9,3,2,9.29,S,6,0,0
5118,1,male,27.1,3,0,8.11,S,4,0,1
5119,2,male,19.3,4,1,62.24,S,6,0,0
5120,3,female,34.2,2,1,40.08,S,4,0,0
5121,3,male,33.5,0,0,2.22,S,1,1,1
5122,3,female,18.9,2,1,45.32,S,4,0,0
5124,3,male,52.9,0,1,49.48,S,2,0,1
5125,1,female,29.7,1,3,28.79,S,5,0,0
5126,3,female,33.2,5,4,15.16,S,10,0,0
5127,1,male,13.5,3,2,21.86,S,6,0,0
5131,1,female,18.6,0,4,16.68,S,5,0,0
5132,3,male,54.9,3,3,3.06,S,7,0,0
5133,2,female,34.4,4,1,34.58,S,6,0,0
5134,1,male,16.2,4,4,77.97,S,9,0,1
5135,1,female,41.0,2,2,43.19,S,5,0,0
5136,2,female,32.2,5,4,7.44,S,10,0,0
5137,1,male,29.8,4,2,22.64,S,7,0,0
5138,3,male,42.7,2,2,39.83,S,5,0,1
5139,2,female,0.0,0,0,52.43,S,1,1,1
5140,3,male,3.7,3,3,10.65,S,7,0,0
5141,1,female,48.3,0,3,20.75,S,4,0,0
5143,3,female,23.0,2,2,41.47,S,5,0,1
5144,3,male,10.3,0,1,18.25,S,2,0,0
5145,3,male,31.7,3,2,1.36,S,6,0,1
5147,1,female,49.2,4,3,50.15,S,8,0,1
5148,3,male,34.2,5,2,1.45,S,8,0,1
5149,3,male,24.8,2,1,16.52,S,4,0,0
5150,1,female,34.7,0,0,21.04,S,1,1,0
5151,1,female,44.5,4,0,246.6,S,5,0,0
5152,1,female,41.5,4,1,7.9,S,6,0,1
5153,3,male,37.7,0,2,54.72,S,3,0,1
5155,1,female,20.9,2,0,106.38,S,3,0,0
5156,3,female,14.5,5,3,11.72,S,9,0,0
5157,3,male,12.3,3,2,5.03,S,6,0,1
5161,3,female,36.9,1,4,21.94,S,6,0,0
5165,2,female,15.0,0,4,39.29,S,5,0,1
5166,3,male,28.2,0,4,1.19,S,5,0,0
5167,3,male,3.4,5,4,12.44,S,10,0,0
5168,3,male,29.4,5,4,186.38,S,10,0,0
5169,3,female,46.1,0,1,0.23,S,2,0,1
5171,1,male,39.1,5,1,58.14,S,7,0,0
5172,1,male,32.8,3,1,10.89,S,5,0,0
5174,2,male,26.4,2,2,21.3,S,5,0,0
5175,1,male,45.5,1,1,78.51,S,3,0,1
5176,3,female,39.0,0,2,24.05,S,3,0,1
5179,1,female,31.9,1,1,101.65,S,3,0,1
5180,3,male,20.9,2,3,15.1,S,6,0,0
5181,3,male,26.5,1,2,64.07,S,4,0,1
5182,3,male,8.6,0,2,34.49,S,3,0,0
5184,3,female,27.6,3,4,1.83,S,8,0,1
5185,1,male,29.8,5,1,11.94,S,7,0,1
5186,1,male,17.3,4,0,56.95,S,5,0,1
5188,3,male,30.7,3,2,27.17,S,6,0,1
5189,1,female,20.4,3,0,22.95,S,4,0,0
5190,1,female,26.0,3,0,34.68,S,4,0,0
5191,3,male,48.4,3,0,89.5,S,4,0,1
5192,3,male,4.5,2,3,44.59,S,6,0,1
5193,3,male,31.6,5,1,22.87,S,7,0,1
5194,2,male,18.0,4,1,56.77,S,6,0,0
5195,3,male,47.7,4,0,38.71,S,5,0,1
5196,3,male,26.5,5,4,72.29,S,10,0,1
5197,1,male,14.3,4,1,41.24,S,6,0,0
5198,3,male,26.0,2,4,44.75,S,7,0,0
5199,3,female,33.9,2,1,2.81,S,4,0,0
5202,3,male,12.2,0,1,9.29,S,2,0,1
5203,1,male,47.3,4,1,5.77,S,6,0,1
5204,3,male,7.9,1,2,5.53,S,4,0,1
5205,2,male,29.1,3,1,42.85,S,5,0,0
5206,3,female,22.2,0,2,1.52,S,3,0,1
5207,3,male,20.0,0,0,34.62,S,1,1,0
5208,3,female,26.6,3,2,27.12,S,6,0,1
5211,1,female,47.6,0,2,4.55,S,3,0,0
5212,2,male,35.0,4,0,9.61,S,5,0,0
5213,2,male,25.7,4,2,32.85,S,7,0,1
5214,3,male,32.6,5,0,7.42,S,6,0,0
5215,2,female,40.3,5,2,34.53,S,8,0,0
5216,3,male,43.0,1,0,114.08,S,2,0,0
5217,2,male,34.2,4,4,63.4,S,9,0,1
5218,3,female,50.4,3,1,51.2,S,5,0,0
5219,3,male,20.4,3,1,95.32,S,5,0,0
5220,1,female,45.0,4,2,30.33,S,7,0,0
5221,3,male,38.9,2,0,46.87,S,3,0,0
5223,3,female,32.3,2,1,117.46,S,4,0,0
5224,3,male,33.2,5,2,33.34,S,8,0,0
5225,2,male,27.0,3,1,10.21,S,5,0,0
5227,1,female,7.7,5,1,11.72,S,7,0,1
5228,3,male,19.4,1,3,45.9,S,5,0,0
5229,3,female,25.7,3,4,34.2,S,8,0,0
5230,3,male,21.0,1,0,7.92,S,2,0,1
5232,3,male,43.9,0,2,127.39,S,3,0,1
5233,3,male,27.5,5,0,45.3,S,6,0,0
5234,2,male,59.3,0,1,2.05,S,2,0,0
5235,1,male,32.1,0,4,31.6,S,5,0,0
5236,1,female,43.6,1,0,88.82,S,2,0,1
5238,3,male,19.7,3,4,28.18,S,8,0,0
5239,2,female,32.7,0,0,8.24,S,1,1,0
5240,2,male,47.1,1,2,68.03,S,4,0,1
5241,3,male,27.8,3,1,65.28,S,5,0,0
5242,3,female,35.3,0,1,14.5,S,2,0,0
5244,3,male,27.6,0,2,0.0,S,3,0,1
5245,2,male,28.3,1,2,12.22,S,4,0,0
5246,3,male,15.0,2,0,48.66,S,3,0,1
5247,1,female,28.8,5,2,0.93,S,8,0,1
5248,3,male,38.1,5,3,7.25,S,9,0,0
5249,2,male,33.1,0,0,41.93,S,1,1,0
5250,3,female,31.6,0,2,33.41,S,3,0,0
5251,2,male,39.2,2,2,138.13,S,5,0,1
5252,3,male,31.7,5,3,15.85,S,9,0,1
5254,2,male,39.3,4,2,34.97,S,7,0,1
5255,3,female,30.9,0,1,2.63,S,2,0,0
5257,3,male,35.6,3,0,26.85,S,4,0,0
5258,3,male,28.5,4,0,20.44,S,5,0,0
5259,3,male,25.1,3,2,9.79,S,6,0,1
5260,3,female,31.2,2,0,20.8,S,3,0,0
5263,3,male,33.7,1,1,19.41,S,3,0,0
5264,1,male,54.9,4,3,11.94,S,8,0,1
5266,3,female,22.0,2,3,0.09,S,6,0,0
5267,2,female,67.9,0,2,42.27,S,3,0,0
5269,2,male,47.0,2,2,4.15,S,5,0,0
5270,2,male,25.8,2,4,16.49,S,7,0,0
5271,3,male,29.8,3,2,5.02,S,6,0,0
5272,3,male,27.2,5,4,95.11,S,10,0,0
5273,3,male,35.0,1,1,55.96,S,3,0,1
5274,3,male,6.9,3,0,0.65,S,4,0,0
5277,2,female,2.9,5,3,2.81,S,9,0,0
5278,3,female,44.7,0,2,1.06,S,3,0,1
5282,3,female,9.9,1,0,130.98,S,2,0,0
5283,1,female,47.7,3,1,12.15,S,5,0,1
5284,1,female,18.5,2,0,36.35,S,3,0,0
5285,3,female,19.1,5,3,137.21,S,9,0,1
5286,3,male,3.8,1,0,0.27,S,2,0,1
5287,2,male,16.9,0,0,25.32,S,1,1,0
5288,2,male,18.6,3,2,34.15,S,6,0,0
5289,3,male,40.5,5,3,14.85,S,9,0,1
5290,3,male,45.3,3,0,3.73,S,4,0,0
5291,3,female,11.6,5,4,31.06,S,10,0,0
5292,3,female,32.8,4,0,1.54,S,5,0,0
5295,1,male,59.3,3,1,77.15,S,5,0,0
5297,3,female,14.8,0,4,0.12,S,5,0,0
5298,3,male,39.2,5,0,19.67,S,6,0,0
5300,3,male,15.8,3,0,14.9,S,4,0,1
5301,2,female,49.6,2,1,12.49,S,4,0,0
5302,3,male,17.6,3,1,37.03,S,5,0,1
5304,3,male,35.6,5,0,32.97,S,6,0,0
5305,3,female,46.8,4,1,14.45,S,6,0,0
5306,2,female,34.2,5,3,2.1,S,9,0,0
5307,1,female,38.2,1,2,82.05,S,4,0,0
5308,3,male,38.9,0,1,12.21,S,2,0,1
5309,3,male,45.0,1,2,50.81,S,4,0,1
5310,2,male,28.5,0,0,13.87,S,1,1,0
5311,2,male,16.4,5,4,21.85,S,10,0,0
5313,3,male,19.7,4,4,2.71,S,9,0,1
5314,2,female,20.6,2,3,12.79,S,6,0,0
5315,1,male,52.2,4,4,99.72,S,9,0,0
5316,3,female,37.7,5,3,3.74,S,9,0,0
5318,1,male,44.0,1,0,110.55,S,2,0,0
5319,3,male,37.6,5,3,0.66,S,9,0,0
5320,3,male,55.1,3,0,2.29,S,4,0,0
5322,2,male,15.0,2,3,42.56,S,6,0,0
5323,3,female,19.2,4,3,25.22,S,8,0,1
5324,2,male,9.7,5,4,24.62,S,10,0,0
5329,3,female,21.9,2,4,4.07,S,7,0,0
5330,1,male,35.9,2,0,14.14,S,3,0,0
5331,3,male,3.4,4,0,14.81,S,5,0,0
5332,3,male,31.0,5,3,102.06,S,9,0,0
5334,3,male,16.4,5,0,87.36,S,6,0,1
5335,2,female,26.2,0,4,53.15,S,5,0,1
5336,3,male,19.3,1,2,42.72,S,4,0,0
5337,1,male,15.9,2,4,12.84,S,7,0,0
5344,3,male,25.9,5,4,8.02,S,10,0,1
5347,1,male,26.2,5,1,33.71,S,7,0,0
5350,2,male,19.4,0,4,15.1,S,5,0,1
5351,2,male,41.0,4,4,69.72,S,9,0,1
5352,2,female,41.2,5,4,14.51,S,10,0,0
5353,3,female,12.2,3,4,8.36,S,8,0,0
5354,3,female,33.2,2,2,6.98,S,5,0,0
5356,3,male,19.1,0,1,62.92,S,2,0,0
5358,2,female,6.9,5,3,8.81,S,9,0,1
5359,2,male,16.0,1,4,10.71,S,6,0,0
5361,2,female,29.4,5,3,1.45,S,9,0,0
5362,2,male,30.1,4,2,2.23,S,7,0,0
5366,3,male,40.1,2,4,20.84,S,7,0,0
5370,1,female,14.2,1,3,43.52,S,5,0,0
5372,3,male,20.5,4,1,15.77,S,6,0,0
5373,2,male,51.4,5,4,83.89,S,10,0,1
5374,2,male,14.3,3,3,59.4,S,7,0,0
5376,3,male,25.3,3,0,1.29,S,4,0,0
5377,3,male,26.1,4,1,5.79,S,6,0,0
5378,2,female,34.6,5,4,11.69,S,10,0,1
5379,3,male,9.1,1,4,11.58,S,6,0,0
5381,2,female,11.6,3,2,10.93,S,6,0,0
5382,2,male,23.7,2,0,17.88,S,3,0,0
5383,2,male,16.3,3,2,1.62,S,6,0,0
5384,3,female,47.4,1,4,16.52,S,6,0,1
5385,1,male,20.8,4,2,21.96,S,7,0,0
5386,3,male,0.0,4,1,1.34,S,6,0,0
5388,3,male,40.3,1,3,2.66,S,5,0,0
5389,1,female,51.8,5,2,33.41,S,8,0,1
5390,2,female,25.8,3,4,164.16,S,8,0,0
5392,2,female,28.8,2,2,10.17,S,5,0,1
5393,3,male,34.8,5,0,4.43,S,6,0,0
5394,1,female,13.2,2,0,14.75,S,3,0,1
5395,2,male,25.6,0,0,57.71,S,1,1,0
5396,1,male,28.3,2,4,84.84,S,7,0,0
5399,3,female,15.9,1,4,40.42,S,6,0,1
5402,3,male,28.3,4,0,14.48,S,5,0,1
5403,3,male,13.8,4,2,1.65,S,7,0,0
5404,2,male,38.0,3,4,55.17,S,8,0,0
5407,3,female,12.5,4,2,2.43,S,7,0,0
5408,3,female,39.7,2,3,111.67,S,6,0,0
5409,2,male,2.3,1,1,77.77,S,3,0,0
5411,3,male,21.2,3,2,100.47,S,6,0,0
5413,3,male,39.2,2,2,10.33,S,5,0,0
5414,3,male,28.7,3,4,12.57,S,8,0,0
5415,1,female,48.6,5,0,16.45,S,6,0,0
5417,3,male,32.4,3,2,83.65,S,6,0,0
5418,3,male,25.2,2,0,18.57,S,3,0,0
5419,2,male,16.8,1,2,11.48,S,4,0,0
5420,2,female,23.3,1,0,8.9,S,2,0,0
5421,3,male,12.1,0,1,9.48,S,2,0,0
5424,3,female,27.6,5,1,11.18,S,7,0,0
5427,1,male,33.4,4,3,12.87,S,8,0,0
5428,1,male,28.2,3,3,29.09,S,7,0,1
5429,1,male,45.2,2,1,49.68,S,4,0,1
5431,2,male,25.2,1,1,2.33,S,3,0,0
5433,3,male,17.0,4,3,10.77,S,8,0,0
5434,3,male,26.3,1,1,14.43,S,3,0,0
5436,2,male,17.5,5,3,43.64,S,9,0,0
5437,3,male,39.7,4,3,20.34,S,8,0,1
5438,1,female,22.3,0,4,72.61,S,5,0,0
5441,2,female,27.7,3,3,38.6,S,7,0,0
5443,3,male,23.5,4,0,115.92,S,5,0,1
5444,1,female,28.8,2,4,20.42,S,7,0,0
5447,1,male,36.5,0,0,27.4,S,1,1,1
5448,3,male,33.9,3,4,1.74,S,8,0,0
5449,3,female,40.8,3,4,38.21,S,8,0,0
5450,3,male,26.2,5,0,87.83,S,6,0,0
5451,3,female,31.3,4,3,48.62,S,8,0,0
5455,3,male,42.9,0,4,1.05,S,5,0,0
5456,1,male,45.9,1,3,85.4,S,5,0,0
5457,3,male,18.3,1,0,78.62,S,2,0,0
5458,2,male,33.9,3,2,125.64,S,6,0,1
5459,2,male,44.3,4,1,11.56,S,6,0,1
5460,3,male,50.0,2,3,24.87,S,6,0,1
5461,1,male,7.9,1,4,27.67,S,6,0,0
5462,2,female,29.0,0,4,26.03,S,5,0,0
5463,1,female,26.4,1,2,17.0,S,4,0,0
5464,3,female,51.3,2,4,138.72,S,7,0,0
5465,1,male,0.0,2,4,69.69,S,7,0,0
5466,2,male,14.3,0,4,30.16,S,5,0,1
5467,3,male,49.1,5,3,33.39,S,9,0,1
5469,1,male,10.8,2,1,29.62,S,4,0,0
5472,1,male,43.3,1,2,121.96,S,4,0,0
5473,1,male,7.2,0,1,60.51,S,2,0,1
5474,2,female,8.8,1,3,4.43,S,5,0,0
5475,3,male,31.8,5,3,25.3,S,9,0,0
5478,1,female,54.2,2,3,20.65,S,6,0,1
5479,2,male,26.8,4,3,86.35,S,8,0,0
5480,3,male,51.8,2,2,9.59,S,5,0,1
5481,1,male,33.5,0,2,12.21,S,3,0,0
5482,3,male,42.4,3,0,76.45,S,4,0,0
5484,3,male,37.9,2,2,67.89,S,5,0,1
5485,2,female,35.8,2,0,11.59,S,3,0,1
5486,2,male,24.0,3,1,22.08,S,5,0,0
5488,3,female,22.1,4,4,33.27,S,9,0,0
5489,1,male,6.5,3,0,125.15,S,4,0,1
5490,3,female,39.9,1,2,1.13,S,4,0,0
5492,1,male,30.1,4,1,59.79,S,6,0,0
5493,3,male,47.8,0,1,28.4,S,2,0,0
5494,3,male,36.0,5,3,118.99,S,9,0,0
5495,3,female,25.5,5,4,17.3,S,10,0,0
5496,2,male,24.1,4,4,44.34,S,9,0,0
5498,3,male,11.9,2,1,1.02,S,4,0,0
5499,2,male,39.9,1,3,25.75,S,5,0,1
5501,3,male,36.6,5,2,24.08,S,8,0,0
5502,1,female,25.7,4,4,68.95,S,9,0,0
5503,3,male,26.8,5,4,31.83,S,10,0,0
5504,2,male,22.3,2,3,28.84,S,6,0,0
5505,3,female,19.9,4,3,35.71,S,8,0,0
5506,3,female,30.6,1,4,24.05,S,6,0,0
5507,1,male,38.5,3,1,19.0,S,5,0,0
5508,1,male,51.6,2,3,15.01,S,6,0,0
5509,2,male,1.6,4,4,38.54,S,9,0,0
5510,1,male,0.0,1,2,47.84,S,4,0,0
5511,3,female,51.8,0,3,17.61,S,4,0,1
5514,3,male,36.0,5,4,27.28,S,10,0,0
5515,2,female,26.4,3,3,20.86,S,7,0,1
5516,2,male,56.7,4,3,14.28,S,8,0,1
5517,3,female,35.9,4,1,72.4,S,6,0,1
5518,3,male,22.7,1,4,20.99,S,6,0,0
5519,3,female,24.0,4,0,51.34,S,5,0,1
5520,2,male,27.0,3,4,32.49,S,8,0,1
5521,3,male,18.1,1,3,49.5,S,5,0,0
5522,1,female,52.7,5,3,67.23,S,9,0,1
5523,3,male,30.7,0,0,8.92,S,1,1,0
5524,3,male,12.6,0,2,56.45,S,3,0,0
5525,1,female,34.7,2,4,40.86,S,7,0,0
5526,3,female,49.1,5,4,26.35,S,10,0,1
5527,3,male,43.9,5,4,25.2,S,10,0,0
5528,3,male,18.4,0,1,11.94,S,2,0,0
5529,3,male,13.5,4,0,24.89,S,5,0,0
5530,2,female,49.0,3,2,15.52,S,6,0,0
5531,3,male,6.3,3,4,70.29,S,8,0,0
5532,2,female,34.2,2,2,27.92,S,5,0,1
5533,1,male,21.0,5,2,11.37,S,8,0,1
5536,1,female,17.8,1,4,34.97,S,6,0,0
5537,2,male,37.6,2,4,14.28,S,7,0,1
5538,1,male,40.1,4,4,5.66,S,9,0,0
5539,3,male,48.0,1,0,40.3,S,2,0,0
5542,3,male,43.7,1,1,41.45,S,3,0,1
5543,1,female,9.8,2,1,71.34,S,4,0,1
5545,3,male,11.0,5,0,13.35,S,6,0,0
5546,3,female,0.0,4,0,22.44,S,5,0,0
5547,1,male,40.8,5,3,16.55,S,9,0,0
5549,3,male,36.8,1,3,16.61,S,5,0,0
5550,3,male,34.3,4,1,18.77,S,6,0,0
5551,3,male,30.2,4,0,6.09,S,5,0,0
5553,3,male,52.7,4,1,11.07,S,6,0,0
5555,3,female,20.8,5,2,2.54,S,8,0,1
5556,2,male,44.5,0,4,0.98,S,5,0,0
5558,1,male,38.1,0,4,4.2,S,5,0,0
5559,1,female,34.4,1,0,46.46,S,2,0,1
5563,3,female,40.0,4,1,12.75,S,6,0,0
5564,3,male,13.6,0,4,73.71,S,5,0,1
5565,3,female,9.6,3,0,75.38,S,4,0,0
5567,2,female,22.3,0,1,27.36,S,2,0,1
5568,2,female,34.2,2,0,17.74,S,3,0,1
5569,2,female,35.4,1,2,47.81,S,4,0,1
5570,3,female,40.9,3,3,68.64,S,7,0,1
5571,1,male,23.5,1,0,41.6,S,2,0,0
5575,3,male,20.8,0,3,151.56,S,4,0,0
5576,3,female,33.2,1,1,87.9,S,3,0,1
5577,3,male,1.2,4,2,100.42,S,7,0,1
5579,3,male,20.3,3,3,33.85,S,7,0,0
5580,3,male,50.3,0,1,34.18,S,2,0,0
5581,1,male,15.3,1,0,14.04,S,2,0,0
5582,2,male,30.6,3,4,64.12,S,8,0,1
5583,1,female,23.0,2,2,48.79,S,5,0,1
5584,3,female,21.2,3,1,40.69,S,5,0,0
5585,3,female,34.3,5,4,0.94,S,10,0,0
5586,2,female,23.1,2,1,149.22,S,4,0,0
5587,2,male,54.9,2,1,40.55,S,4,0,0
5589,3,male,37.8,0,2,2.9,S,3,0,1
5593,3,male,43.0,0,3,2.13,S,4,0,1
5594,1,male,32.7,0,3,45.97,S,4,0,0
5595,1,male,43.0,5,0,51.13,S,6,0,0
5598,3,male,27.8,5,1,8.8,S,7,0,1
5599,3,female,45.1,0,2,110.85,S,3,0,1
5600,3,male,23.3,5,3,9.95,S,9,0,0
5601,2,female,13.8,0,3,41.57,S,4,0,0
5602,3,female,37.7,3,4,24.12,S,8,0,0
5603,3,female,33.7,5,1,4.17,S,7,0,1
5604,2,male,18.2,1,3,83.81,S,5,0,0
5605,3,male,25.7,1,1,28.37,S,3,0,0
5607,1,male,29.1,3,2,15.47,S,6,0,1
5609,3,female,23.3,2,0,30.83,S,3,0,0
5610,2,male,38.8,0,4,8.09,S,5,0,0
5611,3,male,21.5,4,2,26.96,S,7,0,1
5612,3,male,52.3,0,0,11.82,S,1,1,1
5613,3,male,52.6,5,0,23.98,S,6,0,0
5614,2,female,17.0,5,4,12.25,S,10,0,0
5615,1,female,11.8,1,2,21.94,S,4,0,1
5617,3,male,32.6,0,4,7.62,S,5,0,0
5619,3,male,19.8,4,4,5.39,S,9,0,0
5620,3,male,27.1,2,0,59.02,S,3,0,0
5621,3,female,24.2,2,2,17.16,S,5,0,1
5622,3,male,33.3,1,4,43.08,S,6,0,1
5623,3,male,11.6,5,0,1.0,S,6,0,1
5624,2,male,27.6,2,2,5.06,S,5,0,0
5625,1,female,11.4,1,1,26.93,S,3,0,1
5627,3,male,27.6,4,1,49.62,S,6,0,0
5628,3,female,36.1,0,1,32.96,S,2,0,0
5629,3,female,37.3,4,3,45.23,S,8,0,0
5632,3,male,46.7,0,4,17.72,S,5,0,0
5633,3,male,20.0,4,2,78.84,S,7,0,0
5635,2,female,32.8,5,2,24.97,S,8,0,0
5636,3,male,24.3,5,0,27.63,S,6,0,0
5638,3,male,36.7,5,1,0.36,S,7,0,0
5639,1,male,18.3,5,1,62.98,S,7,0,0
5640,2,female,26.4,5,0,0.95,S,6,0,0
5641,2,female,26.8,3,0,27.96,S,4,0,1
5642,1,female,42.4,4,2,22.35,S,7,0,0
5644,1,female,21.9,0,2,4.41,S,3,0,0
5646,1,male,16.3,3,0,43.37,S,4,0,0
5647,2,male,10.1,5,3,3.86,S,9,0,1
5650,3,male,38.7,2,2,36.65,S,5,0,1
5651,3,male,46.9,3,2,2.5,S,6,0,1
5652,2,male,15.7,1,0,24.99,S,2,0,0
5653,1,female,1.7,3,4,57.55,S,8,0,0
5655,3,female,55.0,5,2,41.62,S,8,0,0
5656,1,male,22.2,3,4,11.86,S,8,0,1
5658,2,male,7.0,1,2,49.01,S,4,0,1
5659,1,male,29.4,5,0,45.71,S,6,0,1
5660,3,female,27.3,3,1,21.32,S,5,0,0
5661,3,male,0.0,2,4,2.91,S,7,0,0
5662,1,male,14.5,3,3,35.68,S,7,0,1
5663,2,male,13.4,0,4,28.57,S,5,0,0
5664,3,male,6.9,1,1,0.38,S,3,0,0
5665,3,male,18.9,3,1,32.91,S,5,0,1
5666,3,male,36.1,2,1,4.54,S,4,0,1
5667,3,male,20.1,2,1,55.93,S,4,0,1
5668,3,female,45.1,2,3,35.83,S,6,0,0
5670,1,male,33.6,4,1,24.29,S,6,0,1
5671,2,male,36.0,4,1,52.38,S,6,0,0
5672,3,female,50.5,5,3,56.7,S,9,0,1
5673,2,female,19.0,0,4,2.86,S,5,0,0
5674,3,male,35.2,0,4,2.63,S,5,0,1
5675,1,male,15.7,5,3,47.73,S,9,0,0
5676,2,male,53.1,3,4,8.47,S,8,0,0
5679,1,male,50.8,0,4,31.8,S,5,0,0
5680,2,female,12.2,2,3,13.19,S,6,0,0
5682,3,male,15.1,5,0,24.67,S,6,0,1
5683,3,male,61.6,5,1,23.16,S,7,0,0
5684,2,female,2.5,5,4,18.16,S,10,0,0
5685,3,male,7.8,1,0,10.49,S,2,0,1
5687,2,male,13.7,3,1,14.79,S,5,0,1
5688,3,male,36.3,3,0,4.34,S,4,0,0
5690,2,male,45.2,0,2,32.36,S,3,0,0
5691,3,male,32.3,3,4,11.83,S,8,0,0
5692,3,male,29.1,2,3,5.24,S,6,0,1
5693,3,male,20.5,0,0,18.54,S,1,1,0
5694,3,male,34.5,4,1,2.18,S,6,0,1
5696,2,male,31.7,4,0,106.34,S,5,0,0
5697,3,female,18.6,3,0,5.22,S,4,0,0
5699,3,female,29.4,5,1,4.79,S,7,0,0
5700,3,male,29.0,1,4,77.77,S,6,0,0
5701,2,male,20.7,5,0,82.82,S,6,0,0
5703,3,male,36.8,3,1,73.12,S,5,0,0
5704,3,male,35.4,3,4,4.91,S,8,0,1
5705,3,male,55.3,2,3,16.2,S,6,0,0
5706,3,male,48.3,2,1,28.24,S,4,0,1
5709,3,male,9.9,3,1,50.18,S,5,0,1
5711,2,male,59.7,2,0,90.68,S,3,0,1
5713,3,female,20.2,3,3,18.01,S,7,0,1
5715,3,male,48.5,3,0,2.08,S,4,0,0
5719,3,male,34.4,2,2,21.37,S,5,0,0
5720,3,male,71.1,2,4,123.58,S,7,0,0
5721,2,female,51.2,3,0,0.57,S,4,0,0
5722,3,male,27.2,3,0,23.33,S,4,0,1
5723,1,male,48.9,0,1,23.37,S,2,0,0
5724,1,male,2.1,0,1,209.15,S,2,0,0
5725,3,female,36.1,4,2,57.53,S,7,0,1
5726,3,male,36.4,2,2,2.21,S,5,0,0
5727,1,male,38.9,3,0,5.47,S,4,0,0
5728,3,male,21.9,4,0,1.1,S,5,0,0
5730,3,male,41.0,3,1,7.64,S,5,0,1
5731,3,male,0.0,0,0,3.01,S,1,1,0
5732,3,male,24.6,2,0,23.97,S,3,0,1
5733,2,female,16.4,3,2,118.06,S,6,0,0
5734,2,female,38.3,4,4,52.12,S,9,0,1
5735,3,male,48.3,4,2,7.28,S,7,0,1
5736,3,female,20.4,1,0,48.89,S,2,0,1
5738,2,male,30.6,4,4,57.7,S,9,0,0
5739,1,female,12.9,2,3,20.24,S,6,0,0
5740,3,male,25.8,4,2,10.04,S,7,0,1
5741,3,male,24.4,2,3,44.09,S,6,0,0
5742,3,female,37.1,2,1,49.4,S,4,0,1
5743,3,male,33.4,2,4,11.27,S,7,0,1
5746,2,male,32.8,5,3,70.18,S,9,0,1
5749,3,male,18.3,5,4,6.82,S,10,0,1
5750,3,female,14.7,0,3,13.76,S,4,0,0
5751,3,male,9.5,0,4,1.74,S,5,0,1
5753,3,female,18.9,3,0,10.19,S,4,0,1
5754,3,male,33.4,5,3,26.64,S,9,0,1
5755,1,male,24.8,0,0,74.03,S,1,1,0
5756,3,female,28.6,2,1,2.32,S,4,0,1
5757,3,female,45.2,3,0,25.26,S,4,0,0
5760,2,male,21.1,0,1,6.63,S,2,0,1
5761,1,male,41.0,0,3,14.76,S,4,0,1
5762,3,male,35.8,4,2,1.09,S,7,0,1
5763,3,female,41.9,2,2,78.6,S,5,0,0
5764,2,male,25.7,5,2,31.17,S,8,0,1
5765,1,female,9.5,5,0,28.36,S,6,0,1
5766,3,female,36.1,5,2,1.6,S,8,0,0
5768,3,male,32.9,3,0,49.98,S,4,0,0
5769,1,female,9.7,3,0,25.51,S,4,0,1
5771,1,female,15.9,1,1,25.54,S,3,0,1
5772,3,male,34.6,2,1,110.26,S,4,0,0
5773,1,male,35.1,1,3,3.5,S,5,0,1
5775,3,male,42.5,5,3,47.75,S,9,0,0
5776,2,female,49.9,1,4,4.98,S,6,0,1
5777,3,male,33.9,5,2,53.94,S,8,0,0
5778,3,female,38.4,4,2,43.61,S,7,0,1
5779,3,male,21.4,5,2,27.3,S,8,0,0
5781,1,male,43.1,0,3,4.87,S,4,0,0
5783,3,male,38.8,3,3,32.78,S,7,0,0
5785,1,male,38.1,3,1,37.52,S,5,0,1
5786,3,female,27.9,1,0,36.35,S,2,0,0
5787,3,male,10.2,2,1,8.74,S,4,0,1
5788,1,male,31.3,2,4,5.11,S,7,0,1
5789,3,male,43.1,2,4,14.39,S,7,0,0
5790,1,male,26.5,0,2,16.3,S,3,0,0
5791,3,male,43.3,4,0,55.62,S,5,0,1
5792,3,male,34.1,1,3,18.33,S,5,0,1
5793,2,female,33.1,0,3,42.69,S,4,0,1
5798,3,female,37.1,2,1,23.38,S,4,0,1
5799,3,male,28.8,0,2,38.75,S,3,0,0
5801,3,male,32.9,4,3,20.16,S,8,0,0
5802,1,male,21.9,3,4,9.2,S,8,0,0
5803,2,male,17.6,4,1,62.93,S,6,0,1
5804,3,female,20.6,3,2,56.46,S,6,0,0
5806,3,male,23.8,5,1,55.92,S,7,0,0
5807,3,male,13.9,0,2,4.57,S,3,0,1
5808,3,male,43.1,5,3,17.14,S,9,0,1
5809,3,male,31.1,1,0,6.8,S,2,0,0
5810,3,male,32.8,5,1,5.4,S,7,0,0
5811,3,male,17.5,2,0,48.67,S,3,0,1
5812,1,male,14.4,1,2,21.01,S,4,0,1
5813,2,female,26.7,4,1,3.04,S,6,0,0
5814,1,female,0.6,5,3,16.67,S,9,0,0
5815,3,female,39.9,1,3,160.18,S,5,0,0
5816,3,male,19.1,1,2,7.64,S,4,0,0
5817,2,female,25.3,3,0,16.2,S,4,0,0
5818,3,male,35.0,0,4,28.89,S,5,0,1
5819,1,female,25.9,4,3,7.12,S,8,0,0
5820,3,male,12.6,2,0,109.91,S,3,0,1
5821,1,male,50.1,3,0,32.24,S,4,0,0
5822,3,male,7.5,2,1,8.34,S,4,0,1
5823,3,male,0.0,0,4,18.93,S,5,0,1
5824,3,male,41.2,1,2,14.33,S,4,0,0
5825,2,female,8.6,5,3,4.17,S,9,0,0
5826,3,male,46.5,1,4,10.72,S,6,0,1
5827,2,male,34.3,0,0,25.82,S,1,1,0
5829,3,male,21.0,3,1,1.58,S,5,0,0
5830,3,female,17.4,1,1,24.94,S,3,0,1
5831,3,male,23.7,5,0,18.22,S,6,0,0
5832,3,female,16.7,0,0,6.67,S,1,1,1
5833,3,male,45.9,3,2,39.92,S,6,0,0
5838,3,female,34.3,1,0,32.05,S,2,0,0
5839,3,male,16.5,1,4,6.68,S,6,0,1
5840,1,male,26.6,1,3,26.08,S,5,0,0
5841,3,male,22.6,5,2,38.15,S,8,0,0
5842,2,male,19.3,1,0,1.11,S,2,0,0
5844,3,male,12.0,5,3,11.94,S,9,0,1
5845,3,male,42.0,2,2,4.65,S,5,0,0
5846,3,female,13.9,0,2,55.08,S,3,0,0
5847,1,female,11.3,4,1,29.82,S,6,0,1
5848,3,male,25.5,5,0,25.31,S,6,0,0
5849,1,male,23.8,4,0,57.94,S,5,0,0
5851,3,female,30.2,4,3,0.46,S,8,0,1
5852,1,female,6.2,2,2,95.06,S,5,0,1
5854,3,female,25.1,5,3,32.11,S,9,0,0
5856,3,female,59.8,4,0,8.51,S,5,0,0
5857,3,male,47.0,1,1,157.54,S,3,0,0
5858,3,female,31.9,5,0,24.76,S,6,0,0
5859,3,female,9.8,2,1,102.19,S,4,0,0
5860,2,male,10.0,3,0,2.88,S,4,0,0
5862,2,male,23.4,1,0,92.45,S,2,0,0
5863,3,female,26.6,5,3,5.41,S,9,0,0
5865,1,male,35.2,5,1,7.64,S,7,0,0
5866,3,female,45.0,1,0,107.69,S,2,0,1
5867,3,male,50.3,1,1,9.79,S,3,0,0
5868,3,female,22.7,5,3,4.13,S,9,0,1
5869,3,female,38.0,5,2,51.0,S,8,0,0
5870,3,female,27.7,0,1,23.06,S,2,0,0
5871,3,male,41.3,4,4,28.52,S,9,0,0
5875,2,male,30.4,5,4,118.77,S,10,0,0
5876,3,male,24.1,1,3,6.12,S,5,0,1
5877,2,female,31.5,2,1,101.34,S,4,0,1
5878,3,male,18.7,4,3,11.07,S,8,0,0
5879,2,female,34.8,3,0,6.74,S,4,0,0
5881,3,male,17.9,5,4,71.18,S,10,0,1
5883,3,male,14.9,1,0,2.51,S,2,0,1
5884,3,female,33.9,3,1,24.61,S,5,0,0
5885,1,female,29.8,2,4,134.75,S,7,0,0
5886,3,male,14.6,0,2,15.79,S,3,0,0
5887,1,female,24.3,3,0,0.64,S,4,0,1
5889,2,male,57.9,1,0,15.49,S,2,0,0
5890,3,male,25.2,5,1,2.21,S,7,0,1
5891,3,male,26.4,3,4,66.5,S,8,0,0
5892,1,female,56.2,0,4,30.86,S,5,0,0
5894,2,male,47.1,4,2,83.3,S,7,0,0
5895,2,male,37.3,5,4,27.48,S,10,0,0
5897,1,male,23.8,0,4,28.02,S,5,0,0
5899,3,female,29.5,2,2,70.82,S,5,0,0
5900,3,male,29.5,0,1,0.53,S,2,0,1
5901,1,male,20.5,3,0,0.47,S,4,0,0
5903,3,male,24.7,4,0,12.06,S,5,0,0
5904,3,female,56.5,5,3,24.77,S,9,0,0
5908,2,female,8.5,1,0,1.89,S,2,0,0
5909,1,female,35.0,5,1,13.44,S,7,0,0
5910,3,male,11.0,2,2,4.79,S,5,0,0
5912,3,male,13.1,5,0,20.47,S,6,0,1
5913,1,female,6.0,0,2,39.39,S,3,0,0
5914,3,male,46.8,1,3,2.42,S,5,0,0
5915,3,male,36.3,0,3,44.93,S,4,0,0
5916,3,male,41.9,4,4,10.36,S,9,0,1
5917,3,male,40.6,0,4,35.62,S,5,0,1
5918,3,male,26.6,4,4,11.0,S,9,0,0
5920,3,male,43.2,0,2,57.48,S,3,0,0
5921,3,male,51.9,3,3,11.7,S,7,0,1
5923,2,male,64.3,5,4,12.39,S,10,0,1
5924,3,male,10.6,0,2,72.33,S,3,0,0
5927,1,male,31.3,0,4,68.99,S,5,0,1
5929,2,male,43.2,3,3,38.72,S,7,0,1
5930,3,male,34.8,2,2,36.66,S,5,0,0
5931,3,male,43.5,4,3,114.6,S,8,0,0
5932,3,female,33.8,2,2,114.74,S,5,0,0
5933,3,male,19.5,1,2,20.96,S,4,0,1
5934,1,male,35.8,1,3,34.37,S,5,0,0
5935,1,female,29.9,0,0,5.42,S,1,1,1
5936,2,female,17.2,4,2,8.2,S,7,0,1
5938,1,female,28.2,2,1,8.68,S,4,0,0
5939,3,male,13.3,3,4,7.82,S,8,0,0
5940,3,female,15.5,5,1,0.74,S,7,0,0
5941,3,male,36.5,4,2,2.44,S,7,0,0
5942,3,female,43.7,5,2,39.77,S,8,0,0
5943,3,male,35.7,1,2,0.46,S,4,0,1
5946,3,female,30.3,4,4,5.45,S,9,0,0
5947,1,male,24.4,0,0,13.31,S,1,1,0
5948,1,male,26.3,5,3,41.5,S,9,0,1
5949,2,male,27.4,3,2,38.6,S,6,0,1
5950,3,male,19.8,2,0,9.06,S,3,0,0
5951,3,female,39.5,1,3,12.67,S,5,0,0
5952,3,female,14.9,4,2,55.09,S,7,0,1
5953,3,female,10.8,3,0,21.98,S,4,0,0
5954,3,female,18.0,0,2,19.61,S,3,0,0
5955,3,male,41.4,0,1,32.12,S,2,0,1
5956,3,male,33.7,2,2,19.53,S,5,0,0
5958,2,female,37.4,0,4,51.28,S,5,0,1
5959,2,female,28.3,1,2,85.75,S,4,0,1
5960,3,male,23.2,3,0,25.5,S,4,0,0
5962,3,male,10.3,2,3,95.68,S,6,0,0
5963,3,male,31.4,0,4,38.73,S,5,0,1
5965,2,male,24.1,0,0,29.86,S,1,1,1
5966,3,female,24.1,2,1,43.15,S,4,0,1
5967,3,female,39.8,0,4,47.82,S,5,0,0
5968,3,female,29.6,2,4,50.12,S,7,0,1
5970,3,male,12.3,3,1,16.95,S,5,0,1
5971,3,female,27.5,2,1,8.89,S,4,0,0
5972,2,male,36.4,3,4,16.03,S,8,0,1
5973,3,female,46.4,1,2,46.59,S,4,0,1
5974,2,male,13.1,4,0,24.9,S,5,0,0
5975,2,male,17.2,2,3,64.01,S,6,0,1
5976,1,male,36.1,4,4,8.62,S,9,0,0
5978,2,female,33.0,3,3,9.18,S,7,0,0
5980,3,male,13.7,4,4,18.45,S,9,0,1
5981,3,male,30.9,4,0,145.54,S,5,0,0
5983,3,male,25.9,3,2,43.32,S,6,0,0
5984,3,female,13.9,5,1,1.4,S,7,0,0
5985,1,male,44.4,5,2,38.86,S,8,0,0
5986,3,male,24.1,4,1,17.37,S,6,0,0
5988,3,male,4.2,3,4,50.74,S,8,0,1
5989,3,male,45.8,1,3,8.31,S,5,0,1
5990,3,female,19.4,3,2,6.42,S,6,0,0
5991,1,female,47.8,5,0,14.05,S,6,0,0
5994,3,male,32.4,1,4,26.17,S,6,0,0
5995,1,male,52.2,3,0,15.55,S,4,0,1
5996,3,male,20.6,4,2,16.17,S,7,0,0
5999,2,male,47.8,2,0,10.24,S,3,0,0
6000,3,female,31.2,3,3,8.93,S,7,0,1
6001,3,female,27.3,4,4,2.7,S,9,0,0
6003,1,male,39.1,2,4,8.98,S,7,0,0
6004,1,female,25.7,2,0,103.83,S,3,0,0
6005,3,male,34.9,0,1,29.46,S,2,0,1
6006,3,female,21.1,5,1,19.84,S,7,0,0
6010,3,male,16.8,4,4,62.2,S,9,0,1
6011,2,female,15.5,5,1,9.46,S,7,0,1
6012,3,male,30.0,1,3,10.51,S,5,0,1
6013,1,female,17.7,2,2,39.57,S,5,0,0
6014,1,female,8.9,3,1,73.98,S,5,0,0
6015,2,male,12.2,1,0,36.47,S,2,0,1
6017,3,male,27.0,5,4,73.36,S,10,0,0
6018,1,female,29.8,2,2,46.94,S,5,0,0
6020,2,male,20.9,5,3,2.07,S,9,0,0
6022,3,male,25.1,0,0,8.55,S,1,1,1
6023,1,male,5.8,4,1,23.74,S,6,0,0
6024,3,female,44.3,5,4,3.0,S,10,0,0
6025,3,male,28.8,0,4,26.87,S,5,0,0
6027,3,male,41.8,4,0,24.43,S,5,0,0
6029,3,male,20.9,1,3,27.82,S,5,0,0
6031,3,male,37.3,5,0,25.47,S,6,0,0
6032,1,male,33.4,5,3,37.21,S,9,0,1
6033,1,female,43.9,3,0,14.6,S,4,0,0
6034,2,male,40.2,2,0,11.27,S,3,0,1
6040,3,female,26.5,3,0,21.9,S,4,0,0
6042,3,male,21.2,2,4,42.55,S,7,0,0
6044,3,male,37.4,2,2,36.19,S,5,0,1
6045,3,male,7.3,2,1,70.82,S,4,0,1
6046,2,male,19.2,0,2,19.47,S,3,0,0
6047,3,male,40.5,3,0,25.8,S,4,0,0
6048,3,male,40.6,3,1,36.18,S,5,0,1
6049,1,female,45.5,1,2,21.81,S,4,0,1
6051,1,male,33.1,3,3,11.12,S,7,0,1
6052,3,female,25.4,4,2,0.91,S,7,0,0
6055,3,female,10.7,0,0,55.52,S,1,1,0
6056,3,female,29.2,5,0,34.14,S,6,0,0
6057,3,male,40.7,4,4,42.63,S,9,0,0
6058,3,male,24.3,3,4,68.51,S,8,0,1
6059,2,female,53.4,2,1,17.75,S,4,0,1
6061,3,female,24.8,4,3,87.72,S,8,0,0
6062,2,female,14.0,4,0,175.34,S,5,0,0
6064,3,male,0.0,4,3,43.23,S,8,0,0
6065,3,female,25.5,0,0,2.4,S,1,1,1
6066,3,male,46.8,2,2,0.89,S,5,0,0
6067,2,male,9.4,3,2,35.98,S,6,0,0
6068,2,male,6.3,3,0,9.43,S,4,0,0
6072,1,male,53.3,2,4,3.5,S,7,0,0
6074,2,male,43.7,5,0,6.74,S,6,0,0
6075,1,male,17.9,1,4,26.88,S,6,0,0
6076,2,male,49.8,2,0,30.11,S,3,0,0
6078,1,male,24.6,1,4,121.51,S,6,0,0
6081,3,female,7.7,5,1,31.96,S,7,0,1
6083,3,male,24.5,1,4,63.46,S,6,0,0
6084,2,male,18.2,2,3,11.62,S,6,0,0
6085,1,male,46.4,3,0,9.17,S,4,0,0
6086,3,male,62.5,2,4,1.93,S,7,0,1
6088,3,male,31.8,4,1,30.97,S,6,0,1
6089,3,female,23.4,5,1,7.18,S,7,0,0
6090,3,female,61.0,3,1,20.11,S,5,0,0
6091,1,female,35.9,5,3,51.45,S,9,0,1
6094,3,male,30.8,3,3,6.97,S,7,0,0
6095,1,female,26.4,4,3,15.46,S,8,0,1
6098,3,male,17.2,0,2,25.39,S,3,0,0
6100,3,male,23.5,1,2,9.62,S,4,0,0
6101,1,male,45.2,5,2,22.16,S,8,0,1
6102,2,female,49.6,5,1,12.28,S,7,0,0
6103,3,male,59.1,3,1,26.6,S,5,0,1
6105,1,male,31.0,0,2,93.24,S,3,0,0
6107,3,male,26.4,4,3,56.38,S,8,0,0
6109,3,female,28.4,3,3,38.05,S,7,0,1
6111,1,female,21.8,0,0,0.78,S,1,1,0
6112,3,female,39.4,2,4,69.08,S,7,0,1
6113,1,male,22.8,2,3,1.72,S,6,0,0
6115,1,female,14.7,4,0,0.59,S,5,0,1
6116,2,female,30.7,2,2,2.23,S,5,0,1
6117,3,female,55.9,4,4,1.95,S,9,0,1
6118,2,male,22.6,4,1,36.19,S,6,0,0
6119,3,female,26.6,1,2,61.46,S,4,0,1
6120,2,male,35.9,5,1,50.98,S,7,0,0
6121,1,male,20.6,2,0,31.5,S,3,0,0
6123,3,female,30.0,1,4,19.52,S,6,0,1
6124,3,male,22.9,0,0,75.8,S,1,1,1
6125,3,female,4.0,5,0,19.71,S,6,0,1
6126,2,male,19.9,2,2,0.92,S,5,0,0
6128,1,female,38.0,0,3,56.84,S,4,0,0
6129,3,male,47.7,5,1,8.14,S,7,0,0
6133,3,female,19.2,0,0,70.62,S,1,1,0
6134,3,male,26.9,5,1,20.78,S,7,0,0
6136,3,female,26.6,0,2,10.14,S,3,0,0
6137,3,female,16.8,4,4,84.84,S,9,0,1
6138,1,male,40.0,2,4,14.77,S,7,0,1
6140,3,male,15.0,2,3,30.67,S,6,0,0
6143,3,male,25.8,0,2,22.34,S,3,0,1
6144,3,male,41.2,1,0,10.11,S,2,0,1
6145,3,female,40.2,3,4,4.46,S,8,0,0
6147,3,male,39.3,4,4,12.56,S,9,0,0
6149,2,male,29.9,4,4,25.35,S,9,0,1
6150,3,female,48.6,0,2,59.13,S,3,0,0
6151,3,male,48.9,5,3,4.84,S,9,0,0
6152,3,male,27.0,3,3,31.47,S,7,0,0
6154,1,male,21.8,0,1,65.18,S,2,0,0
6155,3,male,34.8,5,2,34.63,S,8,0,0
6158,3,male,45.8,5,3,1.18,S,9,0,0
6159,1,male,38.3,4,2,47.11,S,7,0,1
6160,1,female,0.0,2,1,17.04,S,4,0,0
6161,1,female,10.3,0,2,1.6,S,3,0,0
6162,3,female,59.2,3,4,0.43,S,8,0,0
6165,2,male,8.2,0,1,13.03,S,2,0,0
6167,1,male,36.1,4,4,27.45,S,9,0,1
6168,3,male,56.7,1,4,23.17,S,6,0,0
6169,3,male,55.8,3,1,11.78,S,5,0,0
6170,3,male,6.9,0,2,15.85,S,3,0,0
6171,3,male,24.9,1,0,6.4,S,2,0,1
6172,1,female,17.0,0,4,1.08,S,5,0,0
6173,1,female,30.9,5,0,5.38,S,6,0,1
6174,3,male,10.4,1,3,0.42,S,5,0,0
6175,3,male,21.4,1,0,18.16,S,2,0,0
6176,1,male,16.9,4,4,34.61,S,9,0,0
6177,3,male,36.3,4,2,6.39,S,7,0,0
6178,2,female,21.8,1,4,24.43,S,6,0,0
6179,2,male,23.8,2,3,12.58,S,6,0,0
6180,1,female,36.2,0,0,4.09,S,1,1,0
6181,3,male,52.0,4,2,4.37,S,7,0,0
6182,1,male,58.6,5,2,30.8,S,8,0,0
6183,2,female,35.4,1,0,4.01,S,2,0,1
6184,2,female,27.8,5,0,25.78,S,6,0,0
6185,1,female,47.4,2,0,6.77,S,3,0,1
6186,3,female,45.3,1,3,64.35,S,5,0,1
6187,1,female,41.3,3,2,1.64,S,6,0,0
6190,2,male,34.0,4,0,44.25,S,5,0,1
6192,3,male,19.6,1,4,7.01,S,6,0,1
6195,1,male,27.2,5,1,44.66,S,7,0,0
6196,3,male,19.8,1,3,31.01,S,5,0,0
6198,3,male,22.6,0,4,18.55,S,5,0,0
6199,1,male,8.3,1,2,26.32,S,4,0,0
6200,1,male,43.7,0,3,18.17,S,4,0,1
6201,3,female,0.0,2,1,45.79,S,4,0,0
6202,3,male,31.4,4,0,6.15,S,5,0,1
6203,3,female,17.1,2,3,9.31,S,6,0,1
6204,1,male,56.8,2,2,58.02,S,5,0,0
6205,1,female,29.3,1,2,40.1,S,4,0,1
6206,3,male,0.0,2,4,42.52,S,7,0,0
6210,2,male,37.6,2,4,48.44,S,7,0,0
6211,3,male,49.6,1,1,17.55,S,3,0,0
6212,3,male,31.6,3,4,24.9,S,8,0,0
6213,3,female,40.5,3,0,8.71,S,4,0,0
6214,3,male,29.6,0,0,57.1,S,1,1,1
6215,1,female,20.7,0,1,78.47,S,2,0,1
6216,3,female,43.9,5,3,19.97,S,9,0,0
6217,3,male,11.8,0,2,18.4,S,3,0,0
6218,3,male,28.5,2,0,12.73,S,3,0,0
6219,3,male,21.0,1,2,9.93,S,4,0,0
6220,2,female,40.8,0,1,25.79,S,2,0,1
6221,3,female,15.7,1,1,5.92,S,3,0,1
6223,3,male,29.6,1,0,26.37,S,2,0,0
6224,2,male,49.8,5,1,37.9,S,7,0,0
6225,3,female,21.5,1,4,8.19,S,6,0,1
6227,1,female,10.1,5,2,0.55,S,8,0,1
6229,3,male,34.8,1,2,59.47,S,4,0,0
6230,2,female,29.4,1,4,41.64,S,6,0,0
6231,1,female,29.7,4,2,60.89,S,7,0,1
6232,3,male,53.4,4,1,5.14,S,6,0,0
6233,3,male,5.6,5,3,40.61,S,9,0,0
6234,3,male,61.4,0,0,20.26,S,1,1,0
6235,1,female,45.5,0,0,12.49,S,1,1,1
6236,3,male,24.4,2,0,14.07,S,3,0,1
6237,1,male,34.5,2,0,3.44,S,3,0,1
6238,2,male,19.4,4,0,38.2,S,5,0,1
6239,2,male,33.5,4,4,31.98,S,9,0,1
6240,3,male,59.1,0,1,5.3,S,2,0,1
6241,2,female,20.0,4,3,25.14,S,8,0,0
6242,1,female,25.8,1,0,4.44,S,2,0,0
6243,2,male,18.4,1,2,12.03,S,4,0,1
6244,3,female,20.7,4,2,1.44,S,7,0,1
6245,3,female,23.4,2,3,31.05,S,6,0,0
6246,3,male,13.7,0,0,0.4,S,1,1,0
6247,1,male,25.3,1,0,9.67,S,2,0,1
6248,1,male,29.8,5,1,9.93,S,7,0,1
6249,1,male,23.4,2,2,44.15,S,5,0,0
6252,1,male,28.3,5,2,9.17,S,8,0,0
6253,3,female,55.6,0,0,25.38,S,1,1,0
6254,2,female,29.4,0,0,5.17,S,1,1,0
6255,1,female,42.1,2,2,155.99,S,5,0,0
6256,2,male,23.0,2,4,23.29,S,7,0,0
6257,2,female,47.2,2,3,67.68,S,6,0,1
6258,3,male,15.8,5,2,3.57,S,8,0,1
6260,1,male,40.8,4,2,35.58,S,7,0,0
6261,2,female,38.7,2,3,49.78,S,6,0,1
6264,2,female,48.8,3,3,9.69,S,7,0,1
6265,3,male,45.2,4,1,10.54,S,6,0,0
6266,1,male,29.7,0,0,12.27,S,1,1,1
6268,3,male,26.9,3,4,0.02,S,8,0,0
6269,3,male,29.3,2,3,23.47,S,6,0,1
6270,3,female,28.9,5,1,42.71,S,7,0,0
6273,3,male,37.5,2,2,42.03,S,5,0,0
6274,3,female,27.5,3,2,16.95,S,6,0,0
6275,1,female,53.7,0,0,23.83,S,1,1,1
6276,3,male,22.9,0,1,12.06,S,2,0,0
6277,3,male,4.8,5,3,15.05,S,9,0,0
6278,1,male,55.6,5,0,28.46,S,6,0,1
6281,3,male,24.2,5,1,43.57,S,7,0,0
6282,3,male,33.8,2,4,106.92,S,7,0,1
6284,2,female,25.8,2,1,78.7,S,4,0,0
6285,3,male,16.3,2,0,77.49,S,3,0,0
6286,3,male,32.7,4,1,8.85,S,6,0,1
6287,2,male,41.9,5,1,93.64,S,7,0,0
6288,1,male,14.3,5,3,8.05,S,9,0,1
6289,2,female,39.1,4,2,63.89,S,7,0,0
6290,3,male,31.8,4,2,27.84,S,7,0,0
6291,2,female,38.6,0,1,58.38,S,2,0,0
6292,2,male,25.6,2,0,128.96,S,3,0,1
6293,1,male,38.9,4,1,66.72,S,6,0,0
6294,3,male,19.3,0,0,54.26,S,1,1,1
6295,2,female,5.4,3,3,7.4,S,7,0,1
6296,2,male,8.6,4,2,62.89,S,7,0,0
6298,2,male,6.4,1,2,23.01,S,4,0,1
6299,2,male,50.7,4,2,22.33,S,7,0,0
6300,3,male,27.8,3,3,23.4,S,7,0,1
6301,3,female,41.9,0,1,41.1,S,2,0,0
6302,3,male,40.0,5,2,16.14,S,8,0,0
6303,3,female,29.1,5,4,19.52,S,10,0,1
6304,1,female,78.5,4,0,34.43,S,5,0,0
6305,3,male,70.0,4,0,36.7,S,5,0,0
6306,1,male,48.5,1,2,18.41,S,4,0,0
6307,1,male,16.3,0,0,1.71,S,1,1,0
6309,3,male,4.5,0,3,92.25,S,4,0,1
6312,3,female,24.5,1,0,6.56,S,2,0,1
6313,3,female,45.9,5,3,3.22,S,9,0,0
6314,3,male,34.4,0,0,95.56,S,1,1,0
6315,3,male,8.3,1,4,66.08,S,6,0,1
6316,1,male,31.4,2,1,16.24,S,4,0,1
6317,1,male,34.4,0,3,31.78,S,4,0,0
6318,3,male,31.9,1,4,78.57,S,6,0,1
6319,2,male,23.3,1,1,4.76,S,3,0,0
6320,1,female,41.0,2,1,32.36,S,4,0,0
6322,2,male,26.8,2,2,57.95,S,5,0,0
6328,3,female,20.3,0,2,4.02,S,3,0,0
6329,3,female,18.3,0,2,45.89,S,3,0,0
6330,2,male,53.7,0,0,10.33,S,1,1,0
6331,1,male,27.6,2,0,65.07,S,3,0,1
6332,1,male,29.0,2,1,62.37,S,4,0,0
6333,3,female,25.5,0,0,3.96,S,1,1,0
6334,3,male,47.5,2,4,24.32,S,7,0,0
6335,3,male,59.0,5,3,43.04,S,9,0,1
6336,3,male,30.0,1,3,36.73,S,5,0,0
6340,1,male,38.4,0,1,28.09,S,2,0,0
6341,3,male,17.6,3,2,53.83,S,6,0,1
6342,3,male,38.2,0,1,1.85,S,2,0,1
6343,3,male,21.7,1,4,20.95,S,6,0,1
6344,2,male,7.4,0,4,60.48,S,5,0,0
6345,3,male,4.6,4,2,161.94,S,7,0,0
6348,3,male,9.9,4,3,0.04,S,8,0,0
6352,3,male,16.0,4,3,31.34,S,8,0,0
6354,2,female,27.0,0,4,76.44,S,5,0,1
6355,1,male,42.7,3,3,12.27,S,7,0,1
6357,2,female,30.6,1,1,18.17,S,3,0,0
6358,1,male,11.2,3,2,23.09,S,6,0,1
6359,3,male,25.7,2,2,1.71,S,5,0,1
6361,2,male,16.2,1,2,42.79,S,4,0,0
6363,2,male,21.1,0,0,6.58,S,1,1,0
6364,3,male,49.5,4,2,83.57,S,7,0,0
6366,3,male,40.3,5,3,8.52,S,9,0,0
6367,3,male,40.0,1,4,42.62,S,6,0,0
6369,2,male,47.3,3,1,4.03,S,5,0,1
6370,3,male,24.9,0,1,18.82,S,2,0,1
6372,1,female,15.8,0,2,79.76,S,3,0,1
6373,1,female,13.2,0,1,113.28,S,2,0,1
6374,3,male,9.5,3,2,37.68,S,6,0,0
6375,3,female,11.9,3,2,48.92,S,6,0,0
6376,1,male,6.2,3,4,22.86,S,8,0,1
6377,3,male,32.0,5,1,1.84,S,7,0,1
6378,3,male,41.0,0,3,4.28,S,4,0,1
6380,1,male,9.6,3,4,15.98,S,8,0,0
6381,3,male,22.4,0,1,47.29,S,2,0,0
6382,1,female,40.8,3,2,7.97,S,6,0,0
6384,3,male,17.8,2,3,5.3,S,6,0,0
6385,2,male,7.8,2,3,52.93,S,6,0,1
6386,3,male,23.1,4,3,5.89,S,8,0,0
6387,1,male,19.2,4,2,39.17,S,7,0,1
6388,3,male,27.8,2,3,5.23,S,6,0,0
6390,3,male,25.0,4,2,22.37,S,7,0,0
6391,1,male,31.6,5,1,17.02,S,7,0,0
6392,3,female,35.6,0,0,13.14,S,1,1,1
6396,3,male,36.2,0,3,45.83,S,4,0,0
6397,1,male,13.1,2,2,14.94,S,5,0,0
6398,3,male,30.5,2,1,121.61,S,4,0,0
6400,3,male,52.2,3,3,10.11,S,7,0,1
6401,3,male,25.7,1,3,69.98,S,5,0,1
6402,1,male,47.2,3,0,3.33,S,4,0,0
6403,3,male,33.1,0,2,37.43,S,3,0,1
6405,3,female,4.1,3,2,119.25,S,6,0,1
6407,3,male,0.0,4,1,8.48,S,6,0,0
6408,3,female,28.2,4,4,24.17,S,9,0,0
6409,2,female,43.3,5,2,28.06,S,8,0,1
6411,2,male,39.3,2,1,43.12,S,4,0,0
6412,3,male,24.9,4,3,0.05,S,8,0,1
6414,1,male,64.2,4,2,30.54,S,7,0,0
6415,2,male,30.1,0,4,7.51,S,5,0,0
6416,1,male,42.5,5,0,34.44,S,6,0,0
6418,1,male,44.0,0,0,24.17,S,1,1,1
6419,3,male,41.7,1,1,9.6,S,3,0,0
6422,3,male,40.5,0,1,46.99,S,2,0,0
6423,3,male,39.4,5,1,30.85,S,7,0,0
6424,1,female,28.4,4,2,5.25,S,7,0,0
6426,2,female,15.9,5,4,74.74,S,10,0,1
6428,3,male,30.6,4,1,70.99,S,6,0,0
6429,2,female,45.4,0,2,79.65,S,3,0,0
6430,3,female,15.5,4,1,6.67,S,6,0,1
6431,3,male,32.4,2,3,40.69,S,6,0,1
6432,3,male,22.1,1,0,33.08,S,2,0,1
6433,2,female,30.5,5,4,1.09,S,10,0,0
6434,2,male,34.5,3,2,48.19,S,6,0,1
6436,3,male,46.7,1,3,79.65,S,5,0,0
6438,2,male,17.0,4,2,46.88,S,7,0,0
6440,3,male,49.9,5,3,20.32,S,9,0,0
6441,1,male,34.8,5,4,51.16,S,10,0,0
6443,3,male,18.0,3,1,3.32,S,5,0,0
6444,3,female,37.7,3,4,12.87,S,8,0,0
6445,2,female,39.4,4,3,12.18,S,8,0,0
6447,1,male,24.9,1,3,119.07,S,5,0,0
6450,3,female,17.0,1,1,15.42,S,3,0,1
6451,3,female,51.2,2,2,46.85,S,5,0,1
6453,3,female,18.0,0,1,43.38,S,2,0,0
6457,3,male,32.3,1,4,49.47,S,6,0,0
6458,3,male,16.0,0,2,22.37,S,3,0,0
6459,3,male,41.2,4,1,53.42,S,6,0,0
6460,3,male,28.9,2,2,3.11,S,5,0,0
6461,3,male,6.5,3,4,8.86,S,8,0,1
6463,3,male,20.4,0,0,6.01,S,1,1,0
6464,2,male,0.0,5,2,19.31,S,8,0,1
6465,3,male,26.8,4,4,20.97,S,9,0,0
6467,2,male,27.5,5,0,64.54,S,6,0,0
6468,3,female,38.9,3,3,44.33,S,7,0,1
6469,2,female,29.1,2,2,53.18,S,5,0,1
6470,1,male,22.6,2,4,151.81,S,7,0,1
6473,3,male,42.0,5,4,26.68,S,10,0,1
6474,3,male,39.2,0,1,11.47,S,2,0,1
6475,3,female,25.1,5,0,41.16,S,6,0,1
6476,2,male,0.7,2,0,95.4,S,3,0,0
6477,2,male,35.6,0,2,148.1,S,3,0,0
6478,1,female,16.3,1,1,30.4,S,3,0,0
6480,2,female,7.4,3,0,10.46,S,4,0,0
6481,1,male,30.3,5,2,7.2,S,8,0,0
6482,1,male,27.2,0,2,32.59,S,3,0,1
6483,3,male,0.0,1,3,8.16,S,5,0,0
6484,3,female,51.7,1,3,16.1,S,5,0,0
6485,3,male,24.4,3,3,21.71,S,7,0,0
6487,1,female,36.5,2,1,121.5,S,4,0,0
6489,1,male,34.1,3,4,4.53,S,8,0,1
6490,3,male,13.0,2,4,8.15,S,7,0,0
6493,3,male,25.7,4,1,23.62,S,6,0,0
6494,3,male,49.2,4,3,86.56,S,8,0,1
6495,3,male,7.9,3,3,32.46,S,7,0,0
6499,3,female,35.5,1,3,12.97,S,5,0,1
6501,1,male,20.6,2,4,7.68,S,7,0,0
6502,3,male,0.0,4,0,24.55,S,5,0,0
6503,1,male,11.6,2,0,20.21,S,3,0,0
6504,3,male,46.6,1,0,9.09,S,2,0,0
6505,2,male,41.3,1,1,40.93,S,3,0,1
6506,3,male,27.7,2,4,11.3,S,7,0,1
6507,3,female,31.3,3,2,45.21,S,6,0,1
6510,1,male,18.9,2,3,5.07,S,6,0,0
6511,3,male,35.1,5,4,11.69,S,10,0,1
6512,1,male,10.4,1,1,23.77,S,3,0,1
6513,2,male,26.5,5,0,59.78,S,6,0,1
6514,3,female,46.5,3,4,16.4,S,8,0,0
6516,1,female,39.5,2,2,19.4,S,5,0,1
6517,1,male,13.9,0,2,0.96,S,3,0,1
6518,1,male,16.4,4,3,12.17,S,8,0,1
6519,3,male,28.9,3,2,45.23,S,6,0,0
6520,1,female,42.6,3,3,41.93,S,7,0,0
6521,3,male,24.8,4,1,68.84,S,6,0,0
6522,1,female,37.7,2,0,28.76,S,3,0,1
6523,1,male,45.0,1,2,46.54,S,4,0,0
6524,3,male,18.2,2,1,17.17,S,4,0,0
6526,3,male,24.0,5,1,13.29,S,7,0,0
6528,1,female,17.6,4,1,18.43,S,6,0,0
6529,3,male,43.2,5,1,53.26,S,7,0,1
6530,2,male,25.3,0,2,0.39,S,3,0,0
6534,1,male,5.9,4,2,4.83,S,7,0,0
6535,3,female,0.0,4,2,5.73,S,7,0,0
6536,3,male,29.9,4,1,1.39,S,6,0,1
6537,1,female,41.7,3,1,18.71,S,5,0,1
6538,3,male,36.0,5,0,33.37,S,6,0,0
6540,3,male,8.2,1,2,1.35,S,4,0,0
6541,3,female,42.0,4,1,86.33,S,6,0,1
6542,3,female,55.0,1,3,63.03,S,5,0,1
6543,1,male,19.6,0,3,19.89,S,4,0,0
6545,3,female,65.4,4,3,51.69,S,8,0,0
6546,3,female,26.3,5,0,26.39,S,6,0,0
6547,3,female,26.6,3,4,23.94,S,8,0,0
6549,3,male,25.0,1,0,40.98,S,2,0,0
6550,3,female,47.7,5,3,55.02,S,9,0,0
6552,3,male,28.6,5,0,43.88,S,6,0,0
6553,2,male,8.8,4,1,6.57,S,6,0,0
6554,2,male,25.7,1,2,43.87,S,4,0,1
6556,1,female,33.8,2,3,34.38,S,6,0,0
6557,2,male,5.7,1,1,39.89,S,3,0,0
6558,3,male,42.7,0,2,109.7,S,3,0,1
6561,1,male,48.2,2,0,13.04,S,3,0,0
6562,2,male,36.5,5,2,17.39,S,8,0,0
6563,1,male,7.5,4,1,47.03,S,6,0,0
6564,1,male,20.2,0,4,6.59,S,5,0,0
6566,3,male,18.2,5,4,7.94,S,10,0,1
6567,1,female,51.1,2,2,8.4,S,5,0,0
6568,3,female,26.9,2,1,82.37,S,4,0,0
6570,1,male,18.5,1,2,17.05,S,4,0,0
6571,1,male,21.6,4,3,16.52,S,8,0,0
6572,3,female,36.5,4,2,4.37,S,7,0,0
6573,1,female,6.2,0,0,3.69,S,1,1,1
6574,3,male,30.4,4,1,76.98,S,6,0,0
6575,3,male,34.9,4,0,57.93,S,5,0,1
6576,3,male,4.7,3,4,86.61,S,8,0,1
6578,3,male,28.3,4,4,23.92,S,9,0,0
6579,1,female,49.2,3,3,9.45,S,7,0,0
6580,3,male,45.8,3,3,15.92,S,7,0,1
6582,1,female,48.7,4,4,20.7,S,9,0,1
6583,3,male,24.5,2,0,3.71,S,3,0,0
6584,1,female,24.4,4,0,0.1,S,5,0,1
6585,1,male,30.3,4,3,8.62,S,8,0,0
6589,1,male,11.5,0,4,58.31,S,5,0,1
6591,1,male,42.1,4,0,28.04,S,5,0,0
6593,3,male,9.9,0,4,8.0,S,5,0,1
6594,3,female,23.6,3,2,31.9,S,6,0,1
6595,3,male,46.4,2,3,15.74,S,6,0,0
6596,3,female,32.3,0,0,9.18,S,1,1,0
6597,3,male,29.5,5,4,89.22,S,10,0,0
6598,3,female,29.1,4,3,3.65,S,8,0,1
6600,3,female,33.0,1,1,25.52,S,3,0,0
6601,3,male,20.9,4,0,46.08,S,5,0,0
6603,1,male,12.2,2,2,15.84,S,5,0,1
6604,1,female,47.5,1,1,50.87,S,3,0,0
6605,3,female,16.5,0,0,54.01,S,1,1,0
6607,3,male,26.7,2,3,43.65,S,6,0,0
6608,2,male,22.3,2,4,15.12,S,7,0,1
6609,2,female,48.0,2,2,40.3,S,5,0,0
6610,3,male,39.4,0,4,3.71,S,5,0,1
6611,3,male,28.2,4,0,5.68,S,5,0,1
6612,1,female,53.4,0,0,24.84,S,1,1,0
6613,3,male,42.7,5,1,25.52,S,7,0,0
6614,3,female,17.7,1,0,20.42,S,2,0,0
6615,2,male,0.0,2,4,42.5,S,7,0,1
6617,1,female,48.4,0,1,2.17,S,2,0,0
6619,3,male,51.0,4,3,31.65,S,8,0,1
6620,1,male,20.6,0,0,72.26,S,1,1,0
6622,3,male,27.7,4,1,0.06,S,6,0,0
6623,3,female,32.4,0,2,46.03,S,3,0,0
6624,3,male,39.7,0,4,26.71,S,5,0,1
6626,3,male,54.8,5,0,27.2,S,6,0,1
6627,3,male,52.3,5,3,85.6,S,9,0,1
6628,3,female,38.4,2,3,7.49,S,6,0,0
6630,3,male,32.2,5,0,33.55,S,6,0,0
6631,3,male,38.2,4,2,55.04,S,7,0,0
6632,3,female,30.9,1,0,32.85,S,2,0,1
6634,2,male,22.5,1,2,12.66,S,4,0,1
6635,1,male,41.2,0,2,0.32,S,3,0,0
6636,1,female,25.5,0,3,58.62,S,4,0,1
6637,1,male,29.3,0,1,171.15,S,2,0,0
6638,3,female,27.9,0,0,64.42,S,1,1,0
6639,1,female,16.5,5,3,16.21,S,9,0,0
6641,3,female,22.6,2,0,102.9,S,3,0,1
6643,3,male,14.2,5,2,30.32,S,8,0,1
6644,1,male,27.6,4,3,23.12,S,8,0,0
6645,3,male,37.7,4,2,23.24,S,7,0,0
6646,3,male,44.7,4,4,7.21,S,9,0,1
6648,3,male,51.5,0,0,6.0,S,1,1,1
6649,3,male,33.1,5,3,7.53,S,9,0,1
6650,1,male,13.2,1,2,35.88,S,4,0,0
6651,3,female,23.3,1,4,65.11,S,6,0,1
6652,3,female,2.7,1,1,35.08,S,3,0,0
6653,1,female,6.3,2,3,20.62,S,6,0,0
6654,3,male,53.1,0,1,38.02,S,2,0,0
6655,1,male,19.2,4,4,19.42,S,9,0,0
6657,1,male,27.4,0,4,48.5,S,5,0,0
6659,3,male,34.2,4,0,7.91,S,5,0,0
6661,2,female,47.5,4,3,16.42,S,8,0,0
6662,1,female,27.6,0,2,23.63,S,3,0,0
6663,3,male,21.9,1,2,36.97,S,4,0,1
6665,3,male,18.9,3,0,58.04,S,4,0,1
6666,3,male,31.9,5,0,15.25,S,6,0,0
6667,3,female,26.7,5,3,37.66,S,9,0,1
6669,2,male,26.0,0,2,24.11,S,3,0,0
6670,3,male,14.6,4,3,3.86,S,8,0,0
6672,3,male,25.2,3,4,12.34,S,8,0,0
6673,3,female,3.5,3,0,11.47,S,4,0,0
6674,2,female,31.8,5,2,2.97,S,8,0,0
6675,3,male,21.5,3,2,22.59,S,6,0,1
6676,1,male,33.8,0,2,17.32,S,3,0,1
6677,3,female,17.0,1,2,3.33,S,4,0,0
6678,3,male,12.1,3,3,44.56,S,7,0,0
6679,1,female,45.5,5,0,2.2,S,6,0,0
6680,3,male,40.8,2,4,5.01,S,7,0,1
6681,3,male,28.9,5,3,19.76,S,9,0,0
6682,3,female,35.1,1,2,14.17,S,4,0,1
6683,1,male,40.3,3,0,10.31,S,4,0,0
6685,2,male,12.1,0,1,23.77,S,2,0,0
6686,1,male,33.2,4,3,18.12,S,8,0,0
6687,3,female,43.0,4,0,47.9,S,5,0,0
6691,3,male,25.9,1,4,3.6,S,6,0,0
6692,2,female,43.6,0,1,10.25,S,2,0,1
6694,1,male,10.9,4,2,20.25,S,7,0,0
6696,3,male,60.3,0,2,24.04,S,3,0,1
6697,3,female,36.4,0,4,29.75,S,5,0,0
6698,2,male,42.8,3,0,19.92,S,4,0,1
6699,3,male,19.9,0,1,64.35,S,2,0,0
6700,1,male,21.9,2,3,26.02,S,6,0,0
6703,2,male,10.6,5,1,76.81,S,7,0,0
6704,3,male,26.6,0,2,7.71,S,3,0,0
6707,2,male,31.5,4,1,38.27,S,6,0,0
6708,3,male,31.1,3,3,26.72,S,7,0,1
6709,3,male,24.8,0,0,3.69,S,1,1,1
6712,3,male,23.8,5,1,73.18,S,7,0,1
6714,3,male,36.8,0,2,14.04,S,3,0,1
6715,1,male,51.0,1,0,14.31,S,2,0,0
6716,2,female,28.1,2,0,23.78,S,3,0,0
6717,3,female,24.5,4,0,63.61,S,5,0,0
6718,2,male,26.1,3,3,16.11,S,7,0,0
6719,3,male,45.5,2,4,5.08,S,7,0,0
6720,3,female,26.9,5,1,22.6,S,7,0,1
6721,2,male,27.8,2,3,1.23,S,6,0,0
6722,1,male,56.5,0,4,13.51,S,5,0,1
6723,3,male,10.2,4,1,23.1,S,6,0,0
6724,2,male,34.0,2,4,23.33,S,7,0,0
6725,3,male,28.1,2,0,54.79,S,3,0,0
6727,3,male,15.7,3,1,10.63,S,5,0,0
6728,3,female,19.7,0,3,11.46,S,4,0,1
6729,1,female,23.3,2,1,127.97,S,4,0,1
6730,3,female,35.9,5,4,15.9,S,10,0,0
6731,3,male,40.9,4,4,4.93,S,9,0,0
6733,3,male,12.2,5,0,8.93,S,6,0,0
6734,3,female,36.7,5,1,29.59,S,7,0,0
6735,3,male,37.9,3,1,55.1,S,5,0,0
6737,3,male,41.2,1,2,19.23,S,4,0,0
6738,1,female,28.8,3,4,15.45,S,8,0,0
6739,1,female,39.5,2,4,236.71,S,7,0,1
6740,1,male,17.1,0,4,39.79,S,5,0,0
6741,2,female,9.5,3,4,2.75,S,8,0,0
6745,3,male,23.5,3,1,12.15,S,5,0,1
6746,2,male,52.7,1,2,12.55,S,4,0,1
6747,2,female,5.2,0,0,8.57,S,1,1,0
6748,1,male,17.2,2,2,25.77,S,5,0,1
6749,2,female,23.1,0,1,7.89,S,2,0,0
6750,1,male,29.3,5,2,90.6,S,8,0,0
6751,3,male,39.0,1,4,42.19,S,6,0,0
6753,1,female,44.1,1,1,10.02,S,3,0,0
6754,2,male,35.7,1,2,129.34,S,4,0,0
6756,3,male,5.7,1,0,3.98,S,2,0,1
6757,3,female,45.1,3,0,8.46,S,4,0,0
6758,1,male,44.2,0,1,40.04,S,2,0,1
6760,3,male,17.5,1,3,2.24,S,5,0,0
6762,3,male,23.4,0,1,2.9,S,2,0,0
6765,3,male,59.2,1,4,7.97,S,6,0,1
6766,3,male,22.1,3,0,48.19,S,4,0,1
6767,3,male,47.2,5,0,48.96,S,6,0,0
6768,2,female,16.6,3,1,42.19,S,5,0,1
6769,3,male,7.5,4,4,37.3,S,9,0,0
6770,2,female,42.8,1,4,9.0,S,6,0,0
6774,1,female,25.1,5,3,62.09,S,9,0,0
6775,3,female,47.8,5,2,70.24,S,8,0,0
6776,3,female,16.7,4,0,7.79,S,5,0,1
6777,3,female,16.5,5,3,18.1,S,9,0,0
6778,1,male,44.0,4,1,5.13,S,6,0,1
6779,1,female,7.3,5,1,33.43,S,7,0,0
6780,2,male,29.0,4,2,27.16,S,7,0,0
6782,3,male,47.4,2,3,23.41,S,6,0,0
6783,3,male,22.9,0,4,48.61,S,5,0,0
6784,3,male,43.1,4,3,12.25,S,8,0,1
6785,3,male,13.3,5,1,37.92,S,7,0,1
6786,3,male,19.7,1,1,1.31,S,3,0,1
6787,3,female,32.2,0,4,5.26,S,5,0,1
6788,3,male,34.3,2,4,18.95,S,7,0,1
6790,3,male,55.1,0,2,69.24,S,3,0,1
6791,1,male,2.7,2,1,29.22,S,4,0,0
6795,3,female,47.5,1,1,13.81,S,3,0,0
6796,1,male,18.6,5,2,12.07,S,8,0,1
6798,3,male,33.6,4,0,37.85,S,5,0,0
6799,2,male,8.6,1,4,2.36,S,6,0,0
6800,3,male,14.0,5,4,59.33,S,10,0,0
6803,3,male,0.0,0,2,47.97,S,3,0,0
6804,1,male,24.8,0,2,212.19,S,3,0,0
6805,1,male,28.5,2,0,13.63,S,3,0,1
6806,1,male,32.1,5,0,63.95,S,6,0,1
6807,2,female,1.0,2,2,10.82,S,5,0,0
6808,1,female,28.6,2,0,173.2,S,3,0,0
6809,1,male,17.3,3,0,16.9,S,4,0,0
6810,1,female,32.1,4,4,34.54,S,9,0,1
6811,1,male,36.1,3,0,166.55,S,4,0,0
6812,2,female,34.6,3,2,7.16,S,6,0,0
6813,1,female,48.7,2,1,31.3,S,4,0,1
6814,3,male,59.7,4,2,205.55,S,7,0,0
6816,1,male,23.7,0,0,7.98,S,1,1,0
6817,3,male,39.4,3,2,3.33,S,6,0,1
6819,3,female,0.0,3,1,46.12,S,5,0,1
6821,3,male,46.3,5,0,29.92,S,6,0,0
6822,2,female,9.5,4,4,30.54,S,9,0,1
6825,2,female,41.2,5,3,27.47,S,9,0,1
6826,3,female,32.4,0,0,36.82,S,1,1,0
6829,2,female,8.0,5,3,90.71,S,9,0,0
6830,2,female,43.1,3,0,49.37,S,4,0,1
6831,2,male,17.8,3,3,31.29,S,7,0,0
6832,2,male,36.0,2,4,3.27,S,7,0,0
6833,3,female,15.5,1,1,50.61,S,3,0,1
6836,3,female,58.0,0,4,51.85,S,5,0,0
6838,2,female,20.1,4,2,20.3,S,7,0,0
6840,2,female,57.4,4,3,22.46,S,8,0,1
6841,3,male,27.0,2,0,5.35,S,3,0,0
6843,2,male,20.3,3,0,8.53,S,4,0,0
6844,3,male,20.5,4,1,14.64,S,6,0,1
6845,3,male,40.6,1,4,33.3,S,6,0,0
6847,3,male,40.0,0,3,42.51,S,4,0,0
6848,1,female,36.3,4,2,42.8,S,7,0,0
6849,3,female,21.6,1,2,39.18,S,4,0,0
6850,1,female,29.3,0,4,25.37,S,5,0,0
6851,1,female,31.5,0,0,34.81,S,1,1,1
6852,3,male,32.3,2,2,121.31,S,5,0,1
6853,2,male,38.7,1,3,39.15,S,5,0,1
6854,3,male,17.6,4,1,43.41,S,6,0,0
6856,1,male,26.1,3,4,20.8,S,8,0,1
6857,3,male,27.2,1,2,18.28,S,4,0,0
6860,3,male,56.1,2,1,29.16,S,4,0,0
6863,3,male,13.3,0,4,34.18,S,5,0,0
6864,3,male,11.2,0,3,65.13,S,4,0,0
6865,3,male,24.2,5,4,34.2,S,10,0,0
6866,3,female,32.9,2,0,13.79,S,3,0,0
6867,1,male,37.7,3,4,31.89,S,8,0,0
6872,3,male,49.9,5,0,13.07,S,6,0,1
6873,1,female,24.0,3,1,2.63,S,5,0,0
6875,1,male,36.9,1,4,3.74,S,6,0,0
6876,3,male,51.5,1,0,68.93,S,2,0,0
6877,3,male,24.3,5,0,55.26,S,6,0,0
6879,1,female,44.9,4,2,83.39,S,7,0,0
6880,3,male,34.7,5,4,69.82,S,10,0,1
6881,3,male,13.5,2,1,82.02,S,4,0,0
6883,3,male,54.7,4,4,14.71,S,9,0,0
6885,2,female,16.5,3,4,2.03,S,8,0,1
6886,3,male,29.4,2,3,50.42,S,6,0,0
6887,3,male,38.5,3,0,6.8,S,4,0,0
6888,3,female,28.0,4,3,12.02,S,8,0,0
6890,3,female,32.6,2,2,4.5,S,5,0,0
6891,1,male,43.2,5,3,135.1,S,9,0,1
6892,3,male,18.9,1,4,54.36,S,6,0,1
6893,3,male,11.8,2,2,28.12,S,5,0,0
6894,3,male,24.2,0,1,76.51,S,2,0,0
6896,1,female,34.7,3,3,72.72,S,7,0,1
6898,1,male,22.7,4,2,0.45,S,7,0,0
6899,1,male,25.0,4,4,50.98,S,9,0,0
6900,3,female,14.3,2,3,49.03,S,6,0,0
6901,1,female,24.7,1,0,12.22,S,2,0,0
6902,3,male,29.1,0,1,21.74,S,2,0,0
6904,3,female,14.4,5,2,35.15,S,8,0,0
6905,3,male,34.0,1,4,35.91,S,6,0,0
6906,2,male,36.8,0,4,127.61,S,5,0,0
6908,2,male,22.0,3,1,18.98,S,5,0,1
6909,3,female,13.1,4,1,6.36,S,6,0,0
6910,3,male,55.6,3,2,49.59,S,6,0,0
6911,2,female,30.0,3,1,13.97,S,5,0,1
6913,1,male,58.7,1,3,10.38,S,5,0,0
6915,2,male,64.6,4,2,31.0,S,7,0,0
6916,3,male,9.2,1,3,79.12,S,5,0,0
6917,3,male,25.7,0,2,4.87,S,3,0,1
6918,3,male,9.8,3,4,1.35,S,8,0,0
6919,2,female,27.3,1,1,109.54,S,3,0,0
6920,1,male,27.2,3,4,4.7,S,8,0,1
6921,3,female,22.6,5,4,29.93,S,10,0,0
6922,3,male,29.8,1,1,7.1,S,3,0,0
6923,1,female,23.3,0,4,5.87,S,5,0,0
6924,3,male,27.5,3,1,5.43,S,5,0,0
6925,2,male,18.4,4,2,39.61,S,7,0,0
6926,1,female,49.2,5,4,45.62,S,10,0,0
6927,3,male,13.5,5,4,4.08,S,10,0,1
6929,2,male,12.3,1,4,87.14,S,6,0,1
6930,3,male,17.3,0,0,28.44,S,1,1,0
6931,3,female,18.8,3,4,48.64,S,8,0,0
6932,1,female,27.2,0,4,2.69,S,5,0,0
6933,3,male,31.5,0,3,1.72,S,4,0,0
6934,3,female,13.5,3,0,16.14,S,4,0,1
6938,3,male,44.9,4,2,35.43,S,7,0,0
6939,3,male,9.5,5,2,18.95,S,8,0,0
6940,1,male,30.0,5,1,2.65,S,7,0,1
6941,3,female,52.8,0,1,28.97,S,2,0,1
6943,2,male,35.0,3,0,15.6,S,4,0,0
6944,3,male,28.8,0,3,0.46,S,4,0,0
6945,1,male,39.3,5,2,23.56,S,8,0,1
6947,3,male,48.9,1,3,27.57,S,5,0,0
6948,3,male,27.1,1,1,44.56,S,3,0,1
6949,3,male,43.0,4,2,238.24,S,7,0,0
6950,3,female,24.4,2,3,32.04,S,6,0,1
6953,3,male,6.3,2,0,9.0,S,3,0,0
6954,3,male,30.1,4,1,12.82,S,6,0,1
6956,3,female,51.8,0,2,23.49,S,3,0,0
6958,3,male,4.6,1,2,35.22,S,4,0,1
6959,3,female,36.0,4,0,18.42,S,5,0,1
6960,1,male,35.5,5,2,6.65,S,8,0,0
6961,2,male,9.2,2,0,21.61,S,3,0,0
6962,1,male,24.4,2,3,50.94,S,6,0,1
6964,3,female,40.5,1,4,3.92,S,6,0,0
6965,3,female,23.2,1,0,94.82,S,2,0,0
6966,3,female,22.9,5,4,11.68,S,10,0,1
6968,3,female,9.7,4,0,1.04,S,5,0,1
6969,3,male,55.6,2,0,76.87,S,3,0,0
6971,3,female,19.2,2,4,10.34,S,7,0,0
6973,3,male,14.4,0,3,11.07,S,4,0,0
6975,3,female,14.9,5,0,18.96,S,6,0,0
6976,1,male,25.5,5,2,29.33,S,8,0,1
6977,2,male,5.3,0,1,7.52,S,2,0,1
6978,3,male,36.6,5,0,43.47,S,6,0,1
6979,1,female,37.1,0,2,27.61,S,3,0,0
6980,1,male,26.4,2,4,0.24,S,7,0,0
6981,2,female,31.7,4,0,25.51,S,5,0,0
6983,3,male,31.3,2,3,35.42,S,6,0,1
6984,2,male,39.9,0,3,72.98,S,4,0,1
6985,3,male,12.6,2,1,9.75,S,4,0,0
6986,3,female,34.3,4,2,35.84,S,7,0,0
6987,2,male,31.7,0,0,5.26,S,1,1,0
6989,3,male,29.4,1,4,85.94,S,6,0,0
6990,3,female,27.6,4,0,63.44,S,5,0,1
6991,2,male,21.2,4,0,22.27,S,5,0,0
6992,2,female,49.9,3,4,4.76,S,8,0,0
6994,1,male,36.2,5,1,26.81,S,7,0,1
6995,3,male,28.7,4,3,33.76,S,8,0,0
6997,3,male,24.4,2,1,44.08,S,4,0,1
6998,3,female,28.2,5,0,7.54,S,6,0,0
6999,2,male,35.7,0,3,11.24,S,4,0,1
7000,3,male,17.9,5,2,0.41,S,8,0,0
7001,1,male,30.9,1,2,2.46,S,4,0,0
7003,3,female,15.6,4,0,6.58,S,5,0,1
7004,3,female,36.1,5,1,21.71,S,7,0,0
7005,3,male,34.0,4,1,60.42,S,6,0,0
7006,3,female,17.8,2,4,41.08,S,7,0,0
7008,3,male,17.6,5,0,29.34,S,6,0,0
7009,3,male,30.9,5,0,38.57,S,6,0,0
7010,3,female,27.9,5,3,6.35,S,9,0,0
7011,3,male,48.5,4,4,25.73,S,9,0,1
7012,3,male,23.9,2,1,27.05,S,4,0,0
7013,1,male,16.6,1,0,31.7,S,2,0,0
7014,2,male,38.2,4,0,48.35,S,5,0,0
7016,3,male,17.9,1,0,39.8,S,2,0,0
7017,2,female,18.1,1,4,81.87,S,6,0,0
7018,3,male,0.0,5,1,25.55,S,7,0,0
7019,2,male,36.9,2,2,10.93,S,5,0,1
7020,3,female,42.2,0,0,34.38,S,1,1,0
7023,3,male,50.1,4,1,111.17,S,6,0,1
7024,2,female,24.3,4,3,0.72,S,8,0,0
7025,1,male,44.5,0,4,9.56,S,5,0,0
7026,3,male,27.6,4,3,10.23,S,8,0,0
7027,3,male,23.0,3,1,17.81,S,5,0,1
7028,3,female,18.4,0,4,1.0,S,5,0,0
7029,3,male,25.3,2,0,78.6,S,3,0,0
7030,1,male,33.6,0,3,39.29,S,4,0,1
7032,3,female,39.2,2,3,6.14,S,6,0,0
7033,3,male,18.2,1,4,29.57,S,6,0,0
7034,3,female,14.4,2,2,76.53,S,5,0,0
7035,3,female,37.0,0,4,2.93,S,5,0,1
7036,3,male,41.6,1,4,18.17,S,6,0,0
7038,2,male,25.2,4,4,6.36,S,9,0,0
7041,3,female,10.1,2,4,81.28,S,7,0,0
7042,3,female,32.9,5,0,36.86,S,6,0,1
7044,3,male,36.1,5,3,14.13,S,9,0,1
7046,1,male,65.5,4,3,10.33,S,8,0,1
7048,3,female,29.1,5,1,8.47,S,7,0,0
7049,1,male,26.3,5,2,73.5,S,8,0,0
7050,3,male,38.8,0,4,4.96,S,5,0,1
7051,1,female,28.2,5,3,17.77,S,9,0,0
7052,3,female,46.8,5,2,4.27,S,8,0,1
7054,3,female,25.6,5,4,21.22,S,10,0,0
7055,1,male,38.6,5,4,25.83,S,10,0,0
7057,3,male,8.3,1,1,53.08,S,3,0,0
7059,3,male,5.5,4,3,156.22,S,8,0,1
7060,3,female,16.8,2,2,4.22,S,5,0,1
7061,2,female,11.1,3,3,6.49,S,7,0,0
7062,1,male,36.5,5,1,51.79,S,7,0,1
7063,3,female,32.2,3,1,25.86,S,5,0,1
7064,3,female,26.8,3,3,14.28,S,7,0,0
7065,2,female,29.4,5,0,16.91,S,6,0,0
7066,3,male,45.7,2,3,26.55,S,6,0,0
7067,3,male,14.4,5,2,2.87,S,8,0,0
7068,3,male,2.0,3,0,46.36,S,4,0,0
7069,1,male,38.9,0,4,19.08,S,5,0,0
7070,2,male,23.5,0,4,17.02,S,5,0,0
7071,3,female,14.7,0,0,47.48,S,1,1,0
7074,3,male,17.0,4,2,84.48,S,7,0,0
7075,2,male,0.0,1,4,93.3,S,6,0,0
7076,2,male,32.6,4,2,17.95,S,7,0,0
7077,2,female,51.0,5,0,2.31,S,6,0,1
7078,3,female,21.0,0,2,0.4,S,3,0,0
7079,2,male,17.9,1,1,39.09,S,3,0,1
7080,3,male,54.0,4,1,2.72,S,6,0,0
7081,3,male,37.8,2,1,15.83,S,4,0,1
7083,2,female,31.3,2,0,205.71,S,3,0,0
7084,2,male,32.2,0,2,8.08,S,3,0,1
7085,3,male,49.2,1,3,0.31,S,5,0,0
7086,2,male,26.9,0,1,1.35,S,2,0,1
7087,3,male,32.5,2,1,8.09,S,4,0,0
7088,3,male,0.0,3,4,158.81,S,8,0,0
7089,3,male,53.3,0,1,2.57,S,2,0,0
7091,3,male,27.5,0,3,5.2,S,4,0,1
7092,2,male,41.7,1,4,7.29,S,6,0,1
7093,2,male,12.5,5,0,2.88,S,6,0,0
7094,3,male,21.3,3,0,8.29,S,4,0,0
7097,3,male,35.3,1,3,51.29,S,5,0,0
7098,3,female,32.5,2,1,6.76,S,4,0,0
7100,1,male,10.5,3,1,10.17,S,5,0,0
7101,3,male,46.9,5,2,44.85,S,8,0,0
7102,1,female,22.2,5,3,8.15,S,9,0,1
7103,3,female,29.8,0,1,24.98,S,2,0,0
7104,1,male,20.6,4,1,7.83,S,6,0,0
7105,2,male,25.0,4,3,15.67,S,8,0,0
7106,1,female,32.2,3,1,23.58,S,5,0,0
7107,3,male,39.3,4,4,45.38,S,9,0,0
7108,3,female,41.6,0,4,10.59,S,5,0,1
7109,1,male,35.1,2,0,18.93,S,3,0,0
7110,2,female,20.7,5,3,32.95,S,9,0,1
7113,3,female,29.8,5,2,26.93,S,8,0,0
7117,2,male,45.7,1,2,17.54,S,4,0,0
7118,3,male,27.2,3,3,26.7,S,7,0,1
7119,3,male,34.8,5,3,51.82,S,9,0,0
7120,3,male,16.9,1,4,3.12,S,6,0,1
7123,3,male,26.5,1,3,10.03,S,5,0,1
7125,1,male,4.6,2,4,2.67,S,7,0,0
7126,1,female,34.2,2,3,80.3,S,6,0,0
7127,3,female,49.8,5,2,15.71,S,8,0,0
7128,3,female,33.4,3,4,53.2,S,8,0,0
7129,2,female,31.6,0,0,5.37,S,1,1,1
7130,3,male,24.6,4,0,26.82,S,5,0,0
7131,1,male,44.2,5,0,1.09,S,6,0,0
7132,2,male,46.2,5,0,10.46,S,6,0,1
7133,2,male,23.0,5,3,56.64,S,9,0,0
7134,2,male,34.0,3,3,19.39,S,7,0,0
7137,1,male,18.2,1,0,24.18,S,2,0,1
7138,3,male,45.0,4,1,28.21,S,6,0,1
7139,3,female,36.9,3,0,46.52,S,4,0,0
7140,3,male,45.8,5,4,4.11,S,10,0,1
7144,3,male,45.1,5,0,33.12,S,6,0,1
7146,2,male,41.2,3,0,34.39,S,4,0,1
7147,3,female,22.5,3,1,29.78,S,5,0,0
7148,3,female,5.2,0,2,7.05,S,3,0,0
7149,3,male,0.0,0,3,58.7,S,4,0,0
7151,3,male,50.9,0,3,122.67,S,4,0,0
7152,3,female,50.3,5,4,2.29,S,10,0,1
7153,1,male,46.6,1,4,11.34,S,6,0,1
7154,3,male,40.6,0,4,3.35,S,5,0,0
7155,2,male,33.4,1,4,62.72,S,6,0,1
7158,3,male,42.9,2,1,36.32,S,4,0,0
7159,3,male,13.3,0,0,3.61,S,1,1,0
7161,1,male,38.7,2,4,39.01,S,7,0,0
7162,3,female,42.0,0,0,14.32,S,1,1,1
7163,3,male,20.5,5,1,40.49,S,7,0,1
7164,1,male,38.0,2,2,10.75,S,5,0,1
7165,3,male,36.9,3,4,25.1,S,8,0,0
7166,1,female,24.7,2,4,14.01,S,7,0,1
7167,2,male,31.2,0,1,81.43,S,2,0,0
7169,3,male,25.1,4,1,10.81,S,6,0,0
7170,2,male,25.5,3,3,1.88,S,7,0,0
7171,3,female,31.1,1,2,5.03,S,4,0,1
7172,1,male,26.4,3,2,26.63,S,6,0,0
7173,1,female,40.1,0,1,38.65,S,2,0,1
7175,3,male,25.5,4,2,29.07,S,7,0,0
7176,2,female,17.0,0,0,36.54,S,1,1,1
7177,1,male,56.6,5,4,30.95,S,10,0,1
7178,3,female,30.7,2,4,74.49,S,7,0,0
7180,3,male,55.1,5,1,29.58,S,7,0,0
7181,3,male,44.8,0,1,102.83,S,2,0,0
7182,2,female,51.4,5,4,0.23,S,10,0,1
7186,2,female,17.9,2,1,5.9,S,4,0,0
7187,2,male,22.1,3,4,27.13,S,8,0,0
7188,3,male,21.7,0,3,23.16,S,4,0,0
7189,3,female,30.7,1,4,19.37,S,6,0,0
7191,1,male,12.3,0,3,1.73,S,4,0,0
7192,1,male,16.8,5,4,29.65,S,10,0,0
7193,2,male,24.9,5,1,23.3,S,7,0,0
7194,1,male,45.0,1,1,28.17,S,3,0,1
7196,1,male,40.3,1,2,2.76,S,4,0,0
7197,2,female,10.5,0,0,5.87,S,1,1,1
7199,2,male,27.1,3,3,52.79,S,7,0,1
7200,1,male,20.5,5,3,9.03,S,9,0,0
7201,1,male,16.7,0,3,52.87,S,4,0,0
7202,1,female,15.0,0,0,8.58,S,1,1,0
7207,2,female,0.0,4,0,1.25,S,5,0,0
7211,2,female,50.3,1,3,14.0,S,5,0,0
7214,3,male,33.3,3,1,18.04,S,5,0,0
7215,3,female,38.0,4,3,46.67,S,8,0,0
7216,1,male,11.5,1,4,0.48,S,6,0,0
7217,3,male,23.7,3,4,64.26,S,8,0,1
7219,3,male,1.9,5,2,19.25,S,8,0,1
7220,2,male,47.2,1,4,68.21,S,6,0,1
7221,3,male,43.9,2,2,17.32,S,5,0,0
7222,1,female,0.0,0,3,45.1,S,4,0,0
7224,2,male,30.5,5,3,60.91,S,9,0,1
7225,3,female,40.8,2,1,229.42,S,4,0,1
7226,3,male,50.4,0,0,73.14,S,1,1,1
7227,2,female,20.1,1,2,1.84,S,4,0,0
7228,3,male,61.7,4,2,5.14,S,7,0,1
7231,2,male,36.9,5,1,16.69,S,7,0,0
7232,1,male,33.4,1,0,10.38,S,2,0,0
7233,3,female,32.6,5,4,107.26,S,10,0,0
7235,3,male,32.5,3,4,47.09,S,8,0,0
7236,3,male,15.2,3,2,3.76,S,6,0,0
7237,3,female,17.2,1,1,9.75,S,3,0,1
7238,3,female,49.6,0,3,22.41,S,4,0,1
7239,1,male,38.6,1,1,42.67,S,3,0,0
7241,2,male,6.5,1,1,7.31,S,3,0,1
7242,3,female,29.4,4,2,18.39,S,7,0,0
7245,1,male,5.5,4,4,86.87,S,9,0,0
7246,3,female,13.2,5,4,5.92,S,10,0,1
7247,3,male,52.0,3,2,10.49,S,6,0,1
7248,3,female,36.0,0,1,49.34,S,2,0,0
7249,1,female,43.0,4,4,9.0,S,9,0,1
7250,3,male,45.3,1,3,9.84,S,5,0,1
7251,1,female,20.2,2,4,36.13,S,7,0,1
7252,3,male,23.8,5,1,22.88,S,7,0,0
7253,3,female,26.6,1,1,38.91,S,3,0,1
7255,1,female,44.3,2,0,22.45,S,3,0,0
7256,3,male,55.2,5,4,35.75,S,10,0,0
7257,2,male,40.4,0,1,20.58,S,2,0,0
7258,1,male,40.5,5,3,4.38,S,9,0,1
7260,3,male,26.1,5,2,28.38,S,8,0,0
7261,3,female,45.6,5,1,4.98,S,7,0,0
7266,3,female,33.8,5,3,16.63,S,9,0,0
7267,3,male,33.9,5,0,14.67,S,6,0,0
7268,2,male,20.9,4,3,3.27,S,8,0,0
7269,1,male,27.6,4,1,52.11,S,6,0,0
7270,3,male,16.7,5,2,43.4,S,8,0,0
7271,3,male,16.8,4,0,49.06,S,5,0,1
7272,3,female,22.3,2,3,5.1,S,6,0,1
7273,3,female,10.4,0,2,23.32,S,3,0,0
7274,3,male,20.8,4,4,12.83,S,9,0,0
7275,3,male,39.0,4,3,13.71,S,8,0,1
7276,2,female,49.4,0,2,2.18,S,3,0,0
7277,3,male,58.1,2,1,93.3,S,4,0,0
7278,3,male,23.4,5,4,89.87,S,10,0,1
7279,2,male,45.8,4,0,16.79,S,5,0,0
7280,3,female,33.7,5,0,61.67,S,6,0,0
7282,3,male,34.6,2,2,26.23,S,5,0,0
7283,3,male,44.4,4,4,43.68,S,9,0,1
7284,3,female,22.0,2,3,23.69,S,6,0,0
7287,3,female,20.2,4,1,45.6,S,6,0,0
7288,3,female,45.8,4,1,48.58,S,6,0,1
7289,2,male,18.3,5,3,13.2,S,9,0,1
7290,1,male,20.8,5,1,24.88,S,7,0,1
7291,3,male,33.4,5,0,7.43,S,6,0,0
7294,1,female,52.6,5,2,18.44,S,8,0,0
7295,1,male,20.2,5,0,40.72,S,6,0,1
7296,3,female,26.6,5,4,67.63,S,10,0,0
7297,3,male,2.0,2,2,25.18,S,5,0,0
7298,1,female,24.7,1,1,33.78,S,3,0,0
7299,3,male,10.5,2,3,9.93,S,6,0,1
7300,2,female,16.2,4,2,7.22,S,7,0,0
7302,3,male,16.5,5,2,26.19,S,8,0,0
7306,3,male,24.5,5,2,7.11,S,8,0,1
7309,3,female,27.5,2,1,63.52,S,4,0,0
7311,3,male,26.2,3,2,1.94,S,6,0,0
7312,1,male,22.9,0,1,5.02,S,2,0,0
7313,3,female,39.9,2,4,3.96,S,7,0,0
7314,3,male,37.4,5,0,9.37,S,6,0,0
7316,3,female,45.7,1,3,2.77,S,5,0,0
7317,2,male,30.2,1,1,19.75,S,3,0,1
7319,1,female,28.0,1,0,34.67,S,2,0,1
7321,3,female,16.2,4,3,11.23,S,8,0,0
7322,1,male,2.8,5,4,32.98,S,10,0,0
7323,3,female,32.9,2,3,77.48,S,6,0,1
7324,3,female,40.7,3,0,16.16,S,4,0,0
7325,3,female,15.0,5,2,11.11,S,8,0,0
7326,3,female,44.0,4,1,40.48,S,6,0,0
7327,3,male,5.9,1,1,67.13,S,3,0,1
7328,1,male,21.2,3,3,102.85,S,7,0,0
7329,3,female,52.9,1,2,7.96,S,4,0,0
7330,3,female,34.0,5,0,11.54,S,6,0,0
7331,1,male,24.8,2,1,75.62,S,4,0,1
7332,2,female,32.5,1,1,10.07,S,3,0,1
7333,3,male,45.7,0,3,13.57,S,4,0,0
7334,3,male,8.8,0,4,32.64,S,5,0,0
7335,3,male,47.5,0,1,26.87,S,2,0,0
7336,3,male,22.1,0,3,67.28,S,4,0,0
7338,3,female,20.4,5,1,21.48,S,7,0,1
7339,3,male,52.6,0,3,2.46,S,4,0,0
7340,2,male,28.6,1,4,118.08,S,6,0,1
7341,2,female,10.4,4,2,17.56,S,7,0,0
7342,3,male,35.6,1,1,27.2,S,3,0,1
7343,3,female,47.2,1,3,22.31,S,5,0,0
7344,2,female,45.6,1,2,42.86,S,4,0,0
7345,1,male,30.3,1,4,33.27,S,6,0,0
7346,1,female,40.4,4,1,13.43,S,6,0,0
7349,3,male,34.1,3,0,32.12,S,4,0,1
7350,1,male,0.0,4,0,98.94,S,5,0,0
7351,3,male,15.0,4,3,44.87,S,8,0,0
7352,3,female,31.9,4,2,21.25,S,7,0,0
7355,1,male,30.3,5,3,7.67,S,9,0,1
7356,2,male,45.9,3,4,31.79,S,8,0,1
7359,2,female,56.3,4,0,7.71,S,5,0,1
7360,3,male,2.3,2,4,5.85,S,7,0,1
7361,3,male,42.4,0,1,50.69,S,2,0,0
7362,3,female,7.1,0,2,41.51,S,3,0,0
7363,3,male,48.9,4,4,30.5,S,9,0,1
7364,3,female,25.1,1,0,87.14,S,2,0,0
7367,1,male,39.2,5,3,76.73,S,9,0,0
7369,3,female,37.6,1,3,26.1,S,5,0,1
7370,1,female,42.3,2,4,43.09,S,7,0,1
7373,3,female,17.6,2,4,17.81,S,7,0,0
7374,3,male,22.8,3,3,11.73,S,7,0,0
7375,3,female,45.9,2,3,66.88,S,6,0,0
7376,1,male,17.3,4,3,5.6,S,8,0,0
7377,2,male,3.2,5,2,0.58,S,8,0,0
7378,3,male,15.2,3,4,14.24,S,8,0,0
7380,3,male,24.8,2,4,53.32,S,7,0,0
7381,2,male,37.5,2,4,4.33,S,7,0,0
7383,3,male,0.0,2,0,5.87,S,3,0,0
7386,3,male,5.0,2,2,1.57,S,5,0,0
7388,3,male,45.7,1,0,14.1,S,2,0,0
7389,1,male,28.9,1,3,29.15,S,5,0,0
7391,3,female,31.7,1,4,87.16,S,6,0,0
7392,3,male,25.3,2,4,97.65,S,7,0,1
7393,1,male,40.5,0,2,21.86,S,3,0,0
7396,3,male,27.8,5,4,3.36,S,10,0,0
7397,1,female,15.1,3,2,10.51,S,6,0,1
7399,3,male,26.8,0,0,14.51,S,1,1,0
7400,1,male,45.2,3,1,31.77,S,5,0,0
7401,1,male,48.9,5,1,127.24,S,7,0,1
7402,3,male,40.0,2,4,3.61,S,7,0,0
7403,1,male,43.7,3,4,47.79,S,8,0,0
7404,2,male,19.1,2,4,38.49,S,7,0,0
7405,2,male,15.6,5,0,54.7,S,6,0,0
7406,3,female,35.1,2,2,4.72,S,5,0,1
7407,3,female,29.3,3,1,22.29,S,5,0,1
7408,1,male,57.0,0,3,31.99,S,4,0,0
7409,3,male,2.1,4,4,45.68,S,9,0,0
7410,3,male,37.7,1,3,39.9,S,5,0,0
7411,1,male,37.4,4,0,27.08,S,5,0,0
7412,3,female,18.3,0,2,20.27,S,3,0,0
7413,3,female,15.5,1,3,90.96,S,5,0,1
7414,3,male,24.3,5,4,6.42,S,10,0,0
7415,1,male,6.0,5,4,7.31,S,10,0,0
7416,3,female,49.4,3,0,3.77,S,4,0,0
7417,3,female,66.8,4,4,3.83,S,9,0,0
7418,3,male,24.2,2,3,66.16,S,6,0,0
7421,3,female,13.7,5,4,69.73,S,10,0,1
7422,3,male,20.7,0,3,11.44,S,4,0,0
7423,1,female,45.9,5,2,32.81,S,8,0,0
7424,1,male,73.7,4,3,15.27,S,8,0,0
7426,3,male,16.4,4,4,42.41,S,9,0,0
7427,3,male,12.6,2,1,4.22,S,4,0,0
7428,3,male,35.3,1,0,9.35,S,2,0,1
7430,3,male,30.4,5,3,9.04,S,9,0,0
7432,1,male,48.0,2,2,8.96,S,5,0,0
7434,1,male,39.1,5,2,2.5,S,8,0,0
7435,3,male,34.2,5,2,40.88,S,8,0,1
7436,3,male,26.3,5,3,13.15,S,9,0,0
7438,2,male,36.3,0,1,21.15,S,2,0,0
7439,3,male,34.9,0,0,6.92,S,1,1,0
7440,3,male,36.9,0,0,91.2,S,1,1,1
7441,3,male,7.1,1,0,0.01,S,2,0,0
7442,1,male,33.7,3,1,14.93,S,5,0,0
7443,3,female,24.7,5,4,4.4,S,10,0,1
7444,3,male,16.7,2,1,14.28,S,4,0,0
7445,1,male,39.2,0,0,3.51,S,1,1,1
7446,1,female,31.5,2,4,15.23,S,7,0,0
7448,3,male,35.8,3,1,25.82,S,5,0,1
7449,3,male,24.8,3,2,0.38,S,6,0,0
7450,2,female,27.5,2,2,22.57,S,5,0,0
7452,2,female,46.2,4,1,12.41,S,6,0,0
7453,3,female,33.4,1,3,14.02,S,5,0,0
7454,3,female,33.6,5,4,33.84,S,10,0,1
7455,3,female,14.1,0,1,45.37,S,2,0,1
7456,2,male,39.9,4,1,12.8,S,6,0,0
7457,3,male,15.9,0,1,82.89,S,2,0,0
7459,3,female,30.8,2,3,16.55,S,6,0,0
7460,3,male,20.9,5,1,3.29,S,7,0,0
7461,3,male,17.9,0,0,26.3,S,1,1,0
7462,3,female,28.3,2,4,30.44,S,7,0,1
7463,2,male,43.1,3,3,4.69,S,7,0,0
7464,3,male,41.5,4,0,61.14,S,5,0,0
7465,1,male,38.9,2,1,15.37,S,4,0,0
7466,3,male,35.8,1,0,5.29,S,2,0,1
7468,2,female,44.7,0,3,17.54,S,4,0,0
7469,3,male,4.7,1,3,32.89,S,5,0,0
7470,3,female,35.1,5,2,6.06,S,8,0,1
7471,3,female,40.8,0,0,0.67,S,1,1,0
7472,3,female,27.7,1,3,20.71,S,5,0,1
7473,3,female,18.9,2,1,5.47,S,4,0,0
7474,3,male,28.5,0,2,5.44,S,3,0,0
7479,1,male,34.4,3,2,29.97,S,6,0,0
7480,3,female,39.6,5,3,12.38,S,9,0,0
7481,2,female,41.3,3,2,8.11,S,6,0,0
7482,3,female,18.1,2,1,5.54,S,4,0,0
7484,3,female,32.9,1,0,37.39,S,2,0,0
7485,3,male,41.9,2,0,21.72,S,3,0,1
7486,3,male,6.9,3,1,48.64,S,5,0,0
7489,3,female,27.4,5,0,33.7,S,6,0,1
7490,3,female,50.3,3,2,77.81,S,6,0,0
7491,2,female,47.7,0,1,2.72,S,2,0,0
7492,3,female,26.4,3,0,0.39,S,4,0,0
7493,3,male,23.9,0,3,20.52,S,4,0,0
7494,2,male,24.1,0,4,12.9,S,5,0,1
7495,3,male,30.9,4,0,2.91,S,5,0,0
7496,3,male,12.6,4,3,5.19,S,8,0,0
7497,3,male,10.0,5,3,9.53,S,9,0,1
7498,3,male,0.0,3,1,3.35,S,5,0,0
7502,2,male,26.4,4,1,38.17,S,6,0,0
7503,3,male,26.0,5,0,47.8,S,6,0,0
7504,2,male,26.9,0,1,65.23,S,2,0,0
7505,3,male,46.6,0,4,0.1,S,5,0,1
7506,3,female,16.6,2,2,6.21,S,5,0,0
7507,3,male,1.8,3,1,53.94,S,5,0,0
7508,1,male,21.5,2,2,0.99,S,5,0,0
7509,2,male,19.7,2,1,35.04,S,4,0,1
7510,2,male,0.0,3,3,6.38,S,7,0,1
7511,2,female,32.4,1,3,22.59,S,5,0,1
7513,3,female,27.8,2,3,33.48,S,6,0,0
7514,3,male,23.9,5,4,14.69,S,10,0,0
7515,3,male,14.0,1,3,37.38,S,5,0,1
7517,3,male,25.1,2,1,96.18,S,4,0,0
7518,1,male,29.8,2,1,13.51,S,4,0,1
7519,3,female,37.2,2,4,125.37,S,7,0,0
7522,2,male,17.5,3,4,30.57,S,8,0,0
7524,3,male,31.2,0,2,32.94,S,3,0,0
7525,1,male,15.5,3,0,50.04,S,4,0,0
7526,3,male,40.1,0,1,20.36,S,2,0,0
7527,3,male,27.2,3,4,8.04,S,8,0,0
7528,3,male,38.1,1,2,127.6,S,4,0,1
7529,3,male,15.2,5,4,17.03,S,10,0,0
7531,3,male,52.5,1,4,43.01,S,6,0,0
7535,3,male,25.0,5,1,13.65,S,7,0,1
7537,3,female,7.1,2,1,82.4,S,4,0,0
7538,3,male,60.9,2,3,13.77,S,6,0,0
7539,1,male,31.8,5,1,23.97,S,7,0,0
7540,3,female,17.5,4,4,0.11,S,9,0,0
7541,1,male,33.9,1,4,52.83,S,6,0,0
7542,3,male,44.5,0,3,3.87,S,4,0,0
7543,3,male,17.4,4,2,68.48,S,7,0,1
7545,3,female,32.5,3,4,26.01,S,8,0,0
7546,3,male,35.5,4,1,44.24,S,6,0,1
7548,3,female,34.6,5,4,44.59,S,10,0,1
7549,2,female,40.9,3,3,34.61,S,7,0,1
7550,2,male,31.4,0,4,68.03,S,5,0,1
7551,2,female,19.3,1,1,17.6,S,3,0,0
7554,3,male,33.7,3,3,14.9,S,7,0,1
7555,3,male,46.4,0,4,44.48,S,5,0,0
7556,1,male,21.8,4,1,15.91,S,6,0,0
7557,3,male,32.7,3,2,20.33,S,6,0,0
7558,2,male,40.1,5,1,13.09,S,7,0,0
7559,3,male,50.0,5,0,5.32,S,6,0,1
7561,3,male,13.3,0,1,18.97,S,2,0,1
7562,3,male,45.1,3,0,10.48,S,4,0,0
7563,3,male,52.6,3,3,33.26,S,7,0,1
7564,3,female,21.0,4,0,3.76,S,5,0,0
7565,3,female,16.5,4,4,25.09,S,9,0,1
7566,1,female,28.7,1,4,27.31,S,6,0,1
7568,1,female,24.1,2,3,102.7,S,6,0,1
7569,2,female,12.4,5,3,28.9,S,9,0,0
7571,3,female,17.0,5,0,57.36,S,6,0,0
7572,3,male,21.9,1,3,11.74,S,5,0,0
7573,3,male,30.5,3,0,41.89,S,4,0,1
7575,2,female,7.3,5,1,5.57,S,7,0,0
7576,2,female,23.0,2,2,3.18,S,5,0,0
7577,3,male,40.6,4,3,29.93,S,8,0,1
7578,3,male,31.6,2,4,35.31,S,7,0,1
7582,1,male,31.7,1,0,4.62,S,2,0,0
7583,3,female,31.3,4,0,28.38,S,5,0,0
7584,3,male,38.4,1,2,7.17,S,4,0,0
7585,3,male,61.6,0,0,10.9,S,1,1,1
7586,2,male,41.3,0,2,25.93,S,3,0,0
7587,2,female,33.1,0,4,17.11,S,5,0,1
7588,1,female,11.8,0,3,59.7,S,4,0,0
7590,3,male,39.8,3,1,4.53,S,5,0,0
7592,3,male,21.7,1,4,9.58,S,6,0,1
7593,1,female,36.8,1,1,9.59,S,3,0,1
7594,3,female,15.2,2,3,9.48,S,6,0,0
7595,1,male,41.2,4,4,17.34,S,9,0,1
7597,3,male,0.0,2,4,9.31,S,7,0,0
7598,3,male,22.6,0,4,38.68,S,5,0,1
7599,3,female,28.2,0,4,56.22,S,5,0,0
7600,3,male,36.7,1,3,0.44,S,5,0,1
7601,3,female,35.1,3,1,2.79,S,5,0,0
7603,3,female,30.7,5,0,7.73,S,6,0,1
7605,3,female,24.0,2,4,13.16,S,7,0,1
7607,3,male,28.3,5,3,5.68,S,9,0,1
7609,1,female,55.0,1,3,20.18,S,5,0,0
7610,3,male,15.0,3,4,48.92,S,8,0,0
7611,3,male,29.9,3,4,37.28,S,8,0,0
7612,3,female,24.6,4,2,42.15,S,7,0,1
7613,1,male,31.0,3,3,3.87,S,7,0,0
7614,3,male,41.8,5,2,11.82,S,8,0,0
7616,3,male,19.0,3,3,4.31,S,7,0,0
7617,1,male,45.2,0,1,32.62,S,2,0,1
7618,3,male,11.7,4,0,38.01,S,5,0,1
7619,2,female,31.7,5,4,4.88,S,10,0,0
7620,2,male,8.2,1,4,46.82,S,6,0,1
7621,3,female,14.6,0,2,10.82,S,3,0,0
7622,2,male,39.4,1,4,15.13,S,6,0,0
7624,1,male,2.7,5,4,6.82,S,10,0,0
7626,3,male,17.4,5,0,10.01,S,6,0,1
7628,3,male,36.7,0,2,4.09,S,3,0,1
7629,1,male,7.3,2,2,30.62,S,5,0,1
7630,3,male,20.8,3,3,50.41,S,7,0,0
7632,3,female,24.2,5,3,20.8,S,9,0,0
7633,3,male,23.3,1,1,19.58,S,3,0,1
7634,2,male,18.9,2,4,56.26,S,7,0,1
7635,2,female,11.9,1,3,6.97,S,5,0,0
7637,1,male,38.2,4,1,32.49,S,6,0,1
7638,2,male,22.9,2,3,38.54,S,6,0,0
7639,1,male,31.3,4,3,3.8,S,8,0,0
7641,3,female,37.4,5,3,54.56,S,9,0,0
7642,1,male,11.1,5,2,12.2,S,8,0,0
7644,3,male,43.7,2,1,15.51,S,4,0,0
7647,1,female,22.8,3,1,10.09,S,5,0,0
7648,3,male,31.6,1,4,43.85,S,6,0,0
7649,2,male,37.3,1,0,55.17,S,2,0,0
7650,1,male,21.7,3,0,41.44,S,4,0,0
7652,3,male,11.1,4,2,10.86,S,7,0,0
7653,3,male,34.0,2,3,14.4,S,6,0,1
7655,1,female,28.7,0,0,21.01,S,1,1,1
7656,1,male,47.4,0,4,12.32,S,5,0,1
7657,2,female,14.2,4,3,1.19,S,8,0,1
7658,1,male,19.9,4,1,33.78,S,6,0,0
7659,3,male,0.0,2,1,18.32,S,4,0,1
7660,3,female,34.2,3,4,0.91,S,8,0,0
7662,3,male,37.4,3,0,33.69,S,4,0,1
7664,3,female,57.3,1,3,70.46,S,5,0,0
7666,3,male,0.0,1,1,8.77,S,3,0,1
7667,3,male,37.3,0,1,1.51,S,2,0,1
7668,1,female,18.6,0,1,43.71,S,2,0,1
7669,2,female,38.1,1,2,111.49,S,4,0,0
7670,3,female,10.2,0,2,6.56,S,3,0,1
7671,3,male,49.2,1,4,17.26,S,6,0,0
7672,2,female,43.4,2,0,8.68,S,3,0,1
7675,3,male,31.3,1,0,4.48,S,2,0,0
7677,2,male,28.8,2,1,5.76,S,4,0,1
7678,3,male,40.0,0,2,8.31,S,3,0,0
7679,3,female,28.0,3,1,4.45,S,5,0,0
7680,3,female,37.6,3,2,32.22,S,6,0,1
7681,1,male,9.8,2,4,1.42,S,7,0,0
7682,3,female,28.6,2,4,41.78,S,7,0,0
7683,2,female,45.1,3,2,4.91,S,6,0,0
7684,2,male,48.8,5,2,9.93,S,8,0,0
7685,3,male,31.4,0,3,13.55,S,4,0,1
7686,3,male,27.6,4,1,15.35,S,6,0,1
7687,1,male,48.2,0,3,6.08,S,4,0,0
7688,1,female,27.6,4,2,21.47,S,7,0,0
7690,3,female,27.5,3,1,19.64,S,5,0,0
7691,3,female,29.6,3,4,0.9,S,8,0,1
7693,3,female,11.5,1,3,16.51,S,5,0,0
7694,3,female,42.7,1,1,10.66,S,3,0,1
7697,3,female,26.7,3,4,100.45,S,8,0,1
7698,2,male,43.3,4,0,24.12,S,5,0,0
7700,1,male,0.0,5,2,17.74,S,8,0,1
7701,3,male,42.9,4,1,30.7,S,6,0,1
7703,3,female,28.8,4,0,37.37,S,5,0,0
7704,3,female,22.8,0,0,2.96,S,1,1,0
7705,2,male,20.0,5,4,0.96,S,10,0,0
7708,1,male,29.4,3,1,35.38,S,5,0,0
7709,2,male,48.7,4,1,16.27,S,6,0,1
7710,1,female,50.5,1,4,0.1,S,6,0,0
7711,3,male,50.3,2,1,4.12,S,4,0,0
7714,1,female,28.5,2,1,11.97,S,4,0,0
7716,2,male,43.9,1,4,6.18,S,6,0,0
7717,2,male,0.0,1,0,5.95,S,2,0,1
7718,1,male,33.3,1,0,43.45,S,2,0,0
7720,3,male,28.7,3,4,95.25,S,8,0,0
7721,3,male,21.6,0,2,7.6,S,3,0,1
7722,3,male,17.3,1,4,19.0,S,6,0,0
7723,2,female,40.9,4,2,6.68,S,7,0,1
7724,3,male,19.9,4,1,9.46,S,6,0,1
7725,3,female,28.9,1,2,32.7,S,4,0,0
7729,1,female,16.7,3,1,97.48,S,5,0,0
7730,3,female,38.0,5,2,42.65,S,8,0,0
7732,3,male,29.7,4,4,16.72,S,9,0,0
7735,1,female,38.4,0,3,30.09,S,4,0,1
7736,3,male,27.1,1,4,64.01,S,6,0,1
7737,1,male,31.8,0,3,11.99,S,4,0,0
7739,3,female,36.6,1,1,16.87,S,3,0,0
7740,3,male,24.7,2,2,0.24,S,5,0,0
7741,1,female,45.3,1,4,22.65,S,6,0,0
7743,3,female,58.6,1,3,4.53,S,5,0,0
7744,3,male,7.0,1,2,66.67,S,4,0,0
7745,2,female,38.8,1,3,6.92,S,5,0,0
7746,3,male,45.1,3,3,39.17,S,7,0,0
7750,3,male,50.6,1,0,20.7,S,2,0,0
7751,3,male,22.3,1,4,54.44,S,6,0,1
7752,3,male,24.9,5,0,31.34,S,6,0,0
7754,3,male,11.2,2,2,19.06,S,5,0,0
7755,3,male,40.5,5,2,11.45,S,8,0,1
7756,3,male,18.4,3,0,6.0,S,4,0,0
7758,1,male,31.3,5,3,58.69,S,9,0,1
7760,3,male,42.3,1,3,18.29,S,5,0,0
7761,3,male,44.1,4,1,40.79,S,6,0,0
7762,3,female,19.1,2,2,110.37,S,5,0,0
7763,3,male,13.0,4,4,83.83,S,9,0,1
7765,3,male,33.9,5,3,12.92,S,9,0,1
7770,3,male,41.0,2,4,48.82,S,7,0,0
7771,2,male,16.3,4,2,4.19,S,7,0,1
7772,3,male,39.3,1,4,9.39,S,6,0,0
7773,2,male,8.1,1,1,4.94,S,3,0,0
7774,3,male,32.6,5,2,20.78,S,8,0,0
7775,3,female,32.7,4,1,70.67,S,6,0,0
7777,2,male,14.9,3,3,29.77,S,7,0,1
7778,3,female,7.3,5,0,2.48,S,6,0,1
7779,3,female,39.2,0,3,75.76,S,4,0,0
7780,2,male,7.6,2,1,10.55,S,4,0,0
7781,1,female,18.2,4,3,73.73,S,8,0,0
7782,2,male,48.5,2,3,19.37,S,6,0,1
7783,1,male,31.4,2,2,24.08,S,5,0,0
7784,2,male,34.2,2,3,29.72,S,6,0,1
7785,2,male,37.7,4,2,10.89,S,7,0,0
7786,3,male,37.2,1,3,57.77,S,5,0,0
7787,3,male,28.7,3,3,101.71,S,7,0,1
7789,3,male,66.6,5,1,0.0,S,7,0,0
7790,3,female,24.9,4,4,23.86,S,9,0,0
7791,3,male,33.6,0,4,28.75,S,5,0,0
7792,2,female,35.2,3,2,2.1,S,6,0,0
7793,2,female,21.5,3,1,35.76,S,5,0,1
7794,3,female,23.0,2,4,11.05,S,7,0,1
7795,3,female,49.8,4,3,101.95,S,8,0,0
7797,1,male,34.8,5,3,2.41,S,9,0,0
7798,3,male,41.5,1,3,98.79,S,5,0,0
7800,1,male,27.7,4,1,51.24,S,6,0,0
7801,3,male,42.4,3,3,32.99,S,7,0,0
7802,3,female,27.1,2,2,24.59,S,5,0,1
7803,3,male,0.0,4,0,86.34,S,5,0,0
7805,3,male,15.3,2,3,62.63,S,6,0,0
7806,3,female,32.0,2,3,56.27,S,6,0,1
7807,2,male,10.6,1,0,35.69,S,2,0,1
7810,2,female,31.4,1,3,5.35,S,5,0,0
7812,1,female,56.8,5,0,12.92,S,6,0,0
7813,3,male,29.3,2,0,7.46,S,3,0,0
7814,3,female,41.3,5,0,109.24,S,6,0,0
7816,3,female,43.0,0,0,18.0,S,1,1,0
7817,1,male,0.0,0,3,65.56,S,4,0,1
7819,3,male,21.7,5,0,3.34,S,6,0,0
7820,1,male,21.6,4,0,94.63,S,5,0,0
7822,3,male,37.2,4,0,46.25,S,5,0,0
7823,3,male,28.0,1,0,57.25,S,2,0,1
7824,1,male,28.3,4,1,1.75,S,6,0,0
7825,3,male,63.2,2,1,40.49,S,4,0,1
7826,3,male,33.5,2,0,14.12,S,3,0,1
7827,3,female,0.0,5,0,54.52,S,6,0,0
7828,2,male,39.8,3,4,15.7,S,8,0,0
7830,3,female,45.2,4,2,74.1,S,7,0,0
7831,2,male,37.4,5,1,13.26,S,7,0,0
7832,2,male,16.3,5,3,20.28,S,9,0,0
7833,3,male,41.5,3,2,24.67,S,6,0,1
7834,1,female,30.4,4,2,37.26,S,7,0,0
7836,1,male,50.7,1,0,7.56,S,2,0,0
7837,1,female,27.3,3,3,93.19,S,7,0,1
7839,1,male,43.5,3,0,4.81,S,4,0,1
7840,3,male,31.2,2,1,13.1,S,4,0,0
7843,3,male,20.8,2,0,33.12,S,3,0,0
7844,3,male,32.6,4,3,2.18,S,8,0,1
7845,2,male,41.0,3,4,29.22,S,8,0,0
7846,3,male,55.9,5,0,56.27,S,6,0,1
7848,2,male,33.1,3,4,21.53,S,8,0,0
7849,3,male,46.7,4,1,4.98,S,6,0,0
7850,3,female,25.9,3,0,40.78,S,4,0,0
7851,1,male,15.1,4,1,76.61,S,6,0,1
7853,3,female,23.7,3,3,4.2,S,7,0,0
7854,2,male,67.0,1,2,13.56,S,4,0,0
7856,3,male,38.9,2,4,28.49,S,7,0,0
7857,1,female,20.2,4,3,41.02,S,8,0,0
7858,1,female,46.7,3,1,118.45,S,5,0,0
7859,3,male,28.6,5,1,22.37,S,7,0,0
7861,1,male,27.6,3,3,3.61,S,7,0,0
7862,2,female,10.9,1,4,5.4,S,6,0,0
7864,1,male,36.6,5,3,1.79,S,9,0,0
7865,3,female,7.4,4,4,16.79,S,9,0,1
7866,3,female,43.3,2,3,96.63,S,6,0,0
7867,3,female,25.2,2,1,33.86,S,4,0,0
7868,3,male,32.4,2,1,18.33,S,4,0,0
7869,1,male,0.0,4,4,21.79,S,9,0,0
7870,2,female,32.1,4,3,5.07,S,8,0,1
7871,3,male,14.4,2,1,3.26,S,4,0,0
7872,3,female,24.1,2,3,9.59,S,6,0,1
7873,3,male,7.1,3,0,11.71,S,4,0,1
7874,3,male,16.7,5,4,4.19,S,10,0,0
7876,1,male,25.2,1,4,82.12,S,6,0,1
7878,3,male,2.8,0,3,58.27,S,4,0,1
7880,3,male,27.6,5,2,29.88,S,8,0,0
7883,3,male,44.4,2,3,5.51,S,6,0,1
7884,3,male,57.7,3,0,5.63,S,4,0,0
7886,3,male,16.1,2,4,14.47,S,7,0,0
7887,1,male,14.9,2,4,6.98,S,7,0,0
7888,3,male,25.1,4,2,6.01,S,7,0,0
7889,3,female,46.6,1,0,35.76,S,2,0,0
7890,3,male,36.4,3,4,40.56,S,8,0,0
7891,1,male,26.8,3,2,124.8,S,6,0,0
7893,2,male,24.5,3,3,19.65,S,7,0,0
7895,2,male,41.0,1,3,1.28,S,5,0,1
7896,3,male,37.3,4,4,68.06,S,9,0,1
7898,1,male,29.2,5,4,50.89,S,10,0,0
7899,3,male,26.4,0,2,12.44,S,3,0,1
7902,3,male,36.8,3,0,37.23,S,4,0,0
7903,3,male,22.1,5,3,33.56,S,9,0,1
7904,1,male,42.2,2,4,25.89,S,7,0,0
7905,3,male,46.3,1,0,14.7,S,2,0,1
7908,3,female,39.7,3,1,42.46,S,5,0,0
7910,2,male,43.4,5,0,28.57,S,6,0,1
7911,2,male,32.4,2,4,14.15,S,7,0,0
7912,3,male,38.7,2,0,56.44,S,3,0,0
7913,2,male,18.5,2,0,23.4,S,3,0,0
7915,3,male,33.8,0,1,2.78,S,2,0,0
7917,3,female,43.0,5,0,48.56,S,6,0,0
7918,2,male,2.5,3,4,62.91,S,8,0,0
7919,3,male,31.9,0,4,40.87,S,5,0,0
7920,3,male,10.9,1,1,17.35,S,3,0,1
7922,1,female,42.8,5,3,15.77,S,9,0,0
7923,2,male,13.6,4,2,26.39,S,7,0,0
7925,2,female,37.1,5,1,77.78,S,7,0,0
7926,1,male,13.4,4,4,13.48,S,9,0,1
7930,3,male,42.7,5,1,45.6,S,7,0,1
7931,1,female,1.9,0,0,10.87,S,1,1,1
7932,3,female,35.6,4,4,29.81,S,9,0,0
7934,3,female,21.7,2,0,47.16,S,3,0,0
7935,3,male,22.6,0,2,17.21,S,3,0,0
7936,1,male,46.9,1,0,41.72,S,2,0,0
7939,2,female,22.9,5,4,3.83,S,10,0,0
7941,3,male,14.6,2,3,15.47,S,6,0,1
7942,2,female,33.3,3,1,8.47,S,5,0,1
7943,3,male,28.6,5,3,15.88,S,9,0,0
7944,2,male,39.7,4,2,16.98,S,7,0,0
7945,3,male,25.6,2,1,25.81,S,4,0,0
7946,3,male,26.1,3,3,1.91,S,7,0,1
7947,1,female,39.7,3,3,76.36,S,7,0,1
7950,2,male,40.9,2,3,11.71,S,6,0,1
7952,3,male,29.9,2,2,19.64,S,5,0,0
7954,2,male,15.4,1,2,106.21,S,4,0,1
7955,3,male,2.4,0,1,64.13,S,2,0,0
7956,1,male,33.7,4,4,6.36,S,9,0,1
7957,2,male,0.0,2,1,38.6,S,4,0,1
7959,2,female,43.4,5,0,1.13,S,6,0,0
7960,2,male,16.3,4,2,103.78,S,7,0,1
7961,3,male,51.2,0,0,8.49,S,1,1,0
7962,3,female,57.9,5,2,76.48,S,8,0,0
7964,1,male,34.8,4,3,22.97,S,8,0,0
7965,1,male,30.9,3,3,49.31,S,7,0,0
7966,3,male,50.2,3,4,35.97,S,8,0,0
7967,3,female,9.5,5,3,43.14,S,9,0,0
7968,1,male,25.8,3,2,62.44,S,6,0,0
7969,2,female,41.9,1,3,20.39,S,5,0,1
7970,3,male,40.4,3,0,17.75,S,4,0,1
7971,3,male,28.4,0,3,73.61,S,4,0,1
7972,1,female,48.5,5,0,51.16,S,6,0,0
7974,3,female,30.6,2,4,33.95,S,7,0,0
7975,3,female,38.8,0,1,74.96,S,2,0,0
7976,3,female,28.1,3,1,36.82,S,5,0,1
7978,3,male,18.0,5,0,6.19,S,6,0,1
7980,3,male,22.4,3,4,31.5,S,8,0,0
7981,3,male,39.2,1,3,3.41,S,5,0,0
7983,1,male,10.2,5,1,23.26,S,7,0,0
7984,1,male,37.6,3,1,5.47,S,5,0,0
7985,3,female,29.3,5,4,8.22,S,10,0,1
7987,1,male,16.3,5,2,18.36,S,8,0,0
7988,2,male,18.5,2,3,17.41,S,6,0,1
7989,3,male,28.3,3,1,21.31,S,5,0,1
7991,3,male,22.6,4,3,14.53,S,8,0,0
7992,1,male,57.4,4,3,17.49,S,8,0,0
7993,1,female,30.8,1,4,43.87,S,6,0,0
7994,2,female,18.0,0,2,19.79,S,3,0,0
7996,3,female,34.7,4,0,104.83,S,5,0,0
7998,3,female,20.9,4,4,18.96,S,9,0,1
8003,3,male,46.9,3,2,1.32,S,6,0,1
8009,3,female,22.0,3,1,13.99,S,5,0,0
8011,3,male,33.2,2,4,57.9,S,7,0,0
8013,3,male,10.3,0,0,29.42,S,1,1,0
8014,1,female,19.4,4,0,152.6,S,5,0,1
8016,3,male,19.7,3,0,16.2,S,4,0,0
8020,3,male,32.9,1,1,43.69,S,3,0,0
8021,1,male,37.6,2,3,9.73,S,6,0,1
8023,1,male,49.0,1,1,11.11,S,3,0,0
8024,2,male,39.2,2,0,6.01,S,3,0,0
8025,3,male,28.4,0,1,17.47,S,2,0,0
8027,3,male,53.6,1,0,58.19,S,2,0,0
8028,1,male,19.7,3,2,48.45,S,6,0,0
8029,1,female,25.2,3,4,11.73,S,8,0,1
8030,1,female,23.3,4,2,23.48,S,7,0,0
8033,2,male,32.5,0,0,3.06,S,1,1,0
8036,3,female,10.6,0,1,0.65,S,2,0,0
8037,3,female,26.4,3,3,2.63,S,7,0,1
8038,1,male,52.9,3,3,27.45,S,7,0,0
8040,3,female,46.2,5,0,4.04,S,6,0,1
8041,1,male,43.2,0,1,20.58,S,2,0,0
8042,3,male,19.1,5,3,22.71,S,9,0,0
8043,3,male,55.8,0,4,49.55,S,5,0,1
8046,3,female,0.2,4,2,12.55,S,7,0,1
8047,3,female,5.0,5,0,0.06,S,6,0,0
8049,3,male,19.3,1,3,9.94,S,5,0,0
8052,3,male,27.8,3,1,2.38,S,5,0,1
8054,1,female,24.4,2,1,18.27,S,4,0,1
8055,2,male,50.7,1,0,18.64,S,2,0,0
8056,3,male,54.1,4,0,5.5,S,5,0,0
8057,3,male,36.2,3,4,1.31,S,8,0,0
8058,1,female,6.7,1,3,20.35,S,5,0,0
8060,3,male,31.2,5,2,10.73,S,8,0,1
8061,3,female,17.7,1,3,10.1,S,5,0,0
8062,2,male,38.2,3,1,22.45,S,5,0,1
8063,3,male,52.5,4,0,0.7,S,5,0,0
8064,1,male,15.2,2,1,3.59,S,4,0,1
8066,3,male,12.5,1,4,20.91,S,6,0,0
8067,1,female,25.4,5,3,37.88,S,9,0,0
8068,3,male,29.7,5,2,11.1,S,8,0,0
8069,1,female,29.3,0,0,35.19,S,1,1,0
8070,3,male,41.6,4,1,15.67,S,6,0,0
8071,2,male,34.5,3,3,47.69,S,7,0,0
8072,2,male,28.2,1,0,20.96,S,2,0,1
8073,3,male,29.6,2,1,24.95,S,4,0,1
8074,3,male,30.2,5,3,18.27,S,9,0,1
8076,3,male,19.5,1,3,6.01,S,5,0,0
8077,3,female,12.2,3,2,16.37,S,6,0,0
8078,3,male,31.0,5,2,3.33,S,8,0,0
8079,3,male,22.0,2,1,4.83,S,4,0,0
8080,3,female,36.4,5,1,31.28,S,7,0,0
8081,3,male,30.0,0,0,32.1,S,1,1,0
8082,3,female,29.2,5,4,4.36,S,10,0,0
8083,2,male,42.8,5,0,61.53,S,6,0,0
8087,2,male,49.3,2,0,51.75,S,3,0,1
8088,3,female,31.8,0,2,46.03,S,3,0,0
8089,3,female,21.7,0,2,14.42,S,3,0,1
8090,3,male,8.4,2,1,12.2,S,4,0,1
8091,1,female,20.6,4,1,34.93,S,6,0,0
8093,3,male,31.7,3,2,37.42,S,6,0,1
8094,1,male,49.2,4,3,4.44,S,8,0,0
8095,1,male,30.0,5,3,35.68,S,9,0,1
8096,2,male,33.5,0,2,49.21,S,3,0,0
8100,3,female,27.5,5,2,10.91,S,8,0,1
8101,2,male,37.8,4,0,5.22,S,5,0,1
8104,2,male,34.0,0,4,24.95,S,5,0,1
8105,3,female,13.9,4,3,15.11,S,8,0,0
8107,3,male,21.4,3,2,3.87,S,6,0,0
8108,3,male,36.1,2,3,28.86,S,6,0,1
8111,1,male,39.6,2,0,4.11,S,3,0,0
8112,3,male,31.8,4,3,1.09,S,8,0,1
8113,3,male,23.6,1,2,91.09,S,4,0,1
8115,1,male,47.2,5,2,2.37,S,8,0,0
8117,3,male,47.3,4,1,11.58,S,6,0,0
8118,3,male,27.3,4,1,3.71,S,6,0,0
8120,3,male,26.9,4,0,6.35,S,5,0,0
8121,2,male,8.1,3,0,51.27,S,4,0,1
8123,1,female,24.0,0,1,24.18,S,2,0,1
8124,1,male,54.4,0,4,119.35,S,5,0,0
8128,3,female,23.4,3,3,20.76,S,7,0,1
8130,3,male,36.4,4,0,25.78,S,5,0,1
8133,1,male,16.5,3,1,133.03,S,5,0,0
8134,3,female,42.2,4,4,8.41,S,9,0,1
8135,3,male,5.4,1,1,62.67,S,3,0,0
8136,1,male,36.8,4,2,100.36,S,7,0,0
8137,3,female,24.6,2,4,10.55,S,7,0,1
8138,2,male,36.8,2,1,41.96,S,4,0,0
8140,2,female,16.8,0,4,43.28,S,5,0,0
8141,2,male,13.0,1,0,21.19,S,2,0,1
8142,3,female,49.5,3,2,4.02,S,6,0,1
8143,3,male,28.2,5,4,72.01,S,10,0,0
8144,3,female,33.6,0,1,36.35,S,2,0,1
8145,3,female,41.8,0,0,5.91,S,1,1,0
8146,1,female,15.5,5,1,24.35,S,7,0,0
8148,3,male,38.0,3,3,39.67,S,7,0,0
8149,3,female,49.6,3,4,31.6,S,8,0,0
8150,3,female,49.3,4,2,6.73,S,7,0,0
8152,3,male,39.5,3,4,39.02,S,8,0,0
8153,2,male,29.6,4,4,35.98,S,9,0,1
8155,3,female,13.2,1,1,20.82,S,3,0,0
8158,2,male,27.1,3,3,31.05,S,7,0,0
8159,1,female,47.5,2,4,9.83,S,7,0,1
8160,3,female,39.9,5,2,19.71,S,8,0,1
8162,3,female,26.2,1,0,30.46,S,2,0,0
8163,3,male,21.4,0,3,58.56,S,4,0,0
8164,3,male,16.1,2,0,26.98,S,3,0,0
8165,3,female,40.5,2,1,29.07,S,4,0,0
8166,3,male,7.5,4,4,35.8,S,9,0,0
8167,3,male,7.2,1,2,6.99,S,4,0,1
8168,1,male,41.7,0,3,2.28,S,4,0,0
8169,3,male,31.9,4,3,61.57,S,8,0,0
8170,3,male,29.6,0,4,59.99,S,5,0,1
8171,2,male,31.9,5,4,25.17,S,10,0,1
8172,3,male,57.1,0,3,7.02,S,4,0,0
8173,3,male,29.8,5,3,54.39,S,9,0,0
8174,3,male,33.1,0,2,7.96,S,3,0,1
8176,3,female,28.1,2,4,17.64,S,7,0,0
8178,3,female,0.0,4,1,54.32,S,6,0,0
8179,3,male,12.7,5,4,26.32,S,10,0,0
8180,3,female,19.6,0,4,12.26,S,5,0,0
8182,1,female,53.8,2,1,69.55,S,4,0,0
8184,1,male,42.7,0,0,3.51,S,1,1,0
8185,3,male,60.3,0,0,49.16,S,1,1,0
8186,3,male,50.9,0,4,31.1,S,5,0,0
8188,1,female,41.2,1,0,12.03,S,2,0,0
8189,3,male,33.8,1,4,26.36,S,6,0,0
8190,3,female,19.8,5,0,1.39,S,6,0,1
8191,1,male,35.0,5,2,60.01,S,8,0,0
8192,2,female,22.4,4,4,6.79,S,9,0,0
8196,2,male,25.0,3,2,7.53,S,6,0,1
8198,3,female,13.2,1,2,12.13,S,4,0,0
8199,1,female,36.4,1,1,53.33,S,3,0,0
8201,3,male,38.1,3,1,10.06,S,5,0,0
8202,3,male,42.2,3,2,9.43,S,6,0,1
8203,2,male,47.8,4,1,75.81,S,6,0,0
8204,3,female,37.4,0,4,30.53,S,5,0,1
8206,1,female,31.6,5,4,4.84,S,10,0,0
8207,3,male,61.6,4,0,2.19,S,5,0,0
8209,3,male,30.0,0,1,40.74,S,2,0,0
8211,2,male,20.6,5,2,107.3,S,8,0,1
8214,3,male,35.7,3,0,6.22,S,4,0,0
8215,2,male,11.2,1,0,21.45,S,2,0,0
8216,3,female,27.2,3,3,88.7,S,7,0,0
8218,1,female,22.7,2,3,6.48,S,6,0,0
8223,1,female,20.6,3,1,2.53,S,5,0,1
8225,3,male,13.3,1,1,18.67,S,3,0,0
8226,2,female,21.5,5,3,21.17,S,9,0,0
8228,1,female,39.3,2,1,108.42,S,4,0,0
8229,1,male,23.0,4,2,21.32,S,7,0,0
8230,3,male,36.9,2,3,49.61,S,6,0,0
8231,1,male,45.3,4,2,32.25,S,7,0,0
8232,3,male,21.9,2,4,30.9,S,7,0,1
8234,3,male,48.9,4,3,69.8,S,8,0,0
8236,3,male,26.5,5,1,96.84,S,7,0,1
8237,3,male,21.2,1,0,1.29,S,2,0,1
8238,2,male,52.3,4,1,3.9,S,6,0,1
8239,3,male,31.9,3,3,41.49,S,7,0,0
8240,3,male,8.9,1,2,30.02,S,4,0,1
8241,2,male,5.0,1,3,40.4,S,5,0,1
8242,3,male,30.6,5,2,32.84,S,8,0,0
8244,3,female,16.2,1,0,1.01,S,2,0,0
8248,3,female,23.9,4,0,6.84,S,5,0,1
8250,3,male,27.2,5,3,2.56,S,9,0,1
8252,3,male,37.5,5,4,50.05,S,10,0,0
8253,2,male,36.2,5,2,11.7,S,8,0,1
8254,1,male,42.7,3,3,68.8,S,7,0,0
8255,3,female,9.6,5,3,69.26,S,9,0,1
8256,2,female,21.5,2,3,58.21,S,6,0,0
8257,1,male,62.6,2,1,11.77,S,4,0,1
8258,1,female,2.3,2,2,34.13,S,5,0,0
8259,3,female,24.8,3,0,19.21,S,4,0,1
8261,1,female,2.7,4,2,16.87,S,7,0,0
8262,3,female,18.5,2,2,0.13,S,5,0,1
8263,1,male,56.9,2,2,0.32,S,5,0,0
8265,1,male,21.0,2,0,93.63,S,3,0,0
8266,1,female,31.9,2,3,8.35,S,6,0,1
8268,3,male,53.0,4,0,11.69,S,5,0,0
8269,3,male,15.1,3,4,20.77,S,8,0,1
8271,1,female,8.1,3,0,41.36,S,4,0,0
8272,3,male,24.9,2,2,23.24,S,5,0,0
8274,1,male,45.7,2,3,34.86,S,6,0,0
8275,1,male,14.8,2,1,22.91,S,4,0,1
8277,3,female,30.2,5,3,24.38,S,9,0,0
8278,3,female,2.5,0,2,98.31,S,3,0,0
8279,3,male,18.8,0,0,2.3,S,1,1,0
8282,3,male,36.6,5,1,7.4,S,7,0,1
8283,2,male,31.0,3,3,123.9,S,7,0,0
8286,1,male,39.2,1,0,16.6,S,2,0,0
8287,3,male,39.9,5,0,11.37,S,6,0,0
8288,3,female,18.6,5,4,8.16,S,10,0,0
8290,3,male,28.4,3,3,1.1,S,7,0,1
8292,3,male,23.8,5,1,24.17,S,7,0,0
8295,3,female,15.6,5,4,23.14,S,10,0,1
8296,3,male,12.3,4,1,82.66,S,6,0,0
8297,1,male,17.9,1,2,61.28,S,4,0,1
8299,2,male,34.0,4,3,4.59,S,8,0,1
8300,1,female,40.0,4,2,5.43,S,7,0,1
8302,2,male,34.1,1,0,30.74,S,2,0,1
8303,3,male,32.2,3,4,123.05,S,8,0,0
8305,2,male,29.1,5,1,17.12,S,7,0,0
8306,3,female,37.3,2,0,13.79,S,3,0,0
8307,1,male,33.5,0,0,0.43,S,1,1,0
8309,3,male,26.7,1,1,20.59,S,3,0,0
8310,1,male,47.5,2,0,2.3,S,3,0,0
8311,3,male,27.7,2,0,5.44,S,3,0,0
8313,1,male,18.7,1,4,40.42,S,6,0,0
8314,1,male,34.9,2,2,19.26,S,5,0,0
8315,3,male,21.8,5,1,62.44,S,7,0,0
8316,3,male,33.6,2,1,6.25,S,4,0,1
8317,3,male,31.5,2,0,15.78,S,3,0,1
8318,3,male,23.0,4,1,11.17,S,6,0,1
8319,2,male,9.5,5,4,172.66,S,10,0,0
8320,3,male,14.6,1,3,74.04,S,5,0,0
8322,1,female,14.9,2,0,17.65,S,3,0,0
8323,3,female,35.4,3,0,200.67,S,4,0,0
8324,1,male,58.8,0,2,7.39,S,3,0,0
8325,1,male,21.8,1,4,16.77,S,6,0,1
8326,3,female,23.6,4,1,39.81,S,6,0,0
8328,3,male,41.0,3,2,27.32,S,6,0,1
8329,2,female,35.0,5,3,97.1,S,9,0,0
8331,3,female,12.0,2,3,26.91,S,6,0,0
8333,3,female,31.5,2,4,8.47,S,7,0,0
8335,3,male,28.8,4,0,32.62,S,5,0,0
8336,2,female,38.3,2,0,15.35,S,3,0,1
8337,3,female,11.9,0,3,33.38,S,4,0,0
8338,3,male,33.3,1,2,84.22,S,4,0,0
8339,3,male,32.5,1,4,142.0,S,6,0,1
8340,1,male,15.6,5,4,10.58,S,10,0,1
8342,3,male,38.7,3,0,1.26,S,4,0,0
8344,3,male,63.5,3,0,29.45,S,4,0,1
8345,1,female,36.8,2,4,21.03,S,7,0,1
8350,2,male,23.8,0,1,18.2,S,2,0,1
8351,3,male,49.3,1,4,14.63,S,6,0,0
8353,2,male,30.9,5,1,22.88,S,7,0,0
8354,1,male,18.4,1,3,37.5,S,5,0,0
8356,1,female,37.1,4,2,19.85,S,7,0,0
8357,1,male,52.6,5,1,8.78,S,7,0,0
8358,3,male,15.9,4,1,7.54,S,6,0,0
8359,3,male,8.7,3,4,27.7,S,8,0,0
8360,3,male,25.3,3,1,15.78,S,5,0,1
8362,1,male,28.8,5,3,23.69,S,9,0,0
8364,3,male,60.7,0,2,8.52,S,3,0,0
8365,3,male,22.7,0,1,15.21,S,2,0,1
8366,1,female,0.0,3,3,39.36,S,7,0,0
8367,1,male,25.7,2,1,15.68,S,4,0,1
8368,1,female,33.9,0,4,18.79,S,5,0,0
8369,3,male,15.4,4,3,32.7,S,8,0,0
8371,3,male,30.9,5,1,64.51,S,7,0,0
8372,1,male,32.6,4,2,13.22,S,7,0,0
8373,3,female,40.1,1,3,37.24,S,5,0,1
8375,3,male,36.7,4,3,33.42,S,8,0,0
8376,1,male,3.8,0,4,10.39,S,5,0,0
8382,3,male,22.6,0,3,4.76,S,4,0,1
8383,3,male,41.4,0,2,12.32,S,3,0,1
8384,3,male,30.2,2,1,3.44,S,4,0,0
8388,3,male,31.8,2,2,21.12,S,5,0,0
8389,1,male,45.7,2,2,22.6,S,5,0,0
8390,3,male,40.9,1,1,5.75,S,3,0,0
8391,2,male,23.6,2,3,35.25,S,6,0,0
8392,3,male,49.1,5,3,23.27,S,9,0,1
8393,3,male,50.2,2,0,23.08,S,3,0,1
8397,2,female,25.4,1,2,89.88,S,4,0,0
8398,3,male,17.6,3,4,0.59,S,8,0,1
8401,3,female,12.6,2,3,50.42,S,6,0,1
8403,3,female,10.1,0,1,25.5,S,2,0,0
8404,3,female,46.8,0,4,30.9,S,5,0,0
8407,3,male,31.7,2,4,90.94,S,7,0,0
8408,2,male,25.5,1,1,3.28,S,3,0,0
8411,2,male,16.4,5,0,10.23,S,6,0,1
8413,3,female,18.0,3,3,84.13,S,7,0,0
8415,3,male,42.6,3,3,160.34,S,7,0,0
8416,3,female,26.5,1,2,3.07,S,4,0,1
8417,3,male,40.6,5,1,90.12,S,7,0,0
8418,3,male,29.4,2,0,0.58,S,3,0,1
8419,3,female,29.1,1,4,5.66,S,6,0,0
8422,2,male,31.6,1,2,0.23,S,4,0,0
8423,3,male,44.5,3,1,69.23,S,5,0,0
8424,3,male,43.6,2,0,78.5,S,3,0,0
8427,3,female,23.7,1,1,9.88,S,3,0,1
8428,1,female,47.0,0,1,33.17,S,2,0,0
8430,3,male,18.9,0,1,116.31,S,2,0,0
8431,3,male,25.1,3,1,73.09,S,5,0,0
8432,3,female,12.9,4,1,1.95,S,6,0,0
8433,1,male,20.7,0,1,13.25,S,2,0,1
8434,2,female,44.9,3,3,30.55,S,7,0,1
8435,3,female,38.1,4,2,61.88,S,7,0,0
8436,1,female,23.1,2,3,10.5,S,6,0,0
8437,2,male,40.2,3,1,0.26,S,5,0,0
8438,1,female,58.1,0,2,6.62,S,3,0,1
8439,3,male,33.4,1,3,17.73,S,5,0,0
8440,3,female,48.9,3,0,2.02,S,4,0,0
8441,3,male,40.9,2,0,1.38,S,3,0,0
8444,3,male,36.4,4,4,39.67,S,9,0,0
8445,3,female,18.6,3,0,24.35,S,4,0,1
8447,2,female,17.3,0,2,0.61,S,3,0,1
8449,1,male,18.5,3,0,35.47,S,4,0,1
8450,1,male,5.1,1,3,19.1,S,5,0,1
8451,3,male,41.3,2,3,9.81,S,6,0,0
8452,1,female,12.4,2,2,8.34,S,5,0,1
8454,3,female,39.7,1,1,55.79,S,3,0,1
8455,2,male,38.8,3,1,67.33,S,5,0,0
8457,3,male,44.7,5,3,38.66,S,9,0,0
8458,2,female,34.9,5,4,2.15,S,10,0,1
8459,3,female,40.3,0,0,70.27,S,1,1,0
8461,2,male,40.1,3,2,5.46,S,6,0,1
8462,1,male,12.4,1,2,48.54,S,4,0,0
8463,1,female,38.1,1,0,20.51,S,2,0,1
8464,1,male,7.9,0,1,36.56,S,2,0,1
8466,3,male,22.0,1,1,2.62,S,3,0,0
8467,2,male,29.1,1,3,58.65,S,5,0,0
8468,3,female,7.9,4,4,2.87,S,9,0,0
8470,3,female,22.7,1,3,136.51,S,5,0,0
8471,3,male,25.9,4,2,17.8,S,7,0,0
8472,3,male,23.0,5,4,54.93,S,10,0,0
8473,3,female,49.3,5,4,5.92,S,10,0,0
8474,2,female,34.9,5,3,56.71,S,9,0,1
8475,3,female,34.5,1,2,19.79,S,4,0,1
8476,2,male,23.6,4,4,22.82,S,9,0,0
8478,2,male,28.9,5,2,69.53,S,8,0,1
8479,3,male,54.3,5,3,13.68,S,9,0,1
8480,1,male,32.1,5,2,95.49,S,8,0,0
8482,3,female,46.4,0,1,0.85,S,2,0,1
8483,3,female,36.8,5,3,24.34,S,9,0,1
8484,2,female,32.1,1,3,47.02,S,5,0,1
8485,2,female,15.2,2,3,7.99,S,6,0,1
8486,2,male,26.1,5,3,2.68,S,9,0,0
8487,2,female,23.9,2,0,59.76,S,3,0,0
8488,3,female,33.6,4,1,137.33,S,6,0,0
8489,3,female,9.2,0,1,37.93,S,2,0,0
8490,3,male,21.5,4,4,118.38,S,9,0,1
8491,3,male,34.7,0,0,57.21,S,1,1,0
8493,2,female,16.2,5,1,3.72,S,7,0,1
8494,3,female,17.9,2,2,52.96,S,5,0,0
8495,1,female,25.2,5,2,34.48,S,8,0,1
8498,3,female,42.3,5,1,22.51,S,7,0,0
8499,3,female,33.5,3,2,90.47,S,6,0,0
8500,3,female,34.9,2,2,44.82,S,5,0,0
8501,3,male,3.4,0,1,0.27,S,2,0,0
8502,3,female,23.2,1,1,38.98,S,3,0,0
8505,1,male,44.6,2,0,18.28,S,3,0,1
8506,3,male,42.4,3,0,23.77,S,4,0,0
8507,3,female,20.8,2,4,20.22,S,7,0,0
8508,3,male,21.1,0,2,18.23,S,3,0,1
8512,3,male,26.1,2,4,45.86,S,7,0,1
8513,1,female,47.9,2,4,57.3,S,7,0,1
8515,3,male,23.0,2,0,2.42,S,3,0,0
8518,3,male,33.0,0,0,28.94,S,1,1,0
8520,3,female,50.9,1,3,56.16,S,5,0,0
8521,3,male,7.8,1,3,21.31,S,5,0,0
8522,3,male,18.4,0,4,39.41,S,5,0,0
8523,1,male,22.9,4,2,43.34,S,7,0,0
8524,1,male,30.0,2,4,28.91,S,7,0,0
8527,2,female,19.3,2,4,35.81,S,7,0,1
8529,3,male,36.6,4,3,4.76,S,8,0,1
8531,3,male,0.0,0,3,25.06,S,4,0,0
8532,1,male,45.9,1,4,44.93,S,6,0,0
8534,1,female,26.7,5,1,87.05,S,7,0,0
8535,1,female,17.5,5,3,3.01,S,9,0,0
8537,3,male,16.5,1,4,31.8,S,6,0,1
8541,3,male,28.2,3,2,12.13,S,6,0,1
8542,2,female,12.9,2,3,8.04,S,6,0,1
8543,3,male,39.2,5,1,39.31,S,7,0,1
8546,3,female,40.7,0,4,12.22,S,5,0,1
8547,3,female,14.1,4,3,55.5,S,8,0,0
8550,3,male,37.1,4,3,16.18,S,8,0,1
8553,1,male,19.4,3,4,74.89,S,8,0,0
8555,3,male,50.3,1,2,1.33,S,4,0,1
8556,3,male,36.3,5,2,4.25,S,8,0,0
8558,2,male,38.1,4,1,22.13,S,6,0,1
8559,2,female,30.1,3,3,10.99,S,7,0,1
8560,3,male,28.0,1,1,21.39,S,3,0,0
8562,2,female,18.3,0,0,2.57,S,1,1,1
8563,3,female,16.4,1,0,52.07,S,2,0,1
8564,2,male,24.1,2,3,19.44,S,6,0,0
8565,3,male,30.4,0,4,33.93,S,5,0,0
8566,3,male,27.5,2,2,111.55,S,5,0,1
8567,2,male,32.0,1,3,19.69,S,5,0,1
8569,2,female,23.2,4,3,56.31,S,8,0,0
8571,3,male,44.9,2,3,75.4,S,6,0,0
8572,3,male,34.8,3,3,2.74,S,7,0,0
8573,3,male,21.4,0,3,8.28,S,4,0,0
8575,3,male,35.8,4,0,67.92,S,5,0,0
8577,2,male,50.5,2,2,47.94,S,5,0,0
8578,3,male,38.9,2,4,2.89,S,7,0,0
8579,3,male,51.0,4,4,5.5,S,9,0,0
8580,1,male,26.9,1,3,6.44,S,5,0,0
8581,3,male,23.0,3,0,1.41,S,4,0,1
8582,3,female,45.1,0,0,21.21,S,1,1,1
8585,1,female,47.2,1,3,37.35,S,5,0,0
8586,3,male,30.2,5,1,28.95,S,7,0,1
8588,3,male,38.3,1,3,2.76,S,5,0,0
8589,2,male,10.9,3,1,42.14,S,5,0,1
8590,3,male,17.6,0,3,11.83,S,4,0,1
8592,2,male,31.2,3,1,37.53,S,5,0,0
8593,1,male,47.3,2,3,18.66,S,6,0,1
8595,3,female,11.2,2,4,46.55,S,7,0,0
8597,1,male,39.4,0,2,135.01,S,3,0,0
8598,1,female,3.5,2,2,20.19,S,5,0,0
8599,2,female,9.2,0,1,1.2,S,2,0,1
8601,2,male,42.0,5,0,0.75,S,6,0,1
8602,2,female,26.0,0,3,94.35,S,4,0,1
8603,3,female,35.5,1,1,6.15,S,3,0,0
8604,1,male,29.1,2,1,83.06,S,4,0,0
8605,3,female,27.0,3,2,95.88,S,6,0,0
8606,3,female,19.8,2,2,47.8,S,5,0,1
8607,3,male,40.8,2,2,2.92,S,5,0,0
8609,2,male,25.7,3,0,14.0,S,4,0,1
8610,1,male,45.0,4,3,54.91,S,8,0,0
8613,1,male,0.0,0,2,27.28,S,3,0,0
8615,3,male,39.3,1,0,30.04,S,2,0,1
8616,1,male,24.2,0,4,13.5,S,5,0,1
8617,3,male,11.2,4,0,24.1,S,5,0,0
8618,3,female,27.0,1,1,4.27,S,3,0,0
8619,3,male,45.5,4,2,13.09,S,7,0,0
8620,3,female,11.2,3,1,27.9,S,5,0,1
8622,2,male,5.3,4,2,5.5,S,7,0,0
8623,1,male,13.1,0,1,17.14,S,2,0,1
8624,2,male,30.5,2,4,23.45,S,7,0,0
8626,3,male,49.6,0,0,29.27,S,1,1,0
8627,3,male,42.9,4,0,8.44,S,5,0,1
8628,3,female,50.7,0,3,80.91,S,4,0,0
8629,3,male,31.5,5,0,10.01,S,6,0,1
8630,3,male,20.3,5,0,49.54,S,6,0,1
8632,3,male,48.1,3,1,37.0,S,5,0,0
8633,3,female,42.0,5,4,74.25,S,10,0,0
8634,3,female,37.6,1,0,60.24,S,2,0,0
8635,2,male,48.5,3,4,4.37,S,8,0,1
8637,3,male,28.7,5,0,4.78,S,6,0,0
8638,2,male,39.2,2,1,12.17,S,4,0,0
8641,3,male,27.2,4,2,31.57,S,7,0,0
8642,1,male,41.7,1,4,66.53,S,6,0,0
8643,2,male,41.0,0,2,90.96,S,3,0,0
8644,3,female,32.0,0,3,44.17,S,4,0,0
8645,3,female,18.5,3,3,21.04,S,7,0,0
8646,3,female,46.4,2,4,15.71,S,7,0,0
8647,1,female,12.1,2,1,10.3,S,4,0,0
8648,3,male,15.6,4,0,22.61,S,5,0,1
8649,2,male,31.4,1,4,1.58,S,6,0,0
8650,3,male,0.0,0,2,8.29,S,3,0,0
8651,1,female,50.6,3,0,14.2,S,4,0,0
8652,3,male,29.2,4,1,61.44,S,6,0,0
8654,3,female,54.3,0,3,8.76,S,4,0,0
8655,3,female,26.8,1,3,48.85,S,5,0,0
8656,1,male,47.9,0,4,91.76,S,5,0,0
8657,2,male,14.2,5,1,47.7,S,7,0,0
8658,3,male,35.1,1,4,4.3,S,6,0,0
8660,2,female,38.8,5,4,29.55,S,10,0,0
8663,3,male,36.6,2,0,8.62,S,3,0,0
8664,3,male,42.2,1,1,25.04,S,3,0,0
8665,3,female,31.6,3,0,39.26,S,4,0,0
8666,3,male,64.5,5,0,49.46,S,6,0,1
8667,1,female,27.1,2,4,51.59,S,7,0,0
8669,3,male,45.0,4,2,4.72,S,7,0,1
8670,3,male,3.0,1,2,145.27,S,4,0,1
8671,3,female,49.9,5,1,47.33,S,7,0,0
8672,3,male,44.0,5,2,3.52,S,8,0,0
8674,3,male,34.2,4,0,20.32,S,5,0,0
8675,2,male,35.9,3,0,17.87,S,4,0,0
8677,3,male,23.2,4,0,5.88,S,5,0,1
8678,3,female,51.2,1,0,238.99,S,2,0,0
8682,3,female,46.6,3,2,29.8,S,6,0,0
8683,2,male,26.5,4,3,34.9,S,8,0,0
8684,1,male,0.0,0,4,13.56,S,5,0,0
8685,2,male,8.1,2,3,19.84,S,6,0,0
8686,1,male,35.1,2,1,9.45,S,4,0,0
8687,3,male,28.9,1,1,47.3,S,3,0,0
8688,1,female,47.0,4,2,42.78,S,7,0,0
8690,2,male,18.6,0,3,38.83,S,4,0,0
8691,1,male,33.3,2,1,0.65,S,4,0,1
8693,3,male,47.9,3,3,15.74,S,7,0,0
8694,3,male,27.4,5,4,8.54,S,10,0,0
8695,3,female,29.9,2,4,24.28,S,7,0,0
8696,3,male,39.9,4,2,73.09,S,7,0,1
8697,3,female,18.5,3,2,42.87,S,6,0,0
8698,3,male,39.3,3,4,9.92,S,8,0,0
8699,1,male,25.8,0,3,16.22,S,4,0,0
8700,3,male,27.9,5,2,1.71,S,8,0,1
8701,2,female,29.0,1,3,0.2,S,5,0,1
8702,3,male,30.8,1,2,17.72,S,4,0,0
8703,2,male,55.8,0,0,41.65,S,1,1,0
8705,3,male,23.2,4,0,18.07,S,5,0,0
8706,1,male,49.3,1,0,6.36,S,2,0,1
8707,3,female,35.2,2,1,9.69,S,4,0,0
8708,1,female,39.7,0,2,18.87,S,3,0,0
8709,1,male,14.6,2,2,33.56,S,5,0,1
8711,3,male,40.3,0,2,58.77,S,3,0,0
8715,3,female,20.0,2,4,5.19,S,7,0,1
8716,3,male,43.2,4,1,1.58,S,6,0,0
8718,2,male,30.8,5,2,40.9,S,8,0,1
8720,3,female,47.5,0,1,10.44,S,2,0,0
8721,1,female,23.5,3,0,32.62,S,4,0,1
8723,3,male,23.6,5,1,5.14,S,7,0,0
8724,2,female,14.7,3,1,51.42,S,5,0,1
8725,3,female,23.5,5,4,44.3,S,10,0,1
8726,2,male,13.3,3,2,2.84,S,6,0,0
8727,1,male,35.0,5,1,19.86,S,7,0,0
8729,2,male,9.4,3,0,19.86,S,4,0,0
8730,3,male,39.4,2,4,19.79,S,7,0,0
8731,2,male,38.5,1,0,23.76,S,2,0,1
8732,2,female,24.4,1,1,10.39,S,3,0,0
8734,3,male,17.7,4,0,3.35,S,5,0,0
8735,3,female,23.8,2,0,6.22,S,3,0,1
8736,3,male,34.7,3,1,2.95,S,5,0,0
8737,3,male,43.5,1,1,6.59,S,3,0,0
8739,3,male,20.7,3,1,1.23,S,5,0,0
8742,2,male,31.1,5,3,23.49,S,9,0,0
8743,1,female,45.5,3,3,14.8,S,7,0,0
8744,1,male,56.3,1,1,12.77,S,3,0,0
8745,1,male,34.1,1,4,62.26,S,6,0,0
8746,1,male,20.7,3,2,21.31,S,6,0,0
8747,3,female,36.0,1,1,23.27,S,3,0,0
8749,3,male,46.4,3,0,10.02,S,4,0,0
8750,3,male,19.2,1,4,36.79,S,6,0,0
8752,3,female,17.3,0,2,10.58,S,3,0,0
8753,3,male,31.6,0,1,34.66,S,2,0,0
8754,1,female,32.0,4,0,1.09,S,5,0,1
8755,1,female,39.4,0,4,0.83,S,5,0,1
8756,2,female,30.7,5,2,14.93,S,8,0,0
8759,1,female,25.0,2,2,45.13,S,5,0,0
8760,1,female,9.5,4,2,1.18,S,7,0,0
8763,1,male,52.0,0,3,12.01,S,4,0,1
8765,3,female,2.4,4,0,23.57,S,5,0,1
8766,3,male,22.7,1,1,19.18,S,3,0,1
8767,2,female,29.0,5,2,7.93,S,8,0,0
8768,3,female,29.9,1,3,8.23,S,5,0,0
8769,2,female,38.5,1,4,37.14,S,6,0,0
8770,1,male,31.4,5,3,12.48,S,9,0,0
8771,2,male,24.3,2,3,136.66,S,6,0,0
8772,3,female,16.2,0,2,10.95,S,3,0,0
8773,2,male,23.3,5,2,25.4,S,8,0,0
8774,3,male,37.5,1,0,2.43,S,2,0,1
8775,1,male,41.0,3,0,24.77,S,4,0,0
8776,3,female,19.6,0,3,19.75,S,4,0,1
8777,2,male,43.1,0,0,13.75,S,1,1,0
8780,3,male,32.5,4,0,54.91,S,5,0,0
8781,1,female,34.2,0,3,81.55,S,4,0,1
8783,3,male,10.0,5,4,52.29,S,10,0,1
8784,1,male,35.6,4,2,25.44,S,7,0,0
8785,3,male,22.6,4,3,12.99,S,8,0,0
8786,3,female,50.2,1,4,6.04,S,6,0,0
8788,1,male,35.6,4,3,1.42,S,8,0,0
8789,3,male,42.3,2,3,6.39,S,6,0,1
8790,1,male,14.7,1,3,16.44,S,5,0,1
8792,2,female,27.0,2,4,27.99,S,7,0,0
8794,1,female,33.3,5,0,76.73,S,6,0,0
8796,2,male,31.7,5,3,10.49,S,9,0,0
8797,2,female,26.6,5,3,40.36,S,9,0,0
8798,3,female,37.9,2,3,7.83,S,6,0,0
8799,3,male,33.6,1,3,15.5,S,5,0,0
8800,2,female,23.3,5,1,44.81,S,7,0,1
8801,2,female,9.8,3,2,15.08,S,6,0,0
8803,3,female,4.6,4,1,10.05,S,6,0,1
8804,2,male,46.4,5,1,2.7,S,7,0,1
8805,3,male,36.4,5,1,35.88,S,7,0,1
8806,3,male,40.8,2,1,1.5,S,4,0,0
8807,1,female,15.4,2,1,27.31,S,4,0,1
8808,2,male,34.0,2,1,95.9,S,4,0,0
8809,1,male,19.7,4,1,62.89,S,6,0,0
8811,3,male,15.0,2,2,40.11,S,5,0,0
8812,3,female,27.8,3,1,37.49,S,5,0,1
8814,1,male,26.8,3,0,3.7,S,4,0,1
8815,3,female,6.0,3,1,61.59,S,5,0,1
8817,2,female,31.2,4,4,38.36,S,9,0,0
8818,3,male,29.1,1,1,19.59,S,3,0,0
8819,3,male,38.5,4,2,8.05,S,7,0,0
8820,2,female,10.8,2,4,9.65,S,7,0,0
8821,3,male,18.1,5,2,24.49,S,8,0,1
8822,3,female,36.4,3,0,8.55,S,4,0,0
8823,3,male,31.3,2,3,16.28,S,6,0,0
8824,1,male,18.9,3,2,2.47,S,6,0,1
8826,3,male,33.2,5,0,30.68,S,6,0,1
8827,3,male,36.1,2,3,5.05,S,6,0,0
8831,1,male,3.0,0,0,16.99,S,1,1,0
8832,3,male,21.8,4,1,92.76,S,6,0,1
8833,1,male,25.6,3,1,55.48,S,5,0,0
8835,3,female,36.2,5,4,3.77,S,10,0,0
8836,2,male,18.5,4,1,14.83,S,6,0,0
8837,3,male,18.2,2,2,25.91,S,5,0,0
8839,2,female,24.9,0,0,15.95,S,1,1,0
8840,3,male,30.6,4,1,12.29,S,6,0,0
8841,1,male,40.0,3,2,11.65,S,6,0,1
8842,3,male,27.9,0,0,49.86,S,1,1,0
8844,2,male,24.6,3,1,0.53,S,5,0,0
8845,2,male,21.9,5,1,47.06,S,7,0,1
8847,3,male,3.5,0,4,31.66,S,5,0,1
8850,3,male,34.9,2,0,19.48,S,3,0,1
8851,1,male,48.8,4,0,115.68,S,5,0,0
8852,3,male,40.7,5,4,2.95,S,10,0,0
8853,3,female,34.7,0,3,44.56,S,4,0,1
8854,1,male,29.4,3,2,107.05,S,6,0,0
8856,3,female,36.0,2,4,8.18,S,7,0,0
8857,3,male,33.5,1,1,97.22,S,3,0,0
8859,1,male,16.9,0,4,55.34,S,5,0,1
8861,3,male,45.2,4,1,12.62,S,6,0,1
8862,3,male,30.5,3,4,6.64,S,8,0,1
8863,1,male,29.4,5,2,38.84,S,8,0,0
8864,3,female,34.9,0,4,22.26,S,5,0,0
8865,2,female,35.7,2,1,21.58,S,4,0,1
8866,1,female,32.5,4,3,25.28,S,8,0,0
8867,2,male,28.4,4,4,0.83,S,9,0,0
8868,1,female,21.9,0,4,0.16,S,5,0,1
8869,2,female,43.1,0,2,12.07,S,3,0,0
8870,2,female,23.0,3,1,12.52,S,5,0,1
8872,3,female,31.2,0,1,12.61,S,2,0,1
8873,2,male,29.7,0,1,14.26,S,2,0,0
8874,3,male,39.6,3,1,25.52,S,5,0,1
8876,2,female,37.0,5,3,12.97,S,9,0,0
8877,3,male,30.6,3,4,26.13,S,8,0,0
8878,3,male,34.8,5,4,30.78,S,10,0,0
8881,3,female,3.3,0,1,70.76,S,2,0,0
8882,2,female,22.6,1,3,33.36,S,5,0,0
8883,3,male,21.9,4,4,11.92,S,9,0,0
8884,1,male,19.7,3,1,25.61,S,5,0,1
8886,2,female,29.9,5,1,0.73,S,7,0,1
8887,1,female,36.0,3,2,80.76,S,6,0,1
8890,3,male,38.7,5,0,86.15,S,6,0,0
8891,2,female,32.9,3,2,1.84,S,6,0,1
8892,3,male,29.8,5,2,44.9,S,8,0,1
8893,2,male,42.0,4,0,23.91,S,5,0,0
8894,1,female,38.7,0,2,34.98,S,3,0,0
8895,2,male,8.3,3,4,20.4,S,8,0,0
8896,3,male,26.6,3,3,5.1,S,7,0,0
8897,3,female,3.8,5,3,9.67,S,9,0,0
8898,3,male,3.5,4,4,19.9,S,9,0,0
8899,3,male,21.9,5,4,80.36,S,10,0,1
8900,3,female,27.2,5,3,2.26,S,9,0,0
8901,3,male,23.1,3,4,3.54,S,8,0,1
8902,1,female,4.1,3,2,5.3,S,6,0,1
8904,2,male,19.1,2,0,14.6,S,3,0,0
8905,1,female,35.9,5,0,5.17,S,6,0,1
8906,3,male,19.5,2,4,4.16,S,7,0,1
8909,3,male,24.1,3,3,65.97,S,7,0,1
8911,3,male,32.9,5,1,34.12,S,7,0,1
8912,1,male,9.0,4,0,50.84,S,5,0,1
8913,2,female,35.7,1,4,98.31,S,6,0,0
8914,2,male,15.9,0,1,65.11,S,2,0,0
8915,1,female,13.4,1,0,47.78,S,2,0,0
8916,3,male,18.8,5,2,17.04,S,8,0,0
8917,3,male,40.4,5,0,130.02,S,6,0,1
8919,3,male,38.1,0,2,34.64,S,3,0,0
8924,3,male,38.6,1,4,11.18,S,6,0,0
8925,2,female,23.0,3,2,32.83,S,6,0,0
8927,2,male,27.9,0,2,35.3,S,3,0,0
8928,1,male,40.2,1,3,4.25,S,5,0,0
8930,1,female,54.4,2,4,84.02,S,7,0,0
8932,1,male,26.7,1,2,4.34,S,4,0,0
8935,2,female,22.4,2,2,44.74,S,5,0,1
8936,3,male,14.5,1,0,5.22,S,2,0,0
8937,2,male,0.0,1,4,42.84,S,6,0,1
8938,2,male,20.9,5,4,2.36,S,10,0,0
8939,2,female,29.3,2,0,32.08,S,3,0,0
8940,3,female,37.8,1,2,35.29,S,4,0,0
8943,1,female,43.4,4,4,15.51,S,9,0,1
8944,1,female,10.4,2,2,43.65,S,5,0,0
8946,3,male,42.4,5,0,17.18,S,6,0,1
8947,3,male,19.1,5,4,5.66,S,10,0,1
8948,3,male,7.5,2,1,22.15,S,4,0,0
8950,3,male,40.2,1,1,80.98,S,3,0,0
8954,3,female,0.0,1,0,57.32,S,2,0,0
8955,3,female,22.9,3,3,30.29,S,7,0,0
8957,1,female,9.5,0,2,9.93,S,3,0,1
8959,3,female,33.5,5,3,25.12,S,9,0,1
8961,1,male,29.1,3,3,8.59,S,7,0,0
8962,2,male,34.4,3,4,10.45,S,8,0,0
8963,1,male,33.2,3,0,94.56,S,4,0,0
8964,3,male,23.4,4,3,0.86,S,8,0,0
8966,1,male,34.5,0,3,24.08,S,4,0,0
8967,1,male,33.7,3,1,36.04,S,5,0,1
8968,3,male,33.1,5,0,6.9,S,6,0,0
8969,1,female,30.6,2,1,27.11,S,4,0,0
8970,3,male,33.8,1,3,3.71,S,5,0,0
8971,3,male,41.3,1,2,9.94,S,4,0,0
8972,2,female,33.3,5,4,0.49,S,10,0,0
8973,3,female,30.4,0,2,19.33,S,3,0,0
8974,2,female,21.6,5,2,6.16,S,8,0,0
8976,2,male,13.3,4,4,13.51,S,9,0,0
8979,3,female,3.4,3,3,7.18,S,7,0,0
8980,1,male,34.0,3,3,39.64,S,7,0,1
8983,3,male,26.5,2,3,46.05,S,6,0,0
8984,1,male,39.5,5,0,33.03,S,6,0,0
8985,2,female,41.3,3,3,15.11,S,7,0,1
8986,2,male,13.6,1,1,13.71,S,3,0,0
8987,3,male,53.7,3,0,26.93,S,4,0,1
8988,2,female,25.6,4,2,9.12,S,7,0,1
8989,2,male,37.2,1,1,13.52,S,3,0,0
8990,1,male,31.5,2,3,5.4,S,6,0,0
8991,2,female,30.5,3,4,48.47,S,8,0,0
8992,1,female,36.8,0,4,42.57,S,5,0,0
8993,3,male,47.5,0,0,22.39,S,1,1,0
8994,1,female,39.9,4,1,14.76,S,6,0,0
8995,3,male,25.6,0,0,38.17,S,1,1,0
8996,2,female,27.8,4,0,2.83,S,5,0,0
8997,2,female,21.1,4,4,1.57,S,9,0,1
8998,1,male,39.0,2,1,38.5,S,4,0,0
8999,3,female,37.3,2,4,25.56,S,7,0,1
9000,3,male,24.2,1,1,42.28,S,3,0,1
9002,1,female,44.0,5,1,3.67,S,7,0,1
9003,3,male,54.5,0,2,17.99,S,3,0,0
9004,3,male,17.9,3,4,17.8,S,8,0,1
9005,2,male,27.6,3,2,45.54,S,6,0,0
9006,3,male,26.2,4,0,4.17,S,5,0,0
9007,3,female,65.5,0,4,93.45,S,5,0,0
9009,1,male,46.7,3,4,12.01,S,8,0,0
9011,3,male,27.8,2,3,40.45,S,6,0,0
9012,1,male,29.8,4,1,26.79,S,6,0,0
9013,3,male,36.3,3,0,2.35,S,4,0,0
9014,3,male,46.6,5,1,62.09,S,7,0,0
9016,1,male,21.9,3,4,45.51,S,8,0,0
9019,1,female,32.5,5,2,40.75,S,8,0,1
9021,2,female,35.0,0,1,53.57,S,2,0,1
9022,3,female,21.1,4,1,40.41,S,6,0,0
9023,3,female,15.0,4,0,4.79,S,5,0,0
9024,2,male,45.6,5,3,8.02,S,9,0,0
9027,1,male,44.9,2,1,21.46,S,4,0,0
9028,1,female,40.2,4,4,55.97,S,9,0,1
9029,3,male,14.3,2,3,4.29,S,6,0,0
9030,3,male,64.2,1,2,50.29,S,4,0,0
9031,1,male,21.4,1,1,0.72,S,3,0,1
9032,1,male,40.0,5,4,12.49,S,10,0,0
9033,2,female,56.8,2,3,7.0,S,6,0,1
9035,3,male,32.6,2,2,23.75,S,5,0,1
9036,1,male,8.9,4,2,22.6,S,7,0,0
9037,1,male,57.6,2,2,10.91,S,5,0,1
9038,3,female,41.1,4,2,23.61,S,7,0,1
9039,3,female,9.2,4,4,39.15,S,9,0,0
9040,2,male,50.6,4,3,16.02,S,8,0,0
9041,2,female,29.9,3,2,84.48,S,6,0,0
9042,3,male,25.1,3,4,2.27,S,8,0,1
9043,3,female,21.0,1,4,139.22,S,6,0,0
9044,2,female,31.4,0,3,45.85,S,4,0,0
9046,1,male,22.1,3,0,7.27,S,4,0,0
9047,3,male,30.8,1,3,31.58,S,5,0,0
9048,2,female,76.3,1,4,51.84,S,6,0,1
9049,2,female,35.7,1,1,9.36,S,3,0,0
9051,2,male,15.6,4,2,18.71,S,7,0,0
9052,3,male,10.0,3,3,11.62,S,7,0,0
9053,1,female,49.5,5,4,10.79,S,10,0,0
9054,1,male,45.5,4,4,41.29,S,9,0,0
9055,3,female,53.0,0,0,5.13,S,1,1,1
9056,3,female,27.9,1,0,33.68,S,2,0,1
9057,1,male,46.6,0,2,2.02,S,3,0,0
9059,1,female,36.6,5,2,28.23,S,8,0,0
9060,3,male,43.5,5,0,85.55,S,6,0,1
9062,3,male,43.8,1,3,65.25,S,5,0,1
9063,3,male,26.5,0,2,4.08,S,3,0,0
9065,3,female,25.4,5,4,16.37,S,10,0,0
9066,1,female,51.1,0,1,19.67,S,2,0,0
9067,2,female,22.6,2,0,10.47,S,3,0,0
9069,3,male,17.0,3,0,11.7,S,4,0,0
9073,1,male,18.5,0,4,58.45,S,5,0,0
9074,3,male,34.2,0,2,7.57,S,3,0,0
9075,1,male,37.6,5,4,1.85,S,10,0,1
9076,1,male,15.9,0,4,150.18,S,5,0,1
9077,2,male,29.9,1,3,68.56,S,5,0,1
9078,3,male,27.8,0,3,9.86,S,4,0,1
9080,3,male,21.6,3,1,96.53,S,5,0,0
9081,1,male,27.1,1,1,8.47,S,3,0,0
9082,1,male,29.4,0,0,8.03,S,1,1,0
9085,1,male,47.7,2,2,58.84,S,5,0,0
9086,1,female,48.8,3,3,26.99,S,7,0,0
9087,3,male,10.5,4,1,3.09,S,6,0,1
9088,2,male,24.9,5,4,109.56,S,10,0,0
9089,3,female,48.8,3,1,24.81,S,5,0,0
9091,3,male,27.4,1,3,49.08,S,5,0,0
9092,2,female,39.5,0,1,26.3,S,2,0,0
9093,3,male,43.9,2,4,72.36,S,7,0,1
9095,3,female,25.1,3,1,35.31,S,5,0,1
9096,3,female,0.0,5,3,13.19,S,9,0,0
9097,3,male,29.7,1,4,146.78,S,6,0,0
9098,2,female,23.7,4,1,33.77,S,6,0,1
9099,2,male,14.9,3,3,18.66,S,7,0,0
9100,3,male,26.1,0,3,5.11,S,4,0,0
9101,3,female,23.2,0,1,25.96,S,2,0,1
9102,1,male,31.4,2,1,35.12,S,4,0,0
9103,3,male,25.1,1,1,14.86,S,3,0,1
9104,2,male,35.3,4,4,2.14,S,9,0,0
9106,3,male,46.8,1,2,33.96,S,4,0,0
9107,3,male,21.5,2,1,36.92,S,4,0,1
9108,1,male,53.9,0,0,9.0,S,1,1,0
9109,3,female,43.9,4,2,4.48,S,7,0,1
9110,3,female,49.8,1,0,19.25,S,2,0,1
9111,2,female,32.5,2,0,8.84,S,3,0,0
9112,3,female,25.1,0,3,48.59,S,4,0,0
9113,3,male,21.5,1,4,24.29,S,6,0,0
9114,2,male,53.5,2,2,4.53,S,5,0,0
9118,3,female,17.4,1,4,16.38,S,6,0,1
9119,3,male,33.5,0,4,40.82,S,5,0,1
9120,2,male,40.6,1,3,52.95,S,5,0,1
9121,3,male,49.4,5,1,3.89,S,7,0,0
9122,3,male,32.3,0,4,59.04,S,5,0,1
9123,3,male,27.1,2,1,93.73,S,4,0,1
9127,1,female,28.8,2,2,17.99,S,5,0,0
9128,3,male,2.9,3,1,7.96,S,5,0,1
9132,1,male,21.6,4,1,0.62,S,6,0,0
9134,1,male,58.1,0,1,23.06,S,2,0,1
9135,2,male,30.7,5,3,1.18,S,9,0,0
9136,3,female,39.1,5,1,38.47,S,7,0,1
9137,3,male,36.1,5,4,0.87,S,10,0,0
9138,3,male,0.0,5,0,21.33,S,6,0,0
9140,3,male,11.9,1,0,68.66,S,2,0,0
9141,3,male,53.2,3,2,27.49,S,6,0,0
9142,3,male,3.5,3,0,55.31,S,4,0,1
9143,1,male,23.1,4,2,204.71,S,7,0,0
9144,1,male,25.3,0,1,6.25,S,2,0,1
9145,2,female,15.2,0,0,2.07,S,1,1,0
9146,3,male,30.4,5,2,47.66,S,8,0,0
9147,1,male,28.4,3,1,31.95,S,5,0,0
9148,1,male,31.3,2,2,32.18,S,5,0,0
9149,1,female,36.0,3,2,12.17,S,6,0,0
9152,1,male,44.6,4,0,25.08,S,5,0,0
9153,3,male,5.9,1,1,22.28,S,3,0,0
9154,3,male,38.8,4,4,42.61,S,9,0,0
9155,2,female,14.4,5,2,143.22,S,8,0,0
9157,1,male,30.7,2,3,87.27,S,6,0,0
9158,3,female,34.8,4,1,16.27,S,6,0,1
9159,2,male,36.4,5,3,73.07,S,9,0,0
9160,3,male,15.8,5,2,41.59,S,8,0,1
9162,3,female,23.2,4,3,22.76,S,8,0,1
9166,3,male,9.4,1,2,159.78,S,4,0,1
9168,3,female,37.5,2,0,0.54,S,3,0,0
9170,3,female,13.0,1,1,20.25,S,3,0,0
9171,3,male,26.0,5,3,6.31,S,9,0,1
9173,3,female,32.7,0,2,82.83,S,3,0,0
9174,3,male,15.5,0,4,60.06,S,5,0,0
9176,3,female,50.9,4,1,8.64,S,6,0,0
9177,3,male,12.3,2,4,8.82,S,7,0,1
9178,3,male,28.6,2,1,107.81,S,4,0,0
9180,2,male,15.4,5,3,17.57,S,9,0,0
9181,3,male,37.6,3,1,44.73,S,5,0,0
9182,2,female,10.3,3,4,55.5,S,8,0,0
9183,1,male,37.9,1,2,16.96,S,4,0,1
9184,2,male,29.6,0,3,16.11,S,4,0,1
9185,3,male,9.1,0,1,14.13,S,2,0,1
9186,1,male,38.6,3,0,15.73,S,4,0,1
9188,3,female,26.9,5,4,2.05,S,10,0,1
9189,3,male,37.8,5,0,51.53,S,6,0,1
9190,3,female,15.5,1,0,7.74,S,2,0,1
9191,3,male,21.6,2,0,5.64,S,3,0,0
9193,1,male,0.0,3,3,8.6,S,7,0,1
9194,3,male,48.9,5,0,57.44,S,6,0,1
9195,2,male,8.5,2,0,24.71,S,3,0,0
9196,3,male,19.2,1,4,10.03,S,6,0,1
9197,3,male,33.0,4,1,6.58,S,6,0,1
9198,1,male,37.4,0,1,46.97,S,2,0,1
9199,3,female,33.2,3,3,22.53,S,7,0,0
9203,3,male,39.8,1,0,13.98,S,2,0,0
9204,3,male,45.5,2,3,9.86,S,6,0,1
9206,1,male,0.0,3,1,42.98,S,5,0,0
9207,3,male,43.3,2,1,97.88,S,4,0,1
9208,1,male,34.0,4,0,0.84,S,5,0,1
9209,3,female,31.6,4,0,31.54,S,5,0,0
9211,3,male,24.1,5,4,7.23,S,10,0,1
9212,3,female,20.6,3,3,25.16,S,7,0,0
9213,2,male,29.6,4,0,50.54,S,5,0,0
9215,3,male,39.7,5,1,67.71,S,7,0,0
9216,3,female,57.5,2,2,40.25,S,5,0,0
9218,3,male,6.7,2,4,37.09,S,7,0,1
9219,3,male,27.6,0,3,12.27,S,4,0,0
9221,3,male,35.3,5,0,8.39,S,6,0,0
9222,2,female,51.4,2,2,4.99,S,5,0,0
9223,3,male,40.4,1,1,32.49,S,3,0,0
9224,3,female,3.6,2,3,30.68,S,6,0,1
9226,3,male,34.7,3,0,8.92,S,4,0,0
9227,3,female,22.6,2,0,7.38,S,3,0,1
9228,2,male,50.2,4,1,77.93,S,6,0,0
9229,1,male,15.9,4,2,24.34,S,7,0,1
9230,1,male,42.4,2,4,16.7,S,7,0,0
9231,2,female,19.9,5,0,54.78,S,6,0,0
9232,1,male,32.7,5,0,1.67,S,6,0,1
9233,1,male,17.4,5,3,36.06,S,9,0,0
9235,3,female,44.0,4,1,8.2,S,6,0,0
9236,3,male,32.5,1,0,32.65,S,2,0,0
9237,2,male,55.7,0,4,10.5,S,5,0,0
9238,3,female,18.9,1,2,48.17,S,4,0,0
9239,3,male,30.4,2,4,23.39,S,7,0,1
9240,3,male,40.8,2,2,12.48,S,5,0,0
9242,2,male,29.9,4,1,31.72,S,6,0,1
9243,1,female,38.3,5,0,17.5,S,6,0,1
9245,3,male,45.0,1,1,10.01,S,3,0,1
9246,3,male,16.8,3,4,3.67,S,8,0,0
9247,3,male,33.0,5,0,11.53,S,6,0,0
9249,3,female,18.9,1,1,13.09,S,3,0,0
9250,3,male,26.6,3,1,20.27,S,5,0,0
9251,3,female,45.0,0,3,2.08,S,4,0,1
9252,2,male,36.4,0,4,3.59,S,5,0,0
9254,3,male,35.3,2,3,6.48,S,6,0,1
9255,3,male,36.3,5,0,13.25,S,6,0,0
9256,3,male,34.2,0,3,32.42,S,4,0,0
9257,1,male,20.9,5,4,120.64,S,10,0,0
9258,3,male,15.6,5,1,4.57,S,7,0,1
9259,1,male,25.9,5,0,45.32,S,6,0,0
9261,2,female,37.7,2,3,3.15,S,6,0,0
9263,3,male,36.9,2,1,37.92,S,4,0,1
9264,3,female,3.7,3,4,67.7,S,8,0,1
9268,1,male,29.4,4,0,143.73,S,5,0,0
9269,1,male,35.6,3,4,33.8,S,8,0,0
9271,1,male,54.5,5,4,7.21,S,10,0,0
9272,3,female,12.3,2,3,8.23,S,6,0,1
9274,2,male,27.5,0,4,167.45,S,5,0,1
9275,3,male,19.0,5,1,128.98,S,7,0,0
9276,3,female,30.4,1,0,0.36,S,2,0,0
9277,1,male,27.9,0,4,10.11,S,5,0,0
9278,2,female,37.6,0,1,0.66,S,2,0,0
9279,2,female,48.0,5,3,11.49,S,9,0,0
9280,1,male,30.9,2,1,74.09,S,4,0,0
9281,3,male,22.1,2,0,66.48,S,3,0,1
9284,2,male,41.7,0,2,43.85,S,3,0,1
9285,2,male,34.6,0,2,8.84,S,3,0,1
9286,2,male,26.7,1,3,57.65,S,5,0,0
9288,2,female,26.8,3,3,22.44,S,7,0,0
9289,2,female,5.0,2,0,57.26,S,3,0,0
9290,3,female,32.7,0,2,24.46,S,3,0,0
9291,1,male,11.8,3,2,12.69,S,6,0,0
9292,3,female,32.8,5,1,84.53,S,7,0,0
9295,3,male,16.4,3,4,49.25,S,8,0,1
9296,3,male,41.1,2,0,1.68,S,3,0,1
9297,3,female,22.0,0,2,8.55,S,3,0,1
9298,3,female,34.8,5,4,8.08,S,10,0,1
9301,3,male,19.9,0,2,7.83,S,3,0,0
9302,3,male,0.0,4,3,76.98,S,8,0,1
9303,1,female,34.6,1,3,8.94,S,5,0,0
9304,3,male,7.0,2,0,34.71,S,3,0,1
9305,1,female,42.1,5,3,19.27,S,9,0,0
9306,1,female,28.4,4,2,3.29,S,7,0,0
9307,3,male,24.9,4,0,44.78,S,5,0,1
9309,2,male,4.6,4,0,14.28,S,5,0,0
9312,2,male,32.5,3,2,5.58,S,6,0,1
9313,2,female,22.2,1,3,7.88,S,5,0,0
9314,2,male,22.3,1,3,16.7,S,5,0,0
9316,3,male,41.8,5,1,3.83,S,7,0,1
9317,1,male,19.7,0,4,23.6,S,5,0,0
9318,1,male,47.9,4,1,98.23,S,6,0,1
9321,2,male,36.4,0,1,28.34,S,2,0,1
9322,1,male,13.0,3,3,50.49,S,7,0,0
9323,2,male,50.1,5,3,5.01,S,9,0,0
9324,3,female,42.3,2,0,2.73,S,3,0,0
9325,3,female,32.4,0,1,70.96,S,2,0,1
9326,3,female,32.4,4,1,9.0,S,6,0,1
9327,1,male,27.7,3,1,22.05,S,5,0,0
9328,3,female,21.0,0,2,7.49,S,3,0,0
9329,2,female,36.5,0,4,1.56,S,5,0,1
9333,3,female,34.4,4,3,62.33,S,8,0,1
9335,3,female,34.6,3,3,6.03,S,7,0,0
9336,1,male,38.7,2,2,96.03,S,5,0,1
9337,2,male,1.8,0,1,17.32,S,2,0,1
9338,3,male,35.4,4,1,97.64,S,6,0,0
9339,3,female,30.1,4,2,13.22,S,7,0,0
9342,3,female,45.1,1,2,3.26,S,4,0,1
9343,2,male,32.5,0,1,17.05,S,2,0,1
9344,3,male,18.6,1,3,15.32,S,5,0,0
9345,3,female,21.0,1,4,1.15,S,6,0,1
9346,3,male,41.6,0,4,12.0,S,5,0,1
9348,3,female,28.9,3,3,1.91,S,7,0,1
9349,3,female,26.2,4,3,0.65,S,8,0,1
9350,1,female,43.2,4,4,29.31,S,9,0,0
9353,1,female,15.3,4,2,2.67,S,7,0,0
9354,1,male,29.1,0,2,3.4,S,3,0,0
9355,3,male,20.0,0,3,5.37,S,4,0,1
9357,2,male,18.6,1,1,45.99,S,3,0,0
9358,3,male,25.1,3,2,75.72,S,6,0,1
9359,3,male,23.4,3,0,23.63,S,4,0,1
9362,3,male,18.2,4,3,19.09,S,8,0,0
9363,1,male,40.1,2,1,4.94,S,4,0,0
9365,1,male,12.0,2,4,1.92,S,7,0,0
9368,1,female,25.5,4,3,2.28,S,8,0,1
9371,2,male,34.2,5,1,0.78,S,7,0,0
9373,3,male,30.3,4,4,6.54,S,9,0,1
9375,3,female,45.4,1,3,97.83,S,5,0,0
9376,3,male,46.2,5,0,44.61,S,6,0,1
9377,1,male,25.0,5,3,3.51,S,9,0,0
9378,1,male,43.9,1,3,5.98,S,5,0,1
9379,3,male,18.4,2,4,6.32,S,7,0,0
9380,1,male,27.0,4,3,33.96,S,8,0,0
9381,3,female,20.8,1,3,6.33,S,5,0,0
9382,3,male,28.7,3,3,0.97,S,7,0,0
9383,3,female,29.9,1,3,19.63,S,5,0,0
9384,3,female,29.0,0,0,28.46,S,1,1,0
9385,3,male,27.7,2,0,19.74,S,3,0,1
9386,3,male,30.8,3,3,21.49,S,7,0,1
9387,3,female,46.6,4,3,19.53,S,8,0,0
9388,3,female,0.8,3,0,9.87,S,4,0,0
9390,3,male,24.1,5,3,58.26,S,9,0,1
9391,3,male,27.9,1,3,12.48,S,5,0,1
9392,3,male,47.6,1,4,1.3,S,6,0,0
9394,2,male,36.5,5,0,43.38,S,6,0,0
9395,1,male,46.4,3,0,2.71,S,4,0,0
9397,2,female,41.9,4,1,19.28,S,6,0,0
9398,1,female,11.4,4,0,4.47,S,5,0,0
9399,3,male,34.8,5,2,41.28,S,8,0,0
9400,3,male,36.9,3,1,14.07,S,5,0,1
9401,1,male,45.0,3,1,77.21,S,5,0,0
9402,2,male,38.9,0,0,1.4,S,1,1,0
9404,3,male,24.6,4,2,2.95,S,7,0,0
9405,3,male,24.4,3,0,1.18,S,4,0,0
9407,3,male,10.8,1,3,30.18,S,5,0,0
9408,2,male,53.4,5,3,7.05,S,9,0,0
9409,2,male,43.0,5,2,66.8,S,8,0,0
9411,2,female,40.4,2,1,10.63,S,4,0,1
9414,3,male,37.9,4,4,57.34,S,9,0,0
9415,2,male,46.8,4,3,50.91,S,8,0,0
9416,3,male,19.5,3,1,9.98,S,5,0,0
9418,3,male,12.7,4,3,32.04,S,8,0,0
9419,2,male,27.7,2,3,23.91,S,6,0,0
9420,3,male,11.9,4,0,106.01,S,5,0,1
9421,3,male,26.6,1,1,29.16,S,3,0,0
9422,3,female,19.8,0,3,64.98,S,4,0,0
9423,3,male,29.0,4,2,44.66,S,7,0,0
9424,3,male,21.9,3,1,1.48,S,5,0,1
9425,2,male,28.5,1,2,9.94,S,4,0,1
9426,1,male,37.4,2,3,30.06,S,6,0,0
9427,3,female,15.6,0,0,18.46,S,1,1,1
9428,3,male,32.9,2,1,99.59,S,4,0,0
9429,1,male,17.1,2,1,28.04,S,4,0,1
9430,3,male,28.9,4,3,84.68,S,8,0,1
9432,1,male,34.0,0,4,72.97,S,5,0,1
9433,3,male,31.6,1,3,24.65,S,5,0,0
9435,1,male,28.6,5,2,15.83,S,8,0,0
9436,3,female,20.2,4,4,110.98,S,9,0,1
9437,3,male,42.0,2,1,102.59,S,4,0,0
9439,2,female,41.4,2,4,11.75,S,7,0,1
9440,2,female,27.3,1,3,73.47,S,5,0,0
9441,1,male,10.7,0,2,1.06,S,3,0,0
9442,1,female,60.4,3,4,100.64,S,8,0,0
9445,3,female,39.0,4,2,11.47,S,7,0,0
9446,2,female,15.8,4,0,52.84,S,5,0,1
9447,1,male,23.5,2,3,206.82,S,6,0,1
9448,1,male,30.7,4,1,4.6,S,6,0,0
9450,3,male,23.9,4,0,83.02,S,5,0,0
9452,1,male,27.4,1,3,15.47,S,5,0,0
9456,3,male,27.5,0,0,29.16,S,1,1,0
9459,3,female,29.6,0,1,31.72,S,2,0,0
9460,3,male,28.6,0,4,30.17,S,5,0,1
9461,3,male,31.1,3,3,2.82,S,7,0,0
9462,2,male,40.4,2,1,12.84,S,4,0,1
9463,3,male,38.8,0,3,7.44,S,4,0,0
9464,2,male,14.4,4,1,249.73,S,6,0,1
9465,3,female,19.6,4,1,149.34,S,6,0,1
9466,3,female,41.9,4,2,9.31,S,7,0,1
9468,3,male,35.9,1,2,54.25,S,4,0,0
9469,3,female,40.8,5,2,87.92,S,8,0,0
9470,2,male,6.0,5,4,4.43,S,10,0,0
9471,3,male,23.3,1,2,35.24,S,4,0,1
9472,3,male,40.4,0,1,7.38,S,2,0,1
9473,1,male,26.9,4,3,34.3,S,8,0,0
9474,3,male,23.3,5,4,65.83,S,10,0,1
9475,2,male,40.6,0,1,2.71,S,2,0,1
9477,3,male,19.5,4,3,24.68,S,8,0,1
9478,3,female,53.7,0,4,6.18,S,5,0,0
9479,2,female,4.0,2,2,8.68,S,5,0,0
9480,3,female,7.9,3,4,23.52,S,8,0,0
9481,1,male,22.6,5,4,63.03,S,10,0,0
9482,2,male,24.3,5,4,35.98,S,10,0,0
9483,2,male,25.0,3,3,0.89,S,7,0,1
9486,1,male,25.9,5,3,33.84,S,9,0,0
9487,3,female,20.7,1,4,0.58,S,6,0,0
9488,2,female,38.5,5,3,29.01,S,9,0,0
9489,3,male,29.4,1,1,5.91,S,3,0,0
9490,3,female,25.9,2,2,80.79,S,5,0,0
9493,1,female,22.2,2,1,33.12,S,4,0,0
9494,1,male,11.2,0,0,50.36,S,1,1,1
9495,3,male,15.3,2,3,10.24,S,6,0,0
9498,3,male,41.3,2,1,46.45,S,4,0,1
9499,3,female,52.1,4,4,9.72,S,9,0,0
9500,1,male,39.3,2,1,2.95,S,4,0,0
9502,3,male,26.2,3,3,108.24,S,7,0,0
9503,3,male,0.0,0,4,18.24,S,5,0,1
9504,3,male,24.6,2,1,26.27,S,4,0,0
9505,1,female,20.5,1,1,45.98,S,3,0,0
9506,1,female,0.0,5,3,26.16,S,9,0,0
9507,3,female,58.5,5,2,34.23,S,8,0,0
9508,3,male,23.7,1,4,67.94,S,6,0,0
9509,3,male,0.0,4,4,14.94,S,9,0,0
9512,2,female,55.7,3,3,48.84,S,7,0,0
9513,1,male,29.8,1,3,34.05,S,5,0,1
9514,3,female,30.3,3,2,26.75,S,6,0,1
9515,1,male,46.2,5,0,85.1,S,6,0,0
9516,3,male,26.9,0,0,31.54,S,1,1,0
9517,3,female,35.4,2,0,1.56,S,3,0,1
9519,3,female,13.9,2,3,7.74,S,6,0,0
9520,3,female,50.5,5,0,31.07,S,6,0,0
9521,2,female,16.7,0,3,6.65,S,4,0,0
9522,3,female,20.1,3,3,33.14,S,7,0,1
9524,3,female,42.2,2,3,2.57,S,6,0,0
9525,3,male,38.5,0,1,9.59,S,2,0,0
9526,1,female,28.3,4,3,35.82,S,8,0,1
9527,1,male,33.0,5,1,39.75,S,7,0,0
9528,1,male,44.0,4,0,28.28,S,5,0,1
9530,3,female,17.6,1,0,8.89,S,2,0,0
9531,3,male,20.6,0,1,76.13,S,2,0,1
9533,3,male,17.6,3,0,95.88,S,4,0,1
9534,1,male,7.1,3,2,16.83,S,6,0,0
9535,2,male,24.7,1,3,18.53,S,5,0,0
9536,2,male,27.9,5,1,9.59,S,7,0,1
9538,1,female,8.6,3,2,56.67,S,6,0,0
9540,2,male,45.1,3,2,4.85,S,6,0,0
9541,3,male,17.6,2,2,44.43,S,5,0,0
9542,1,female,30.1,5,0,37.83,S,6,0,0
9543,3,male,0.0,2,4,56.56,S,7,0,0
9544,2,male,41.2,1,3,44.56,S,5,0,0
9545,3,male,40.1,3,2,17.39,S,6,0,0
9546,2,female,28.7,0,0,5.46,S,1,1,0
9547,3,male,10.4,4,3,40.11,S,8,0,0
9549,1,female,25.6,0,3,5.31,S,4,0,1
9550,1,female,0.0,0,2,23.4,S,3,0,0
9552,3,male,45.3,1,4,23.45,S,6,0,1
9553,2,male,47.8,3,1,1.02,S,5,0,1
9554,3,female,11.1,4,1,13.96,S,6,0,1
9556,1,male,23.3,3,0,5.23,S,4,0,0
9557,2,male,36.3,5,4,16.75,S,10,0,0
9559,3,female,6.7,0,0,7.77,S,1,1,0
9560,3,female,39.1,5,4,121.65,S,10,0,1
9561,3,male,24.2,3,2,29.47,S,6,0,0
9563,3,male,29.2,4,3,23.57,S,8,0,0
9565,1,female,28.1,4,1,29.47,S,6,0,0
9566,2,male,24.0,3,3,0.02,S,7,0,1
9567,3,male,22.6,2,0,8.62,S,3,0,1
9568,3,female,13.6,5,1,144.08,S,7,0,0
9571,2,female,22.0,1,3,21.75,S,5,0,0
9572,2,female,55.1,0,3,11.0,S,4,0,0
9573,2,female,34.3,2,1,24.42,S,4,0,0
9574,3,female,32.6,0,3,103.59,S,4,0,0
9579,1,female,43.7,4,4,39.84,S,9,0,0
9580,3,male,23.7,3,2,16.36,S,6,0,0
9581,1,male,29.1,3,2,31.03,S,6,0,0
9582,2,male,18.3,0,3,23.86,S,4,0,0
9583,3,male,22.1,1,4,19.16,S,6,0,0
9585,3,female,16.3,2,2,5.1,S,5,0,1
9587,1,female,33.6,3,2,44.76,S,6,0,0
9589,3,female,17.7,0,1,31.53,S,2,0,1
9590,2,female,20.5,2,3,56.2,S,6,0,0
9591,3,male,40.9,3,4,22.67,S,8,0,0
9592,3,male,20.5,0,4,7.79,S,5,0,1
9593,3,male,40.5,1,1,41.19,S,3,0,0
9596,3,female,39.5,2,4,20.89,S,7,0,0
9597,3,female,0.0,1,0,88.34,S,2,0,0
9599,1,female,47.3,2,3,19.54,S,6,0,0
9600,3,male,24.7,1,0,40.94,S,2,0,0
9601,3,male,33.8,3,2,0.57,S,6,0,1
9602,3,female,17.3,4,4,9.99,S,9,0,0
9603,3,male,34.1,3,0,40.94,S,4,0,0
9604,3,male,63.5,2,1,33.87,S,4,0,1
9605,3,male,0.0,3,3,34.58,S,7,0,1
9606,3,male,22.0,5,1,38.16,S,7,0,1
9609,3,male,9.6,4,1,14.59,S,6,0,1
9610,3,male,20.1,3,4,74.36,S,8,0,1
9613,3,male,27.4,3,1,11.56,S,5,0,0
9614,3,female,9.0,1,4,34.5,S,6,0,1
9615,3,female,25.4,5,0,1.81,S,6,0,1
9616,1,male,15.9,4,4,2.67,S,9,0,1
9617,1,female,28.0,0,3,1.88,S,4,0,1
9618,2,male,19.1,4,1,21.23,S,6,0,1
9619,2,male,26.6,3,0,17.22,S,4,0,0
9620,1,female,14.5,4,1,12.3,S,6,0,0
9621,3,male,42.3,3,4,18.9,S,8,0,0
9623,3,female,29.2,2,2,65.65,S,5,0,1
9624,1,female,27.0,5,0,26.48,S,6,0,0
9626,3,female,29.0,0,1,19.4,S,2,0,0
9628,3,male,25.0,2,0,16.84,S,3,0,0
9630,2,male,29.6,0,4,13.19,S,5,0,0
9631,3,male,20.4,1,0,9.66,S,2,0,1
9633,1,male,14.3,5,2,42.69,S,8,0,1
9635,3,female,18.1,2,0,8.23,S,3,0,0
9637,3,female,28.1,5,0,52.9,S,6,0,0
9638,3,male,41.0,0,2,0.71,S,3,0,0
9639,3,male,18.3,1,4,32.03,S,6,0,0
9640,1,female,1.5,3,4,73.98,S,8,0,0
9641,1,male,5.9,1,2,2.96,S,4,0,0
9643,3,male,20.6,2,2,4.01,S,5,0,0
9645,3,female,10.8,3,1,22.94,S,5,0,1
9646,3,male,31.5,0,3,41.9,S,4,0,1
9647,1,male,33.9,1,1,2.07,S,3,0,0
9650,2,female,19.0,4,1,143.0,S,6,0,0
9652,1,male,16.1,3,1,13.39,S,5,0,0
9653,3,male,34.7,1,3,0.32,S,5,0,0
9654,3,male,28.3,4,1,99.97,S,6,0,0
9656,3,male,35.9,3,1,3.94,S,5,0,1
9657,2,male,30.5,5,0,14.54,S,6,0,0
9658,1,female,39.6,5,2,108.83,S,8,0,1
9659,1,male,52.1,5,0,4.3,S,6,0,1
9661,3,male,23.2,4,4,7.21,S,9,0,0
9662,3,female,10.2,4,4,2.26,S,9,0,0
9663,3,female,36.3,2,4,4.91,S,7,0,0
9665,2,female,33.8,0,1,4.73,S,2,0,1
9668,2,female,22.4,5,2,34.1,S,8,0,1
9669,3,male,43.2,4,1,67.36,S,6,0,1
9670,1,female,38.9,4,1,27.58,S,6,0,0
9671,2,male,37.4,0,4,1.49,S,5,0,1
9672,3,male,23.5,2,3,0.7,S,6,0,0
9673,3,male,8.9,2,0,49.23,S,3,0,0
9674,2,male,19.0,0,3,70.61,S,4,0,0
9675,2,male,14.9,0,2,51.55,S,3,0,0
9676,3,male,37.1,3,0,14.99,S,4,0,1
9678,3,male,20.6,5,3,2.59,S,9,0,0
9680,2,male,35.7,5,2,9.19,S,8,0,0
9681,3,male,24.5,4,2,87.13,S,7,0,0
9682,3,female,20.9,4,0,13.19,S,5,0,0
9683,2,female,56.7,0,0,13.26,S,1,1,1
9684,1,female,21.3,5,2,10.79,S,8,0,0
9685,2,male,38.4,1,3,32.12,S,5,0,0
9686,3,male,34.5,2,1,3.26,S,4,0,0
9687,3,male,7.7,2,4,1.76,S,7,0,0
9689,3,male,40.5,5,3,93.17,S,9,0,1
9690,2,male,27.2,0,0,43.57,S,1,1,1
9691,3,male,8.5,0,4,9.2,S,5,0,0
9692,2,female,34.5,4,1,14.39,S,6,0,0
9693,1,female,20.8,5,1,7.28,S,7,0,1
9694,3,male,35.1,4,4,36.87,S,9,0,0
9695,1,male,66.6,2,2,8.67,S,5,0,0
9696,3,male,34.4,4,4,27.1,S,9,0,0
9698,3,female,25.4,2,4,23.25,S,7,0,0
9700,3,female,43.3,4,3,110.28,S,8,0,1
9701,3,male,20.5,0,2,12.3,S,3,0,0
9702,3,female,25.8,1,4,51.09,S,6,0,1
9703,3,male,54.1,0,3,37.15,S,4,0,1
9704,3,female,24.3,3,3,3.84,S,7,0,0
9705,2,male,46.0,3,2,146.59,S,6,0,0
9706,3,male,34.4,2,0,37.43,S,3,0,0
9707,3,male,21.3,3,4,0.45,S,8,0,0
9708,3,male,33.8,1,2,41.0,S,4,0,0
9710,2,female,41.7,0,1,11.11,S,2,0,0
9711,1,male,46.5,5,2,13.71,S,8,0,1
9713,2,female,47.8,4,4,43.66,S,9,0,0
9714,2,male,31.2,4,2,44.78,S,7,0,0
9716,2,female,70.3,0,0,26.79,S,1,1,0
9717,3,male,63.7,5,3,12.04,S,9,0,0
9718,3,male,26.4,4,4,0.75,S,9,0,0
9721,2,female,40.2,1,3,64.03,S,5,0,0
9722,3,male,34.4,4,2,32.76,S,7,0,1
9723,2,male,18.2,3,2,124.04,S,6,0,1
9724,3,male,45.6,4,1,6.46,S,6,0,0
9725,1,female,25.3,3,3,34.32,S,7,0,1
9726,3,female,21.7,2,2,6.66,S,5,0,1
9727,3,male,34.6,3,4,32.6,S,8,0,0
9730,3,male,53.4,0,2,41.35,S,3,0,0
9731,1,female,20.4,5,4,23.68,S,10,0,1
9732,3,female,38.5,5,3,21.78,S,9,0,0
9733,1,female,20.8,1,1,2.31,S,3,0,1
9734,3,male,15.4,2,2,14.47,S,5,0,1
9735,1,male,27.9,5,2,11.5,S,8,0,0
9736,3,male,66.6,1,1,31.44,S,3,0,1
9737,3,male,39.9,1,0,10.33,S,2,0,0
9739,3,female,21.7,1,4,60.43,S,6,0,1
9740,2,male,23.6,2,1,56.41,S,4,0,0
9742,1,male,54.1,4,0,2.87,S,5,0,1
9743,3,female,32.8,0,3,22.03,S,4,0,1
9744,3,female,31.5,0,2,19.2,S,3,0,0
9745,3,male,31.9,0,4,65.25,S,5,0,1
9747,3,male,33.2,0,0,91.54,S,1,1,0
9748,3,male,26.3,2,4,21.13,S,7,0,0
9749,3,male,54.2,2,4,35.22,S,7,0,1
9750,3,male,27.2,5,2,20.91,S,8,0,0
9751,2,male,5.3,5,1,12.39,S,7,0,0
9753,1,male,26.3,5,2,50.45,S,8,0,1
9754,3,male,33.1,2,3,74.7,S,6,0,0
9755,3,male,40.5,5,4,42.33,S,10,0,0
9756,1,female,16.1,0,2,10.17,S,3,0,0
9757,1,female,25.8,3,4,54.34,S,8,0,1
9759,3,male,44.6,4,1,36.76,S,6,0,0
9762,2,male,33.9,0,4,26.35,S,5,0,1
9763,2,male,55.1,3,4,34.68,S,8,0,1
9764,3,female,19.3,0,2,47.26,S,3,0,1
9766,1,female,14.1,1,2,5.39,S,4,0,1
9767,3,female,37.0,3,4,82.41,S,8,0,1
9769,3,female,0.0,2,3,24.87,S,6,0,0
9770,2,male,44.5,5,3,14.01,S,9,0,1
9771,1,female,41.0,2,3,132.27,S,6,0,0
9772,3,male,21.2,5,3,3.14,S,9,0,0
9773,1,male,32.9,5,1,87.28,S,7,0,0
9774,1,male,8.1,1,0,16.57,S,2,0,1
9775,3,male,18.2,5,3,3.26,S,9,0,0
9776,3,male,52.4,2,0,15.25,S,3,0,0
9777,3,male,12.8,2,0,44.32,S,3,0,1
9779,3,female,9.5,3,1,21.74,S,5,0,0
9780,3,male,33.7,2,2,55.49,S,5,0,0
9781,3,male,36.9,1,2,30.59,S,4,0,0
9784,2,male,49.0,1,3,9.31,S,5,0,0
9785,2,male,21.2,1,4,16.95,S,6,0,1
9787,3,male,20.8,3,2,10.47,S,6,0,0
9790,2,male,27.0,5,0,1.67,S,6,0,0
9792,3,male,6.4,1,0,15.62,S,2,0,0
9793,3,male,28.8,3,4,47.45,S,8,0,0
9795,2,male,37.0,3,3,9.93,S,7,0,0
9796,3,male,2.5,3,1,1.21,S,5,0,1
9799,3,female,29.2,2,0,25.23,S,3,0,1
9800,3,female,23.7,5,4,15.17,S,10,0,1
9801,3,male,53.4,4,0,25.7,S,5,0,0
9802,3,female,30.2,4,0,5.78,S,5,0,0
9803,3,male,33.4,5,0,44.53,S,6,0,1
9805,3,male,35.6,1,4,41.21,S,6,0,1
9808,2,male,23.5,5,1,71.51,S,7,0,1
9811,3,female,26.9,3,1,13.7,S,5,0,1
9812,2,female,40.8,0,4,15.69,S,5,0,0
9814,3,female,40.6,5,4,27.42,S,10,0,1
9815,3,female,30.2,4,4,50.31,S,9,0,1
9816,3,female,25.6,4,3,2.84,S,8,0,0
9817,2,female,30.9,0,1,26.75,S,2,0,0
9818,3,male,22.0,1,3,13.71,S,5,0,0
9819,2,male,42.7,3,3,57.45,S,7,0,0
9820,2,female,49.6,0,4,13.89,S,5,0,1
9821,1,male,37.1,1,4,20.18,S,6,0,1
9822,3,male,48.9,0,2,8.27,S,3,0,1
9823,2,male,44.8,3,0,11.22,S,4,0,0
9825,2,female,40.7,2,3,17.76,S,6,0,1
9826,2,male,11.0,2,4,7.2,S,7,0,0
9827,1,male,31.6,3,4,20.55,S,8,0,0
9828,3,female,12.4,3,1,5.78,S,5,0,1
9829,3,male,27.5,0,2,68.31,S,3,0,1
9830,1,female,8.8,5,4,82.55,S,10,0,0
9833,3,male,41.7,3,3,83.77,S,7,0,1
9834,3,male,27.9,2,0,11.96,S,3,0,0
9836,3,female,22.2,5,1,80.55,S,7,0,1
9838,3,male,28.8,4,0,1.75,S,5,0,1
9839,3,female,50.1,2,1,7.45,S,4,0,1
9840,2,male,52.4,2,3,53.58,S,6,0,1
9841,2,male,25.8,5,3,9.95,S,9,0,1
9842,3,female,11.4,4,0,35.33,S,5,0,0
9843,3,male,18.6,2,4,1.31,S,7,0,1
9844,1,male,35.7,0,1,58.97,S,2,0,0
9845,2,female,27.5,0,3,17.55,S,4,0,0
9846,3,male,6.9,1,3,20.32,S,5,0,1
9849,2,male,33.1,2,0,3.52,S,3,0,0
9850,3,female,29.7,1,0,22.46,S,2,0,1
9851,3,male,23.6,3,3,19.53,S,7,0,1
9854,2,male,31.0,3,3,5.73,S,7,0,1
9855,2,female,39.8,0,3,48.14,S,4,0,0
9861,3,male,47.8,0,4,3.23,S,5,0,0
9862,3,female,29.1,1,0,113.71,S,2,0,1
9863,3,male,26.0,0,0,73.85,S,1,1,1
9864,1,female,31.9,0,3,6.47,S,4,0,1
9866,3,female,32.1,0,4,1.97,S,5,0,0
9867,3,male,52.7,1,1,52.93,S,3,0,0
9868,1,male,17.7,0,1,2.56,S,2,0,1
9869,3,male,32.7,5,1,48.18,S,7,0,0
9871,3,male,28.3,0,2,11.73,S,3,0,0
9874,1,male,13.6,1,0,48.54,S,2,0,0
9875,2,female,38.6,5,3,6.8,S,9,0,0
9877,1,female,4.3,4,1,2.26,S,6,0,0
9878,3,female,34.3,0,1,23.84,S,2,0,1
9879,1,female,30.6,2,3,18.69,S,6,0,0
9880,3,male,16.8,4,0,74.53,S,5,0,0
9881,1,female,31.2,4,4,0.58,S,9,0,0
9882,1,male,10.6,1,4,24.18,S,6,0,0
9883,2,male,19.4,3,4,42.17,S,8,0,1
9885,1,male,5.4,3,4,8.7,S,8,0,1
9886,1,male,12.9,4,2,30.12,S,7,0,1
9888,3,male,30.1,1,2,1.34,S,4,0,0
9889,3,male,35.2,2,1,6.98,S,4,0,0
9890,3,female,16.5,3,1,21.59,S,5,0,1
9891,3,male,15.7,4,4,29.13,S,9,0,0
9893,3,female,30.6,2,2,1.99,S,5,0,1
9894,1,male,19.2,3,0,4.2,S,4,0,1
9896,3,female,31.6,1,3,2.51,S,5,0,1
9897,3,male,26.6,2,1,17.38,S,4,0,1
9900,3,female,36.6,1,3,9.45,S,5,0,0
9902,1,male,19.3,1,2,10.63,S,4,0,0
9903,1,male,22.7,4,2,15.27,S,7,0,0
9904,3,male,28.8,1,2,3.95,S,4,0,1
9905,3,female,37.8,0,3,61.47,S,4,0,0
9906,3,female,14.0,2,4,45.59,S,7,0,1
9909,1,male,29.4,4,4,56.34,S,9,0,0
9910,3,female,19.3,4,0,81.64,S,5,0,0
9911,1,male,10.3,3,1,30.37,S,5,0,1
9912,1,female,22.2,2,1,61.32,S,4,0,0
9913,1,male,13.9,4,2,45.55,S,7,0,0
9915,3,male,36.6,3,2,53.32,S,6,0,1
9916,3,female,29.5,3,3,27.84,S,7,0,0
9918,3,male,3.9,1,0,69.19,S,2,0,0
9920,3,male,24.1,5,0,3.65,S,6,0,0
9922,1,male,16.2,1,2,16.86,S,4,0,0
9923,3,male,23.3,1,3,17.32,S,5,0,0
9924,1,male,20.9,0,3,11.98,S,4,0,0
9926,2,female,16.3,3,4,3.5,S,8,0,0
9927,3,male,28.8,1,3,24.36,S,5,0,1
9928,3,male,33.2,5,1,19.61,S,7,0,1
9930,3,male,12.2,0,0,1.66,S,1,1,1
9931,3,female,24.0,3,4,35.84,S,8,0,0
9933,2,male,15.9,1,2,24.01,S,4,0,0
9934,2,female,29.2,4,3,9.87,S,8,0,0
9935,3,male,19.8,0,0,12.02,S,1,1,0
9936,3,female,44.8,4,2,42.91,S,7,0,0
9939,1,female,43.2,0,1,35.43,S,2,0,1
9941,1,male,10.1,1,2,25.84,S,4,0,0
9942,3,female,9.4,3,4,3.37,S,8,0,0
9943,3,female,45.3,3,1,60.76,S,5,0,1
9944,2,male,43.0,2,4,19.47,S,7,0,0
9946,1,male,0.0,0,3,23.05,S,4,0,0
9947,3,female,30.1,3,3,78.12,S,7,0,0
9948,1,female,7.8,3,4,47.94,S,8,0,0
9949,3,male,17.4,2,1,5.3,S,4,0,0
9950,1,female,31.5,1,2,46.75,S,4,0,0
9951,3,female,33.4,5,0,15.97,S,6,0,1
9952,1,male,51.1,1,4,16.08,S,6,0,0
9953,2,male,23.8,4,2,45.38,S,7,0,0
9954,3,male,15.3,0,1,19.7,S,2,0,0
9956,3,female,34.3,1,4,9.07,S,6,0,1
9958,3,male,29.4,5,4,28.68,S,10,0,1
9959,3,female,23.7,4,3,63.43,S,8,0,0
9960,1,male,38.7,1,1,11.65,S,3,0,0
9962,3,male,18.8,5,4,49.23,S,10,0,0
9963,3,male,34.9,0,1,6.46,S,2,0,0
9964,2,female,7.6,0,4,0.76,S,5,0,0
9965,3,male,14.0,4,0,32.2,S,5,0,0
9966,1,female,36.9,1,2,27.52,S,4,0,1
9967,2,male,28.0,1,1,1.3,S,3,0,0
9968,2,male,13.5,0,1,16.93,S,2,0,1
9969,2,male,29.1,5,3,26.52,S,9,0,0
9970,2,female,41.3,4,0,7.63,S,5,0,0
9971,1,male,8.7,3,3,3.25,S,7,0,1
9972,3,male,53.5,0,2,51.71,S,3,0,1
9975,1,male,29.0,4,3,4.6,S,8,0,0
9977,3,female,42.5,5,2,10.47,S,8,0,1
9978,3,female,23.9,4,2,21.58,S,7,0,1
9981,2,male,25.1,0,1,1.92,S,2,0,0
9982,3,female,49.5,0,2,17.98,S,3,0,0
9984,2,male,38.3,3,4,33.7,S,8,0,1
9985,3,female,45.4,5,0,11.33,S,6,0,0
9987,2,male,17.6,3,2,21.98,S,6,0,0
9989,3,female,36.2,5,0,14.91,S,6,0,1
9990,3,male,37.2,5,2,4.06,S,8,0,0
9991,1,male,29.8,5,3,1.88,S,9,0,0
9994,1,female,23.7,4,3,41.85,S,8,0,0
9995,2,female,43.9,0,0,133.44,S,1,1,1
9996,3,female,29.5,4,2,27.1,S,7,0,1
9997,3,male,1.0,4,4,11.38,S,9,0,1
9999,3,male,34.9,5,0,37.98,S,6,0,0
10002,3,male,39.8,4,3,37.33,S,8,0,0
10003,3,male,65.3,0,4,18.84,S,5,0,0
10005,1,male,25.3,0,1,118.67,S,2,0,1
10006,1,male,27.2,1,1,16.59,S,3,0,0
10007,2,male,51.9,3,1,28.93,S,5,0,1
10010,3,female,29.2,4,2,23.12,S,7,0,1
10011,3,male,17.4,2,1,12.52,S,4,0,1
10012,3,female,8.7,3,1,119.96,S,5,0,1
10013,1,female,49.7,4,1,11.13,S,6,0,0
10014,1,male,17.0,5,4,3.94,S,10,0,0
10015,3,male,29.9,2,2,83.26,S,5,0,0
10020,1,male,23.0,5,4,17.62,S,10,0,0
10021,1,female,48.5,1,1,5.41,S,3,0,0
10022,3,female,15.3,0,3,69.08,S,4,0,1
10023,2,male,23.9,0,2,28.11,S,3,0,0
10024,2,male,45.6,0,3,70.71,S,4,0,1
10025,2,male,33.8,0,0,9.51,S,1,1,0
10026,2,male,11.9,4,1,32.16,S,6,0,1
10027,3,male,32.1,5,2,7.87,S,8,0,1
10029,2,male,29.7,0,4,14.34,S,5,0,1
10030,3,male,42.3,2,3,25.51,S,6,0,0
10031,3,female,32.4,5,4,25.97,S,10,0,1
10034,3,male,44.1,5,3,47.32,S,9,0,1
10035,3,male,18.9,5,2,23.89,S,8,0,0
10037,3,female,25.8,0,4,1.73,S,5,0,0
10038,3,male,34.3,1,2,3.54,S,4,0,0
10040,3,male,21.6,0,1,21.16,S,2,0,1
10042,3,female,28.7,0,1,26.75,S,2,0,0
10045,1,female,0.0,2,0,64.56,S,3,0,0
10046,1,male,36.6,3,1,30.61,S,5,0,0
10047,2,male,33.4,1,3,3.55,S,5,0,0
10048,2,female,36.0,4,2,5.2,S,7,0,1
10051,3,male,21.4,0,0,33.8,S,1,1,0
10053,2,male,34.1,0,1,19.87,S,2,0,0
10054,3,male,12.5,2,3,33.02,S,6,0,0
10056,3,female,20.4,0,3,21.65,S,4,0,0
10057,2,male,40.4,3,3,13.65,S,7,0,1
10058,3,male,45.1,3,3,20.7,S,7,0,0
10059,1,male,31.5,0,3,5.02,S,4,0,0
10060,1,male,30.1,0,1,3.28,S,2,0,0
10061,2,female,24.4,1,1,16.91,S,3,0,0
10062,3,male,28.7,2,3,82.21,S,6,0,0
10064,3,female,24.1,0,0,36.29,S,1,1,0
10065,2,female,38.2,2,4,40.61,S,7,0,1
10066,2,male,21.6,1,1,63.04,S,3,0,1
10067,3,male,43.2,5,0,79.05,S,6,0,1
10068,3,male,37.1,3,2,34.47,S,6,0,0
10069,3,female,42.6,3,0,15.61,S,4,0,1
10070,1,female,55.3,2,4,5.11,S,7,0,1
10071,1,male,0.0,0,2,0.22,S,3,0,1
10072,3,female,39.6,5,3,33.41,S,9,0,1
10073,1,female,35.6,3,0,16.23,S,4,0,0
10074,3,female,35.3,0,4,2.66,S,5,0,1
10075,2,female,32.4,4,0,10.45,S,5,0,0
10078,2,male,41.7,0,4,12.1,S,5,0,0
10079,3,female,40.6,5,3,34.17,S,9,0,1
10080,3,male,28.7,0,4,1.41,S,5,0,0
10081,3,male,26.4,5,1,104.97,S,7,0,0
10082,3,female,29.3,1,0,114.06,S,2,0,1
10083,3,female,23.2,1,2,24.05,S,4,0,0
10085,3,male,11.2,0,2,46.28,S,3,0,0
10086,3,male,39.5,2,4,112.62,S,7,0,1
10087,3,male,39.4,2,2,25.17,S,5,0,0
10088,3,male,21.6,2,4,45.05,S,7,0,1
10089,3,female,33.1,2,2,6.84,S,5,0,0
10091,3,male,24.4,2,3,39.89,S,6,0,0
10092,2,male,47.4,3,3,82.44,S,7,0,0
10093,1,female,44.7,2,3,26.83,S,6,0,1
10094,3,male,19.1,5,0,24.47,S,6,0,1
10095,1,female,13.5,0,4,27.09,S,5,0,0
10098,3,female,0.0,0,3,51.77,S,4,0,0
10099,3,male,22.1,5,2,3.6,S,8,0,0
10100,1,male,59.4,0,2,45.63,S,3,0,1
10101,3,female,22.7,5,2,46.79,S,8,0,0
10102,3,female,34.3,1,0,4.54,S,2,0,1
10103,1,female,38.8,5,3,20.41,S,9,0,0
10105,3,male,24.3,4,3,16.19,S,8,0,0
10106,1,male,46.2,5,2,32.78,S,8,0,0
10107,3,male,29.6,4,0,7.88,S,5,0,0
10108,3,female,27.7,5,1,4.54,S,7,0,0
10109,1,female,40.2,0,1,32.54,S,2,0,0
10110,3,male,14.6,5,2,56.1,S,8,0,0
10112,2,male,6.3,4,3,75.07,S,8,0,1
10113,3,female,37.0,2,4,42.74,S,7,0,0
10114,1,male,26.7,4,2,36.27,S,7,0,0
10115,3,female,40.6,4,2,4.13,S,7,0,0
10116,1,female,29.7,4,1,84.98,S,6,0,0
10117,2,female,9.8,5,2,20.53,S,8,0,0
10118,3,male,24.0,1,4,24.54,S,6,0,0
10119,2,female,41.6,4,3,23.0,S,8,0,1
10120,2,female,25.3,2,4,24.23,S,7,0,0
10121,3,male,45.6,3,0,55.39,S,4,0,0
10122,3,male,22.7,1,2,3.33,S,4,0,1
10125,3,male,25.8,2,0,4.01,S,3,0,1
10126,3,male,23.6,3,3,27.84,S,7,0,0
10128,2,female,44.6,3,1,8.06,S,5,0,0
10131,3,male,47.2,0,0,39.11,S,1,1,0
10132,3,female,31.3,5,1,5.14,S,7,0,1
10134,1,female,5.2,5,4,70.54,S,10,0,0
10135,1,female,17.8,5,4,8.83,S,10,0,0
10138,2,male,14.0,2,0,24.91,S,3,0,0
10140,1,male,15.1,0,3,8.94,S,4,0,0
10143,3,male,32.9,1,1,62.13,S,3,0,0
10144,1,male,32.6,2,3,65.35,S,6,0,1
10145,1,male,13.4,0,3,13.56,S,4,0,1
10147,3,female,34.3,0,3,28.71,S,4,0,0
10149,1,male,11.1,2,3,36.15,S,6,0,0
10150,3,male,26.8,2,3,4.37,S,6,0,1
10151,3,male,17.3,4,2,14.16,S,7,0,0
10152,3,male,22.5,5,1,46.08,S,7,0,0
10154,3,female,16.3,5,4,4.17,S,10,0,1
10156,3,female,33.2,2,2,65.04,S,5,0,0
10158,3,male,11.6,2,2,27.83,S,5,0,1
10159,3,male,20.2,0,0,7.4,S,1,1,1
10160,2,male,37.2,3,1,12.56,S,5,0,0
10161,3,female,8.3,1,3,33.93,S,5,0,0
10163,1,male,29.4,1,0,30.43,S,2,0,0
10164,3,female,0.0,0,2,16.1,S,3,0,1
10165,3,female,22.1,4,0,27.5,S,5,0,0
10166,3,female,33.6,5,2,0.12,S,8,0,0
10167,1,male,26.0,4,0,42.57,S,5,0,0
10168,3,male,22.4,4,3,59.45,S,8,0,0
10169,1,male,31.2,0,0,1.51,S,1,1,0
10171,2,female,36.5,3,2,60.44,S,6,0,0
10172,1,male,18.4,2,3,29.09,S,6,0,0
10173,2,male,8.6,5,2,21.13,S,8,0,0
10175,3,female,12.5,4,2,42.76,S,7,0,0
10176,3,male,21.6,2,1,37.4,S,4,0,1
10177,3,male,31.8,3,0,28.51,S,4,0,0
10178,3,male,45.1,2,0,2.0,S,3,0,1
10179,3,male,47.0,2,2,32.94,S,5,0,1
10180,3,male,29.8,5,3,1.7,S,9,0,1
10181,3,male,21.9,2,4,55.26,S,7,0,0
10182,3,male,12.2,0,3,65.11,S,4,0,0
10183,3,male,56.4,3,4,24.22,S,8,0,0
10184,2,male,24.9,2,1,60.38,S,4,0,1
10185,3,female,38.5,4,4,16.39,S,9,0,0
10186,3,male,31.8,4,3,10.96,S,8,0,1
10187,3,female,22.1,5,4,21.18,S,10,0,1
10189,3,female,9.6,5,1,46.54,S,7,0,0
10191,3,male,27.3,2,2,61.98,S,5,0,0
10192,1,female,49.0,0,1,87.88,S,2,0,0
10194,3,female,24.8,1,2,40.47,S,4,0,0
10195,2,female,13.1,4,1,21.02,S,6,0,1
10196,1,male,24.6,2,1,75.68,S,4,0,1
10197,2,male,11.6,2,3,0.99,S,6,0,1
10201,3,male,8.6,5,1,43.81,S,7,0,0
10202,3,female,46.0,5,1,15.97,S,7,0,0
10204,3,male,33.8,5,2,39.92,S,8,0,0
10205,1,male,13.0,4,1,9.29,S,6,0,0
10206,3,male,31.8,0,4,10.88,S,5,0,1
10208,3,female,19.6,4,4,44.06,S,9,0,0
10209,3,male,30.5,3,3,128.23,S,7,0,1
10210,2,female,53.6,5,1,14.43,S,7,0,1
10213,3,male,21.7,0,1,67.0,S,2,0,0
10214,1,male,2.2,0,1,87.72,S,2,0,1
10215,1,male,13.3,1,1,6.73,S,3,0,1
10216,3,male,22.4,0,2,33.97,S,3,0,1
10219,3,male,10.6,5,1,13.07,S,7,0,0
10220,3,male,3.3,3,4,75.54,S,8,0,1
10221,3,female,34.8,5,3,9.54,S,9,0,1
10222,2,female,26.3,0,0,7.43,S,1,1,1
10223,3,female,51.6,3,1,67.99,S,5,0,0
10224,3,male,24.1,3,3,32.13,S,7,0,0
10226,3,male,36.6,4,3,32.95,S,8,0,1
10227,3,male,40.5,1,1,66.85,S,3,0,1
10229,3,male,35.4,3,3,9.49,S,7,0,0
10232,1,male,19.7,1,2,75.48,S,4,0,1
10233,2,female,46.8,1,2,28.76,S,4,0,0
10235,3,male,25.1,4,1,1.84,S,6,0,0
10236,3,male,40.2,3,3,17.5,S,7,0,1
10238,1,female,31.3,2,4,52.9,S,7,0,1
10239,2,female,44.5,1,4,13.11,S,6,0,0
10240,3,male,32.6,0,3,16.51,S,4,0,0
10241,3,male,21.4,4,2,32.75,S,7,0,0
10242,1,male,10.9,4,4,40.44,S,9,0,0
10244,1,female,18.2,4,3,6.15,S,8,0,0
10246,2,male,44.1,1,2,3.1,S,4,0,0
10248,1,female,22.8,1,4,12.13,S,6,0,1
10251,3,male,15.1,4,4,1.88,S,9,0,0
10252,2,male,52.5,5,4,57.97,S,10,0,0
10253,3,female,21.3,1,3,10.83,S,5,0,0
10256,3,male,36.7,4,3,6.72,S,8,0,0
10258,1,male,29.4,3,0,26.31,S,4,0,1
10260,3,male,34.8,3,2,74.06,S,6,0,1
10261,2,female,25.8,0,3,28.76,S,4,0,1
10262,2,female,26.5,1,1,53.52,S,3,0,1
10263,3,male,37.1,4,2,21.4,S,7,0,1
10264,3,male,13.0,4,0,18.25,S,5,0,1
10265,1,male,10.9,5,2,16.37,S,8,0,0
10267,1,female,0.9,4,3,39.27,S,8,0,0
10268,1,male,5.4,2,1,55.14,S,4,0,0
10270,2,male,50.7,4,0,65.03,S,5,0,0
10271,2,male,21.0,2,2,32.58,S,5,0,0
10272,2,male,43.0,1,1,51.94,S,3,0,1
10273,3,female,43.5,3,1,37.44,S,5,0,0
10274,3,female,35.6,2,4,47.56,S,7,0,1
10275,3,male,27.9,3,4,0.62,S,8,0,0
10277,3,male,40.2,0,2,69.47,S,3,0,1
10280,3,male,57.5,5,0,49.57,S,6,0,0
10281,2,male,62.6,0,3,6.4,S,4,0,0
10282,3,male,2.3,4,0,1.56,S,5,0,1
10283,2,male,36.2,5,3,10.95,S,9,0,1
10284,1,male,57.6,3,4,18.69,S,8,0,0
10285,1,male,43.0,0,1,10.1,S,2,0,0
10286,3,female,43.2,4,0,65.45,S,5,0,0
10287,3,male,8.9,4,2,106.74,S,7,0,0
10290,1,female,39.9,0,2,5.04,S,3,0,0
10291,1,male,14.5,3,4,65.79,S,8,0,0
10292,3,male,14.0,5,3,59.05,S,9,0,0
10294,1,male,23.7,0,0,1.6,S,1,1,0
10295,2,male,26.8,1,3,73.35,S,5,0,1
10296,3,male,22.3,1,4,55.22,S,6,0,1
10297,1,female,26.2,5,3,87.1,S,9,0,0
10299,3,male,28.3,2,3,34.33,S,6,0,1
10300,3,male,9.1,4,3,63.89,S,8,0,1
10302,3,male,32.6,1,3,20.59,S,5,0,0
10303,1,female,11.3,0,4,24.28,S,5,0,1
10305,1,female,17.4,0,2,56.4,S,3,0,1
10306,3,male,45.6,3,1,92.12,S,5,0,1
10307,3,male,33.6,4,4,17.27,S,9,0,0
10308,3,female,43.0,5,0,30.23,S,6,0,1
10310,3,female,36.9,3,4,13.68,S,8,0,1
10311,1,female,42.9,4,2,2.75,S,7,0,0
10312,3,male,55.7,4,3,23.5,S,8,0,1
10313,3,male,44.0,5,2,8.96,S,8,0,0
10314,3,male,35.3,2,3,33.81,S,6,0,1
10315,1,male,10.1,2,3,24.66,S,6,0,0
10317,2,male,27.2,0,0,29.46,S,1,1,0
10318,1,female,19.0,2,2,69.4,S,5,0,1
10320,1,male,27.8,5,3,52.42,S,9,0,0
10321,1,male,38.3,2,0,99.04,S,3,0,0
10322,2,female,20.3,5,1,40.89,S,7,0,1
10323,3,female,41.5,3,2,4.79,S,6,0,0
10324,3,male,29.5,2,4,60.76,S,7,0,0
10327,1,female,31.5,3,0,21.32,S,4,0,0
10328,1,male,28.2,3,3,54.92,S,7,0,0
10329,2,male,36.3,5,0,5.35,S,6,0,1
10331,3,female,28.3,2,2,25.68,S,5,0,0
10332,1,female,35.2,0,2,72.65,S,3,0,0
10333,3,female,27.5,3,2,63.59,S,6,0,1
10334,3,male,27.6,5,2,40.29,S,8,0,0
10335,2,male,22.1,0,3,6.15,S,4,0,1
10336,3,male,21.2,2,3,52.6,S,6,0,0
10341,3,male,43.2,5,3,43.67,S,9,0,0
10342,2,female,46.4,2,4,115.53,S,7,0,0
10343,3,female,12.3,3,3,7.69,S,7,0,1
10344,2,male,44.6,4,0,60.07,S,5,0,1
10345,2,male,57.8,1,3,4.9,S,5,0,0
10346,3,female,19.4,0,0,0.55,S,1,1,0
10348,1,male,11.8,0,0,102.9,S,1,1,0
10350,3,female,8.1,3,3,59.54,S,7,0,0
10351,3,male,23.4,1,1,38.46,S,3,0,1
10352,3,male,40.0,1,2,38.5,S,4,0,0
10353,3,female,19.4,1,4,19.7,S,6,0,1
10354,3,female,15.2,1,4,17.27,S,6,0,0
10357,3,female,25.4,4,4,88.55,S,9,0,0
10358,2,female,26.1,2,3,54.13,S,6,0,0
10359,1,male,13.4,0,0,12.05,S,1,1,1
10362,2,male,20.5,4,4,59.86,S,9,0,1
10363,3,female,36.5,4,4,3.09,S,9,0,1
10364,3,female,20.6,5,1,38.54,S,7,0,0
10365,3,female,2.5,4,2,8.99,S,7,0,0
10366,3,male,35.4,0,3,8.85,S,4,0,1
10367,2,female,58.0,1,4,39.14,S,6,0,0
10369,3,male,31.5,1,2,23.22,S,4,0,0
10370,3,male,47.3,1,0,20.05,S,2,0,0
10371,3,male,27.6,2,3,54.02,S,6,0,1
10372,2,male,9.0,1,4,0.82,S,6,0,0
10373,3,male,29.6,4,1,39.29,S,6,0,0
10375,3,male,21.9,5,2,8.97,S,8,0,0
10376,3,male,32.3,5,1,35.19,S,7,0,0
10377,3,female,14.3,4,2,15.31,S,7,0,0
10379,1,male,34.4,2,1,22.46,S,4,0,1
10380,1,female,30.8,5,3,60.68,S,9,0,1
10382,2,male,35.2,3,1,24.36,S,5,0,0
10383,2,female,38.4,1,4,5.5,S,6,0,1
10384,3,male,39.3,3,4,18.82,S,8,0,1
10386,3,male,20.3,2,2,58.27,S,5,0,0
10387,3,male,56.5,0,3,7.42,S,4,0,1
10389,3,male,25.4,2,4,14.17,S,7,0,1
10390,1,male,8.3,3,4,57.83,S,8,0,1
10391,2,male,15.9,2,0,15.8,S,3,0,0
10392,2,male,20.0,4,0,5.3,S,5,0,1
10393,3,female,35.2,2,4,22.42,S,7,0,0
10394,2,female,24.0,5,0,9.66,S,6,0,0
10395,2,female,29.2,2,4,12.48,S,7,0,1
10396,3,male,8.9,3,2,12.16,S,6,0,0
10397,2,female,48.7,5,2,13.58,S,8,0,1
10398,3,male,18.7,2,0,22.06,S,3,0,0
10399,3,male,32.3,2,2,4.37,S,5,0,0
10400,3,female,21.6,5,2,9.53,S,8,0,0
10402,1,female,17.9,5,3,45.1,S,9,0,0
10404,3,female,15.3,5,1,9.72,S,7,0,1
10406,1,female,27.3,4,3,126.99,S,8,0,0
10407,3,female,37.8,4,4,25.57,S,9,0,0
10408,2,female,39.2,2,3,53.74,S,6,0,0
10409,3,male,24.6,4,2,80.3,S,7,0,0
10410,1,male,34.1,1,4,32.42,S,6,0,1
10411,2,male,22.7,0,4,23.43,S,5,0,1
10412,3,female,47.4,0,1,46.28,S,2,0,0
10413,2,female,24.0,1,1,12.29,S,3,0,0
10414,3,male,26.2,0,1,115.12,S,2,0,1
10415,1,female,22.4,0,0,20.64,S,1,1,1
10416,2,female,18.7,3,2,84.33,S,6,0,1
10417,3,male,57.5,2,2,45.64,S,5,0,0
10418,3,male,35.8,3,2,7.6,S,6,0,0
10419,3,male,30.0,3,2,7.98,S,6,0,0
10421,3,male,44.6,0,2,14.89,S,3,0,0
10422,3,female,21.4,1,0,0.48,S,2,0,0
10423,1,male,30.7,4,4,61.97,S,9,0,0
10425,1,male,15.6,0,1,55.73,S,2,0,1
10426,1,male,36.6,2,1,21.1,S,4,0,0
10428,2,male,36.4,0,1,24.6,S,2,0,0
10429,3,female,25.0,4,0,92.63,S,5,0,1
10430,2,male,20.7,1,2,17.32,S,4,0,0
10431,1,male,32.2,0,2,15.75,S,3,0,0
10432,3,male,22.6,0,0,30.54,S,1,1,1
10434,3,male,17.5,0,0,29.92,S,1,1,1
10435,2,female,24.6,4,0,27.18,S,5,0,0
10437,2,male,31.1,4,4,147.2,S,9,0,0
10438,2,female,18.4,0,1,121.16,S,2,0,0
10439,3,female,28.4,2,0,4.23,S,3,0,0
10440,3,male,59.4,4,2,19.25,S,7,0,1
10441,2,male,46.2,2,1,17.56,S,4,0,1
10442,2,female,37.3,5,1,6.77,S,7,0,1
10444,3,male,28.0,0,0,110.69,S,1,1,0
10445,1,male,28.1,2,1,5.3,S,4,0,1
10446,3,male,14.2,1,2,10.17,S,4,0,0
10447,3,male,46.9,3,4,61.8,S,8,0,1
10448,1,female,56.4,0,4,11.66,S,5,0,0
10451,3,female,0.0,0,3,4.31,S,4,0,1
10453,3,male,27.5,3,4,3.72,S,8,0,1
10455,1,male,53.2,2,2,8.65,S,5,0,0
10456,3,female,39.8,3,3,41.93,S,7,0,0
10457,3,male,24.2,2,3,5.23,S,6,0,0
10458,1,male,31.2,0,4,34.7,S,5,0,0
10459,3,male,2.3,2,1,27.43,S,4,0,0
10463,2,female,50.6,0,2,40.8,S,3,0,1
10464,3,female,39.1,3,4,52.24,S,8,0,0
10465,3,female,7.6,4,2,38.06,S,7,0,0
10466,1,male,10.2,4,2,12.3,S,7,0,0
10467,3,male,20.6,0,1,104.2,S,2,0,0
10470,1,female,37.5,4,0,55.11,S,5,0,0
10472,3,female,37.7,1,1,25.26,S,3,0,1
10473,2,male,39.2,2,1,4.62,S,4,0,0
10474,2,female,35.8,4,4,62.21,S,9,0,1
10475,3,female,63.7,0,4,85.63,S,5,0,0
10477,3,female,42.5,2,4,2.57,S,7,0,0
10478,2,male,55.3,3,1,7.11,S,5,0,0
10479,1,female,40.9,3,4,21.86,S,8,0,0
10482,1,male,23.4,0,0,59.75,S,1,1,1
10483,3,female,15.2,3,4,4.35,S,8,0,0
10484,1,female,16.4,1,1,0.1,S,3,0,0
10487,3,male,43.9,5,4,2.27,S,10,0,1
10488,2,female,37.8,2,1,28.41,S,4,0,1
10489,3,male,31.6,1,2,44.77,S,4,0,0
10491,1,female,37.3,2,3,26.95,S,6,0,0
10492,3,male,20.6,1,1,36.41,S,3,0,0
10493,2,male,10.9,3,2,20.7,S,6,0,0
10497,2,female,58.8,3,1,31.61,S,5,0,0
10498,3,female,35.2,0,0,28.06,S,1,1,0
10500,3,female,20.5,5,3,12.54,S,9,0,0
10501,2,male,41.8,3,3,82.67,S,7,0,0
10502,3,male,12.0,3,2,35.01,S,6,0,1
10503,2,male,33.4,2,4,19.63,S,7,0,0
10504,3,female,22.9,5,4,35.09,S,10,0,1
10505,2,female,30.7,1,3,4.12,S,5,0,0
10506,3,male,35.8,1,0,91.92,S,2,0,0
10508,1,female,5.6,3,4,13.01,S,8,0,1
10509,3,male,16.0,1,3,0.43,S,5,0,0
10511,2,male,34.2,1,1,111.75,S,3,0,0
10513,3,male,56.6,3,2,12.94,S,6,0,0
10514,1,male,47.0,3,4,17.34,S,8,0,1
10515,1,female,43.6,2,0,26.91,S,3,0,0
10516,3,female,18.9,2,2,37.35,S,5,0,1
10518,2,female,33.8,1,4,87.53,S,6,0,1
10519,3,female,18.9,1,2,17.12,S,4,0,1
10520,3,male,27.5,4,2,31.34,S,7,0,0
10521,2,male,14.5,3,4,77.57,S,8,0,1
10522,1,female,19.0,1,3,27.63,S,5,0,1
10524,3,male,42.4,0,3,32.09,S,4,0,0
10525,1,female,28.0,5,1,9.12,S,7,0,1
10526,1,male,15.8,3,1,105.45,S,5,0,0
10529,3,male,43.7,4,4,198.65,S,9,0,0
10530,1,male,30.9,0,3,33.6,S,4,0,1
10531,3,male,8.9,1,2,30.01,S,4,0,1
10532,2,male,22.0,4,0,79.48,S,5,0,1
10533,1,male,12.8,2,3,24.98,S,6,0,0
10534,3,male,36.9,0,3,14.3,S,4,0,0
10535,3,male,44.2,1,2,6.15,S,4,0,0
10536,3,male,7.4,1,2,53.24,S,4,0,0
10539,3,male,7.2,4,0,22.75,S,5,0,0
10540,3,male,22.9,4,0,43.16,S,5,0,0
10541,3,male,29.0,2,3,36.88,S,6,0,0
10542,3,male,43.9,2,3,17.63,S,6,0,1
10543,3,female,36.6,2,4,17.77,S,7,0,1
10544,1,male,39.5,4,1,10.09,S,6,0,1
10545,1,male,37.4,0,2,13.34,S,3,0,0
10546,2,male,23.8,2,2,39.77,S,5,0,1
10547,3,female,52.0,2,2,26.44,S,5,0,1
10549,3,male,0.0,2,4,22.71,S,7,0,0
10550,2,male,3.8,0,3,99.27,S,4,0,0
10552,3,male,24.4,2,4,3.55,S,7,0,0
10553,3,male,21.5,2,2,35.26,S,5,0,0
10554,1,male,31.1,3,4,101.25,S,8,0,1
10556,2,male,35.4,1,4,13.52,S,6,0,0
10557,2,male,38.1,1,0,2.22,S,2,0,1
10563,2,female,37.6,0,1,30.92,S,2,0,0
10564,2,male,31.3,0,4,27.44,S,5,0,0
10565,3,male,51.1,0,1,34.81,S,2,0,1
10566,2,male,21.6,0,0,50.43,S,1,1,1
10567,2,male,17.5,3,2,41.84,S,6,0,0
10568,2,male,4.3,4,4,100.89,S,9,0,1
10569,3,male,39.5,0,1,5.94,S,2,0,0
10570,3,male,21.0,4,3,96.78,S,8,0,1
10571,3,male,46.7,1,0,6.05,S,2,0,1
10573,2,male,24.3,2,3,49.7,S,6,0,0
10576,2,female,28.2,4,3,37.64,S,8,0,1
10577,1,female,32.7,4,1,24.15,S,6,0,1
10578,3,male,37.5,5,0,1.06,S,6,0,0
10579,3,male,32.7,3,0,27.73,S,4,0,1
10581,3,male,36.3,3,0,10.17,S,4,0,1
10583,3,male,34.0,3,1,60.31,S,5,0,0
10585,3,male,39.2,1,2,107.06,S,4,0,0
10587,2,male,22.9,5,4,5.9,S,10,0,1
10588,1,female,60.2,0,1,12.09,S,2,0,1
10591,3,male,38.6,0,3,5.56,S,4,0,1
10593,3,male,20.6,4,1,82.22,S,6,0,0
10596,1,male,33.2,4,4,7.27,S,9,0,0
10597,3,male,44.2,5,2,44.85,S,8,0,0
10600,1,male,38.1,2,1,5.84,S,4,0,0
10601,3,male,63.4,0,3,0.07,S,4,0,0
10602,3,male,52.3,4,1,24.81,S,6,0,1
10603,2,male,49.9,2,1,2.28,S,4,0,1
10604,3,male,40.7,1,1,14.77,S,3,0,0
10605,3,male,16.5,0,0,19.23,S,1,1,0
10607,3,male,60.5,5,1,122.32,S,7,0,1
10608,3,male,36.1,3,1,13.53,S,5,0,1
10609,3,male,17.5,2,3,5.0,S,6,0,1
10612,3,male,17.0,2,1,55.06,S,4,0,0
10614,2,male,39.4,3,0,29.22,S,4,0,0
10615,3,male,17.8,0,3,144.65,S,4,0,0
10616,1,male,21.2,1,2,13.47,S,4,0,1
10618,3,male,27.2,2,1,29.28,S,4,0,0
10619,3,male,1.8,0,2,28.87,S,3,0,0
10620,3,male,24.8,2,2,98.11,S,5,0,0
10621,3,male,30.1,3,0,49.33,S,4,0,0
10623,2,male,14.9,1,2,0.91,S,4,0,1
10624,1,male,28.2,3,1,1.31,S,5,0,1
10625,1,female,26.2,4,4,14.51,S,9,0,1
10627,3,female,33.0,2,3,52.68,S,6,0,0
10630,1,female,24.5,3,1,50.56,S,5,0,0
10632,2,male,2.9,1,2,6.43,S,4,0,0
10633,2,male,25.3,0,2,32.82,S,3,0,0
10634,3,male,36.2,0,1,5.16,S,2,0,0
10636,3,female,31.4,5,4,53.09,S,10,0,0
10638,1,male,28.2,0,1,5.86,S,2,0,1
10640,1,male,28.9,0,4,53.3,S,5,0,0
10641,2,male,22.1,3,0,25.34,S,4,0,1
10642,2,male,13.3,2,3,24.6,S,6,0,0
10646,3,male,37.2,1,0,22.66,S,2,0,1
10647,1,female,21.6,1,4,29.0,S,6,0,1
10648,3,male,43.4,3,2,124.86,S,6,0,1
10649,3,female,21.3,4,0,19.44,S,5,0,1
10651,3,male,12.2,1,0,26.49,S,2,0,1
10653,3,male,15.6,1,0,4.28,S,2,0,0
10654,3,male,17.9,2,4,5.65,S,7,0,0
10656,3,male,28.7,5,3,43.65,S,9,0,0
10657,3,female,46.6,0,1,7.23,S,2,0,0
10659,1,male,36.7,3,0,23.18,S,4,0,0
10660,2,male,26.9,5,2,99.4,S,8,0,0
10663,2,male,21.2,2,1,121.59,S,4,0,0
10664,3,male,19.2,2,4,4.46,S,7,0,0
10668,3,male,42.4,1,3,33.59,S,5,0,1
10669,3,female,9.7,3,0,3.82,S,4,0,0
10670,3,male,14.4,0,0,45.18,S,1,1,1
10671,1,male,46.8,2,3,8.15,S,6,0,0
10673,3,female,48.3,2,3,50.64,S,6,0,0
10674,3,female,12.7,2,2,2.68,S,5,0,0
10676,1,male,39.8,0,3,3.77,S,4,0,1
10677,1,female,16.3,0,2,43.11,S,3,0,0
10678,3,male,52.4,0,3,50.02,S,4,0,0
10679,3,male,23.5,4,4,28.12,S,9,0,0
10680,2,female,36.1,3,4,13.87,S,8,0,0
10681,2,male,19.5,4,0,8.62,S,5,0,1
10682,1,male,49.9,4,0,52.96,S,5,0,0
10683,2,male,33.2,5,3,3.61,S,9,0,1
10684,2,male,58.4,1,3,117.37,S,5,0,0
10685,2,male,45.5,1,2,48.32,S,4,0,0
10686,3,male,40.7,2,0,37.52,S,3,0,0
10688,1,male,30.2,4,1,37.35,S,6,0,1
10690,3,male,29.4,4,0,12.46,S,5,0,1
10692,3,male,16.4,4,2,27.41,S,7,0,1
10693,3,female,26.8,2,4,0.32,S,7,0,0
10695,1,male,14.9,2,3,42.65,S,6,0,1
10697,3,female,32.1,5,4,72.9,S,10,0,0
10698,3,male,40.4,4,3,103.17,S,8,0,1
10699,3,male,35.8,0,4,65.17,S,5,0,0
10700,3,female,5.0,2,4,25.78,S,7,0,0
10702,3,female,52.1,4,3,14.76,S,8,0,0
10703,3,female,40.0,3,4,73.3,S,8,0,1
10704,2,male,6.3,5,4,56.82,S,10,0,0
10706,3,male,17.4,1,3,48.22,S,5,0,1
10709,2,female,30.1,5,0,55.06,S,6,0,0
10710,2,male,32.0,1,2,54.0,S,4,0,0
10712,1,male,12.9,4,2,19.61,S,7,0,1
10713,1,male,6.7,3,3,25.62,S,7,0,1
10714,2,male,48.8,0,1,24.52,S,2,0,1
10718,2,male,11.8,5,1,26.07,S,7,0,0
10719,3,male,28.2,0,1,134.29,S,2,0,0
10721,1,male,30.4,4,0,4.33,S,5,0,0
10722,1,female,16.7,4,2,35.87,S,7,0,0
10726,2,female,36.2,4,2,9.6,S,7,0,0
10727,1,male,32.5,5,3,1.49,S,9,0,0
10729,3,male,32.7,3,1,33.81,S,5,0,1
10730,3,male,31.5,5,4,4.88,S,10,0,0
10731,3,male,27.3,4,4,135.56,S,9,0,1
10732,2,male,19.0,4,2,83.29,S,7,0,1
10733,3,male,19.0,3,3,41.09,S,7,0,0
10734,2,male,31.1,3,2,1.77,S,6,0,0
10735,2,female,43.3,2,2,7.68,S,5,0,0
10736,3,male,37.0,3,0,12.56,S,4,0,1
10738,3,male,13.5,4,0,56.21,S,5,0,0
10739,3,male,36.3,0,4,2.55,S,5,0,0
10742,1,male,36.7,5,1,12.91,S,7,0,0
10744,3,male,31.2,1,1,123.02,S,3,0,0
10745,3,female,32.3,5,4,103.67,S,10,0,0
10746,1,female,43.0,2,0,30.99,S,3,0,1
10748,3,male,28.1,2,4,39.25,S,7,0,0
10750,3,male,21.8,1,2,204.74,S,4,0,0
10751,3,male,21.5,2,3,30.68,S,6,0,0
10752,3,male,21.0,3,0,6.69,S,4,0,0
10753,1,male,27.2,4,3,57.02,S,8,0,1
10754,3,female,53.5,4,4,31.2,S,9,0,0
10755,1,female,27.7,4,0,19.25,S,5,0,1
10759,1,male,28.7,2,0,9.66,S,3,0,1
10760,3,male,39.8,1,4,20.8,S,6,0,0
10762,2,female,26.7,5,3,139.87,S,9,0,1
10763,2,female,25.7,0,1,1.44,S,2,0,0
10765,2,male,43.6,3,3,4.38,S,7,0,1
10769,2,male,48.7,4,4,23.0,S,9,0,0
10770,1,male,26.2,2,3,36.13,S,6,0,0
10771,3,male,18.7,1,4,26.35,S,6,0,1
10773,3,male,21.1,3,4,210.87,S,8,0,0
10774,3,male,47.0,0,1,1.88,S,2,0,0
10775,1,female,37.1,1,3,41.65,S,5,0,0
10777,2,female,15.3,1,4,49.96,S,6,0,1
10778,3,female,42.4,5,3,79.68,S,9,0,1
10779,2,male,18.6,0,3,28.8,S,4,0,0
10780,3,male,0.0,5,0,9.4,S,6,0,1
10781,2,female,41.5,3,0,35.64,S,4,0,0
10784,1,male,30.3,4,0,30.38,S,5,0,1
10785,3,male,29.3,4,1,10.92,S,6,0,0
10786,1,male,50.0,2,1,37.95,S,4,0,0
10788,3,male,22.3,5,4,135.43,S,10,0,1
10789,1,male,27.8,5,3,5.9,S,9,0,0
10790,3,male,31.2,4,2,19.44,S,7,0,1
10791,3,male,0.0,4,4,43.19,S,9,0,0
10793,3,male,48.0,1,0,2.14,S,2,0,0
10794,2,female,28.3,5,4,13.69,S,10,0,0
10795,2,male,23.1,3,3,50.51,S,7,0,0
10796,3,male,34.4,5,4,21.72,S,10,0,0
10797,2,female,53.4,3,0,37.93,S,4,0,0
10799,3,male,32.0,1,4,91.87,S,6,0,0
10800,3,male,23.5,4,4,62.5,S,9,0,0
10802,3,male,29.3,2,1,22.03,S,4,0,0
10805,2,female,18.8,2,0,31.05,S,3,0,0
10806,3,female,45.2,1,3,9.66,S,5,0,0
10807,1,male,25.4,3,4,5.57,S,8,0,0
10808,3,female,0.0,0,2,3.74,S,3,0,1
10809,3,male,51.4,1,3,10.8,S,5,0,0
10811,3,female,22.4,0,0,3.93,S,1,1,1
10812,2,male,43.9,3,4,36.04,S,8,0,0
10813,2,male,18.6,1,1,65.35,S,3,0,1
10815,2,male,32.0,0,1,66.1,S,2,0,0
10816,3,male,40.2,1,1,5.24,S,3,0,1
10817,1,female,22.4,4,4,2.58,S,9,0,1
10820,2,male,15.1,2,0,13.33,S,3,0,0
10821,3,female,24.5,1,2,34.27,S,4,0,0
10822,3,male,38.1,3,1,34.01,S,5,0,1
10823,1,male,30.4,0,4,37.02,S,5,0,0
10826,1,male,41.4,0,4,2.7,S,5,0,0
10827,3,male,6.7,1,3,0.44,S,5,0,1
10828,2,male,25.0,0,4,6.36,S,5,0,1
10829,2,male,41.3,0,2,4.09,S,3,0,0
10830,3,male,27.3,1,1,1.25,S,3,0,0
10831,3,male,6.3,2,3,3.03,S,6,0,0
10832,3,female,21.3,0,3,1.6,S,4,0,0
10833,1,male,0.0,1,3,25.42,S,5,0,0
10835,1,female,19.4,5,3,178.25,S,9,0,1
10836,3,male,24.0,4,4,22.29,S,9,0,0
10837,2,male,45.5,5,4,74.04,S,10,0,1
10838,3,male,10.4,2,2,21.41,S,5,0,1
10839,2,male,18.9,1,4,4.67,S,6,0,0
10843,1,male,34.0,0,3,6.78,S,4,0,0
10844,3,male,33.3,5,0,29.28,S,6,0,0
10845,3,male,12.2,5,4,18.25,S,10,0,1
10847,1,male,13.3,2,4,24.36,S,7,0,1
10848,3,female,29.6,0,2,97.88,S,3,0,1
10849,2,female,24.2,4,1,41.5,S,6,0,0
10850,2,male,20.7,2,3,2.3,S,6,0,0
10851,3,male,29.4,0,4,12.33,S,5,0,0
10852,3,male,38.5,5,2,37.73,S,8,0,1
10853,3,male,53.9,3,2,4.83,S,6,0,1
10854,2,male,36.7,4,0,24.76,S,5,0,0
10855,2,female,60.9,0,0,25.28,S,1,1,0
10857,2,male,54.0,2,2,29.82,S,5,0,0
10858,3,female,35.1,3,1,73.71,S,5,0,1
10859,3,male,32.4,5,2,33.75,S,8,0,0
10861,1,male,33.2,1,4,30.42,S,6,0,0
10862,3,male,35.0,2,4,44.59,S,7,0,0
10864,2,male,38.8,0,4,19.92,S,5,0,0
10865,1,female,8.2,1,2,5.5,S,4,0,1
10867,3,female,37.4,2,0,98.19,S,3,0,1
10868,3,male,48.9,3,3,25.33,S,7,0,0
10869,3,male,16.9,4,1,36.77,S,6,0,0
10870,1,female,15.2,3,2,30.28,S,6,0,0
10872,3,female,14.0,2,3,26.23,S,6,0,0
10873,3,male,12.6,2,2,20.5,S,5,0,0
10874,3,female,31.9,0,1,69.05,S,2,0,1
10875,1,male,28.3,4,3,4.12,S,8,0,0
10876,3,male,31.2,2,2,40.26,S,5,0,0
10877,2,female,36.5,0,3,36.54,S,4,0,0
10878,3,female,36.6,5,2,2.06,S,8,0,0
10880,3,female,29.7,0,3,49.59,S,4,0,0
10881,3,female,28.1,4,0,8.52,S,5,0,0
10883,1,male,9.6,5,0,2.8,S,6,0,0
10884,3,male,39.6,0,4,8.07,S,5,0,0
10885,3,male,43.7,2,1,70.89,S,4,0,1
10886,2,male,37.9,4,2,14.37,S,7,0,0
10887,2,female,36.8,0,1,52.46,S,2,0,0
10888,1,female,15.1,3,1,20.83,S,5,0,1
10891,2,female,29.4,1,2,24.43,S,4,0,0
10892,3,male,31.4,0,1,133.92,S,2,0,1
10893,3,male,32.0,5,0,13.51,S,6,0,0
10894,1,female,32.6,0,4,33.93,S,5,0,0
10895,3,female,38.1,3,0,37.43,S,4,0,0
10896,2,female,27.7,0,4,31.5,S,5,0,0
10897,3,female,2.3,2,1,20.88,S,4,0,0
10898,1,female,38.6,4,2,48.96,S,7,0,0
10900,2,male,10.9,3,4,102.24,S,8,0,0
10902,3,male,41.4,5,1,7.76,S,7,0,1
10904,3,male,0.0,5,3,62.12,S,9,0,0
10905,1,male,35.2,0,2,104.91,S,3,0,0
10907,3,male,30.0,3,4,95.28,S,8,0,0
10908,3,male,30.8,1,3,8.18,S,5,0,1
10910,3,female,38.1,0,3,33.99,S,4,0,0
10913,3,male,42.6,1,4,87.24,S,6,0,1
10915,3,female,17.1,4,1,13.24,S,6,0,0
10916,3,female,30.6,5,2,6.31,S,8,0,0
10917,3,male,50.1,3,2,5.41,S,6,0,0
10918,3,female,20.7,0,4,2.93,S,5,0,0
10920,2,male,33.5,2,2,21.31,S,5,0,1
10921,3,female,38.2,4,1,107.61,S,6,0,0
10923,1,male,29.5,4,1,98.38,S,6,0,0
10924,3,male,24.7,4,1,64.94,S,6,0,1
10925,1,female,33.6,3,2,28.01,S,6,0,0
10926,2,male,0.0,4,1,8.19,S,6,0,1
10927,2,male,55.2,3,4,9.38,S,8,0,0
10928,3,female,26.4,0,0,14.86,S,1,1,0
10929,3,male,31.6,3,4,0.79,S,8,0,1
10931,2,male,18.6,2,4,25.92,S,7,0,0
10932,1,female,61.6,4,3,3.41,S,8,0,0
10935,3,female,38.0,5,0,4.04,S,6,0,0
10936,2,female,17.2,2,2,7.3,S,5,0,1
10938,3,female,12.5,1,3,23.87,S,5,0,0
10940,2,male,15.9,5,3,35.02,S,9,0,1
10942,3,female,27.9,4,0,11.02,S,5,0,0
10943,3,male,37.0,0,1,31.31,S,2,0,0
10944,3,male,29.5,3,0,7.6,S,4,0,0
10945,3,female,37.5,5,0,39.73,S,6,0,1
10946,3,female,45.2,3,2,8.57,S,6,0,0
10947,3,male,37.0,5,1,0.45,S,7,0,1
10948,1,male,26.8,1,3,23.73,S,5,0,0
10950,3,female,39.8,2,0,31.73,S,3,0,0
10951,3,female,32.9,2,3,43.86,S,6,0,1
10952,1,female,16.9,5,0,53.79,S,6,0,0
10953,2,male,47.2,3,0,127.64,S,4,0,0
10955,2,male,38.1,0,4,21.08,S,5,0,1
10957,3,male,44.8,2,2,43.96,S,5,0,1
10958,3,male,6.8,0,3,21.09,S,4,0,0
10959,3,male,52.5,3,2,12.67,S,6,0,1
10960,3,male,1.9,0,1,18.11,S,2,0,0
10961,3,female,9.7,3,3,14.81,S,7,0,0
10963,2,male,21.6,0,3,8.21,S,4,0,0
10964,1,male,24.4,4,2,17.13,S,7,0,1
10965,3,male,21.6,2,1,11.75,S,4,0,0
10967,3,male,33.4,0,3,11.39,S,4,0,0
10968,2,female,28.3,0,2,21.5,S,3,0,1
10969,3,male,41.4,5,2,31.96,S,8,0,0
10970,2,male,30.1,4,0,30.7,S,5,0,0
10971,3,male,23.2,5,2,47.4,S,8,0,1
10973,2,female,3.3,5,3,12.08,S,9,0,1
10974,3,female,0.0,1,1,13.91,S,3,0,1
10976,3,female,24.2,0,3,7.44,S,4,0,1
10977,3,male,34.5,2,4,7.72,S,7,0,1
10978,3,male,0.0,0,4,3.2,S,5,0,0
10979,3,female,28.8,0,3,24.39,S,4,0,0
10980,2,male,24.0,0,4,41.52,S,5,0,1
10983,3,male,65.6,4,3,5.95,S,8,0,0
10986,2,male,30.8,5,0,108.85,S,6,0,0
10987,2,male,49.9,5,4,3.55,S,10,0,0
10988,3,male,11.0,3,0,67.22,S,4,0,1
10989,1,male,8.1,0,0,1.25,S,1,1,1
10990,3,female,27.3,3,0,24.24,S,4,0,1
10991,2,female,28.5,3,3,61.3,S,7,0,0
10992,2,female,38.9,1,2,32.22,S,4,0,1
10993,3,male,49.7,5,3,21.79,S,9,0,0
10994,1,female,39.9,5,2,4.36,S,8,0,1
10995,2,male,9.6,4,1,34.45,S,6,0,0
10996,3,male,14.0,3,4,29.51,S,8,0,1
10997,3,female,17.8,4,3,19.64,S,8,0,1
10998,3,male,39.9,2,4,8.57,S,7,0,0
11000,1,female,46.7,1,1,112.22,S,3,0,0
11002,3,male,20.2,5,2,88.45,S,8,0,0
11005,3,female,37.8,2,2,11.3,S,5,0,1
11006,1,male,20.2,3,2,17.81,S,6,0,1
11008,1,female,37.4,4,1,19.96,S,6,0,1
11009,1,female,56.1,0,4,6.55,S,5,0,0
11011,3,male,34.6,2,2,0.32,S,5,0,1
11015,1,male,43.0,2,3,33.2,S,6,0,1
11016,3,female,10.1,0,4,54.5,S,5,0,1
11017,3,male,29.9,5,4,25.76,S,10,0,1
11019,1,male,34.2,4,0,23.76,S,5,0,1
11020,3,male,22.6,3,1,4.28,S,5,0,1
11021,3,female,36.1,0,2,32.31,S,3,0,0
11025,1,male,30.8,0,0,24.97,S,1,1,0
11026,2,male,50.6,3,2,58.43,S,6,0,0
11028,2,female,21.0,5,2,18.24,S,8,0,1
11029,3,male,46.3,1,3,88.36,S,5,0,0
11031,3,male,23.2,2,0,4.76,S,3,0,0
11032,3,male,34.4,0,0,36.98,S,1,1,0
11033,1,female,26.7,1,2,3.69,S,4,0,1
11034,3,male,24.6,2,2,4.65,S,5,0,1
11035,3,female,19.3,1,0,65.77,S,2,0,1
11036,1,male,48.1,0,2,7.55,S,3,0,0
11037,1,female,26.9,5,0,31.17,S,6,0,0
11039,2,male,24.8,2,0,4.7,S,3,0,1
11040,2,male,34.0,5,4,15.61,S,10,0,0
11041,1,female,49.5,1,3,17.22,S,5,0,1
11043,3,male,16.9,5,3,5.33,S,9,0,1
11045,3,female,30.9,0,0,29.8,S,1,1,1
11047,3,male,30.0,0,4,5.35,S,5,0,0
11048,2,female,11.6,0,4,127.63,S,5,0,0
11050,1,female,39.6,5,3,32.9,S,9,0,0
11051,2,male,46.1,3,1,4.78,S,5,0,0
11052,3,female,24.0,2,0,55.08,S,3,0,1
11053,1,male,31.6,1,1,27.89,S,3,0,1
11054,2,male,46.3,2,1,20.47,S,4,0,1
11055,1,female,29.5,2,1,19.74,S,4,0,0
11056,1,female,39.1,1,0,35.57,S,2,0,0
11057,2,male,34.9,3,3,58.38,S,7,0,1
11059,2,female,16.2,0,2,0.65,S,3,0,1
11060,3,male,43.8,2,4,10.18,S,7,0,1
11062,3,female,19.6,3,3,6.89,S,7,0,1
11063,3,male,9.5,2,4,16.71,S,7,0,1
11064,3,male,43.9,2,3,22.67,S,6,0,0
11065,3,male,48.1,1,1,14.93,S,3,0,0
11066,3,male,18.9,4,2,19.99,S,7,0,0
11067,1,female,67.7,4,4,51.3,S,9,0,0
11068,3,male,48.3,5,1,8.33,S,7,0,0
11069,3,female,31.8,2,4,12.66,S,7,0,0
11070,3,female,50.0,5,2,23.93,S,8,0,0
11072,1,male,25.1,2,2,7.35,S,5,0,0
11073,2,male,35.5,5,1,23.81,S,7,0,0
11074,3,male,19.3,4,2,66.74,S,7,0,0
11076,3,male,15.9,0,2,40.9,S,3,0,0
11079,3,female,24.3,1,2,8.63,S,4,0,1
11080,2,male,6.0,0,3,22.36,S,4,0,1
11082,1,male,46.8,4,4,6.91,S,9,0,0
11083,3,male,19.8,5,1,3.8,S,7,0,0
11084,3,male,52.3,2,0,19.29,S,3,0,1
11086,1,male,14.2,4,0,24.77,S,5,0,1
11087,3,male,19.9,1,0,36.75,S,2,0,0
11089,1,male,26.4,4,1,4.94,S,6,0,1
11092,3,male,21.2,0,2,7.86,S,3,0,0
11093,3,male,55.5,2,3,23.46,S,6,0,0
11094,3,female,32.2,5,1,4.95,S,7,0,0
11096,3,female,22.9,5,4,5.66,S,10,0,1
11099,1,male,20.8,5,0,62.27,S,6,0,1
11100,2,female,21.3,4,3,28.03,S,8,0,0
11101,3,female,35.7,5,1,0.88,S,7,0,1
11102,3,male,9.7,1,2,8.31,S,4,0,1
11103,2,male,13.8,3,1,34.93,S,5,0,0
11105,1,male,13.5,1,3,15.14,S,5,0,0
11106,1,female,17.5,1,0,3.25,S,2,0,1
11107,2,male,41.6,3,0,15.9,S,4,0,0
11111,3,male,19.6,5,4,16.8,S,10,0,0
11113,3,male,31.0,3,2,30.18,S,6,0,0
11115,1,male,19.6,5,1,30.57,S,7,0,1
11116,1,male,13.9,0,2,0.87,S,3,0,1
11117,2,male,11.2,5,3,38.16,S,9,0,0
11118,1,male,31.3,2,2,36.05,S,5,0,1
11119,2,female,30.1,3,3,2.33,S,7,0,0
11120,3,male,45.7,2,3,6.75,S,6,0,1
11123,2,male,29.2,3,0,27.46,S,4,0,1
11124,1,male,21.3,4,4,45.72,S,9,0,0
11127,1,female,13.5,1,0,9.79,S,2,0,0
11128,3,male,22.6,2,4,30.59,S,7,0,0
11129,3,female,47.5,4,2,56.18,S,7,0,1
11130,2,female,33.5,0,0,9.74,S,1,1,1
11131,2,male,30.6,1,1,49.66,S,3,0,0
11133,1,male,38.2,1,2,3.8,S,4,0,1
11134,1,female,34.4,5,4,77.28,S,10,0,0
11135,3,male,32.0,2,1,36.63,S,4,0,0
11136,3,female,29.1,5,1,58.84,S,7,0,0
11138,3,male,25.3,1,0,4.22,S,2,0,1
11139,1,male,29.0,0,3,24.96,S,4,0,1
11140,2,male,50.7,1,4,32.13,S,6,0,1
11142,3,male,28.1,4,3,31.89,S,8,0,0
11143,3,male,37.8,0,0,26.77,S,1,1,1
11145,1,male,18.7,2,0,68.54,S,3,0,1
11146,2,male,32.4,4,3,24.42,S,8,0,0
11147,1,female,17.7,2,4,28.09,S,7,0,0
11148,2,male,54.6,5,1,5.25,S,7,0,1
11149,3,female,32.3,3,4,52.15,S,8,0,1
11150,3,male,15.9,4,4,24.26,S,9,0,0
11151,2,female,23.5,1,3,2.97,S,5,0,0
11152,1,male,39.6,2,2,38.63,S,5,0,0
11153,1,female,13.7,1,3,21.48,S,5,0,0
11154,1,male,67.1,5,2,13.04,S,8,0,1
11156,3,male,42.0,2,2,55.1,S,5,0,1
11158,3,male,17.7,0,1,38.38,S,2,0,1
11159,3,male,36.5,0,0,6.04,S,1,1,1
11160,3,female,22.6,0,0,0.54,S,1,1,0
11161,2,male,51.3,5,2,7.9,S,8,0,0
11162,3,male,9.4,0,4,1.57,S,5,0,1
11163,3,female,36.9,3,0,32.54,S,4,0,1
11166,3,female,36.2,5,0,7.52,S,6,0,0
11167,2,male,4.8,3,0,4.61,S,4,0,0
11169,2,male,44.2,1,3,21.51,S,5,0,0
11170,1,male,35.5,2,3,0.2,S,6,0,1
11173,3,male,36.1,2,4,27.68,S,7,0,1
11176,3,male,45.2,4,1,42.51,S,6,0,0
11177,1,female,42.1,1,4,19.68,S,6,0,1
11178,3,male,23.5,1,0,21.31,S,2,0,1
11180,3,male,41.2,3,1,11.48,S,5,0,1
11183,1,female,46.6,3,0,78.43,S,4,0,0
11184,3,male,28.3,2,3,53.77,S,6,0,1
11185,2,male,40.4,5,4,75.75,S,10,0,1
11186,3,male,21.2,4,3,6.48,S,8,0,0
11187,2,male,29.5,4,4,8.42,S,9,0,1
11189,3,female,35.4,2,2,100.82,S,5,0,1
11190,3,male,27.5,1,1,44.77,S,3,0,0
11192,3,male,18.9,0,0,53.04,S,1,1,0
11194,1,male,36.9,0,2,61.65,S,3,0,0
11195,3,male,0.0,5,1,10.56,S,7,0,0
11197,3,male,12.9,1,1,36.62,S,3,0,0
11198,3,female,41.5,5,1,44.72,S,7,0,0
11199,2,male,47.1,3,1,31.57,S,5,0,1
11200,1,female,30.4,1,1,13.79,S,3,0,0
11201,3,male,15.0,3,2,3.99,S,6,0,0
11203,2,male,37.8,2,3,1.55,S,6,0,1
11204,3,female,13.1,3,0,45.63,S,4,0,1
11205,3,male,20.9,3,1,101.03,S,5,0,1
11206,3,female,36.2,1,3,183.97,S,5,0,1
11207,3,female,19.9,4,0,16.15,S,5,0,0
11208,1,male,48.9,1,2,3.68,S,4,0,0
11209,3,male,14.5,4,0,3.18,S,5,0,0
11210,3,female,0.0,3,3,21.64,S,7,0,0
11211,2,male,18.1,2,0,50.21,S,3,0,1
11212,2,female,33.3,5,0,1.57,S,6,0,1
11213,1,male,41.1,4,0,5.9,S,5,0,0
11215,2,male,25.1,5,1,2.86,S,7,0,0
11216,2,male,28.6,5,2,67.43,S,8,0,0
11218,3,male,34.3,1,4,15.65,S,6,0,0
11220,3,female,57.7,4,2,3.84,S,7,0,0
11222,3,male,0.0,4,1,38.42,S,6,0,1
11223,3,female,9.6,1,3,0.66,S,5,0,1
11224,2,male,36.8,4,4,116.76,S,9,0,0
11226,3,male,36.0,5,0,29.84,S,6,0,1
11227,3,female,18.1,0,0,41.03,S,1,1,1
11228,3,male,45.5,0,1,100.33,S,2,0,0
11229,1,male,31.3,4,3,70.76,S,8,0,0
11230,3,male,6.1,3,2,29.12,S,6,0,1
11231,3,male,41.8,3,4,4.8,S,8,0,0
11232,3,male,48.1,3,3,59.66,S,7,0,0
11234,3,male,17.8,2,4,32.62,S,7,0,0
11236,1,male,38.5,3,2,24.04,S,6,0,0
11237,3,male,61.9,1,2,7.69,S,4,0,1
11238,1,male,41.5,1,0,9.37,S,2,0,0
11241,3,female,34.4,2,0,56.92,S,3,0,1
11242,1,female,21.0,5,0,69.76,S,6,0,0
11243,3,female,21.7,1,2,15.44,S,4,0,0
11244,1,female,31.1,1,4,92.99,S,6,0,0
11245,2,male,20.8,1,2,84.23,S,4,0,1
11246,3,male,0.0,5,0,16.92,S,6,0,0
11249,2,male,30.0,2,1,22.91,S,4,0,1
11250,1,male,30.1,3,0,39.91,S,4,0,0
11251,3,female,18.3,4,3,13.57,S,8,0,1
11252,3,male,33.7,1,3,0.75,S,5,0,1
11253,3,female,52.2,5,0,1.83,S,6,0,1
11254,1,female,48.6,0,0,71.99,S,1,1,0
11255,2,female,34.1,2,1,23.39,S,4,0,1
11256,3,female,17.0,5,4,5.29,S,10,0,0
11257,1,female,53.7,2,4,74.37,S,7,0,0
11259,2,male,8.3,1,2,12.63,S,4,0,0
11261,3,female,9.0,5,0,12.62,S,6,0,0
11263,3,male,41.6,0,3,94.57,S,4,0,0
11266,2,male,27.0,3,4,51.35,S,8,0,1
11267,3,female,62.2,1,4,37.39,S,6,0,0
11268,1,male,29.5,0,0,6.44,S,1,1,1
11269,3,male,27.8,1,3,15.93,S,5,0,0
11271,1,male,60.0,4,2,43.72,S,7,0,0
11272,2,male,39.1,3,1,19.66,S,5,0,0
11273,1,male,14.5,5,1,12.06,S,7,0,0
11274,3,female,12.9,0,4,17.16,S,5,0,0
11276,3,female,27.6,2,2,1.53,S,5,0,0
11277,3,male,8.0,2,0,13.0,S,3,0,0
11278,3,female,12.7,5,2,7.06,S,8,0,1
11279,1,female,44.0,3,2,16.37,S,6,0,1
11280,3,female,41.5,3,2,28.2,S,6,0,0
11281,2,male,49.9,2,3,6.91,S,6,0,0
11282,3,male,8.4,5,2,17.79,S,8,0,1
11283,2,male,15.0,5,1,56.3,S,7,0,0
11284,2,female,20.2,5,4,32.88,S,10,0,1
11285,3,male,52.0,5,2,36.39,S,8,0,0
11286,2,male,29.9,5,0,90.22,S,6,0,1
11287,3,male,54.5,4,1,16.83,S,6,0,0
11288,2,female,37.8,4,2,199.03,S,7,0,0
11289,3,female,27.4,0,3,15.4,S,4,0,1
11290,3,female,37.0,3,2,6.46,S,6,0,0
11291,2,female,4.8,2,4,52.72,S,7,0,0
11292,3,male,0.2,5,1,22.83,S,7,0,0
11293,3,male,32.6,5,4,13.54,S,10,0,1
11294,3,female,29.2,3,4,9.05,S,8,0,0
11298,3,male,38.7,3,1,19.85,S,5,0,1
11299,3,male,33.8,4,2,7.72,S,7,0,0
11300,2,male,44.4,3,4,13.18,S,8,0,0
11301,3,male,20.1,2,0,4.41,S,3,0,0
11302,1,female,40.7,4,0,13.35,S,5,0,0
11303,2,female,36.9,2,0,78.03,S,3,0,0
11304,1,male,45.3,3,4,27.37,S,8,0,0
11306,2,female,12.4,5,4,46.23,S,10,0,1
11308,2,female,14.1,4,0,45.6,S,5,0,1
11309,3,male,21.1,5,4,30.67,S,10,0,0
11313,2,male,12.5,2,3,0.68,S,6,0,1
11315,3,male,22.1,2,0,17.45,S,3,0,1
11316,3,female,27.3,0,4,68.05,S,5,0,0
11317,2,female,34.5,3,2,104.43,S,6,0,0
11319,3,male,18.1,4,0,8.18,S,5,0,1
11320,1,female,19.8,2,1,81.52,S,4,0,0
11321,3,male,43.3,1,0,122.11,S,2,0,0
11322,2,female,46.9,3,3,18.0,S,7,0,0
11324,3,female,26.8,1,2,13.59,S,4,0,1
11325,2,female,5.1,2,3,61.15,S,6,0,0
11326,2,male,26.5,5,3,11.31,S,9,0,0
11328,1,male,22.2,3,2,19.48,S,6,0,1
11329,1,male,44.1,4,3,5.94,S,8,0,0
11330,3,female,8.0,4,2,18.04,S,7,0,1
11331,2,male,16.4,2,3,28.18,S,6,0,0
11332,2,male,16.4,3,4,51.92,S,8,0,1
11335,3,male,32.9,4,0,28.57,S,5,0,0
11336,3,female,54.3,5,0,2.72,S,6,0,0
11337,1,male,15.1,5,4,67.86,S,10,0,0
11339,3,male,42.2,1,0,49.92,S,2,0,0
11341,3,female,22.5,5,0,110.28,S,6,0,0
11342,3,male,49.7,0,2,105.93,S,3,0,0
11343,1,male,31.4,4,0,10.05,S,5,0,1
11344,2,male,41.7,2,1,61.06,S,4,0,0
11345,1,female,20.3,4,3,101.95,S,8,0,1
11346,1,female,18.8,4,3,39.21,S,8,0,1
11347,3,female,23.9,2,0,40.27,S,3,0,0
11349,1,female,29.7,2,1,10.85,S,4,0,1
11350,3,female,35.6,5,3,6.82,S,9,0,0
11352,2,male,2.7,3,1,95.79,S,5,0,0
11353,3,female,0.0,4,0,2.0,S,5,0,0
11354,3,male,23.7,5,2,18.7,S,8,0,1
11356,1,male,52.7,0,0,33.71,S,1,1,0
11358,2,male,32.0,0,4,10.05,S,5,0,1
11359,2,female,13.7,5,2,8.53,S,8,0,0
11360,2,male,13.3,0,4,56.23,S,5,0,1
11361,3,female,50.7,1,3,55.91,S,5,0,0
11362,3,male,54.0,5,0,9.16,S,6,0,1
11364,2,male,0.6,4,3,19.23,S,8,0,0
11365,3,male,23.0,4,3,23.04,S,8,0,1
11366,3,male,33.4,2,2,57.93,S,5,0,0
11367,1,male,25.8,2,0,29.59,S,3,0,1
11368,2,male,0.0,0,3,23.37,S,4,0,0
11369,3,male,54.9,5,3,10.94,S,9,0,1
11370,1,male,17.3,5,3,1.32,S,9,0,1
11371,2,female,10.2,3,1,80.08,S,5,0,0
11372,2,male,28.6,5,0,40.3,S,6,0,1
11373,1,male,45.6,5,3,2.47,S,9,0,0
11377,3,male,0.0,2,4,3.55,S,7,0,0
11380,1,male,36.2,5,1,56.28,S,7,0,0
11381,3,male,19.4,2,4,96.32,S,7,0,1
11383,2,male,38.2,1,4,39.93,S,6,0,1
11384,1,male,18.8,4,3,131.2,S,8,0,0
11385,2,female,34.5,3,1,8.2,S,5,0,0
11386,2,male,47.6,0,4,75.28,S,5,0,0
11388,3,female,26.0,3,3,6.65,S,7,0,1
11390,3,male,24.0,5,1,37.28,S,7,0,0
11392,2,male,41.3,0,1,4.05,S,2,0,1
11393,3,female,34.7,1,4,32.63,S,6,0,0
11394,3,male,34.0,0,0,15.14,S,1,1,1
11396,2,female,33.6,0,3,6.35,S,4,0,1
11397,3,male,11.0,5,1,70.1,S,7,0,1
11398,3,male,63.7,0,3,14.49,S,4,0,0
11400,3,female,42.4,3,1,7.44,S,5,0,0
11401,2,female,34.7,2,4,29.96,S,7,0,0
11402,3,male,34.7,0,1,18.57,S,2,0,1
11403,2,female,5.3,1,4,6.86,S,6,0,0
11405,3,female,13.1,4,1,15.88,S,6,0,0
11407,3,female,25.1,4,3,1.7,S,8,0,0
11408,3,male,40.4,4,0,156.51,S,5,0,0
11409,3,female,15.5,0,0,84.07,S,1,1,0
11411,1,male,17.5,3,0,8.98,S,4,0,0
11412,3,female,23.1,0,3,8.46,S,4,0,0
11413,1,female,41.5,2,2,18.58,S,5,0,0
11414,2,male,36.1,0,4,15.62,S,5,0,0
11415,1,male,11.5,1,1,42.26,S,3,0,0
11417,3,male,30.2,0,2,99.5,S,3,0,0
11418,2,male,0.0,2,3,9.33,S,6,0,1
11423,3,female,23.8,5,0,0.17,S,6,0,0
11424,3,male,35.4,2,2,27.4,S,5,0,1
11425,3,female,31.9,2,0,19.35,S,3,0,0
11426,2,female,38.9,2,1,46.8,S,4,0,0
11427,3,male,52.4,4,2,9.32,S,7,0,1
11430,2,male,38.8,4,4,9.04,S,9,0,0
11431,1,male,30.8,0,4,0.71,S,5,0,1
11433,1,female,0.0,0,4,30.36,S,5,0,0
11434,3,male,22.6,0,3,61.09,S,4,0,1
11435,3,female,27.0,5,4,38.29,S,10,0,0
11436,3,male,35.1,4,4,32.77,S,9,0,0
11437,3,male,28.6,4,3,8.45,S,8,0,1
11438,3,male,33.7,2,3,43.12,S,6,0,1
11439,3,male,10.5,2,1,61.88,S,4,0,1
11440,3,female,6.9,4,0,18.78,S,5,0,0
11442,2,male,51.0,5,3,49.09,S,9,0,0
11443,3,male,11.2,5,2,20.05,S,8,0,0
11444,3,male,18.0,2,1,35.14,S,4,0,0
11445,3,female,30.5,5,4,7.74,S,10,0,1
11446,3,female,6.7,0,0,28.09,S,1,1,1
11447,1,female,16.8,2,0,1.21,S,3,0,0
11449,3,male,22.9,3,4,81.17,S,8,0,1
11450,2,male,52.6,4,0,28.94,S,5,0,0
11451,1,female,5.2,3,2,19.45,S,6,0,1
11452,3,male,24.2,2,4,23.62,S,7,0,0
11453,1,female,22.9,3,3,0.0,S,7,0,0
11454,3,female,28.9,5,2,19.69,S,8,0,1
11455,3,female,11.8,2,0,4.97,S,3,0,0
11456,1,male,20.9,3,2,62.49,S,6,0,0
11458,1,female,25.2,1,2,8.45,S,4,0,1
11459,3,female,14.0,2,3,22.95,S,6,0,1
11460,3,female,58.1,3,0,14.57,S,4,0,0
11461,1,male,29.7,2,2,19.72,S,5,0,0
11463,2,male,39.7,4,1,22.78,S,6,0,0
11465,1,female,17.9,3,3,9.5,S,7,0,0
11467,3,female,19.2,3,2,48.1,S,6,0,1
11469,2,male,26.7,2,4,120.15,S,7,0,1
11470,3,male,43.4,0,3,31.68,S,4,0,0
11471,3,male,13.0,2,1,27.29,S,4,0,0
11472,2,male,39.1,3,4,28.44,S,8,0,1
11473,3,male,37.6,1,0,14.35,S,2,0,0
11475,1,male,39.2,3,0,10.51,S,4,0,0
11476,3,female,34.9,5,4,29.07,S,10,0,0
11481,3,female,20.5,3,0,9.11,S,4,0,0
11482,1,male,26.0,5,0,59.66,S,6,0,0
11483,2,female,40.8,2,2,16.14,S,5,0,0
11485,2,female,43.1,1,2,8.9,S,4,0,0
11486,3,male,44.5,3,4,27.44,S,8,0,0
11488,3,male,56.5,1,4,26.04,S,6,0,1
11489,3,male,27.5,4,3,7.5,S,8,0,0
11491,2,male,33.7,1,4,5.49,S,6,0,0
11492,1,male,35.8,1,4,0.69,S,6,0,0
11494,3,female,26.8,0,0,48.9,S,1,1,0
11495,3,male,22.7,2,3,54.92,S,6,0,0
11496,2,male,31.0,4,0,2.45,S,5,0,0
11497,1,male,40.1,0,2,91.26,S,3,0,0
11498,3,female,25.3,3,0,30.83,S,4,0,0
11500,2,male,9.6,4,1,2.84,S,6,0,0
11501,3,male,41.5,4,1,22.81,S,6,0,1
11504,3,male,34.6,0,1,0.38,S,2,0,0
11505,1,male,35.3,4,0,21.07,S,5,0,1
11506,3,female,27.4,5,4,2.9,S,10,0,1
11508,2,male,22.3,5,1,5.53,S,7,0,0
11509,3,female,30.3,0,1,0.34,S,2,0,0
11510,1,male,35.9,3,0,3.5,S,4,0,0
11511,3,male,17.5,5,4,28.87,S,10,0,0
11512,2,female,20.0,3,0,9.49,S,4,0,1
11513,3,male,32.7,3,1,2.28,S,5,0,0
11514,1,male,27.8,5,4,4.66,S,10,0,1
11515,3,female,31.1,1,1,1.41,S,3,0,1
11517,3,male,24.9,3,4,26.38,S,8,0,0
11518,3,male,40.9,4,3,20.57,S,8,0,1
11519,2,male,20.4,2,2,66.1,S,5,0,1
11520,1,female,35.8,5,1,2.66,S,7,0,1
11521,3,female,12.1,1,2,1.21,S,4,0,0
11522,3,male,7.1,2,0,17.66,S,3,0,0
11523,1,male,34.8,1,3,9.81,S,5,0,0
11524,1,female,28.2,0,2,20.67,S,3,0,0
11527,3,male,24.6,0,4,6.01,S,5,0,1
11528,1,female,20.1,4,1,51.16,S,6,0,0
11530,1,male,15.7,1,0,45.01,S,2,0,1
11531,3,female,35.5,4,3,4.88,S,8,0,0
11532,3,male,24.6,1,0,13.16,S,2,0,1
11533,3,male,45.0,3,4,0.73,S,8,0,0
11534,3,male,0.0,1,2,8.59,S,4,0,0
11536,2,female,34.0,0,0,11.1,S,1,1,1
11537,3,male,27.7,3,0,4.8,S,4,0,0
11542,3,female,32.1,3,3,14.14,S,7,0,1
11544,3,male,40.9,3,4,31.37,S,8,0,0
11545,3,female,20.8,0,3,26.03,S,4,0,0
11546,3,male,24.3,0,4,140.45,S,5,0,0
11552,1,female,8.6,1,2,45.98,S,4,0,1
11553,1,male,38.6,1,1,49.44,S,3,0,1
11555,2,male,6.6,0,1,58.3,S,2,0,0
11556,3,male,30.4,4,3,36.4,S,8,0,1
11557,3,female,24.5,0,2,94.23,S,3,0,1
11559,3,female,40.1,1,3,81.46,S,5,0,1
11561,2,female,12.4,3,2,8.21,S,6,0,0
11562,3,male,2.9,2,4,4.24,S,7,0,1
11564,3,female,42.8,1,3,36.06,S,5,0,1
11565,3,female,11.1,2,1,39.71,S,4,0,0
11566,3,male,11.2,5,0,59.77,S,6,0,0
11568,3,female,53.0,0,3,10.69,S,4,0,0
11569,3,female,16.7,3,1,62.25,S,5,0,1
11571,3,female,2.4,3,0,18.25,S,4,0,0
11572,3,male,26.2,1,3,21.7,S,5,0,0
11573,2,male,27.4,2,4,57.77,S,7,0,0
11574,3,male,49.5,0,0,113.05,S,1,1,1
11575,1,male,19.1,0,0,6.0,S,1,1,0
11576,3,female,38.6,2,3,4.17,S,6,0,1
11577,2,male,18.2,2,4,10.86,S,7,0,1
11578,3,male,30.3,4,3,75.07,S,8,0,1
11579,3,male,58.1,3,0,24.03,S,4,0,1
11580,3,male,54.1,5,3,0.18,S,9,0,0
11581,1,male,56.4,5,0,27.91,S,6,0,0
11583,1,female,26.1,0,3,2.66,S,4,0,1
11584,3,male,33.0,2,2,5.16,S,5,0,1
11586,3,male,34.5,0,1,23.56,S,2,0,0
11587,3,female,19.0,0,0,24.23,S,1,1,0
11589,1,male,20.7,3,1,19.19,S,5,0,1
11591,1,male,45.5,5,2,34.73,S,8,0,1
11592,3,male,73.6,3,2,106.18,S,6,0,0
11593,3,female,35.0,0,3,25.21,S,4,0,0
11596,3,female,26.8,3,2,3.58,S,6,0,0
11597,2,female,50.1,5,4,12.0,S,10,0,0
11599,2,female,10.1,5,0,92.16,S,6,0,1
11600,3,female,28.2,5,4,33.14,S,10,0,0
11603,3,female,19.1,0,4,86.38,S,5,0,1
11604,3,male,20.4,4,1,70.55,S,6,0,0
11609,3,male,26.7,4,1,71.73,S,6,0,0
11610,3,male,22.3,3,1,32.51,S,5,0,1
11612,3,male,17.5,2,1,32.2,S,4,0,0
11613,3,male,13.6,4,0,14.17,S,5,0,1
11614,1,male,48.2,2,3,0.08,S,6,0,0
11615,3,male,0.0,3,0,54.3,S,4,0,1
11617,1,female,33.0,0,0,44.12,S,1,1,0
11619,3,male,25.7,4,4,4.67,S,9,0,0
11620,3,female,23.8,1,1,5.96,S,3,0,0
11621,1,male,17.7,4,1,22.24,S,6,0,0
11622,3,male,34.0,0,2,9.82,S,3,0,0
11625,1,male,18.7,5,4,19.14,S,10,0,0
11626,3,male,15.7,3,0,65.68,S,4,0,1
11627,3,male,14.9,2,0,2.71,S,3,0,0
11628,1,male,30.2,0,1,65.53,S,2,0,0
11629,1,male,26.3,2,3,51.84,S,6,0,0
11630,2,male,36.7,4,1,37.18,S,6,0,1
11631,1,male,31.1,4,3,3.76,S,8,0,1
11632,3,male,12.2,5,0,1.72,S,6,0,1
11633,3,female,0.0,3,2,5.81,S,6,0,1
11636,3,male,39.4,0,0,2.68,S,1,1,0
11638,2,female,40.7,0,4,7.16,S,5,0,0
11639,3,male,44.2,2,0,35.55,S,3,0,0
11644,1,male,20.2,4,4,25.53,S,9,0,0
11645,2,male,19.9,5,3,32.11,S,9,0,0
11646,3,male,26.3,3,4,43.38,S,8,0,0
11647,3,male,28.5,0,2,22.02,S,3,0,0
11649,3,male,36.6,1,0,11.07,S,2,0,1
11650,3,male,27.6,4,1,33.67,S,6,0,0
11651,3,female,20.5,5,0,17.79,S,6,0,0
11657,3,female,35.1,4,0,3.29,S,5,0,1
11658,3,male,37.9,5,3,18.79,S,9,0,0
11659,1,female,42.0,0,2,5.0,S,3,0,0
11661,1,female,16.1,3,2,3.75,S,6,0,1
11662,3,female,14.0,2,0,36.41,S,3,0,1
11663,3,male,62.5,1,3,28.06,S,5,0,1
11664,2,male,19.2,5,0,9.59,S,6,0,1
11665,3,female,34.3,4,4,156.25,S,9,0,0
11666,3,male,51.8,1,1,28.43,S,3,0,0
11669,1,male,42.0,4,0,79.32,S,5,0,0
11670,1,male,32.0,1,4,7.27,S,6,0,0
11671,1,male,35.9,0,3,7.29,S,4,0,0
11672,3,female,27.9,4,4,27.05,S,9,0,0
11673,3,male,21.6,1,1,12.92,S,3,0,1
11674,3,male,24.3,1,3,11.61,S,5,0,0
11675,1,male,45.7,0,4,16.9,S,5,0,0
11676,3,female,24.9,3,4,56.91,S,8,0,0
11678,3,male,15.4,2,4,35.08,S,7,0,0
11679,2,male,57.6,0,0,27.55,S,1,1,0
11680,1,male,33.5,3,3,0.5,S,7,0,0
11681,3,female,33.8,1,0,26.64,S,2,0,0
11682,2,male,42.0,0,4,98.59,S,5,0,0
11683,3,male,22.3,1,2,58.11,S,4,0,0
11686,3,female,20.4,5,4,7.81,S,10,0,0
11687,2,male,17.8,2,4,4.23,S,7,0,1
11688,3,male,2.7,4,3,10.91,S,8,0,0
11690,3,male,28.3,0,3,8.14,S,4,0,0
11691,1,male,13.7,3,0,11.82,S,4,0,0
11692,3,female,11.7,2,1,28.59,S,4,0,1
11693,1,female,29.6,0,3,30.44,S,4,0,1
11696,1,male,11.3,2,2,98.12,S,5,0,0
11697,1,female,23.5,4,3,11.27,S,8,0,1
11698,1,male,19.7,0,0,16.4,S,1,1,1
11700,2,male,21.2,5,0,0.73,S,6,0,0
11701,1,female,28.5,0,3,17.92,S,4,0,0
11702,3,female,10.6,1,1,13.22,S,3,0,0
11703,1,male,9.4,5,2,2.35,S,8,0,0
11704,1,male,36.8,5,2,53.34,S,8,0,0
11705,2,female,39.7,4,2,39.8,S,7,0,1
11706,2,female,23.5,2,1,10.67,S,4,0,1
11707,2,female,29.4,1,1,9.66,S,3,0,1
11709,3,male,44.4,4,1,6.71,S,6,0,0
11710,3,male,26.2,1,0,66.21,S,2,0,1
11711,3,female,22.0,3,4,2.59,S,8,0,0
11712,3,male,42.5,0,1,58.55,S,2,0,1
11713,3,male,18.2,4,4,24.96,S,9,0,0
11714,1,male,31.2,4,3,47.86,S,8,0,0
11717,3,female,40.4,3,2,19.15,S,6,0,1
11718,2,male,11.0,5,3,23.18,S,9,0,0
11719,3,male,8.8,4,0,31.63,S,5,0,0
11720,3,male,33.0,4,3,15.79,S,8,0,0
11724,3,male,17.0,0,4,76.49,S,5,0,0
11725,3,male,12.0,2,2,3.88,S,5,0,0
11729,3,male,25.5,4,0,28.88,S,5,0,0
11730,3,female,29.7,4,3,4.93,S,8,0,1
11731,3,male,54.4,5,2,16.24,S,8,0,0
11732,3,male,29.9,0,0,20.54,S,1,1,0
11735,3,male,16.2,0,2,22.31,S,3,0,1
11736,3,female,46.7,1,4,51.74,S,6,0,1
11737,3,male,36.2,0,3,34.52,S,4,0,1
11738,2,male,24.2,5,4,3.52,S,10,0,1
11739,3,female,0.0,5,2,77.88,S,8,0,0
11740,3,female,17.1,3,3,13.23,S,7,0,0
11741,1,male,33.8,3,4,17.68,S,8,0,0
11743,3,male,33.8,4,0,19.79,S,5,0,1
11744,3,male,10.1,5,3,28.38,S,9,0,1
11745,3,male,31.5,1,2,20.79,S,4,0,0
11746,3,female,15.3,1,4,11.77,S,6,0,0
11747,3,male,29.0,2,3,18.61,S,6,0,0
11749,1,male,44.0,3,4,19.05,S,8,0,0
11750,2,male,33.7,5,4,7.24,S,10,0,0
11752,2,male,48.3,2,3,38.4,S,6,0,1
11753,2,male,23.8,3,0,4.31,S,4,0,0
11754,3,male,9.2,4,2,55.28,S,7,0,0
11755,2,male,43.8,3,0,14.48,S,4,0,0
11756,3,male,32.5,2,2,9.16,S,5,0,1
11757,3,female,24.5,1,2,16.87,S,4,0,1
11758,3,male,20.0,0,4,5.19,S,5,0,1
11760,3,male,40.4,5,4,5.84,S,10,0,1
11761,2,male,18.3,1,1,21.79,S,3,0,0
11762,3,female,36.9,2,2,5.66,S,5,0,0
11763,3,male,32.5,3,1,1.5,S,5,0,0
11764,2,male,17.4,5,0,51.14,S,6,0,0
11766,1,male,21.3,2,4,2.6,S,7,0,0
11767,2,male,46.4,5,3,71.49,S,9,0,0
11768,3,female,19.9,5,2,15.95,S,8,0,0
11771,3,male,4.6,5,1,8.14,S,7,0,0
11772,3,male,0.0,4,4,25.61,S,9,0,0
11773,3,male,26.1,0,1,9.2,S,2,0,0
11774,1,male,47.7,4,4,57.86,S,9,0,1
11775,3,female,46.2,0,4,55.99,S,5,0,0
11777,3,male,18.7,1,1,24.28,S,3,0,0
11778,2,female,23.2,2,1,158.2,S,4,0,1
11779,2,male,31.9,1,4,50.77,S,6,0,1
11781,3,female,37.0,4,2,6.06,S,7,0,0
11782,3,male,42.6,4,1,29.01,S,6,0,1
11786,2,male,16.5,2,1,149.64,S,4,0,1
11788,1,female,12.2,1,0,18.46,S,2,0,0
11790,3,male,8.7,5,4,18.23,S,10,0,1
11791,3,male,15.8,5,4,69.27,S,10,0,0
11792,1,male,27.6,5,4,16.67,S,10,0,1
11793,3,female,6.5,3,0,50.92,S,4,0,0
11794,1,female,22.2,0,0,32.05,S,1,1,0
11797,1,female,40.1,2,3,8.33,S,6,0,0
11798,3,male,17.7,2,2,4.91,S,5,0,0
11799,1,male,32.8,3,3,109.33,S,7,0,0
11802,3,male,24.7,4,4,9.87,S,9,0,0
11803,2,male,35.5,0,3,31.16,S,4,0,1
11804,3,male,21.4,2,4,180.36,S,7,0,1
11805,3,female,36.8,4,2,72.09,S,7,0,0
11806,1,female,40.9,2,4,16.37,S,7,0,1
11807,3,male,30.7,5,0,72.21,S,6,0,0
11809,3,male,25.7,2,0,3.7,S,3,0,0
11811,1,male,31.8,4,1,8.91,S,6,0,1
11812,3,male,37.7,5,3,79.93,S,9,0,0
11813,1,male,50.9,4,0,123.6,S,5,0,0
11814,3,male,47.3,3,0,8.24,S,4,0,0
11816,3,female,32.0,2,1,127.76,S,4,0,0
11818,2,male,46.1,2,2,18.72,S,5,0,1
11819,3,female,19.1,5,1,19.28,S,7,0,0
11820,2,male,41.3,0,3,67.48,S,4,0,1
11821,3,male,15.2,1,3,0.95,S,5,0,1
11822,3,male,27.5,3,1,85.41,S,5,0,0
11823,1,female,16.6,5,0,3.0,S,6,0,1
11824,3,female,1.5,0,3,74.14,S,4,0,1
11826,1,male,25.4,3,4,111.27,S,8,0,0
11827,1,female,49.0,3,0,0.27,S,4,0,1
11828,3,male,13.8,2,1,107.21,S,4,0,0
11829,1,male,20.5,2,4,2.05,S,7,0,0
11831,3,female,45.2,2,3,105.43,S,6,0,1
11832,2,female,22.6,0,1,50.21,S,2,0,1
11833,3,female,24.3,1,0,58.6,S,2,0,1
11834,3,female,24.1,1,4,18.07,S,6,0,0
11836,1,female,8.5,0,1,5.16,S,2,0,0
11837,2,male,15.7,1,4,82.34,S,6,0,1
11839,3,female,0.0,4,0,45.1,S,5,0,0
11840,1,female,36.6,4,3,37.49,S,8,0,0
11841,1,male,33.8,4,0,20.55,S,5,0,0
11842,3,female,3.6,2,0,63.05,S,3,0,1
11844,3,female,45.3,5,1,43.08,S,7,0,1
11845,1,female,14.0,3,4,58.03,S,8,0,0
11846,3,male,21.3,3,4,8.06,S,8,0,1
11847,3,female,67.7,5,2,11.11,S,8,0,1
11849,1,female,25.4,3,3,56.55,S,7,0,1
11850,3,female,22.3,5,4,29.13,S,10,0,0
11851,2,male,34.2,5,3,160.14,S,9,0,1
11852,2,male,38.6,0,4,67.32,S,5,0,1
11853,3,female,0.0,1,3,51.59,S,5,0,1
11854,1,female,0.0,3,0,9.01,S,4,0,0
11855,2,male,15.0,5,2,12.96,S,8,0,0
11856,3,male,26.8,5,2,14.32,S,8,0,0
11858,2,male,5.2,0,1,42.07,S,2,0,1
11860,3,male,28.0,0,3,31.05,S,4,0,1
11861,3,male,17.1,3,0,39.55,S,4,0,0
11862,1,female,21.5,5,0,0.27,S,6,0,1
11863,1,male,18.8,2,3,1.57,S,6,0,1
11864,3,female,35.5,1,3,13.06,S,5,0,1
11865,3,male,29.1,3,4,34.11,S,8,0,0
11867,1,male,42.4,1,4,89.44,S,6,0,0
11868,3,male,9.9,3,3,9.5,S,7,0,1
11869,3,male,5.0,3,3,3.51,S,7,0,1
11870,2,female,25.6,2,3,3.89,S,6,0,1
11871,1,male,25.5,4,4,8.16,S,9,0,0
11872,3,male,30.0,4,2,8.62,S,7,0,0
11873,3,female,12.5,1,3,15.24,S,5,0,1
11874,1,male,41.5,1,1,26.57,S,3,0,1
11875,3,female,53.0,2,2,9.17,S,5,0,1
11877,3,male,33.4,1,1,20.79,S,3,0,0
11878,3,male,0.0,4,2,11.83,S,7,0,1
11879,3,male,22.9,2,1,18.22,S,4,0,1
11880,1,male,19.3,0,0,15.47,S,1,1,0
11881,1,male,17.0,5,4,95.89,S,10,0,0
11882,3,male,19.8,2,3,2.28,S,6,0,0
11883,1,female,21.2,4,0,46.61,S,5,0,0
11886,1,male,14.4,3,0,65.46,S,4,0,0
11887,3,female,40.0,4,3,20.29,S,8,0,0
11889,2,female,33.6,2,4,17.2,S,7,0,0
11890,3,male,42.7,4,3,16.59,S,8,0,1
11892,2,male,32.8,0,1,45.59,S,2,0,0
11893,3,male,44.0,4,3,49.8,S,8,0,0
11894,1,female,16.5,0,1,23.84,S,2,0,0
11895,1,male,0.6,4,4,38.74,S,9,0,0
11897,3,male,42.4,0,4,36.8,S,5,0,1
11898,2,male,15.7,0,2,6.89,S,3,0,1
11899,1,male,22.5,4,2,39.81,S,7,0,0
11900,3,female,18.1,5,4,33.43,S,10,0,0
11902,2,male,14.3,5,1,33.25,S,7,0,1
11903,2,male,8.2,5,1,66.56,S,7,0,0
11904,2,male,22.8,0,3,17.06,S,4,0,1
11905,3,female,25.2,3,1,4.59,S,5,0,1
11906,2,male,44.6,5,0,30.18,S,6,0,1
11907,2,male,29.9,1,0,8.74,S,2,0,0
11909,3,male,18.8,3,4,35.41,S,8,0,0
11910,3,female,39.0,5,4,22.85,S,10,0,1
11911,3,male,23.1,5,0,11.81,S,6,0,0
11912,3,male,13.7,2,4,62.25,S,7,0,0
11916,3,female,34.1,3,3,1.11,S,7,0,1
11917,1,male,12.9,5,1,21.37,S,7,0,1
11918,3,male,54.0,5,1,24.7,S,7,0,0
11919,3,male,27.3,0,3,13.22,S,4,0,1
11920,3,male,0.0,5,2,10.33,S,8,0,1
11921,1,male,34.3,3,2,43.14,S,6,0,0
11923,2,female,43.6,3,4,4.23,S,8,0,1
11924,3,male,29.8,0,0,19.91,S,1,1,0
11925,1,female,27.0,5,2,41.47,S,8,0,1
11926,2,male,27.8,3,2,11.79,S,6,0,0
11927,1,female,36.0,1,3,4.53,S,5,0,0
11928,2,male,21.1,3,3,13.35,S,7,0,0
11929,3,male,27.7,3,2,25.23,S,6,0,0
11930,3,female,29.5,1,4,3.43,S,6,0,1
11934,1,male,34.1,3,1,2.1,S,5,0,0
11935,3,female,33.2,2,2,18.11,S,5,0,0
11936,3,female,50.2,4,2,2.45,S,7,0,1
11937,3,male,27.2,2,1,0.44,S,4,0,0
11938,3,male,27.7,4,1,0.5,S,6,0,0
11939,3,male,18.7,0,4,11.25,S,5,0,0
11940,1,male,1.0,4,4,2.45,S,9,0,0
11941,2,male,34.2,1,4,6.86,S,6,0,0
11943,3,female,0.9,2,4,10.89,S,7,0,1
11944,1,male,26.8,1,4,27.42,S,6,0,1
11945,1,male,26.4,1,2,16.96,S,4,0,1
11946,3,female,24.6,2,1,69.13,S,4,0,0
11947,1,male,29.7,3,4,38.15,S,8,0,0
11948,1,male,6.0,0,4,61.25,S,5,0,0
11950,1,female,33.9,2,2,48.63,S,5,0,1
11951,3,male,45.2,1,0,30.59,S,2,0,0
11952,3,male,20.0,4,3,43.59,S,8,0,0
11955,3,female,16.1,0,2,4.29,S,3,0,1
11956,3,female,8.6,0,2,52.55,S,3,0,1
11957,3,female,31.4,1,4,2.58,S,6,0,1
11959,1,male,21.7,0,3,143.68,S,4,0,1
11960,3,male,27.8,4,2,6.46,S,7,0,1
11961,3,female,22.1,4,0,43.54,S,5,0,1
11963,2,female,50.9,1,4,21.89,S,6,0,0
11964,2,female,29.4,3,1,27.23,S,5,0,0
11968,1,male,29.0,5,4,65.65,S,10,0,0
11969,2,male,49.3,0,4,97.39,S,5,0,1
11971,1,male,21.7,1,4,48.78,S,6,0,0
11974,3,male,44.6,1,2,19.83,S,4,0,0
11975,3,female,29.7,1,1,36.82,S,3,0,1
11978,2,male,42.2,1,3,16.48,S,5,0,0
11979,3,male,42.8,0,3,19.33,S,4,0,0
11980,1,male,37.7,5,2,65.22,S,8,0,0
11981,2,female,47.9,3,4,6.05,S,8,0,0
11982,1,male,12.0,3,1,1.16,S,5,0,0
11983,3,female,60.5,4,4,10.78,S,9,0,0
11984,1,female,43.8,1,2,5.21,S,4,0,0
11985,3,male,26.8,3,1,135.67,S,5,0,0
11986,3,male,44.5,3,3,26.72,S,7,0,0
11989,3,female,37.3,3,2,9.57,S,6,0,1
11991,1,male,22.6,1,4,4.91,S,6,0,0
11992,3,female,41.4,3,0,3.14,S,4,0,1
11993,3,female,22.8,0,4,18.54,S,5,0,0
11994,2,male,39.2,2,0,78.1,S,3,0,1
11995,2,female,28.7,4,3,18.62,S,8,0,0
12000,3,female,46.0,2,0,5.75,S,3,0,1
12001,1,female,12.0,2,1,59.9,S,4,0,0
12002,3,male,38.7,0,3,1.21,S,4,0,0
12003,2,male,28.3,2,2,17.05,S,5,0,1
12006,3,female,31.9,0,4,8.96,S,5,0,0
12007,3,female,14.9,1,3,14.76,S,5,0,1
12008,3,male,20.1,2,1,74.16,S,4,0,0
12009,3,male,27.0,0,3,39.48,S,4,0,1
12011,2,female,43.4,4,4,7.0,S,9,0,0
12013,3,male,26.5,4,1,17.98,S,6,0,1
12014,3,female,23.9,2,3,126.94,S,6,0,0
12015,2,male,28.9,0,3,28.82,S,4,0,1
12016,3,male,21.4,5,2,21.38,S,8,0,0
12017,3,male,43.3,3,3,82.98,S,7,0,1
12019,3,male,30.9,3,2,44.2,S,6,0,0
12021,3,male,29.7,2,3,42.33,S,6,0,0
12022,2,male,11.2,3,3,10.32,S,7,0,1
12024,1,female,27.3,1,3,13.56,S,5,0,0
12025,3,male,5.9,4,4,65.0,S,9,0,0
12027,1,male,28.0,5,1,42.56,S,7,0,0
12028,3,male,57.2,0,4,55.16,S,5,0,0
12030,3,female,31.2,4,1,5.23,S,6,0,0
12031,1,male,52.7,0,2,37.13,S,3,0,0
12032,2,male,37.2,5,1,32.45,S,7,0,1
12033,3,female,39.2,4,2,9.8,S,7,0,0
12034,1,female,23.3,0,2,77.91,S,3,0,1
12035,3,female,11.3,2,2,14.16,S,5,0,0
12036,2,male,32.7,2,3,54.03,S,6,0,0
12037,1,male,54.5,4,4,4.42,S,9,0,1
12038,2,male,50.2,1,4,10.81,S,6,0,0
12039,3,male,38.2,3,0,30.5,S,4,0,0
12040,2,male,19.4,4,0,8.86,S,5,0,1
12041,1,female,7.3,0,3,100.32,S,4,0,0
12042,3,female,17.5,2,1,25.66,S,4,0,1
12043,3,male,32.0,4,0,42.07,S,5,0,0
12044,3,male,22.4,2,0,26.38,S,3,0,1
12045,3,female,43.0,4,2,16.71,S,7,0,0
12046,1,male,8.2,2,0,55.26,S,3,0,0
12047,2,female,27.2,1,4,0.73,S,6,0,1
12048,3,female,18.3,0,2,17.81,S,3,0,1
12049,3,female,42.9,4,3,68.15,S,8,0,0
12050,3,female,36.6,2,3,2.85,S,6,0,0
12051,1,male,17.4,4,3,7.44,S,8,0,0
12052,2,female,41.0,0,2,103.51,S,3,0,1
12054,3,male,4.0,3,0,15.53,S,4,0,1
12057,2,male,27.4,5,2,21.74,S,8,0,0
12058,3,male,27.9,1,4,53.81,S,6,0,0
12059,2,male,23.3,3,0,33.67,S,4,0,0
12060,3,female,36.5,4,0,3.06,S,5,0,1
12061,3,male,18.9,5,1,58.57,S,7,0,1
12062,2,male,10.8,4,1,10.27,S,6,0,0
12063,3,male,17.8,3,1,32.07,S,5,0,1
12064,2,male,11.9,1,1,47.8,S,3,0,1
12065,2,female,20.4,1,0,72.94,S,2,0,0
12067,3,male,4.4,4,2,83.23,S,7,0,1
12068,3,male,24.2,1,1,34.26,S,3,0,1
12069,3,female,42.4,1,3,31.32,S,5,0,0
12070,3,male,44.0,1,1,0.48,S,3,0,0
12071,2,male,19.5,5,4,2.83,S,10,0,0
12074,1,male,25.8,3,2,28.69,S,6,0,0
12075,2,male,12.6,1,1,8.58,S,3,0,1
12076,3,female,35.1,4,4,4.2,S,9,0,0
12077,1,male,68.2,0,2,20.21,S,3,0,0
12078,2,female,54.8,4,1,78.12,S,6,0,0
12079,3,male,40.8,2,1,1.75,S,4,0,1
12080,3,male,20.5,2,0,19.88,S,3,0,0
12081,3,male,26.6,5,3,1.95,S,9,0,1
12082,2,female,44.6,1,3,9.21,S,5,0,0
12083,3,female,39.5,3,2,98.39,S,6,0,0
12085,2,male,31.0,3,3,1.67,S,7,0,0
12086,3,female,43.8,0,4,2.92,S,5,0,1
12088,2,male,8.0,3,3,0.39,S,7,0,0
12089,3,female,32.2,1,3,16.01,S,5,0,0
12091,3,female,21.5,5,4,2.28,S,10,0,0
12092,3,female,46.9,2,1,86.06,S,4,0,0
12093,3,female,25.0,3,1,4.0,S,5,0,1
12096,2,female,32.6,2,1,8.95,S,4,0,0
12097,2,male,32.3,1,4,0.1,S,6,0,1
12098,3,female,52.3,0,4,44.29,S,5,0,1
12100,1,female,22.6,4,2,76.39,S,7,0,0
12101,2,female,25.2,0,4,10.43,S,5,0,0
12103,3,male,29.3,4,4,12.64,S,9,0,1
12104,3,male,15.8,0,1,5.14,S,2,0,0
12105,3,male,27.9,2,0,117.84,S,3,0,1
12106,3,female,48.2,4,1,28.39,S,6,0,1
12109,3,male,4.9,5,0,15.99,S,6,0,0
12110,3,male,20.7,4,0,20.73,S,5,0,0
12111,3,female,4.1,4,0,31.78,S,5,0,1
12112,3,male,11.3,3,4,16.07,S,8,0,0
12113,3,male,33.9,2,3,9.09,S,6,0,1
12114,3,female,28.5,1,3,6.74,S,5,0,1
12116,3,female,45.4,4,2,9.11,S,7,0,0
12118,3,female,21.7,0,4,1.13,S,5,0,1
12119,3,male,43.2,5,4,9.48,S,10,0,1
12121,1,male,28.4,5,4,50.88,S,10,0,0
12122,2,male,22.1,0,4,14.94,S,5,0,0
12123,3,male,37.0,1,2,11.19,S,4,0,1
12124,1,male,22.9,1,2,23.23,S,4,0,0
12125,3,female,25.8,3,2,1.63,S,6,0,1
12126,3,male,12.5,1,4,13.98,S,6,0,0
12127,3,female,45.0,5,2,4.65,S,8,0,1
12128,3,female,50.7,2,0,9.36,S,3,0,1
12130,3,male,22.2,4,2,1.91,S,7,0,0
12132,3,male,37.2,0,2,10.28,S,3,0,0
12136,3,male,11.0,0,3,53.6,S,4,0,1
12138,3,female,44.2,1,4,19.75,S,6,0,0
12139,2,male,30.4,2,2,22.06,S,5,0,1
12140,3,female,12.6,2,4,11.67,S,7,0,0
12141,1,male,23.4,0,0,48.94,S,1,1,1
12142,3,male,45.7,3,4,31.3,S,8,0,1
12143,3,female,32.8,2,4,40.85,S,7,0,0
12144,3,male,28.7,4,2,1.8,S,7,0,0
12145,3,male,27.2,5,1,54.79,S,7,0,1
12146,3,male,44.1,0,3,8.8,S,4,0,0
12147,3,female,43.2,2,4,3.08,S,7,0,0
12148,3,male,9.4,1,1,34.62,S,3,0,0
12149,3,female,42.2,3,3,7.87,S,7,0,0
12152,1,male,28.0,1,4,3.47,S,6,0,0
12153,3,female,44.9,5,3,4.37,S,9,0,1
12155,3,female,13.4,3,2,19.11,S,6,0,0
12156,3,male,43.3,0,1,8.0,S,2,0,0
12157,3,male,40.3,5,4,23.21,S,10,0,0
12159,1,male,33.1,5,1,16.62,S,7,0,0
12162,2,female,39.2,0,4,4.13,S,5,0,0
12165,3,female,40.3,0,1,0.04,S,2,0,0
12166,3,female,32.6,1,3,20.06,S,5,0,1
12167,3,male,26.2,0,1,11.87,S,2,0,1
12168,2,female,52.8,4,2,8.34,S,7,0,0
12170,3,male,27.0,4,2,13.13,S,7,0,0
12171,3,female,35.9,0,2,11.19,S,3,0,1
12172,1,male,16.8,1,4,46.01,S,6,0,0
12173,3,male,36.1,5,3,2.77,S,9,0,1
12174,3,male,44.0,3,1,16.23,S,5,0,1
12175,3,male,27.4,4,2,9.07,S,7,0,1
12176,3,male,19.4,2,1,10.75,S,4,0,0
12177,2,female,24.6,2,2,18.66,S,5,0,0
12178,1,male,0.0,3,4,81.91,S,8,0,0
12180,3,female,32.7,5,4,6.87,S,10,0,0
12181,3,female,26.5,2,4,27.19,S,7,0,1
12182,1,male,5.7,1,4,5.35,S,6,0,0
12185,3,female,36.9,2,0,95.66,S,3,0,1
12186,2,male,28.8,4,3,34.75,S,8,0,1
12187,3,male,6.4,4,0,57.38,S,5,0,0
12189,3,male,44.1,0,1,61.78,S,2,0,0
12190,2,female,39.7,5,2,6.73,S,8,0,0
12193,1,female,41.2,0,4,36.87,S,5,0,0
12196,3,female,30.9,3,3,17.91,S,7,0,1
12197,1,male,13.6,3,0,15.48,S,4,0,0
12198,2,female,0.0,4,1,11.56,S,6,0,0
12199,3,female,24.0,1,0,29.1,S,2,0,1
12200,2,female,49.7,1,0,132.75,S,2,0,0
12201,1,female,47.8,4,0,35.69,S,5,0,1
12202,3,male,28.1,1,1,45.26,S,3,0,0
12203,3,male,35.0,3,3,33.98,S,7,0,1
12204,1,male,11.9,4,2,23.2,S,7,0,0
12205,3,male,30.6,0,0,54.36,S,1,1,0
12206,3,male,21.7,4,1,12.49,S,6,0,1
12207,1,male,29.8,2,2,10.21,S,5,0,0
12208,3,female,25.2,3,2,15.5,S,6,0,0
12209,3,male,24.9,5,3,27.67,S,9,0,0
12210,1,male,42.9,3,4,0.0,S,8,0,0
12211,1,male,56.5,2,2,57.69,S,5,0,0
12213,3,female,48.9,5,2,29.38,S,8,0,1
12215,3,male,27.7,5,4,18.08,S,10,0,0
12216,3,male,10.9,2,3,2.25,S,6,0,0
12217,2,female,24.6,3,1,0.36,S,5,0,1
12218,3,male,39.0,4,3,49.68,S,8,0,0
12222,3,male,46.2,0,0,33.39,S,1,1,0
12223,1,female,44.2,4,2,3.17,S,7,0,0
12224,1,male,32.6,2,0,6.76,S,3,0,1
12225,1,male,20.8,2,0,20.39,S,3,0,0
12226,2,male,19.4,2,2,18.58,S,5,0,0
12228,3,female,28.6,4,4,65.48,S,9,0,0
12232,1,male,31.6,1,4,172.66,S,6,0,0
12233,1,male,3.2,2,1,13.62,S,4,0,0
12234,2,male,29.4,2,3,9.83,S,6,0,0
12236,3,female,59.3,3,2,5.48,S,6,0,1
12238,3,female,26.1,0,3,26.9,S,4,0,0
12239,2,female,34.4,3,3,8.08,S,7,0,1
12240,1,male,15.4,4,3,9.29,S,8,0,0
12241,3,male,56.0,1,0,39.72,S,2,0,0
12243,3,female,17.0,4,0,40.22,S,5,0,1
12244,1,male,20.7,4,0,11.87,S,5,0,0
12245,3,male,59.1,0,4,52.85,S,5,0,0
12246,3,male,48.5,4,3,4.27,S,8,0,0
12247,1,male,23.8,4,2,9.17,S,7,0,0
12248,2,female,35.0,5,1,18.5,S,7,0,0
12250,1,female,59.8,0,0,10.69,S,1,1,1
12251,3,male,30.0,4,4,59.41,S,9,0,1
12252,1,male,37.2,4,0,3.44,S,5,0,1
12254,1,male,13.1,0,2,5.5,S,3,0,1
12255,3,female,35.3,1,0,30.38,S,2,0,0
12256,1,female,55.8,0,1,15.75,S,2,0,0
12257,1,female,21.4,3,1,63.72,S,5,0,0
12258,3,female,15.3,4,2,21.29,S,7,0,0
12260,2,male,51.9,3,2,8.8,S,6,0,1
12262,3,male,25.5,1,2,32.24,S,4,0,1
12265,1,male,25.0,5,3,79.68,S,9,0,0
12266,3,female,44.4,2,2,13.42,S,5,0,0
12267,3,female,36.4,4,0,9.03,S,5,0,0
12269,1,male,41.6,3,4,115.26,S,8,0,0
12270,1,female,39.7,4,2,13.18,S,7,0,1
12274,2,female,48.3,2,4,30.9,S,7,0,0
12275,1,male,29.7,5,4,105.95,S,10,0,0
12276,2,male,32.5,5,1,36.19,S,7,0,1
12277,2,male,34.6,1,2,0.06,S,4,0,0
12279,1,male,50.4,5,0,33.58,S,6,0,0
12281,2,female,28.6,4,1,31.0,S,6,0,1
12282,3,male,43.1,1,2,83.16,S,4,0,0
12283,3,male,35.0,5,2,0.14,S,8,0,0
12284,1,male,70.4,2,4,117.29,S,7,0,0
12285,3,female,33.1,0,1,11.24,S,2,0,1
12286,1,male,46.3,4,2,29.93,S,7,0,1
12287,3,female,41.3,0,1,10.4,S,2,0,0
12288,3,male,0.3,2,0,42.0,S,3,0,0
12289,1,female,18.7,4,1,23.21,S,6,0,0
12290,3,male,22.8,3,4,9.76,S,8,0,0
12292,3,female,23.5,1,0,13.87,S,2,0,1
12293,3,female,9.8,4,3,9.19,S,8,0,0
12295,3,male,32.4,1,0,32.54,S,2,0,1
12296,3,male,55.9,5,3,4.84,S,9,0,0
12298,3,female,12.0,1,2,0.21,S,4,0,0
12301,3,male,7.4,5,1,2.2,S,7,0,0
12303,3,male,17.9,0,2,60.17,S,3,0,1
12304,3,male,33.5,5,4,14.37,S,10,0,1
12305,3,male,35.0,4,3,14.54,S,8,0,0
12306,3,female,26.9,2,2,37.33,S,5,0,0
12307,3,male,23.7,3,3,41.23,S,7,0,1
12308,3,male,19.1,3,3,39.34,S,7,0,0
12309,3,female,29.7,1,1,20.25,S,3,0,1
12310,3,male,15.3,4,0,39.25,S,5,0,0
12311,1,male,50.7,4,0,82.44,S,5,0,1
12312,1,female,8.0,1,4,4.63,S,6,0,0
12316,3,male,38.4,3,1,2.95,S,5,0,0
12317,3,male,53.0,0,0,95.75,S,1,1,0
12318,2,male,40.7,2,0,41.48,S,3,0,0
12324,3,male,18.0,1,1,42.79,S,3,0,0
12325,2,male,22.2,5,2,6.48,S,8,0,1
12326,3,male,25.5,4,3,5.31,S,8,0,1
12328,1,female,49.9,0,1,32.9,S,2,0,1
12329,3,female,27.5,4,3,35.85,S,8,0,0
12331,3,female,41.8,5,4,60.6,S,10,0,1
12334,1,male,46.6,5,1,21.08,S,7,0,0
12335,1,male,54.6,5,4,51.14,S,10,0,0
12336,3,female,27.5,0,4,68.92,S,5,0,0
12337,1,male,21.1,5,2,60.51,S,8,0,0
12338,3,male,59.6,4,1,21.95,S,6,0,1
12340,3,female,29.2,3,3,49.38,S,7,0,1
12341,1,female,38.1,4,4,27.71,S,9,0,0
12342,3,female,14.4,4,2,8.15,S,7,0,0
12343,3,male,44.5,4,4,69.72,S,9,0,1
12344,3,female,3.8,3,2,21.76,S,6,0,0
12346,2,male,18.9,5,2,25.78,S,8,0,0
12348,2,male,1.0,5,0,7.68,S,6,0,0
12349,3,male,22.3,4,2,13.54,S,7,0,0
12350,2,male,39.0,2,4,7.98,S,7,0,1
12352,3,male,11.7,2,4,29.36,S,7,0,0
12353,3,male,22.1,5,0,54.91,S,6,0,0
12354,1,male,40.3,1,0,7.47,S,2,0,0
12356,3,male,31.0,0,2,17.37,S,3,0,1
12357,1,female,42.8,1,1,88.08,S,3,0,1
12358,1,female,38.6,1,0,3.84,S,2,0,0
12359,3,male,23.2,4,1,49.73,S,6,0,0
12360,2,male,41.7,0,0,1.95,S,1,1,1
12361,1,male,11.0,2,3,5.78,S,6,0,0
12363,1,female,12.7,4,2,7.58,S,7,0,0
12365,3,male,46.1,1,3,7.93,S,5,0,0
12367,3,male,28.8,5,3,24.31,S,9,0,0
12369,3,female,38.3,5,0,16.91,S,6,0,1
12370,2,male,58.9,1,4,5.04,S,6,0,0
12374,1,female,16.4,4,2,60.09,S,7,0,1
12375,1,male,11.7,3,1,8.68,S,5,0,1
12376,1,female,0.0,2,4,6.06,S,7,0,0
12377,2,male,22.5,4,1,9.28,S,6,0,1
12378,3,female,9.3,0,4,89.39,S,5,0,0
12379,2,male,30.4,4,3,7.69,S,8,0,1
12380,3,male,21.9,0,4,37.47,S,5,0,0
12381,3,male,13.8,1,0,3.97,S,2,0,0
12382,3,male,0.0,2,0,34.55,S,3,0,0
12383,1,male,24.1,3,4,8.97,S,8,0,0
12385,1,male,38.9,1,3,0.75,S,5,0,0
12386,3,male,32.6,5,0,22.2,S,6,0,1
12387,3,female,25.8,5,1,34.84,S,7,0,0
12388,2,male,49.3,4,2,43.54,S,7,0,1
12390,2,male,34.4,5,2,31.46,S,8,0,1
12392,3,female,21.8,0,2,41.14,S,3,0,1
12393,3,male,21.8,0,4,24.03,S,5,0,1
12394,2,female,29.6,1,0,3.36,S,2,0,1
12395,2,female,10.1,1,3,4.84,S,5,0,0
12396,1,male,54.0,4,3,56.4,S,8,0,0
12397,3,male,31.3,4,3,26.68,S,8,0,0
12399,2,male,58.2,2,4,49.71,S,7,0,0
12400,3,male,13.6,3,3,28.26,S,7,0,1
12401,3,male,50.5,2,4,5.86,S,7,0,0
12403,1,male,44.6,4,0,84.61,S,5,0,0
12404,3,female,26.5,3,1,44.55,S,5,0,1
12405,3,male,29.8,5,0,15.65,S,6,0,0
12406,3,male,24.2,2,4,0.17,S,7,0,0
12407,2,female,42.9,5,4,8.2,S,10,0,0
12408,1,male,34.5,5,1,6.38,S,7,0,1
12409,2,male,21.2,0,0,15.18,S,1,1,1
12410,3,female,21.8,2,3,68.53,S,6,0,1
12411,1,female,28.8,2,3,6.35,S,6,0,1
12414,3,female,40.3,3,4,18.91,S,8,0,0
12415,1,male,40.3,1,1,2.24,S,3,0,0
12416,3,male,32.3,3,3,26.02,S,7,0,0
12417,3,female,17.4,1,2,10.24,S,4,0,0
12419,3,male,0.0,0,3,5.43,S,4,0,0
12421,3,male,17.6,5,1,15.37,S,7,0,0
12425,1,male,28.7,3,4,40.05,S,8,0,1
12426,3,female,40.1,3,3,65.11,S,7,0,0
12427,3,female,26.6,1,1,71.21,S,3,0,0
12429,1,female,9.5,2,1,26.05,S,4,0,1
12432,1,male,37.8,5,2,40.32,S,8,0,1
12433,3,male,25.4,1,3,55.22,S,5,0,0
12434,1,male,42.1,2,4,43.28,S,7,0,0
12435,2,male,9.3,1,2,11.77,S,4,0,1
12436,3,male,34.6,4,4,4.12,S,9,0,0
12437,3,male,17.1,3,3,40.42,S,7,0,0
12438,3,male,16.0,2,2,75.54,S,5,0,0
12439,3,male,18.3,0,2,122.92,S,3,0,0
12440,3,male,27.9,5,4,1.6,S,10,0,1
12441,3,male,35.1,4,0,32.41,S,5,0,0
12442,3,male,34.1,4,4,30.74,S,9,0,1
12443,3,female,24.9,5,2,14.74,S,8,0,0
12446,3,male,27.3,0,0,82.71,S,1,1,0
12447,2,male,30.3,5,3,11.38,S,9,0,1
12448,1,male,20.4,2,2,6.32,S,5,0,1
12449,1,female,23.5,5,3,35.78,S,9,0,0
12451,2,female,46.6,2,3,1.83,S,6,0,1
12454,1,male,41.9,3,1,156.56,S,5,0,0
12455,3,female,22.7,3,1,11.97,S,5,0,0
12456,3,female,10.7,2,2,25.96,S,5,0,0
12457,3,male,38.7,2,2,5.62,S,5,0,0
12459,3,female,39.5,3,1,9.85,S,5,0,0
12460,2,male,23.8,0,3,36.68,S,4,0,0
12461,1,female,50.3,0,2,0.92,S,3,0,1
12462,2,male,33.0,1,4,38.43,S,6,0,1
12463,3,male,12.9,1,1,23.33,S,3,0,1
12464,3,female,6.7,0,1,15.3,S,2,0,0
12465,1,male,24.8,1,4,2.14,S,6,0,0
12466,1,female,32.1,4,4,2.06,S,9,0,0
12467,3,female,25.0,5,1,50.27,S,7,0,0
12468,3,female,56.9,0,1,43.19,S,2,0,0
12469,2,male,34.7,1,1,20.05,S,3,0,0
12471,3,male,0.0,2,1,53.67,S,4,0,1
12472,1,female,32.3,2,0,35.05,S,3,0,0
12473,3,male,42.8,2,1,2.56,S,4,0,0
12475,3,male,26.2,5,0,2.25,S,6,0,0
12477,1,male,10.0,3,4,22.42,S,8,0,0
12478,3,male,24.2,0,3,15.0,S,4,0,0
12479,3,male,14.8,2,1,31.97,S,4,0,0
12480,1,female,40.1,2,1,43.83,S,4,0,1
12482,2,female,34.6,3,4,56.48,S,8,0,0
12483,3,male,11.6,5,0,28.88,S,6,0,0
12485,3,female,23.8,4,1,4.68,S,6,0,0
12486,3,female,34.3,2,0,64.6,S,3,0,0
12487,3,male,4.0,3,0,4.38,S,4,0,0
12488,3,female,8.1,1,1,30.93,S,3,0,0
12489,3,male,18.2,2,3,7.38,S,6,0,1
12491,3,male,38.2,4,1,8.17,S,6,0,0
12492,1,female,44.2,3,4,14.37,S,8,0,0
12493,2,male,7.9,5,2,47.55,S,8,0,0
12495,3,female,21.2,1,4,12.42,S,6,0,1
12497,2,male,21.5,3,4,125.07,S,8,0,0
12498,3,male,27.4,1,4,5.01,S,6,0,1
12499,3,male,38.3,0,3,8.8,S,4,0,1
12501,1,male,36.3,3,0,12.03,S,4,0,0
12502,3,female,37.9,0,4,12.19,S,5,0,0
12503,2,female,54.5,4,0,17.93,S,5,0,1
12504,1,male,38.8,5,1,49.89,S,7,0,0
12505,2,male,26.0,3,3,14.13,S,7,0,1
12506,3,male,37.1,5,3,9.5,S,9,0,1
12508,3,male,16.8,1,0,65.7,S,2,0,0
12509,3,male,23.0,5,3,38.47,S,9,0,1
12510,2,male,49.3,0,4,13.3,S,5,0,0
12512,2,male,39.7,1,4,37.56,S,6,0,0
12513,3,female,47.0,3,1,4.76,S,5,0,0
12514,1,female,11.4,4,4,37.95,S,9,0,1
12515,2,female,23.3,4,4,75.6,S,9,0,0
12518,1,female,0.7,1,4,5.23,S,6,0,0
12520,2,female,40.1,2,2,31.65,S,5,0,0
12522,1,male,29.7,3,2,19.68,S,6,0,1
12523,3,male,35.8,0,2,11.75,S,3,0,0
12524,1,male,23.8,2,4,19.46,S,7,0,0
12526,3,female,49.0,1,4,3.66,S,6,0,0
12528,2,male,27.3,3,4,19.31,S,8,0,0
12529,2,male,35.1,5,1,65.64,S,7,0,0
12530,1,male,42.3,1,4,12.83,S,6,0,0
12532,3,female,40.2,1,3,11.56,S,5,0,0
12533,2,male,34.2,4,2,11.78,S,7,0,0
12534,3,female,48.9,1,0,39.48,S,2,0,0
12535,1,female,38.8,4,3,26.42,S,8,0,0
12536,3,male,22.0,4,3,14.93,S,8,0,1
12537,2,female,48.7,1,4,21.13,S,6,0,1
12538,2,male,35.4,0,0,59.54,S,1,1,0
12539,3,male,27.0,1,4,43.84,S,6,0,0
12541,3,male,32.2,4,2,67.02,S,7,0,0
12544,1,female,0.0,0,2,14.38,S,3,0,0
12545,2,female,39.7,5,4,25.88,S,10,0,0
12547,3,male,38.4,3,2,36.59,S,6,0,1
12548,3,male,21.6,5,3,125.26,S,9,0,1
12550,3,male,17.4,2,0,37.26,S,3,0,0
12552,3,female,22.7,5,2,72.75,S,8,0,0
12554,3,female,0.0,2,4,18.94,S,7,0,0
12555,1,female,3.7,1,4,34.56,S,6,0,0
12556,3,female,44.5,5,2,27.21,S,8,0,1
12557,3,male,25.4,3,4,59.47,S,8,0,1
12560,1,male,8.5,2,0,9.17,S,3,0,1
12561,1,male,25.3,2,0,32.57,S,3,0,0
12564,2,male,17.7,4,2,2.0,S,7,0,0
12565,2,female,27.1,2,4,39.0,S,7,0,1
12566,3,female,22.1,5,4,24.34,S,10,0,1
12567,3,female,15.9,4,2,43.38,S,7,0,0
12569,3,female,35.4,3,0,61.9,S,4,0,0
12572,1,female,38.3,5,0,3.2,S,6,0,0
12573,3,female,36.4,1,0,22.64,S,2,0,0
12574,3,male,14.5,4,4,33.32,S,9,0,0
12575,1,female,7.5,2,3,29.28,S,6,0,0
12576,3,female,0.0,3,1,72.95,S,5,0,0
12577,2,female,54.1,3,1,80.13,S,5,0,0
12578,3,female,22.8,5,4,31.14,S,10,0,0
12580,3,female,31.8,5,0,4.45,S,6,0,1
12581,3,female,41.8,1,0,15.99,S,2,0,1
12582,1,female,28.1,3,2,12.82,S,6,0,1
12583,3,female,10.4,4,0,13.58,S,5,0,1
12584,2,female,14.5,2,1,41.59,S,4,0,0
12585,3,male,24.1,3,1,21.42,S,5,0,0
12587,3,male,17.0,1,0,9.11,S,2,0,1
12588,3,male,12.2,2,0,5.85,S,3,0,1
12589,3,male,24.4,3,0,16.85,S,4,0,1
12592,2,female,41.0,3,4,54.62,S,8,0,0
12593,3,female,25.6,0,2,18.41,S,3,0,0
12594,3,male,8.0,2,0,119.85,S,3,0,0
12595,3,female,0.3,2,4,0.14,S,7,0,0
12596,1,female,31.3,3,3,81.05,S,7,0,1
12597,3,male,19.7,5,0,33.82,S,6,0,0
12599,2,male,33.6,1,4,58.72,S,6,0,0
12601,1,male,4.5,4,3,1.14,S,8,0,0
12603,3,male,27.8,5,3,66.08,S,9,0,0
12605,1,male,8.2,2,2,4.31,S,5,0,0
12608,2,male,10.7,1,2,12.64,S,4,0,1
12609,3,male,12.9,3,2,160.23,S,6,0,1
12610,3,male,44.2,3,2,5.75,S,6,0,0
12612,3,female,9.6,1,1,29.3,S,3,0,0
12613,3,female,17.2,1,4,9.94,S,6,0,0
12614,2,female,28.3,3,2,17.0,S,6,0,1
12615,1,male,41.5,5,0,8.8,S,6,0,1
12616,1,male,40.3,0,2,48.84,S,3,0,0
12617,2,male,18.1,1,3,10.28,S,5,0,0
12618,1,male,21.6,0,3,59.09,S,4,0,0
12619,2,male,58.4,1,3,42.61,S,5,0,1
12621,3,female,25.5,4,2,51.35,S,7,0,1
12622,1,male,0.0,0,3,12.28,S,4,0,1
12623,2,male,22.6,4,1,16.7,S,6,0,0
12624,3,female,10.4,1,2,2.61,S,4,0,0
12625,2,female,16.9,1,4,26.91,S,6,0,0
12626,2,male,15.5,5,3,54.22,S,9,0,0
12627,3,male,25.8,3,2,31.22,S,6,0,1
12629,2,female,18.8,4,0,73.03,S,5,0,1
12631,1,male,26.5,2,4,174.88,S,7,0,0
12632,3,male,22.0,5,0,19.76,S,6,0,0
12634,3,male,37.5,4,2,1.52,S,7,0,1
12635,3,female,18.8,4,3,38.37,S,8,0,0
12636,1,male,25.2,0,0,12.32,S,1,1,1
12637,2,male,25.9,1,1,4.37,S,3,0,1
12638,3,female,28.8,2,4,5.13,S,7,0,0
12639,3,male,31.0,3,2,22.72,S,6,0,1
12641,2,male,33.4,2,0,38.88,S,3,0,1
12642,3,female,24.2,1,2,18.91,S,4,0,1
12643,2,male,44.2,1,2,64.02,S,4,0,1
12644,1,male,40.4,5,3,2.27,S,9,0,0
12647,1,female,47.0,1,0,3.43,S,2,0,0
12648,3,male,30.3,5,3,45.13,S,9,0,1
12650,3,male,38.4,5,4,29.66,S,10,0,0
12653,3,female,42.4,5,4,24.4,S,10,0,0
12657,1,male,12.0,5,4,16.54,S,10,0,0
12659,3,male,40.9,4,1,104.25,S,6,0,1
12660,2,male,8.3,4,0,52.83,S,5,0,0
12661,3,female,10.5,1,0,18.96,S,2,0,0
12662,2,female,56.7,3,0,29.94,S,4,0,1
12664,1,male,38.2,4,4,23.5,S,9,0,0
12665,3,female,44.7,3,4,42.33,S,8,0,0
12666,1,male,39.8,4,0,58.23,S,5,0,1
12667,2,female,31.1,5,1,2.02,S,7,0,1
12669,1,female,36.5,1,3,27.79,S,5,0,0
12670,3,male,25.9,0,3,38.91,S,4,0,0
12671,3,male,38.7,4,4,34.6,S,9,0,0
12672,3,male,25.4,0,4,9.19,S,5,0,0
12673,3,female,27.0,5,4,34.0,S,10,0,0
12675,1,male,22.3,2,0,8.99,S,3,0,1
12676,1,male,29.3,2,3,69.11,S,6,0,0
12677,2,male,35.0,1,4,24.16,S,6,0,1
12678,2,male,35.9,3,4,63.48,S,8,0,1
12679,2,male,33.1,1,3,17.32,S,5,0,0
12680,1,male,11.5,3,0,32.07,S,4,0,1
12681,1,male,31.3,5,0,54.34,S,6,0,1
12682,3,female,32.4,2,3,12.76,S,6,0,0
12684,2,female,39.3,3,2,13.86,S,6,0,0
12685,1,male,45.9,5,2,7.22,S,8,0,1
12686,3,male,15.0,2,3,43.12,S,6,0,1
12687,2,male,15.1,3,1,13.05,S,5,0,0
12690,3,male,26.2,4,1,8.39,S,6,0,0
12691,3,male,18.6,5,4,137.84,S,10,0,1
12693,2,male,34.1,5,0,26.12,S,6,0,1
12694,2,male,27.4,0,4,2.44,S,5,0,1
12695,1,male,22.9,5,0,1.36,S,6,0,0
12697,3,male,27.8,5,3,0.4,S,9,0,1
12698,1,male,29.0,4,3,10.41,S,8,0,1
12699,3,male,41.6,4,2,23.64,S,7,0,0
12700,2,male,59.7,0,4,37.57,S,5,0,0
12701,3,female,22.8,2,0,9.26,S,3,0,0
12702,3,male,16.7,2,4,16.74,S,7,0,1
12703,1,male,15.2,0,4,15.45,S,5,0,1
12704,3,female,35.7,5,3,12.7,S,9,0,0
12705,3,male,13.7,0,4,15.74,S,5,0,1
12707,3,female,25.0,1,1,7.08,S,3,0,1
12708,3,male,50.8,5,0,19.99,S,6,0,0
12710,3,female,7.5,2,1,2.1,S,4,0,0
12711,3,female,51.2,5,0,7.69,S,6,0,0
12712,1,female,12.0,3,1,87.01,S,5,0,1
12714,3,male,17.3,1,3,129.6,S,5,0,0
12715,1,female,23.6,4,2,8.17,S,7,0,0
12716,3,male,15.3,0,2,11.05,S,3,0,0
12717,1,male,52.5,2,4,32.73,S,7,0,1
12718,1,male,27.0,1,3,14.05,S,5,0,1
12719,1,male,32.2,5,3,14.34,S,9,0,0
12720,3,female,14.0,5,1,59.44,S,7,0,0
12721,3,female,9.2,3,2,0.95,S,6,0,0
12722,2,male,22.8,5,2,35.11,S,8,0,1
12724,3,female,27.3,0,0,6.13,S,1,1,1
12727,1,male,29.1,5,4,24.51,S,10,0,1
12728,1,female,36.5,4,0,14.17,S,5,0,0
12729,2,male,30.4,2,0,31.47,S,3,0,0
12730,1,male,42.2,4,3,12.56,S,8,0,0
12731,2,male,36.8,5,1,31.5,S,7,0,0
12732,3,male,41.8,1,3,5.01,S,5,0,1
12733,1,male,39.0,5,2,8.17,S,8,0,0
12734,3,male,48.0,5,3,0.47,S,9,0,0
12735,3,male,40.6,0,1,6.53,S,2,0,0
12736,2,male,53.5,3,0,4.48,S,4,0,0
12737,3,female,21.4,2,0,29.17,S,3,0,0
12738,2,female,40.7,5,4,92.46,S,10,0,1
12739,1,male,9.7,4,4,7.76,S,9,0,1
12740,3,female,42.3,0,1,4.43,S,2,0,1
12741,3,male,29.8,0,1,24.52,S,2,0,0
12744,1,male,40.2,1,3,22.47,S,5,0,1
12745,1,male,23.2,1,4,0.63,S,6,0,0
12747,3,male,36.5,0,3,7.2,S,4,0,1
12748,3,male,25.0,4,4,72.07,S,9,0,0
12749,3,male,38.3,4,2,15.46,S,7,0,0
12750,1,female,21.9,3,1,5.52,S,5,0,0
12751,1,male,16.0,5,0,3.61,S,6,0,0
12752,3,female,25.6,3,4,22.87,S,8,0,0
12753,3,male,36.0,4,3,14.37,S,8,0,0
12754,1,male,30.7,1,0,79.84,S,2,0,1
12755,1,female,17.6,0,1,7.2,S,2,0,1
12758,3,male,0.0,1,1,65.71,S,3,0,0
12759,3,male,42.1,2,3,22.86,S,6,0,0
12760,3,female,28.8,2,3,56.93,S,6,0,0
12761,2,male,26.6,1,2,18.41,S,4,0,1
12762,2,male,26.3,3,3,6.17,S,7,0,0
12763,1,female,26.4,3,2,24.8,S,6,0,0
12765,3,female,35.5,0,1,6.53,S,2,0,0
12766,2,female,32.6,2,2,74.92,S,5,0,1
12768,1,male,53.2,1,0,51.55,S,2,0,0
12769,1,female,40.8,5,1,47.87,S,7,0,0
12771,3,male,32.9,5,1,69.45,S,7,0,0
12774,3,female,23.8,3,2,8.34,S,6,0,0
12775,2,male,34.2,0,4,1.87,S,5,0,0
12776,1,male,58.4,0,1,3.11,S,2,0,0
12777,3,female,31.9,4,1,6.92,S,6,0,1
12779,1,male,45.7,4,2,12.15,S,7,0,0
12780,3,female,36.9,5,0,81.73,S,6,0,1
12781,2,male,52.2,5,2,25.93,S,8,0,1
12782,3,male,0.0,2,0,27.81,S,3,0,0
12783,3,male,3.3,1,3,8.65,S,5,0,0
12785,3,female,19.9,1,1,14.65,S,3,0,1
12787,3,female,53.5,2,1,62.55,S,4,0,1
12789,3,female,52.7,0,1,35.95,S,2,0,0
12790,3,male,23.6,3,3,21.52,S,7,0,0
12792,1,female,29.8,1,4,57.6,S,6,0,1
12793,1,male,49.9,5,4,13.36,S,10,0,1
12794,3,male,25.3,0,3,24.9,S,4,0,0
12795,3,female,15.5,4,3,22.11,S,8,0,1
12796,3,female,22.5,1,1,14.95,S,3,0,1
12800,1,male,44.7,0,2,57.1,S,3,0,0
12802,1,male,34.5,5,4,37.86,S,10,0,1
12804,2,male,20.8,1,1,55.29,S,3,0,1
12805,2,male,0.0,2,3,2.81,S,6,0,1
12806,2,female,34.3,1,0,9.87,S,2,0,0
12808,2,female,49.6,3,4,3.74,S,8,0,0
12810,3,male,20.7,0,0,2.39,S,1,1,0
12812,3,male,35.5,5,2,13.73,S,8,0,0
12813,3,male,54.2,0,4,1.83,S,5,0,0
12814,2,female,9.8,0,3,10.76,S,4,0,0
12815,3,male,24.8,3,1,16.31,S,5,0,0
12816,2,female,9.0,5,4,14.61,S,10,0,1
12817,1,male,40.1,5,1,22.84,S,7,0,1
12818,3,male,19.9,1,3,22.36,S,5,0,0
12819,3,male,27.6,4,2,14.26,S,7,0,0
12821,3,female,30.6,5,4,7.95,S,10,0,0
12822,1,female,26.8,3,0,13.31,S,4,0,0
12824,3,male,30.2,0,0,9.0,S,1,1,1
12825,3,male,17.9,0,3,5.21,S,4,0,0
12827,2,male,29.8,0,2,92.99,S,3,0,0
12828,1,male,14.4,2,3,49.07,S,6,0,0
12830,1,male,52.2,5,1,1.31,S,7,0,0
12831,2,male,63.2,0,0,2.44,S,1,1,0
12833,3,male,17.3,3,2,0.75,S,6,0,0
12837,2,male,0.0,0,1,124.24,S,2,0,0
12838,3,female,15.3,0,1,4.04,S,2,0,0
12840,3,male,19.8,5,4,0.19,S,10,0,1
12841,3,female,9.9,2,1,28.65,S,4,0,0
12843,3,male,0.0,0,1,22.44,S,2,0,0
12844,1,male,20.6,5,4,50.67,S,10,0,0
12847,1,male,36.7,2,3,20.45,S,6,0,1
12848,3,female,34.3,3,3,44.09,S,7,0,0
12849,3,male,41.6,2,1,29.52,S,4,0,0
12850,3,male,26.6,4,4,64.28,S,9,0,0
12851,3,male,8.6,0,4,45.12,S,5,0,0
12852,3,male,29.6,4,2,8.45,S,7,0,1
12854,3,male,10.0,5,0,66.53,S,6,0,0
12855,3,female,37.1,2,0,62.67,S,3,0,0
12856,3,male,9.2,1,4,20.75,S,6,0,1
12857,3,male,38.5,4,0,12.05,S,5,0,1
12859,1,male,24.9,5,4,6.92,S,10,0,0
12860,1,male,21.1,1,2,4.97,S,4,0,0
12862,3,female,37.3,0,1,34.77,S,2,0,0
12863,3,male,17.5,2,0,12.09,S,3,0,0
12865,1,female,47.6,1,4,11.66,S,6,0,1
12866,2,female,49.9,2,4,65.9,S,7,0,0
12868,3,female,47.4,3,2,10.14,S,6,0,0
12869,3,male,46.4,5,0,51.25,S,6,0,1
12870,1,female,31.5,2,4,44.39,S,7,0,1
12871,3,female,27.7,5,1,20.17,S,7,0,1
12872,2,male,21.3,5,2,37.35,S,8,0,0
12874,3,male,33.7,3,1,1.63,S,5,0,1
12876,3,male,35.1,2,2,10.82,S,5,0,1
12878,1,female,64.3,2,4,76.42,S,7,0,0
12879,3,male,45.8,1,3,0.62,S,5,0,0
12880,1,female,36.7,3,2,31.04,S,6,0,1
12881,3,male,0.0,0,0,107.38,S,1,1,1
12882,3,male,34.5,2,2,26.63,S,5,0,0
12883,3,male,51.2,1,2,30.6,S,4,0,0
12884,2,male,23.0,1,3,85.55,S,5,0,0
12885,2,female,59.7,1,4,27.21,S,6,0,0
12887,2,male,33.1,3,4,19.74,S,8,0,0
12888,1,male,15.1,4,2,13.78,S,7,0,1
12889,3,male,50.1,2,4,5.85,S,7,0,1
12890,3,male,17.4,0,3,7.71,S,4,0,1
12891,3,female,21.1,0,1,2.02,S,2,0,0
12892,1,female,2.7,4,1,5.91,S,6,0,0
12894,2,female,37.2,2,4,45.44,S,7,0,0
12896,2,male,39.4,2,3,37.58,S,6,0,0
12897,2,female,38.0,3,4,177.97,S,8,0,1
12898,3,male,23.9,3,3,27.89,S,7,0,1
12899,3,male,18.0,2,0,30.47,S,3,0,0
12901,3,male,26.5,2,4,16.11,S,7,0,0
12902,1,male,10.7,3,2,6.58,S,6,0,0
12904,1,male,26.8,4,4,20.8,S,9,0,1
12905,1,male,23.4,3,4,87.91,S,8,0,0
12907,2,male,15.2,3,0,3.68,S,4,0,1
12908,3,male,3.1,0,0,32.42,S,1,1,1
12909,3,female,25.8,0,2,60.99,S,3,0,1
12910,3,female,18.6,4,2,34.73,S,7,0,0
12913,3,male,34.9,4,1,43.9,S,6,0,0
12914,3,male,15.4,3,0,13.51,S,4,0,1
12916,3,female,37.6,5,2,48.49,S,8,0,0
12918,3,male,12.4,2,1,2.76,S,4,0,0
12919,1,male,15.7,5,0,0.55,S,6,0,0
12920,1,male,23.8,5,1,35.14,S,7,0,1
12921,3,male,13.0,4,0,2.82,S,5,0,0
12923,2,male,25.5,4,1,7.03,S,6,0,1
12924,3,male,16.2,2,4,22.78,S,7,0,0
12925,1,male,38.1,0,4,7.19,S,5,0,0
12926,2,female,14.7,2,4,6.38,S,7,0,0
12927,2,male,46.4,3,1,0.34,S,5,0,0
12928,3,male,25.9,2,0,46.55,S,3,0,1
12929,2,male,19.8,4,4,4.67,S,9,0,1
12930,3,female,36.6,1,4,26.91,S,6,0,0
12931,1,male,29.5,3,2,11.4,S,6,0,1
12932,3,male,39.6,5,2,6.47,S,8,0,0
12933,3,male,1.0,5,1,13.63,S,7,0,0
12935,3,male,21.7,2,4,18.17,S,7,0,1
12937,1,male,27.8,0,0,1.67,S,1,1,0
12938,3,male,47.9,3,1,6.48,S,5,0,0
12939,2,male,3.0,0,4,2.68,S,5,0,0
12940,1,female,51.6,4,0,109.96,S,5,0,0
12942,3,female,31.1,0,4,54.93,S,5,0,0
12943,2,female,8.9,3,2,9.93,S,6,0,1
12944,1,female,5.6,0,4,72.24,S,5,0,0
12945,3,female,21.1,5,0,31.73,S,6,0,0
12946,3,male,37.9,0,4,16.67,S,5,0,0
12947,2,female,28.9,3,4,29.37,S,8,0,0
12948,3,male,37.1,4,1,4.36,S,6,0,1
12949,1,female,8.5,1,3,12.02,S,5,0,0
12950,2,male,29.6,0,1,24.8,S,2,0,0
12951,3,male,44.3,5,3,32.73,S,9,0,1
12952,3,female,49.3,5,3,7.82,S,9,0,0
12955,2,female,24.2,3,2,27.76,S,6,0,1
12958,2,male,69.2,2,3,94.1,S,6,0,0
12959,1,female,13.4,3,0,44.59,S,4,0,1
12961,2,female,33.1,0,3,16.64,S,4,0,0
12963,1,male,47.7,4,1,40.94,S,6,0,0
12967,2,male,14.1,1,1,16.46,S,3,0,1
12968,3,male,18.5,4,3,132.88,S,8,0,1
12969,3,female,27.0,1,2,0.91,S,4,0,0
12971,3,male,3.5,3,0,29.22,S,4,0,1
12972,3,male,6.5,2,0,45.12,S,3,0,1
12976,3,female,25.2,4,2,63.68,S,7,0,0
12977,2,male,15.7,1,1,18.59,S,3,0,0
12982,3,male,25.5,4,1,4.9,S,6,0,0
12984,1,male,4.2,5,4,55.47,S,10,0,0
12986,3,female,36.8,1,3,42.66,S,5,0,1
12989,3,male,45.9,5,1,5.46,S,7,0,0
12992,1,male,60.1,5,0,38.66,S,6,0,0
12993,2,male,40.9,2,2,107.19,S,5,0,0
12994,3,male,30.0,1,2,10.74,S,4,0,0
12996,3,male,31.1,4,2,2.4,S,7,0,1
12997,2,male,28.8,1,0,65.78,S,2,0,1
12998,1,male,14.0,0,4,37.96,S,5,0,0
12999,1,male,23.4,2,2,0.93,S,5,0,0
13001,2,male,39.1,3,0,85.72,S,4,0,0
13003,3,female,39.9,2,4,3.99,S,7,0,0
13005,3,female,48.9,0,0,17.25,S,1,1,1
13006,2,male,47.2,5,1,24.01,S,7,0,1
13009,1,male,23.4,5,2,36.08,S,8,0,0
13011,3,male,25.4,5,1,44.81,S,7,0,1
13013,3,female,22.4,2,2,2.49,S,5,0,0
13018,3,male,52.5,1,4,11.72,S,6,0,0
13020,2,male,17.7,0,4,12.2,S,5,0,0
13021,3,male,12.4,1,3,45.78,S,5,0,1
13022,2,male,42.5,4,3,18.15,S,8,0,1
13023,3,male,41.6,5,1,6.61,S,7,0,1
13025,3,male,11.4,5,0,44.79,S,6,0,0
13026,2,male,34.4,1,4,0.46,S,6,0,0
13027,2,male,37.3,1,1,2.13,S,3,0,0
13028,2,female,23.8,2,4,15.25,S,7,0,0
13029,3,female,13.6,2,2,48.47,S,5,0,0
13031,3,female,35.5,0,2,149.9,S,3,0,0
13032,3,male,22.2,0,2,80.46,S,3,0,0
13033,1,female,32.7,2,2,63.99,S,5,0,0
13034,3,male,34.1,1,1,0.29,S,3,0,0
13035,2,male,45.0,1,2,106.39,S,4,0,1
13037,3,male,13.1,4,2,28.63,S,7,0,0
13038,3,female,28.1,5,0,3.32,S,6,0,1
13039,3,male,52.6,5,1,30.08,S,7,0,1
13040,1,male,4.3,4,1,24.07,S,6,0,0
13041,3,male,0.0,4,0,24.95,S,5,0,1
13042,2,male,27.5,5,1,6.8,S,7,0,1
13043,3,male,23.7,0,4,25.07,S,5,0,1
13044,3,female,26.1,0,1,2.4,S,2,0,0
13045,1,male,25.6,4,1,0.69,S,6,0,1
13048,1,male,40.5,0,3,29.61,S,4,0,1
13049,3,male,0.0,2,2,71.91,S,5,0,0
13051,3,male,17.6,5,1,13.78,S,7,0,0
13052,2,male,0.0,5,2,38.53,S,8,0,1
13053,3,male,30.4,5,3,16.73,S,9,0,0
13054,3,female,27.6,1,4,15.36,S,6,0,0
13056,3,male,27.2,5,1,3.9,S,7,0,0
13059,3,male,38.0,0,3,30.0,S,4,0,0
13060,2,female,33.6,4,4,28.55,S,9,0,1
13061,1,male,61.3,2,4,7.13,S,7,0,0
13062,3,male,19.1,0,2,18.3,S,3,0,0
13063,1,male,10.0,3,3,81.23,S,7,0,1
13065,1,male,55.1,2,0,26.09,S,3,0,0
13067,3,male,48.3,1,3,35.97,S,5,0,0
13068,3,female,21.5,0,1,17.01,S,2,0,1
13070,2,male,38.0,3,3,11.51,S,7,0,0
13071,3,female,20.2,2,4,61.72,S,7,0,1
13073,3,male,56.5,5,3,50.64,S,9,0,0
13074,3,male,14.7,4,1,10.57,S,6,0,1
13075,3,male,31.8,1,1,79.61,S,3,0,1
13076,1,female,41.8,2,3,6.54,S,6,0,1
13077,2,male,2.6,3,4,40.62,S,8,0,1
13079,3,male,5.9,3,3,0.6,S,7,0,1
13080,1,male,38.3,1,1,12.9,S,3,0,0
13081,3,female,30.2,5,1,7.25,S,7,0,0
13082,2,male,23.8,2,4,25.93,S,7,0,0
13083,3,male,7.1,4,1,9.63,S,6,0,1
13085,3,female,36.3,5,0,97.9,S,6,0,0
13087,3,female,45.7,2,0,1.48,S,3,0,1
13088,3,male,44.8,4,2,10.13,S,7,0,1
13089,3,male,44.2,1,0,31.86,S,2,0,0
13090,1,male,21.5,0,2,12.41,S,3,0,0
13091,1,male,33.1,0,1,10.59,S,2,0,0
13092,3,male,15.5,0,4,28.99,S,5,0,0
13094,1,female,45.5,2,0,33.46,S,3,0,1
13095,3,male,12.4,4,0,2.99,S,5,0,1
13096,2,male,10.9,4,2,12.58,S,7,0,0
13097,1,male,30.5,1,0,3.93,S,2,0,0
13098,3,female,25.2,4,2,11.26,S,7,0,0
13099,2,female,26.4,4,0,36.74,S,5,0,0
13101,3,male,15.1,1,0,5.01,S,2,0,0
13104,1,male,43.1,4,1,7.81,S,6,0,1
13107,2,male,30.6,2,1,116.25,S,4,0,1
13108,1,male,8.9,5,4,20.82,S,10,0,1
13109,1,female,3.7,1,0,52.31,S,2,0,0
13110,3,female,28.7,2,1,25.79,S,4,0,0
13113,3,male,26.0,2,4,38.23,S,7,0,0
13114,3,female,45.1,5,3,18.53,S,9,0,0
13115,2,male,26.9,4,4,57.29,S,9,0,0
13118,3,female,20.9,1,4,65.35,S,6,0,1
13119,3,female,26.5,2,0,34.11,S,3,0,0
13120,2,male,34.5,4,1,22.81,S,6,0,1
13121,3,male,49.9,0,4,24.05,S,5,0,0
13123,2,male,39.2,3,3,3.09,S,7,0,0
13124,3,male,33.9,0,4,32.39,S,5,0,0
13126,1,male,23.1,3,0,4.65,S,4,0,0
13128,1,female,71.9,4,1,22.03,S,6,0,1
13131,2,male,32.4,5,1,31.18,S,7,0,0
13135,1,female,14.6,3,4,40.14,S,8,0,1
13136,3,female,25.0,0,3,47.29,S,4,0,1
13137,1,male,41.7,2,2,0.24,S,5,0,0
13138,1,male,14.8,2,1,40.32,S,4,0,1
13140,1,male,21.8,0,2,11.58,S,3,0,1
13141,2,male,7.7,0,4,14.93,S,5,0,0
13142,2,male,11.1,2,3,27.43,S,6,0,0
13143,1,male,41.7,0,3,3.89,S,4,0,0
13145,1,male,46.4,3,3,18.85,S,7,0,1
13146,3,male,28.5,1,1,5.57,S,3,0,1
13147,3,male,9.9,4,1,22.79,S,6,0,0
13148,1,male,35.7,4,4,27.31,S,9,0,1
13149,3,female,17.8,5,1,13.6,S,7,0,1
13150,2,female,23.7,3,3,73.57,S,7,0,0
13151,2,male,44.9,0,2,38.23,S,3,0,0
13153,3,female,22.7,3,3,1.75,S,7,0,0
13154,3,female,13.8,1,3,22.29,S,5,0,0
13155,1,female,12.3,2,4,60.88,S,7,0,0
13156,1,male,22.4,1,4,35.31,S,6,0,0
13159,1,male,37.9,4,3,14.76,S,8,0,0
13160,3,female,18.5,2,1,78.89,S,4,0,0
13162,2,male,38.0,4,0,49.43,S,5,0,0
13163,2,male,18.4,1,0,30.29,S,2,0,0
13164,3,female,54.6,5,3,11.02,S,9,0,0
13169,1,male,0.0,2,4,7.42,S,7,0,1
13170,2,female,33.1,2,1,68.83,S,4,0,0
13171,1,female,27.9,2,2,5.88,S,5,0,0
13172,3,female,37.8,1,4,21.64,S,6,0,0
13173,3,female,40.3,5,3,11.08,S,9,0,1
13175,3,male,25.8,2,3,45.1,S,6,0,1
13177,1,male,37.1,2,3,58.37,S,6,0,0
13178,1,male,17.9,5,0,0.27,S,6,0,0
13179,1,female,15.9,1,3,60.25,S,5,0,0
13180,2,male,50.6,3,3,1.69,S,7,0,0
13181,3,female,3.7,5,4,19.04,S,10,0,0
13182,3,male,36.0,2,3,6.17,S,6,0,0
13183,1,female,33.8,4,3,75.91,S,8,0,0
13185,2,male,19.7,1,1,20.22,S,3,0,1
13186,3,male,24.0,3,1,18.79,S,5,0,0
13187,3,female,32.0,3,2,16.58,S,6,0,1
13188,3,female,33.9,4,4,20.55,S,9,0,1
13189,3,female,28.6,5,1,26.68,S,7,0,1
13190,1,male,31.6,3,2,54.36,S,6,0,1
13191,3,male,38.2,5,2,8.68,S,8,0,0
13192,3,female,37.6,2,2,52.21,S,5,0,0
13194,3,female,43.6,0,0,60.98,S,1,1,0
13195,2,male,29.2,1,4,90.88,S,6,0,1
13196,3,male,38.0,2,2,100.38,S,5,0,1
13198,3,female,31.3,2,2,67.24,S,5,0,0
13200,2,female,31.3,1,4,15.16,S,6,0,0
13201,3,male,0.1,2,0,37.62,S,3,0,0
13203,3,female,33.9,4,1,3.06,S,6,0,1
13205,3,male,23.1,0,3,116.8,S,4,0,1
13206,2,male,38.2,2,3,25.42,S,6,0,1
13208,1,male,34.3,0,0,103.85,S,1,1,0
13209,3,female,55.6,2,2,74.57,S,5,0,1
13210,2,female,40.0,2,4,52.55,S,7,0,1
13212,1,male,35.8,4,2,21.29,S,7,0,0
13214,1,male,17.7,4,1,11.67,S,6,0,0
13216,1,male,23.0,0,1,7.79,S,2,0,0
13218,1,female,25.1,1,1,8.52,S,3,0,1
13219,2,female,32.8,0,3,13.29,S,4,0,0
13220,3,male,35.0,1,3,37.52,S,5,0,0
13221,1,male,46.7,5,4,17.99,S,10,0,1
13223,2,male,19.2,5,3,20.86,S,9,0,1
13224,2,male,58.6,5,4,4.8,S,10,0,0
13226,3,male,23.6,1,3,2.18,S,5,0,0
13227,3,male,37.4,3,4,91.36,S,8,0,1
13229,2,male,34.6,2,1,105.58,S,4,0,0
13231,3,female,6.0,1,3,21.0,S,5,0,0
13233,2,female,29.2,2,0,17.57,S,3,0,0
13235,1,female,9.1,0,2,61.3,S,3,0,1
13237,1,female,10.6,5,0,8.16,S,6,0,1
13239,2,male,37.8,1,4,42.88,S,6,0,1
13240,3,male,18.5,3,4,31.85,S,8,0,0
13242,2,female,20.8,3,2,29.78,S,6,0,0
13243,2,male,44.5,2,4,59.96,S,7,0,1
13244,3,male,60.7,0,1,19.26,S,2,0,1
13245,3,female,18.6,2,1,30.28,S,4,0,1
13246,1,male,63.5,0,0,24.3,S,1,1,0
13247,3,male,29.2,3,2,14.17,S,6,0,0
13248,3,male,20.1,1,0,0.08,S,2,0,0
13249,1,male,24.9,1,3,6.6,S,5,0,0
13250,1,female,23.4,1,4,94.1,S,6,0,1
13251,3,female,48.6,1,4,14.01,S,6,0,0
13252,3,male,47.4,2,1,11.28,S,4,0,0
13253,1,female,47.3,2,0,30.45,S,3,0,0
13254,1,male,10.8,3,0,74.92,S,4,0,0
13255,2,female,31.7,0,3,11.53,S,4,0,0
13256,3,male,7.3,0,0,8.08,S,1,1,0
13258,3,male,22.2,1,0,47.52,S,2,0,0
13259,1,male,36.0,2,2,38.81,S,5,0,0
13260,2,female,22.0,4,4,26.07,S,9,0,1
13261,1,male,4.4,4,3,17.74,S,8,0,0
13262,3,female,41.4,1,4,32.5,S,6,0,1
13263,1,male,42.5,4,4,7.82,S,9,0,1
13267,2,male,18.7,1,1,53.43,S,3,0,1
13268,3,male,36.2,3,1,2.51,S,5,0,1
13269,3,male,22.1,0,4,36.01,S,5,0,1
13270,2,male,23.6,2,1,11.54,S,4,0,0
13272,3,male,17.5,5,0,42.31,S,6,0,0
13273,1,male,26.7,3,4,100.99,S,8,0,0
13274,3,female,36.1,3,0,52.09,S,4,0,1
13275,1,female,59.3,0,1,11.04,S,2,0,0
13276,3,male,28.0,3,2,39.38,S,6,0,0
13277,3,male,40.8,0,2,12.71,S,3,0,1
13278,1,male,12.6,2,3,18.53,S,6,0,0
13279,3,male,52.7,3,4,4.2,S,8,0,1
13280,2,male,17.7,0,2,57.52,S,3,0,1
13282,2,female,36.2,2,4,63.6,S,7,0,1
13283,3,male,18.1,3,4,8.09,S,8,0,0
13284,1,male,44.1,5,0,4.43,S,6,0,0
13285,3,male,19.7,5,4,54.08,S,10,0,1
13286,3,male,40.6,2,1,67.58,S,4,0,1
13287,1,female,43.9,2,2,6.04,S,5,0,0
13289,2,male,38.9,5,2,5.77,S,8,0,0
13290,3,female,64.4,3,1,0.47,S,5,0,0
13292,3,male,30.5,5,3,96.07,S,9,0,0
13293,3,male,33.7,0,1,28.57,S,2,0,0
13295,2,male,61.6,2,2,10.6,S,5,0,0
13296,2,female,26.7,2,1,10.58,S,4,0,1
13298,1,male,45.3,1,3,7.51,S,5,0,0
13299,2,male,9.9,0,0,2.2,S,1,1,0
13301,3,male,33.3,2,2,12.12,S,5,0,0
13302,2,female,27.5,0,1,5.43,S,2,0,0
13303,1,female,28.3,0,3,29.66,S,4,0,1
13305,3,male,16.8,1,4,37.32,S,6,0,1
13308,3,male,27.8,3,0,55.8,S,4,0,1
13309,3,male,24.6,4,3,1.66,S,8,0,0
13310,1,female,1.1,4,1,13.13,S,6,0,0
13311,3,male,52.7,1,3,15.7,S,5,0,0
13312,3,male,14.6,2,2,19.28,S,5,0,0
13314,3,male,22.4,0,2,21.78,S,3,0,0
13315,2,female,17.2,3,4,5.68,S,8,0,0
13316,3,female,25.7,3,3,17.26,S,7,0,0
13318,2,female,26.4,1,3,84.79,S,5,0,1
13319,3,male,18.0,0,3,43.46,S,4,0,0
13320,3,male,14.8,1,1,64.34,S,3,0,1
13321,3,male,43.1,5,3,39.57,S,9,0,0
13322,2,female,29.1,1,3,1.87,S,5,0,0
13323,1,male,28.2,1,3,20.56,S,5,0,0
13324,3,male,16.5,0,2,48.16,S,3,0,1
13325,3,male,51.0,3,2,28.64,S,6,0,0
13326,3,male,27.8,2,3,45.47,S,6,0,0
13327,1,female,2.5,5,4,104.59,S,10,0,0
13331,3,female,43.5,1,0,80.84,S,2,0,0
13332,3,male,41.9,2,0,6.87,S,3,0,0
13333,1,male,22.5,4,3,40.67,S,8,0,1
13334,1,male,27.4,5,4,48.94,S,10,0,0
13335,3,male,32.5,4,1,53.34,S,6,0,1
13336,3,male,41.5,0,2,18.42,S,3,0,1
13337,3,female,14.5,1,1,5.94,S,3,0,0
13338,2,male,30.3,1,1,50.87,S,3,0,0
13339,2,female,55.2,2,4,33.09,S,7,0,0
13340,1,male,21.5,4,4,9.54,S,9,0,1
13341,3,male,28.6,0,0,15.95,S,1,1,0
13342,2,male,65.6,1,2,11.3,S,4,0,0
13343,3,male,25.6,4,0,78.8,S,5,0,1
13344,3,male,7.5,4,4,52.1,S,9,0,0
13346,2,male,52.4,2,2,1.7,S,5,0,0
13348,1,female,15.3,3,3,9.97,S,7,0,0
13349,2,male,34.8,2,3,44.13,S,6,0,0
13351,3,male,40.4,1,2,46.47,S,4,0,0
13354,3,female,55.7,3,0,31.32,S,4,0,0
13355,1,female,0.0,4,3,20.61,S,8,0,1
13358,1,male,7.2,3,3,39.6,S,7,0,1
13359,3,male,18.9,5,0,31.9,S,6,0,0
13360,3,female,23.5,0,4,63.41,S,5,0,0
13362,3,male,17.7,2,0,3.69,S,3,0,0
13364,1,female,40.9,0,3,25.98,S,4,0,0
13365,3,male,49.8,3,1,48.86,S,5,0,1
13366,3,female,47.2,3,3,36.37,S,7,0,0
13367,3,male,42.9,4,1,18.08,S,6,0,1
13368,1,female,54.6,1,2,96.7,S,4,0,1
13369,3,male,57.4,4,0,42.24,S,5,0,0
13370,2,female,31.3,2,2,8.43,S,5,0,1
13371,2,male,49.0,1,2,175.23,S,4,0,0
13372,1,female,34.9,4,3,284.63,S,8,0,0
13373,2,male,26.0,4,4,10.94,S,9,0,0
13374,2,male,28.3,3,3,134.79,S,7,0,0
13375,2,male,43.2,4,0,30.74,S,5,0,0
13376,3,female,49.5,3,3,6.55,S,7,0,1
13377,3,male,37.1,0,0,122.5,S,1,1,1
13378,3,male,23.5,1,4,3.44,S,6,0,1
13379,3,male,22.1,3,4,32.46,S,8,0,1
13380,3,male,3.1,5,4,58.07,S,10,0,0
13381,2,female,34.1,5,0,56.57,S,6,0,0
13382,2,male,33.1,5,4,0.2,S,10,0,1
13383,3,male,14.4,5,2,17.72,S,8,0,0
13384,3,male,35.6,4,3,2.97,S,8,0,0
13386,3,male,8.2,3,0,88.99,S,4,0,0
13388,2,male,48.7,2,1,34.45,S,4,0,1
13389,1,male,20.1,2,3,73.18,S,6,0,0
13390,2,female,29.2,0,1,12.16,S,2,0,0
13391,1,male,31.2,4,1,56.35,S,6,0,0
13392,3,female,28.6,1,1,36.96,S,3,0,0
13393,2,male,38.6,1,0,42.38,S,2,0,1
13394,1,female,42.1,3,2,2.87,S,6,0,0
13395,1,male,46.7,2,4,13.73,S,7,0,0
13396,3,male,24.6,0,0,1.6,S,1,1,0
13397,3,male,36.3,4,2,5.22,S,7,0,0
13398,1,female,40.8,0,4,10.14,S,5,0,0
13399,1,male,27.3,2,4,28.2,S,7,0,0
13401,3,male,31.0,0,3,3.67,S,4,0,1
13402,2,female,20.5,0,0,1.8,S,1,1,0
13403,2,female,19.1,3,4,68.83,S,8,0,0
13405,2,female,26.4,1,1,19.03,S,3,0,0
13406,3,male,31.5,4,3,3.83,S,8,0,1
13409,3,male,0.0,5,1,45.97,S,7,0,1
13410,3,male,14.4,3,2,2.86,S,6,0,0
13411,1,female,27.8,1,1,18.0,S,3,0,0
13412,3,female,46.0,1,3,17.46,S,5,0,0
13414,2,male,30.3,0,0,17.98,S,1,1,1
13415,3,male,23.7,2,1,2.35,S,4,0,0
13416,2,male,25.5,5,2,25.09,S,8,0,0
13419,3,male,18.8,2,4,30.01,S,7,0,1
13420,3,male,43.9,0,3,4.15,S,4,0,1
13421,2,female,24.2,3,4,17.73,S,8,0,0
13422,2,male,56.1,5,3,5.81,S,9,0,1
13423,3,male,38.7,0,0,10.23,S,1,1,1
13424,3,male,45.2,3,2,32.78,S,6,0,1
13425,3,female,6.2,3,2,44.83,S,6,0,1
13426,2,female,43.8,4,0,11.94,S,5,0,0
13427,3,female,17.1,0,3,146.77,S,4,0,1
13428,2,female,39.0,2,4,10.73,S,7,0,0
13429,3,male,23.9,5,4,5.21,S,10,0,0
13430,1,female,32.1,0,4,64.67,S,5,0,0
13431,2,female,13.5,5,3,33.57,S,9,0,1
13432,2,male,4.9,0,0,36.42,S,1,1,0
13434,3,female,24.9,4,4,242.64,S,9,0,0
13435,3,female,16.5,4,3,10.7,S,8,0,1
13436,1,female,5.5,4,3,25.41,S,8,0,0
13437,3,female,0.0,4,4,38.98,S,9,0,1
13438,2,male,36.3,0,0,5.06,S,1,1,1
13439,3,female,25.4,2,2,11.73,S,5,0,0
13440,3,male,20.5,1,2,11.72,S,4,0,0
13441,3,male,32.0,0,3,12.69,S,4,0,1
13442,3,male,43.2,5,0,40.53,S,6,0,1
13443,3,male,32.8,2,1,28.73,S,4,0,1
13444,3,male,22.8,1,2,40.27,S,4,0,0
13448,3,male,30.4,5,0,29.61,S,6,0,1
13450,2,male,42.3,2,4,1.94,S,7,0,1
13451,1,female,21.6,4,1,54.08,S,6,0,0
13452,3,male,26.7,0,3,62.11,S,4,0,1
13453,1,female,16.9,0,3,60.89,S,4,0,0
13454,3,female,40.3,4,3,51.77,S,8,0,0
13455,3,female,31.0,4,0,10.01,S,5,0,1
13456,1,male,25.1,1,0,27.37,S,2,0,0
13457,1,male,26.9,1,3,53.98,S,5,0,0
13459,2,male,8.9,4,4,101.87,S,9,0,0
13460,2,male,45.3,0,0,36.23,S,1,1,1
13461,2,male,44.5,2,2,26.32,S,5,0,0
13463,1,male,28.1,0,1,24.47,S,2,0,1
13465,1,female,53.2,0,4,0.39,S,5,0,0
13466,2,female,49.8,4,1,25.56,S,6,0,0
13470,3,male,43.4,0,2,9.82,S,3,0,0
13472,3,male,24.6,1,3,40.89,S,5,0,0
13473,3,male,35.6,3,4,77.17,S,8,0,0
13474,3,male,31.8,2,4,8.44,S,7,0,0
13477,3,male,32.5,2,1,71.76,S,4,0,1
13478,3,male,0.0,1,1,28.9,S,3,0,0
13481,3,female,58.0,0,0,14.94,S,1,1,0
13482,1,female,22.3,1,2,3.27,S,4,0,0
13483,2,male,3.2,4,3,2.63,S,8,0,0
13484,3,female,26.5,3,2,56.04,S,6,0,1
13485,2,female,35.4,3,1,11.28,S,5,0,1
13486,1,male,22.8,2,2,13.92,S,5,0,0
13488,3,female,19.8,3,3,35.54,S,7,0,0
13489,3,female,27.6,1,1,1.53,S,3,0,0
13490,3,male,25.6,0,4,27.32,S,5,0,1
13492,3,female,16.3,1,4,60.79,S,6,0,0
13493,1,male,37.2,1,2,5.38,S,4,0,0
13494,2,female,12.2,1,2,19.15,S,4,0,1
13495,3,male,33.8,5,0,20.57,S,6,0,0
13497,3,male,44.4,2,0,14.41,S,3,0,0
13498,1,female,41.7,3,3,2.7,S,7,0,0
13499,1,male,32.8,3,3,29.42,S,7,0,1
13500,3,female,9.5,2,3,34.71,S,6,0,0
13501,3,male,28.3,4,3,27.94,S,8,0,1
13502,1,male,24.7,1,2,21.54,S,4,0,0
13503,3,male,40.6,5,4,7.67,S,10,0,0
13504,1,female,16.4,4,4,24.75,S,9,0,0
13505,1,female,45.2,1,1,1.18,S,3,0,1
13506,1,male,42.5,4,3,26.77,S,8,0,0
13509,3,male,28.3,2,3,12.34,S,6,0,0
13511,2,male,19.4,2,2,45.68,S,5,0,1
13512,3,female,31.9,0,3,5.87,S,4,0,1
13513,2,female,44.4,5,3,25.16,S,9,0,1
13514,1,male,32.5,5,4,7.74,S,10,0,0
13515,2,male,3.0,1,2,24.81,S,4,0,0
13518,2,male,39.9,0,3,14.94,S,4,0,0
13519,3,male,0.0,5,0,2.02,S,6,0,0
13521,3,female,42.2,5,3,63.97,S,9,0,0
13522,3,male,36.5,2,1,23.85,S,4,0,0
13523,1,male,38.2,3,4,9.22,S,8,0,1
13524,1,male,57.9,2,0,17.07,S,3,0,0
13527,1,male,15.8,2,2,26.86,S,5,0,0
13529,2,male,24.4,4,4,6.27,S,9,0,0
13530,3,female,40.9,5,2,15.98,S,8,0,1
13532,3,male,46.3,3,2,55.56,S,6,0,0
13533,3,male,13.7,3,4,10.63,S,8,0,0
13534,1,male,38.0,0,2,24.71,S,3,0,0
13535,3,female,36.7,3,1,3.15,S,5,0,0
13536,3,female,32.6,1,4,194.49,S,6,0,0
13537,3,female,42.8,4,2,33.96,S,7,0,1
13538,3,male,18.6,3,4,8.12,S,8,0,1
13541,2,male,29.1,4,2,10.3,S,7,0,1
13542,3,female,27.3,3,1,11.3,S,5,0,0
13543,2,male,41.0,1,3,21.3,S,5,0,1
13545,1,male,38.7,4,0,33.73,S,5,0,1
13548,3,male,54.4,2,3,53.32,S,6,0,1
13549,3,male,10.2,2,2,47.6,S,5,0,0
13550,3,male,3.3,3,1,14.12,S,5,0,0
13551,3,male,37.9,1,1,6.76,S,3,0,0
13552,1,male,17.1,2,0,12.08,S,3,0,1
13553,1,female,9.7,3,3,6.07,S,7,0,0
13554,3,male,36.5,3,4,60.91,S,8,0,1
13555,2,female,14.9,3,1,17.49,S,5,0,0
13556,3,female,50.5,0,1,53.48,S,2,0,0
13557,3,male,31.2,3,2,10.97,S,6,0,1
13560,1,male,32.0,3,2,51.33,S,6,0,0
13561,3,male,6.7,2,4,25.99,S,7,0,0
13563,3,female,7.2,0,0,13.12,S,1,1,0
13564,3,male,44.9,2,2,1.9,S,5,0,0
13566,3,female,8.9,2,0,8.79,S,3,0,0
13567,2,male,27.8,3,1,23.71,S,5,0,0
13568,3,female,60.1,4,1,91.04,S,6,0,1
13571,3,male,17.5,1,3,57.24,S,5,0,0
13572,3,male,17.9,2,1,37.83,S,4,0,1
13573,3,male,16.3,5,2,21.28,S,8,0,0
13574,1,male,36.6,2,2,4.17,S,5,0,0
13576,2,female,13.4,3,2,6.43,S,6,0,0
13578,3,male,61.2,3,1,0.71,S,5,0,1
13579,2,male,39.3,3,0,13.91,S,4,0,1
13581,1,male,46.0,2,4,5.04,S,7,0,0
13582,3,male,12.9,2,2,37.99,S,5,0,0
13583,3,male,27.1,5,4,119.76,S,10,0,1
13584,3,male,25.5,0,3,26.62,S,4,0,0
13585,3,male,31.6,0,2,5.94,S,3,0,0
13587,3,male,30.8,3,3,8.55,S,7,0,0
13588,3,male,4.5,1,4,1.57,S,6,0,0
13590,3,male,47.7,3,2,25.0,S,6,0,0
13591,3,female,43.4,5,0,5.16,S,6,0,0
13592,2,male,19.3,4,2,43.82,S,7,0,1
13593,3,male,7.6,3,2,6.01,S,6,0,1
13594,3,female,0.0,1,3,7.4,S,5,0,0
13595,1,male,37.6,4,2,29.45,S,7,0,0
13597,3,female,34.4,5,4,72.04,S,10,0,0
13598,3,male,52.7,4,2,29.06,S,7,0,0
13599,3,female,31.1,1,1,6.45,S,3,0,1
13602,1,male,51.7,0,1,29.33,S,2,0,0
13603,2,male,26.7,2,1,12.4,S,4,0,0
13606,2,male,57.0,4,0,23.42,S,5,0,0
13607,3,male,58.9,4,3,2.45,S,8,0,1
13609,1,male,45.5,0,0,19.41,S,1,1,0
13611,3,male,42.8,1,4,3.81,S,6,0,1
13612,2,female,32.9,3,3,0.03,S,7,0,0
13615,1,male,4.5,0,3,1.02,S,4,0,1
13616,1,male,34.0,2,3,7.99,S,6,0,0
13617,3,male,12.6,1,0,69.49,S,2,0,0
13618,2,male,22.5,1,1,6.01,S,3,0,0
13619,3,male,29.0,0,1,12.34,S,2,0,0
13620,3,male,14.9,4,2,30.18,S,7,0,0
13623,2,male,20.7,5,2,39.25,S,8,0,0
13624,3,female,36.2,1,2,8.41,S,4,0,0
13626,3,female,18.2,0,4,16.45,S,5,0,0
13627,3,male,47.6,1,2,38.38,S,4,0,0
13628,3,male,37.1,4,1,53.74,S,6,0,1
13629,1,female,49.1,5,4,1.2,S,10,0,1
13630,3,female,4.2,3,1,24.61,S,5,0,0
13631,2,female,33.4,0,2,9.52,S,3,0,0
13632,2,male,37.6,4,4,17.22,S,9,0,0
13633,1,male,4.9,4,2,24.08,S,7,0,1
13635,3,female,20.1,5,0,1.3,S,6,0,1
13636,3,female,36.6,5,0,5.98,S,6,0,1
13637,2,male,42.0,3,1,30.66,S,5,0,0
13638,3,female,30.4,5,3,18.6,S,9,0,0
13639,1,male,48.4,0,4,7.54,S,5,0,1
13640,3,male,56.9,0,0,2.15,S,1,1,0
13641,3,male,13.5,3,1,78.8,S,5,0,0
13642,3,male,30.6,2,3,14.43,S,6,0,1
13643,2,male,41.8,1,2,16.91,S,4,0,0
13645,2,male,43.9,1,2,42.93,S,4,0,0
13646,3,male,52.9,3,1,155.2,S,5,0,1
13647,3,female,47.0,4,4,122.58,S,9,0,1
13648,3,male,35.1,2,1,11.93,S,4,0,0
13650,3,male,34.0,3,4,16.76,S,8,0,0
13651,3,female,10.5,1,2,15.67,S,4,0,0
13652,3,male,21.7,4,0,57.01,S,5,0,0
13653,3,female,25.4,0,0,50.22,S,1,1,0
13654,3,male,28.1,4,0,20.61,S,5,0,0
13655,3,male,27.7,4,3,18.98,S,8,0,1
13657,3,male,32.1,2,0,16.8,S,3,0,0
13658,1,male,50.1,4,4,63.31,S,9,0,0
13659,3,male,32.0,5,0,43.91,S,6,0,0
13661,1,male,0.0,2,0,5.54,S,3,0,0
13662,3,female,30.8,2,3,1.22,S,6,0,0
13663,3,female,44.2,5,3,1.15,S,9,0,1
13664,3,male,46.5,4,4,29.68,S,9,0,0
13665,2,male,45.0,0,3,2.56,S,4,0,1
13667,3,male,34.8,0,2,8.97,S,3,0,0
13668,1,female,19.6,3,3,25.79,S,7,0,1
13669,3,male,40.8,3,1,8.32,S,5,0,1
13670,1,male,19.7,0,1,16.13,S,2,0,0
13671,1,male,38.5,0,0,13.95,S,1,1,0
13673,2,female,29.2,2,0,84.65,S,3,0,0
13674,3,male,43.0,1,4,111.89,S,6,0,1
13678,3,male,51.4,1,2,15.69,S,4,0,0
13679,1,male,33.7,4,1,60.95,S,6,0,0
13680,3,male,39.5,3,0,51.47,S,4,0,1
13682,2,male,19.3,2,0,44.45,S,3,0,1
13683,3,female,34.0,0,0,123.6,S,1,1,0
13686,3,male,0.0,0,3,47.14,S,4,0,0
13687,3,male,23.4,2,0,3.9,S,3,0,1
13690,2,female,34.1,2,3,0.97,S,6,0,0
13693,2,male,21.3,3,3,16.37,S,7,0,0
13694,3,male,42.6,3,0,0.78,S,4,0,1
13695,1,male,36.6,1,2,29.13,S,4,0,0
13696,3,male,33.2,5,2,8.5,S,8,0,1
13697,3,male,29.9,5,1,25.11,S,7,0,0
13698,3,female,64.4,1,0,12.24,S,2,0,0
13699,3,female,26.8,0,3,31.16,S,4,0,0
13700,2,male,19.2,3,1,9.65,S,5,0,1
13701,1,male,12.6,5,2,5.14,S,8,0,1
13702,3,male,41.7,1,3,44.67,S,5,0,1
13703,1,female,51.8,3,0,24.77,S,4,0,0
13704,1,male,17.1,2,1,12.22,S,4,0,0
13708,3,female,4.3,1,3,15.08,S,5,0,1
13709,3,female,40.3,0,1,8.22,S,2,0,1
13710,3,female,45.7,4,0,18.6,S,5,0,0
13712,3,male,53.6,4,2,113.26,S,7,0,1
13713,2,male,51.6,3,0,7.93,S,4,0,0
13714,3,female,0.0,0,3,89.41,S,4,0,0
13716,3,male,27.1,1,4,20.31,S,6,0,0
13717,3,female,47.4,2,4,3.39,S,7,0,1
13718,1,male,33.1,2,4,29.97,S,7,0,0
13719,1,male,29.3,5,1,22.88,S,7,0,0
13720,1,male,37.0,4,3,36.35,S,8,0,0
13723,3,female,27.5,3,0,47.05,S,4,0,0
13724,3,male,6.1,1,4,107.72,S,6,0,1
13725,3,female,17.9,4,4,23.86,S,9,0,1
13726,3,female,34.2,5,0,10.58,S,6,0,1
13728,2,female,23.5,1,4,20.12,S,6,0,0
13729,3,male,31.8,2,0,17.83,S,3,0,0
13731,1,female,11.8,3,2,53.37,S,6,0,0
13732,1,male,46.1,5,1,43.24,S,7,0,1
13734,2,female,34.9,4,2,33.14,S,7,0,1
13735,2,male,30.4,4,2,14.98,S,7,0,0
13737,3,male,41.8,2,3,5.3,S,6,0,1
13738,1,male,30.1,2,3,27.68,S,6,0,0
13739,3,male,30.0,4,2,4.83,S,7,0,1
13740,2,male,0.0,5,3,79.0,S,9,0,0
13741,3,male,40.5,0,1,17.19,S,2,0,0
13742,3,male,26.6,0,4,1.39,S,5,0,1
13743,3,female,39.6,3,4,0.06,S,8,0,1
13744,1,female,52.0,1,4,36.09,S,6,0,0
13745,1,female,40.5,4,0,30.26,S,5,0,0
13747,2,female,25.0,0,4,44.28,S,5,0,1
13748,1,female,64.4,0,4,0.1,S,5,0,1
13751,2,female,26.4,4,3,2.03,S,8,0,0
13752,3,male,16.4,3,3,6.28,S,7,0,0
13753,2,male,1.7,0,1,27.87,S,2,0,0
13754,1,male,50.3,3,1,19.54,S,5,0,0
13755,3,male,18.1,0,4,63.04,S,5,0,0
13756,2,female,26.3,5,4,8.11,S,10,0,0
13758,3,female,49.1,5,0,63.3,S,6,0,0
13759,3,female,18.3,1,2,1.99,S,4,0,0
13760,3,male,32.6,4,3,65.3,S,8,0,0
13761,1,male,36.2,1,4,13.49,S,6,0,0
13763,3,female,8.3,0,0,36.64,S,1,1,1
13764,2,female,19.0,1,0,35.75,S,2,0,1
13765,1,female,32.4,2,3,1.57,S,6,0,0
13766,2,male,30.6,5,2,90.67,S,8,0,0
13768,3,male,38.1,3,4,3.67,S,8,0,1
13769,1,male,17.0,1,2,46.59,S,4,0,0
13770,3,female,26.6,3,3,64.51,S,7,0,0
13771,1,male,27.4,4,0,84.87,S,5,0,1
13772,2,male,17.4,1,4,22.59,S,6,0,1
13773,1,male,61.2,1,0,16.55,S,2,0,1
13774,2,male,0.0,5,2,28.02,S,8,0,1
13775,3,male,46.4,2,4,11.27,S,7,0,1
13776,3,male,40.2,3,4,15.97,S,8,0,0
13777,1,male,40.3,2,4,24.78,S,7,0,0
13778,3,female,30.3,3,1,55.67,S,5,0,1
13779,3,male,47.7,1,2,61.45,S,4,0,1
13780,3,female,22.7,3,2,4.5,S,6,0,1
13781,3,female,34.5,2,0,4.6,S,3,0,0
13782,3,female,30.0,1,3,6.52,S,5,0,0
13783,3,male,25.7,5,4,29.03,S,10,0,0
13791,3,female,32.5,2,2,6.42,S,5,0,0
13794,3,male,43.5,0,4,0.13,S,5,0,1
13798,1,male,30.9,1,0,25.65,S,2,0,1
13799,3,male,30.9,1,0,1.32,S,2,0,1
13800,2,male,23.2,5,3,56.0,S,9,0,1
13802,3,male,37.6,4,4,28.83,S,9,0,1
13803,3,male,37.9,5,1,27.74,S,7,0,0
13804,3,male,36.9,2,4,19.17,S,7,0,1
13805,2,male,22.6,5,3,26.81,S,9,0,0
13806,3,male,0.0,1,2,2.53,S,4,0,0
13807,3,male,3.9,1,2,15.53,S,4,0,0
13808,3,male,29.2,1,3,39.6,S,5,0,0
13810,3,male,23.1,4,2,9.38,S,7,0,1
13811,1,male,19.3,4,3,26.65,S,8,0,0
13812,1,male,33.2,4,4,20.72,S,9,0,0
13817,3,male,42.1,2,1,0.99,S,4,0,0
13818,2,female,15.5,1,0,33.34,S,2,0,1
13819,3,male,38.3,4,1,7.03,S,6,0,0
13821,3,male,17.9,5,4,10.06,S,10,0,0
13822,1,male,22.8,4,2,16.4,S,7,0,1
13823,3,male,42.8,0,1,23.21,S,2,0,0
13825,3,female,20.0,4,2,11.37,S,7,0,0
13829,1,male,34.6,3,4,1.9,S,8,0,0
13830,3,female,41.8,4,0,24.63,S,5,0,0
13831,2,male,12.4,4,3,20.14,S,8,0,0
13832,1,male,34.5,5,0,22.98,S,6,0,1
13833,3,male,25.0,0,1,3.62,S,2,0,1
13834,3,male,37.4,1,1,20.5,S,3,0,0
13835,1,male,40.2,4,2,43.76,S,7,0,1
13836,2,female,42.7,5,0,4.56,S,6,0,1
13838,3,male,32.5,2,3,6.27,S,6,0,0
13839,1,male,33.0,5,0,11.83,S,6,0,1
13840,2,female,34.1,1,2,14.41,S,4,0,0
13842,1,male,23.8,0,2,8.2,S,3,0,0
13844,3,male,38.1,1,3,65.31,S,5,0,0
13845,3,male,19.9,5,4,43.53,S,10,0,0
13847,2,male,5.5,4,4,12.15,S,9,0,0
13848,1,female,11.3,0,4,50.2,S,5,0,0
13849,3,male,21.4,5,2,26.46,S,8,0,0
13850,3,male,22.7,0,3,12.83,S,4,0,0
13851,2,male,25.0,5,4,12.1,S,10,0,0
13852,2,male,12.1,5,3,19.56,S,9,0,1
13854,2,male,30.8,1,2,32.98,S,4,0,0
13855,3,female,30.8,2,0,36.4,S,3,0,1
13856,3,male,37.7,0,3,15.66,S,4,0,0
13857,2,male,40.4,5,4,120.12,S,10,0,1
13859,2,male,30.6,1,0,0.39,S,2,0,0
13861,1,male,48.9,0,2,23.02,S,3,0,0
13862,2,male,19.5,2,2,5.21,S,5,0,0
13864,3,male,20.3,4,2,155.14,S,7,0,1
13865,3,male,32.1,5,3,33.35,S,9,0,1
13866,2,male,44.0,4,4,20.06,S,9,0,1
13867,3,male,25.2,3,3,13.0,S,7,0,0
13869,3,male,22.6,5,4,33.17,S,10,0,0
13870,3,male,15.7,5,4,14.73,S,10,0,1
13871,3,male,14.0,0,0,146.38,S,1,1,0
13872,3,female,45.9,4,1,3.68,S,6,0,1
13873,1,male,36.5,2,4,9.04,S,7,0,1
13874,3,male,18.9,0,3,16.53,S,4,0,0
13875,3,male,15.2,2,4,51.09,S,7,0,0
13876,3,male,16.2,5,0,48.02,S,6,0,0
13879,3,female,27.5,4,0,1.95,S,5,0,1
13880,2,male,58.8,4,4,15.21,S,9,0,0
13881,3,male,28.4,4,2,5.9,S,7,0,0
13883,3,female,42.0,1,0,52.81,S,2,0,0
13884,3,male,5.6,5,1,5.77,S,7,0,0
13886,3,female,12.0,2,2,101.69,S,5,0,1
13888,3,male,27.4,2,2,19.02,S,5,0,0
13890,2,female,32.0,5,1,21.69,S,7,0,1
13891,3,female,30.3,4,0,29.05,S,5,0,1
13894,3,female,27.0,5,1,46.89,S,7,0,0
13895,3,male,37.7,4,4,129.93,S,9,0,1
13899,3,female,24.8,5,2,14.76,S,8,0,0
13900,1,male,36.4,1,4,12.76,S,6,0,0
13901,3,male,12.3,0,4,41.85,S,5,0,1
13904,3,male,38.2,0,0,12.31,S,1,1,0
13905,3,male,25.7,0,1,14.03,S,2,0,0
13906,3,female,26.8,1,1,42.65,S,3,0,1
13907,3,male,0.0,4,0,12.22,S,5,0,0
13908,3,male,20.7,0,0,61.13,S,1,1,1
13909,3,male,26.1,2,2,22.78,S,5,0,0
13910,2,male,50.7,3,3,11.08,S,7,0,1
13911,1,female,28.5,1,1,10.8,S,3,0,0
13912,2,male,19.9,5,3,49.03,S,9,0,0
13914,2,male,21.9,1,0,85.99,S,2,0,0
13916,2,female,32.7,5,3,59.44,S,9,0,1
13917,2,male,16.4,1,4,50.29,S,6,0,1
13918,1,male,42.1,2,1,48.34,S,4,0,1
13919,3,female,37.4,5,4,35.91,S,10,0,0
13920,2,male,41.5,0,4,22.15,S,5,0,0
13921,3,male,26.5,4,4,15.81,S,9,0,0
13922,3,male,37.4,0,4,27.82,S,5,0,0
13923,3,female,55.9,4,1,23.96,S,6,0,0
13925,3,male,23.4,0,1,21.75,S,2,0,0
13927,2,male,38.3,1,3,34.33,S,5,0,0
13929,1,female,53.3,0,3,49.47,S,4,0,0
13930,1,male,12.2,2,0,13.33,S,3,0,0
13931,2,male,36.4,2,3,22.79,S,6,0,1
13933,1,male,44.0,5,2,65.36,S,8,0,1
13935,3,male,11.6,3,2,18.62,S,6,0,0
13936,3,male,32.2,5,0,5.3,S,6,0,1
13937,2,male,38.9,5,4,36.27,S,10,0,1
13939,1,male,33.2,2,1,14.52,S,4,0,1
13940,1,male,8.6,0,2,24.52,S,3,0,0
13942,3,male,21.0,2,1,47.82,S,4,0,0
13944,3,male,41.1,3,2,30.55,S,6,0,0
13945,3,female,39.8,1,2,73.49,S,4,0,1
13946,3,female,35.6,1,3,1.26,S,5,0,0
13947,2,male,43.4,1,2,15.69,S,4,0,0
13948,1,female,34.7,2,3,4.64,S,6,0,0
13949,3,female,49.3,1,2,76.58,S,4,0,1
13950,3,female,5.0,4,2,14.29,S,7,0,1
13951,3,male,28.2,2,0,7.68,S,3,0,1
13953,3,male,25.9,0,4,25.07,S,5,0,1
13954,3,male,36.0,2,2,54.33,S,5,0,1
13955,1,female,32.0,5,2,44.76,S,8,0,1
13956,3,female,40.5,3,3,117.62,S,7,0,0
13958,1,female,61.1,0,0,2.68,S,1,1,1
13961,3,female,26.1,2,4,16.7,S,7,0,0
13962,3,male,30.1,4,0,19.47,S,5,0,1
13963,3,male,21.5,4,4,14.72,S,9,0,0
13964,2,female,31.9,5,0,48.12,S,6,0,1
13965,3,female,37.1,4,3,47.14,S,8,0,1
13967,3,male,24.4,1,3,15.5,S,5,0,1
13969,3,male,61.5,2,3,1.53,S,6,0,0
13970,1,male,41.0,5,3,1.85,S,9,0,0
13971,3,male,50.0,0,2,5.08,S,3,0,0
13972,3,male,36.8,1,0,0.97,S,2,0,1
13973,3,male,30.2,0,1,17.61,S,2,0,1
13974,1,female,34.1,4,2,2.12,S,7,0,1
13975,1,male,44.7,1,0,60.16,S,2,0,0
13977,3,male,33.2,0,0,48.99,S,1,1,0
13978,3,male,20.3,5,4,30.75,S,10,0,0
13982,1,male,38.5,1,2,144.94,S,4,0,0
13983,1,male,27.5,4,0,14.94,S,5,0,0
13986,3,male,24.6,0,3,66.34,S,4,0,0
13987,2,male,14.2,0,2,7.37,S,3,0,0
13988,1,male,23.6,5,1,20.14,S,7,0,0
13989,1,male,8.7,5,2,35.23,S,8,0,0
13990,3,male,37.3,2,3,108.08,S,6,0,0
13992,1,male,32.7,3,3,21.4,S,7,0,0
13993,1,male,23.6,0,4,176.94,S,5,0,0
13994,3,female,25.5,1,1,4.15,S,3,0,1
13995,3,male,17.4,3,3,4.23,S,7,0,0
13997,3,male,10.0,1,3,22.69,S,5,0,0
13998,1,male,30.2,4,3,13.71,S,8,0,0
14000,1,male,53.6,5,3,27.1,S,9,0,0
14001,1,female,36.4,3,2,27.82,S,6,0,0
14002,2,female,29.0,4,0,22.9,S,5,0,1
14003,1,female,13.5,5,3,154.77,S,9,0,0
14004,3,male,9.9,4,0,24.78,S,5,0,1
14006,3,male,54.2,3,4,12.44,S,8,0,0
14007,3,female,34.7,4,1,48.55,S,6,0,0
14008,2,male,31.5,3,3,31.68,S,7,0,0
14009,1,female,31.7,4,1,36.86,S,6,0,1
14010,3,male,30.4,2,1,81.55,S,4,0,1
14013,2,male,15.4,4,2,147.65,S,7,0,1
14014,3,male,30.5,2,3,19.4,S,6,0,0
14015,1,male,49.9,2,2,3.29,S,5,0,0
14016,3,male,39.9,2,1,25.45,S,4,0,1
14018,1,male,25.4,4,4,26.59,S,9,0,1
14019,1,male,39.2,1,2,107.2,S,4,0,0
14020,3,male,50.2,2,4,12.32,S,7,0,1
14021,2,female,54.1,3,3,1.12,S,7,0,0
14022,2,male,26.0,0,1,80.72,S,2,0,0
14023,3,female,40.5,4,3,6.79,S,8,0,0
14024,3,male,32.5,5,1,44.29,S,7,0,0
14028,2,female,45.5,0,3,3.56,S,4,0,0
14031,1,male,50.6,0,2,47.13,S,3,0,1
14032,3,male,49.0,3,4,1.27,S,8,0,1
14033,3,male,37.0,2,1,6.44,S,4,0,0
14034,3,male,18.4,0,4,17.0,S,5,0,0
14035,3,male,39.9,4,3,63.89,S,8,0,1
14037,1,male,21.8,5,3,41.21,S,9,0,0
14039,3,male,26.1,5,1,20.15,S,7,0,0
14040,3,male,20.4,5,4,41.78,S,10,0,0
14044,1,male,13.9,2,2,5.71,S,5,0,0
14045,1,female,16.5,2,0,35.24,S,3,0,0
14047,1,male,8.5,5,1,23.51,S,7,0,0
14050,1,male,14.8,1,4,31.11,S,6,0,1
14053,3,female,8.9,0,4,29.91,S,5,0,0
14055,1,male,20.1,1,4,7.82,S,6,0,1
14056,3,female,42.5,0,1,53.8,S,2,0,0
14057,1,male,28.7,3,0,34.94,S,4,0,1
14058,2,male,28.9,3,3,14.18,S,7,0,0
14059,3,male,24.9,3,1,113.83,S,5,0,1
14060,3,male,36.9,2,0,70.56,S,3,0,1
14062,2,female,70.8,5,1,14.75,S,7,0,0
14063,1,female,26.9,4,4,11.82,S,9,0,0
14064,2,female,50.4,4,3,89.7,S,8,0,1
14065,3,male,43.0,1,3,18.75,S,5,0,1
14067,3,male,0.0,5,2,89.88,S,8,0,0
14072,3,male,21.1,3,2,7.75,S,6,0,0
14074,3,female,47.3,3,0,3.41,S,4,0,0
14075,2,female,0.7,1,3,21.88,S,5,0,1
14076,1,male,25.1,1,4,23.55,S,6,0,0
14078,3,female,47.6,5,0,45.23,S,6,0,0
14079,3,male,23.1,5,1,44.95,S,7,0,0
14081,3,male,30.3,4,1,31.96,S,6,0,1
14083,2,female,7.5,4,2,27.43,S,7,0,0
14084,1,female,0.8,3,4,13.7,S,8,0,0
14087,1,female,58.7,0,3,8.27,S,4,0,0
14089,3,male,26.4,2,0,1.64,S,3,0,0
14090,3,male,34.2,5,2,32.77,S,8,0,1
14091,3,male,0.0,3,0,69.68,S,4,0,0
14092,2,female,69.1,5,0,12.58,S,6,0,0
14093,3,male,23.5,1,3,52.29,S,5,0,1
14094,1,male,17.3,3,3,4.32,S,7,0,1
14095,1,female,12.7,3,2,41.1,S,6,0,1
14096,3,male,34.1,2,0,2.66,S,3,0,0
14097,3,female,33.1,2,2,9.58,S,5,0,1
14098,1,male,13.1,4,3,14.29,S,8,0,1
14100,3,female,43.8,4,3,6.53,S,8,0,1
14102,3,female,4.9,5,0,3.22,S,6,0,0
14103,3,male,26.9,0,1,86.93,S,2,0,0
14106,3,female,21.7,5,3,31.71,S,9,0,0
14107,3,male,24.7,0,4,40.67,S,5,0,0
14108,2,female,32.1,1,0,28.88,S,2,0,1
14110,2,female,35.2,5,2,79.25,S,8,0,1
14112,1,male,25.6,2,3,78.44,S,6,0,0
14114,2,male,44.9,1,1,37.01,S,3,0,0
14115,1,male,20.8,2,2,21.66,S,5,0,0
14116,3,male,20.6,3,4,21.38,S,8,0,0
14117,2,male,50.6,5,0,47.25,S,6,0,0
14118,1,female,21.3,5,3,82.45,S,9,0,1
14119,3,male,28.2,4,0,2.95,S,5,0,0
14120,3,male,53.0,4,3,67.01,S,8,0,1
14121,1,female,29.9,2,2,60.64,S,5,0,0
14122,1,female,25.5,3,2,2.93,S,6,0,1
14124,2,female,18.6,0,0,114.29,S,1,1,1
14125,3,female,35.3,0,1,61.06,S,2,0,1
14126,2,female,16.1,5,3,2.08,S,9,0,1
14127,1,female,39.9,5,1,82.97,S,7,0,0
14128,1,male,29.2,5,4,6.08,S,10,0,1
14129,1,male,32.3,4,3,2.41,S,8,0,0
14130,3,female,53.2,3,3,8.27,S,7,0,0
14131,3,female,8.7,5,1,21.13,S,7,0,0
14132,3,male,29.3,4,1,54.04,S,6,0,0
14133,3,male,37.9,3,2,9.94,S,6,0,0
14135,3,female,42.3,0,2,4.87,S,3,0,0
14138,2,female,27.3,1,3,36.54,S,5,0,1
14141,3,male,28.6,4,3,5.06,S,8,0,1
14142,3,male,22.4,4,0,69.89,S,5,0,0
14143,3,male,19.7,0,4,92.04,S,5,0,0
14144,3,male,33.4,5,3,1.76,S,9,0,0
14145,3,male,29.7,0,3,24.17,S,4,0,1
14148,3,female,22.5,2,3,11.5,S,6,0,0
14149,3,male,50.8,1,1,31.01,S,3,0,0
14150,3,male,63.8,3,2,2.76,S,6,0,1
14151,2,male,48.4,2,0,55.4,S,3,0,1
14152,2,male,47.7,2,4,8.73,S,7,0,0
14153,3,male,40.4,0,0,12.06,S,1,1,0
14154,1,male,26.1,5,4,15.21,S,10,0,1
14155,3,female,2.4,3,0,7.41,S,4,0,1
14156,2,male,14.6,0,4,52.96,S,5,0,1
14157,3,female,19.5,1,0,2.28,S,2,0,0
14162,3,male,61.5,4,3,45.82,S,8,0,1
14165,2,male,21.5,0,4,0.13,S,5,0,0
14168,2,female,29.9,4,0,69.96,S,5,0,0
14171,3,male,28.4,0,1,36.42,S,2,0,0
14173,3,male,27.4,0,3,22.06,S,4,0,1
14174,1,male,42.9,2,0,0.81,S,3,0,1
14175,2,male,4.7,2,1,3.88,S,4,0,1
14176,1,female,55.4,5,0,34.45,S,6,0,0
14177,1,male,9.8,0,4,24.13,S,5,0,0
14178,3,male,13.2,0,1,1.52,S,2,0,0
14179,1,male,22.7,2,4,23.32,S,7,0,0
14182,3,female,33.3,1,0,38.21,S,2,0,1
14183,1,male,30.6,4,3,34.77,S,8,0,0
14185,1,male,27.0,5,3,4.58,S,9,0,0
14188,3,male,31.8,0,3,19.19,S,4,0,0
14189,1,female,34.4,0,2,6.52,S,3,0,1
14190,3,male,56.5,1,4,36.29,S,6,0,0
14191,2,male,12.8,0,4,43.24,S,5,0,0
14193,3,female,13.1,0,2,12.01,S,3,0,1
14194,2,female,51.5,2,0,9.52,S,3,0,0
14195,1,female,52.4,0,3,10.45,S,4,0,0
14196,3,male,50.4,1,2,14.52,S,4,0,0
14198,2,male,34.3,2,2,21.18,S,5,0,1
14199,3,male,22.6,3,0,21.23,S,4,0,0
14200,3,male,39.8,1,4,30.73,S,6,0,0
14202,1,male,11.0,2,0,22.4,S,3,0,1
14205,3,female,21.8,3,2,31.76,S,6,0,1
14207,3,male,33.0,3,1,1.54,S,5,0,1
14208,1,male,41.6,3,0,33.33,S,4,0,1
14209,1,female,46.5,0,4,1.59,S,5,0,0
14210,2,female,13.3,5,3,18.66,S,9,0,0
14211,3,male,27.6,1,1,31.06,S,3,0,1
14212,3,male,32.1,3,0,209.96,S,4,0,0
14214,2,male,41.1,0,4,12.26,S,5,0,0
14216,2,male,29.4,0,2,6.97,S,3,0,0
14217,3,male,45.1,0,3,18.44,S,4,0,0
14218,1,female,42.6,5,1,66.05,S,7,0,0
14219,2,male,41.4,1,3,4.68,S,5,0,0
14220,1,female,21.6,4,0,24.17,S,5,0,1
14221,3,male,39.0,3,3,31.03,S,7,0,1
14225,2,female,50.9,4,3,19.96,S,8,0,0
14227,3,female,27.8,4,3,58.7,S,8,0,0
14229,3,female,22.4,4,1,26.92,S,6,0,0
14230,1,male,5.3,1,4,31.08,S,6,0,0
14232,3,female,44.9,4,4,16.52,S,9,0,0
14234,3,male,30.0,2,1,82.42,S,4,0,1
14235,1,male,43.9,3,1,31.12,S,5,0,1
14237,2,male,25.9,3,3,43.68,S,7,0,0
14238,3,male,40.7,5,0,17.6,S,6,0,0
14239,1,male,23.7,5,1,21.93,S,7,0,0
14240,3,male,35.9,3,2,27.02,S,6,0,1
14242,3,female,14.2,4,0,33.42,S,5,0,1
14243,3,female,16.9,3,3,22.73,S,7,0,0
14245,3,male,19.9,2,0,35.18,S,3,0,0
14247,2,male,26.9,1,0,90.03,S,2,0,1
14248,1,male,28.0,0,2,13.4,S,3,0,0
14252,1,male,30.9,5,2,0.39,S,8,0,0
14253,1,male,9.8,2,4,72.25,S,7,0,1
14254,3,female,35.1,5,1,18.82,S,7,0,1
14255,3,female,35.1,5,3,10.57,S,9,0,1
14256,1,female,24.8,4,2,16.51,S,7,0,0
14257,3,female,56.4,5,1,39.82,S,7,0,1
14258,1,male,46.8,5,2,15.99,S,8,0,0
14259,3,female,23.4,0,1,8.19,S,2,0,0
14261,1,male,8.6,0,3,31.11,S,4,0,1
14262,1,female,46.1,1,4,115.21,S,6,0,0
14263,1,male,32.5,0,0,32.23,S,1,1,1
14264,1,male,40.5,0,2,93.93,S,3,0,1
14265,1,female,0.0,5,1,67.32,S,7,0,0
14268,3,male,37.2,4,2,0.03,S,7,0,1
14269,3,male,36.3,5,0,22.8,S,6,0,0
14272,1,female,34.6,5,3,45.14,S,9,0,0
14273,3,female,17.3,2,1,8.43,S,4,0,0
14276,2,male,29.3,4,1,104.21,S,6,0,0
14278,3,male,31.2,0,2,38.19,S,3,0,1
14279,3,male,14.6,3,4,33.47,S,8,0,0
14280,2,male,17.7,4,4,123.93,S,9,0,1
14282,3,male,40.8,0,2,32.93,S,3,0,1
14283,1,male,34.2,1,3,16.68,S,5,0,1
14284,1,female,36.2,2,4,5.87,S,7,0,0
14287,2,female,39.6,4,1,8.32,S,6,0,1
14289,3,male,51.3,5,4,8.68,S,10,0,0
14290,1,male,30.7,3,2,19.35,S,6,0,1
14291,3,male,40.2,5,2,43.39,S,8,0,0
14293,3,female,35.9,4,2,65.65,S,7,0,0
14295,3,male,46.1,0,2,6.91,S,3,0,1
14297,1,male,1.7,0,2,17.32,S,3,0,0
14299,1,male,33.1,4,1,8.46,S,6,0,1
14301,2,male,11.6,4,1,5.78,S,6,0,1
14302,2,male,16.6,1,4,2.67,S,6,0,0
14303,3,male,3.1,3,1,217.88,S,5,0,0
14304,2,male,42.4,5,4,0.34,S,10,0,0
14305,3,male,48.2,0,0,28.63,S,1,1,1
14306,1,female,48.0,4,1,0.43,S,6,0,0
14307,3,male,28.6,4,3,25.68,S,8,0,0
14308,3,male,32.8,5,0,3.37,S,6,0,0
14309,1,female,44.0,5,2,49.57,S,8,0,0
14310,3,male,25.7,0,3,11.08,S,4,0,0
14311,3,male,15.7,3,1,13.51,S,5,0,0
14312,3,male,21.0,4,1,9.3,S,6,0,1
14313,2,male,31.5,2,3,3.87,S,6,0,0
14314,3,male,19.0,5,2,22.2,S,8,0,1
14315,1,male,35.6,0,2,19.0,S,3,0,1
14316,2,male,10.0,3,0,24.81,S,4,0,0
14318,1,male,34.7,5,4,2.97,S,10,0,1
14319,3,female,30.9,0,3,17.08,S,4,0,0
14320,3,female,18.7,1,2,28.73,S,4,0,0
14322,1,female,32.7,4,0,6.8,S,5,0,1
14323,3,male,0.0,3,3,29.83,S,7,0,0
14325,2,female,23.1,1,4,44.44,S,6,0,1
14326,2,male,21.7,1,3,12.61,S,5,0,0
14327,3,male,17.4,0,4,3.33,S,5,0,0
14328,3,male,15.0,1,3,79.1,S,5,0,0
14329,3,male,31.9,0,2,37.25,S,3,0,0
14330,3,male,36.6,0,4,94.88,S,5,0,0
14331,2,male,31.1,1,3,5.03,S,5,0,0
14336,1,male,45.6,4,0,24.34,S,5,0,0
14337,2,male,11.2,3,0,85.43,S,4,0,1
14338,3,female,0.0,2,2,11.6,S,5,0,0
14339,3,female,54.6,4,1,30.88,S,6,0,0
14340,2,male,33.2,4,3,4.99,S,8,0,0
14341,3,male,19.4,0,2,14.44,S,3,0,0
14342,1,female,17.1,2,3,6.93,S,6,0,0
14344,1,male,35.7,3,4,34.63,S,8,0,1
14346,1,female,26.4,0,0,9.25,S,1,1,0
14347,3,male,11.1,3,4,52.81,S,8,0,0
14348,3,male,28.5,4,1,20.55,S,6,0,0
14352,1,female,23.3,1,1,53.99,S,3,0,0
14353,3,female,40.2,1,4,12.27,S,6,0,0
14354,3,male,15.3,4,0,104.57,S,5,0,0
14356,1,female,35.4,2,2,55.52,S,5,0,1
14357,1,male,19.5,1,1,7.65,S,3,0,0
14359,3,female,28.6,3,0,54.45,S,4,0,1
14360,2,female,28.4,3,3,14.45,S,7,0,1
14361,3,male,19.5,0,4,4.84,S,5,0,1
14362,1,male,43.0,0,1,10.06,S,2,0,1
14364,1,female,32.9,1,0,9.28,S,2,0,0
14365,1,female,17.1,3,0,34.68,S,4,0,0
14366,1,male,28.1,1,3,15.92,S,5,0,1
14367,2,female,38.0,4,2,8.18,S,7,0,1
14368,1,female,25.0,2,2,30.39,S,5,0,1
14369,3,male,0.0,5,0,2.45,S,6,0,1
14370,3,male,10.2,0,3,31.37,S,4,0,1
14371,2,male,0.0,4,0,117.28,S,5,0,1
14372,3,female,30.0,4,2,39.77,S,7,0,1
14376,1,male,32.1,3,3,24.05,S,7,0,1
14377,3,male,8.7,4,2,15.21,S,7,0,1
14379,3,male,30.1,3,3,10.07,S,7,0,0
14380,3,male,15.8,0,3,54.57,S,4,0,1
14381,3,male,23.1,1,1,9.62,S,3,0,0
14382,3,female,27.2,2,3,17.01,S,6,0,0
14383,3,male,9.7,5,2,32.16,S,8,0,0
14384,3,male,38.4,4,2,10.62,S,7,0,1
14385,3,male,42.5,1,4,53.45,S,6,0,1
14386,2,male,30.6,3,2,73.28,S,6,0,1
14389,3,male,2.7,2,0,13.76,S,3,0,0
14390,1,female,29.7,1,3,25.86,S,5,0,0
14391,2,male,10.2,3,4,25.33,S,8,0,1
14392,2,male,50.9,2,0,0.32,S,3,0,0
14393,3,male,32.4,1,2,33.45,S,4,0,1
14395,3,female,25.4,4,3,26.21,S,8,0,0
14396,2,female,47.7,3,3,72.24,S,7,0,1
14398,2,male,37.1,0,4,10.08,S,5,0,1
14399,3,female,49.8,3,1,2.1,S,5,0,0
14402,3,male,27.2,2,4,25.19,S,7,0,0
14404,3,female,30.4,3,2,75.6,S,6,0,0
14405,3,female,19.7,4,2,24.32,S,7,0,0
14406,2,male,40.0,1,1,116.42,S,3,0,0
14407,3,female,4.2,5,4,44.39,S,10,0,0
14408,2,male,40.6,1,4,77.53,S,6,0,1
14409,3,female,31.6,1,0,33.44,S,2,0,0
14411,2,male,37.7,0,2,23.85,S,3,0,1
14413,3,female,24.3,1,1,4.61,S,3,0,0
14414,3,female,44.9,3,4,88.33,S,8,0,0
14415,3,male,37.3,0,3,13.05,S,4,0,1
14416,2,female,38.6,2,1,35.0,S,4,0,1
14418,1,female,30.5,3,3,69.26,S,7,0,1
14421,3,male,9.7,2,2,31.45,S,5,0,0
14422,1,female,27.3,5,3,100.32,S,9,0,1
14423,3,male,2.7,5,4,22.41,S,10,0,0
14424,3,male,27.5,0,0,21.75,S,1,1,0
14425,3,male,16.5,4,2,14.22,S,7,0,1
14426,1,male,27.9,1,1,12.77,S,3,0,1
14427,2,male,31.4,4,3,4.21,S,8,0,0
14428,1,male,3.0,1,1,12.69,S,3,0,0
14429,1,male,33.6,5,2,30.06,S,8,0,0
14431,3,male,0.0,2,3,6.58,S,6,0,1
14432,1,male,22.5,3,1,62.9,S,5,0,0
14433,3,female,34.3,2,0,3.06,S,3,0,1
14435,3,female,22.5,0,0,0.12,S,1,1,0
14436,3,female,31.2,4,0,40.6,S,5,0,1
14437,1,male,22.3,5,0,60.89,S,6,0,0
14438,3,male,25.3,1,3,67.72,S,5,0,1
14439,2,female,10.4,5,0,73.75,S,6,0,0
14441,2,male,55.4,3,2,26.24,S,6,0,0
14444,3,male,20.0,5,3,50.94,S,9,0,0
14445,2,male,23.5,0,3,21.49,S,4,0,0
14446,3,male,25.8,3,4,22.81,S,8,0,1
14447,3,female,41.2,5,2,13.12,S,8,0,0
14448,1,female,45.8,0,1,0.38,S,2,0,0
14449,1,male,22.6,1,3,4.99,S,5,0,1
14450,2,male,28.7,4,3,12.89,S,8,0,1
14451,3,female,25.7,5,3,29.8,S,9,0,0
14452,2,male,39.7,3,0,40.06,S,4,0,0
14453,2,male,35.6,1,1,70.93,S,3,0,1
14454,3,female,27.7,3,0,25.88,S,4,0,0
14456,1,male,36.3,3,1,37.62,S,5,0,0
14457,3,male,18.2,1,4,15.92,S,6,0,0
14458,3,male,29.1,3,2,3.67,S,6,0,1
14460,3,male,15.2,3,2,39.44,S,6,0,1
14461,1,male,25.8,1,0,73.39,S,2,0,1
14462,3,male,44.9,0,0,36.27,S,1,1,0
14463,1,male,44.3,1,0,0.89,S,2,0,0
14464,1,male,41.8,0,4,7.93,S,5,0,1
14467,3,female,20.6,5,0,42.8,S,6,0,1
14468,3,male,36.9,1,0,52.53,S,2,0,0
14469,1,male,6.0,4,3,77.99,S,8,0,0
14470,1,female,19.6,0,1,18.51,S,2,0,1
14472,1,male,22.1,0,3,0.75,S,4,0,0
14474,3,male,23.9,1,4,4.48,S,6,0,0
14475,3,female,36.7,1,1,19.17,S,3,0,0
14476,3,male,7.4,1,0,29.32,S,2,0,1
14477,3,male,46.8,3,2,162.25,S,6,0,1
14479,3,female,9.9,2,4,35.35,S,7,0,0
14480,2,male,46.1,4,1,97.63,S,6,0,0
14481,1,female,29.0,0,1,27.12,S,2,0,0
14484,1,male,39.2,2,2,54.5,S,5,0,0
14485,1,male,22.7,4,2,1.39,S,7,0,0
14486,3,female,27.1,0,1,45.68,S,2,0,0
14487,3,female,44.0,1,0,6.05,S,2,0,1
14488,3,female,15.5,5,2,46.65,S,8,0,0
14489,2,male,49.2,2,2,51.51,S,5,0,0
14491,3,male,16.8,5,3,18.5,S,9,0,1
14492,3,male,44.2,0,4,42.2,S,5,0,0
14495,2,female,27.5,2,4,8.46,S,7,0,0
14496,2,male,13.5,4,2,34.56,S,7,0,1
14497,2,male,40.2,1,2,4.74,S,4,0,0
14498,3,male,53.1,4,3,6.33,S,8,0,0
14500,3,female,18.4,3,4,24.16,S,8,0,1
14504,3,female,22.2,5,0,6.87,S,6,0,0
14506,3,male,28.0,0,4,26.72,S,5,0,1
14508,3,male,29.4,1,4,21.15,S,6,0,1
14509,3,male,27.1,0,0,19.79,S,1,1,1
14510,3,female,33.9,2,2,17.75,S,5,0,1
14511,1,female,0.9,4,3,13.1,S,8,0,1
14512,3,male,36.2,3,2,28.4,S,6,0,0
14513,3,male,29.4,2,1,0.2,S,4,0,0
14515,3,male,6.2,5,4,21.54,S,10,0,0
14517,2,female,2.8,0,1,61.67,S,2,0,0
14518,3,female,31.0,3,0,56.46,S,4,0,1
14520,3,male,27.0,5,4,16.97,S,10,0,1
14521,3,male,9.5,0,1,15.81,S,2,0,1
14524,1,male,10.2,0,2,22.51,S,3,0,0
14525,3,male,19.9,1,0,117.68,S,2,0,0
14527,3,male,28.1,2,1,25.37,S,4,0,0
14528,3,male,39.7,3,0,11.32,S,4,0,1
14530,3,female,35.8,2,4,9.8,S,7,0,0
14531,2,male,39.9,4,2,24.45,S,7,0,1
14532,2,male,45.1,0,3,31.31,S,4,0,0
14533,3,male,35.9,5,4,14.58,S,10,0,0
14534,2,male,30.0,2,1,3.55,S,4,0,1
14535,3,male,13.9,2,3,9.76,S,6,0,0
14536,3,female,32.8,4,0,9.51,S,5,0,0
14537,2,female,23.7,5,1,24.51,S,7,0,0
14538,3,male,48.3,3,2,3.49,S,6,0,1
14539,3,male,30.3,5,3,10.88,S,9,0,0
14540,2,male,26.8,3,1,13.47,S,5,0,0
14543,2,male,29.0,4,2,5.19,S,7,0,0
14545,2,female,32.7,3,3,6.08,S,7,0,0
14546,1,male,44.8,3,1,55.73,S,5,0,0
14547,3,male,50.1,3,0,13.8,S,4,0,0
14548,1,male,21.3,1,3,24.78,S,5,0,0
14549,3,male,41.7,0,3,21.55,S,4,0,1
14551,3,female,57.6,5,3,59.34,S,9,0,0
14552,1,male,49.2,1,0,89.31,S,2,0,1
14553,3,female,39.4,4,2,7.64,S,7,0,1
14554,3,male,43.6,2,0,52.71,S,3,0,0
14556,3,female,53.0,0,3,58.3,S,4,0,0
14557,3,male,16.3,3,1,16.82,S,5,0,0
14558,3,male,34.7,0,4,37.09,S,5,0,1
14560,3,female,41.0,0,2,110.26,S,3,0,1
14561,2,male,53.4,5,1,41.04,S,7,0,0
14562,3,female,35.3,4,0,2.55,S,5,0,0
14563,3,female,33.4,0,1,67.32,S,2,0,1
14565,1,male,30.4,2,0,12.99,S,3,0,0
14566,2,male,24.3,1,1,24.77,S,3,0,1
14567,2,male,51.9,0,3,154.21,S,4,0,1
14568,1,female,40.1,3,2,19.19,S,6,0,1
14569,1,female,24.1,4,4,35.07,S,9,0,0
14570,2,female,29.8,2,0,19.27,S,3,0,0
14574,3,male,20.9,2,3,1.36,S,6,0,0
14575,3,male,35.6,0,4,18.61,S,5,0,0
14576,3,male,20.3,3,2,55.28,S,6,0,1
14577,3,male,21.5,3,3,13.95,S,7,0,0
14580,3,female,12.3,1,1,48.91,S,3,0,0
14581,2,female,38.6,0,1,9.02,S,2,0,0
14583,1,female,25.1,3,4,40.85,S,8,0,0
14584,1,male,3.8,0,4,1.88,S,5,0,1
14586,2,female,32.1,3,2,9.93,S,6,0,1
14587,2,male,25.7,0,3,9.24,S,4,0,0
14589,3,male,16.4,2,0,114.28,S,3,0,0
14590,1,male,26.7,5,4,11.12,S,10,0,1
14591,3,male,29.7,0,1,41.02,S,2,0,1
14594,3,female,13.8,5,3,4.84,S,9,0,0
14595,2,male,36.2,5,4,15.0,S,10,0,1
14596,1,male,44.9,5,3,18.08,S,9,0,1
14597,1,male,17.5,4,1,40.43,S,6,0,1
14598,3,female,34.6,1,2,21.93,S,4,0,0
14600,2,female,37.2,3,3,58.89,S,7,0,0
14601,1,female,29.0,5,1,10.92,S,7,0,0
14602,2,male,48.9,0,1,52.13,S,2,0,0
14603,1,male,58.5,0,1,21.64,S,2,0,0
14604,3,male,37.8,0,1,2.55,S,2,0,1
14605,3,female,33.4,4,4,11.28,S,9,0,1
14606,2,male,29.2,5,0,51.97,S,6,0,1
14607,3,male,10.6,3,1,15.76,S,5,0,1
14609,3,female,12.8,0,4,32.55,S,5,0,1
14611,3,female,26.3,2,2,4.56,S,5,0,1
14613,3,male,0.0,3,2,7.45,S,6,0,1
14614,2,male,29.6,0,2,13.19,S,3,0,0
14622,1,male,58.6,5,4,21.1,S,10,0,0
14623,3,male,37.1,0,4,10.37,S,5,0,1
14624,3,female,31.8,1,3,140.27,S,5,0,0
14625,2,male,18.7,5,4,48.5,S,10,0,0
14626,2,male,24.2,4,4,4.01,S,9,0,0
14627,3,male,50.1,0,2,14.73,S,3,0,0
14629,3,male,29.8,4,3,49.49,S,8,0,0
14631,3,female,36.0,4,1,33.35,S,6,0,1
14632,3,female,32.7,4,2,27.37,S,7,0,0
14633,3,male,50.2,4,0,6.45,S,5,0,1
14634,3,male,30.4,4,1,0.42,S,6,0,0
14635,3,female,28.1,0,0,65.34,S,1,1,0
14637,1,male,50.5,2,0,50.16,S,3,0,0
14639,3,female,43.2,0,4,61.31,S,5,0,1
14640,1,male,26.0,4,2,28.82,S,7,0,0
14641,3,male,30.8,1,0,16.3,S,2,0,1
14643,3,female,36.4,3,3,10.24,S,7,0,0
14644,2,male,25.6,5,3,17.35,S,9,0,1
14645,2,male,29.5,1,4,55.55,S,6,0,0
14646,1,female,43.5,3,1,0.29,S,5,0,1
14648,3,male,17.2,1,4,43.27,S,6,0,1
14650,2,female,28.9,4,2,5.72,S,7,0,0
14651,3,female,28.1,0,3,130.37,S,4,0,0
14652,2,female,47.6,2,2,36.11,S,5,0,0
14653,1,male,25.7,1,1,14.86,S,3,0,1
14654,3,male,20.9,1,2,13.83,S,4,0,0
14655,1,female,17.6,3,2,23.67,S,6,0,1
14656,3,male,26.6,2,1,1.18,S,4,0,1
14657,3,male,18.7,0,1,40.12,S,2,0,1
14658,2,male,16.9,0,3,2.27,S,4,0,0
14659,3,male,16.5,3,3,33.87,S,7,0,1
14660,1,male,17.4,3,1,51.78,S,5,0,1
14661,3,male,18.3,3,1,75.42,S,5,0,1
14663,3,male,1.6,2,3,43.79,S,6,0,0
14664,2,female,19.2,0,3,130.94,S,4,0,0
14668,3,female,26.9,2,4,7.34,S,7,0,1
14669,2,female,27.8,3,3,12.32,S,7,0,0
14671,3,male,38.2,0,3,36.77,S,4,0,1
14675,2,female,10.8,2,2,24.46,S,5,0,0
14677,3,male,38.9,4,2,98.5,S,7,0,1
14678,3,female,24.3,1,1,11.75,S,3,0,0
14679,3,female,15.2,0,2,13.79,S,3,0,1
14680,1,male,25.0,4,0,14.1,S,5,0,0
14681,2,male,20.3,0,4,16.07,S,5,0,0
14682,3,female,53.1,0,3,39.48,S,4,0,1
14683,3,male,60.7,5,1,12.09,S,7,0,0
14685,1,male,8.3,4,2,9.79,S,7,0,0
14686,3,male,18.4,0,2,22.69,S,3,0,0
14687,3,male,19.3,5,4,94.21,S,10,0,1
14688,3,female,18.1,1,1,10.94,S,3,0,1
14689,3,male,26.3,2,0,54.24,S,3,0,0
14690,3,male,22.7,3,3,7.91,S,7,0,1
14691,3,female,10.0,5,0,5.0,S,6,0,0
14692,3,female,14.6,3,0,3.06,S,4,0,1
14693,3,female,50.6,3,2,124.97,S,6,0,1
14694,2,female,24.0,2,1,27.04,S,4,0,0
14695,3,female,23.3,4,2,23.11,S,7,0,0
14697,2,female,22.5,2,1,21.19,S,4,0,0
14699,3,female,37.3,1,2,16.88,S,4,0,1
14701,3,female,12.1,0,3,9.97,S,4,0,0
14702,2,female,11.9,1,4,40.07,S,6,0,0
14703,3,female,44.9,1,3,20.64,S,5,0,0
14704,3,male,40.6,1,1,20.88,S,3,0,1
14705,3,female,25.4,1,4,1.25,S,6,0,0
14707,3,male,12.2,1,4,17.69,S,6,0,0
14708,3,female,11.6,0,2,67.75,S,3,0,0
14710,3,male,34.1,4,4,30.07,S,9,0,0
14712,3,male,21.7,1,4,26.73,S,6,0,0
14714,3,male,62.8,0,0,3.43,S,1,1,0
14715,3,female,25.4,0,4,109.01,S,5,0,0
14716,1,male,48.4,1,0,25.7,S,2,0,1
14718,3,female,22.0,4,1,26.84,S,6,0,0
14719,3,male,48.8,5,0,100.99,S,6,0,0
14720,1,female,40.1,2,1,1.47,S,4,0,0
14722,3,female,44.9,1,0,4.68,S,2,0,0
14723,1,male,64.3,1,3,18.94,S,5,0,0
14724,3,female,18.7,3,3,34.01,S,7,0,1
14725,3,male,35.6,2,1,19.67,S,4,0,1
14726,3,male,23.3,3,3,105.33,S,7,0,0
14727,1,male,15.9,1,3,28.11,S,5,0,0
14729,3,male,51.3,0,0,12.08,S,1,1,1
14730,3,male,3.5,0,3,0.68,S,4,0,1
14731,2,male,36.1,5,2,5.37,S,8,0,0
14732,2,male,17.4,2,2,2.38,S,5,0,0
14733,1,female,53.8,1,4,42.98,S,6,0,1
14735,3,female,23.9,1,4,45.28,S,6,0,0
14736,1,male,51.0,2,2,24.68,S,5,0,0
14738,3,male,36.8,1,3,30.42,S,5,0,1
14739,3,female,40.3,1,4,0.37,S,6,0,0
14740,3,male,13.8,0,0,13.04,S,1,1,1
14741,3,male,39.4,4,4,49.14,S,9,0,0
14742,3,female,26.2,3,0,44.26,S,4,0,1
14743,3,female,34.1,5,0,50.05,S,6,0,0
14744,3,male,35.8,1,4,28.34,S,6,0,0
14745,3,male,13.5,0,2,27.25,S,3,0,0
14746,2,male,37.3,4,4,16.74,S,9,0,0
14747,1,male,26.4,0,1,94.94,S,2,0,0
14749,1,female,26.9,3,2,0.28,S,6,0,1
14751,1,male,37.3,1,4,65.42,S,6,0,0
14753,3,male,34.4,5,1,12.56,S,7,0,0
14754,3,male,21.8,5,4,17.47,S,10,0,0
14756,3,male,29.0,0,4,5.11,S,5,0,0
14757,1,female,24.3,1,3,31.03,S,5,0,0
14758,2,male,26.5,2,2,8.4,S,5,0,1
14759,1,male,33.7,5,4,15.2,S,10,0,0
14760,3,male,41.7,2,1,0.16,S,4,0,0
14762,3,female,24.2,2,1,3.68,S,4,0,0
14765,3,male,34.1,5,3,56.33,S,9,0,0
14766,3,male,11.7,2,0,23.2,S,3,0,0
14767,3,female,5.0,3,1,133.11,S,5,0,1
14768,3,male,14.4,0,3,29.89,S,4,0,0
14769,1,male,19.3,5,2,30.66,S,8,0,0
14770,1,male,43.6,2,1,81.14,S,4,0,1
14771,1,male,45.1,5,1,9.55,S,7,0,1
14773,3,male,21.4,2,2,34.99,S,5,0,0
14774,3,male,38.8,4,2,4.87,S,7,0,1
14775,3,male,27.5,4,4,53.08,S,9,0,1
14776,2,male,50.1,5,0,28.68,S,6,0,0
14779,1,male,26.5,4,1,120.53,S,6,0,1
14780,3,female,28.2,2,3,18.99,S,6,0,1
14781,3,male,17.2,0,1,10.56,S,2,0,1
14782,1,male,42.1,3,2,32.19,S,6,0,1
14783,3,female,39.4,2,0,39.76,S,3,0,0
14784,1,female,35.4,3,1,11.17,S,5,0,0
14785,2,female,32.4,1,0,10.57,S,2,0,1
14787,3,male,36.1,4,2,76.85,S,7,0,0
14788,3,male,30.8,2,2,3.43,S,5,0,0
14790,3,female,10.9,4,1,31.34,S,6,0,0
14791,2,male,18.9,1,2,20.17,S,4,0,0
14794,3,male,4.6,4,4,16.78,S,9,0,0
14795,3,male,45.6,3,1,101.97,S,5,0,1
14797,1,female,26.8,0,0,3.94,S,1,1,0
14800,3,female,19.1,5,0,4.82,S,6,0,1
14801,3,female,37.8,0,4,30.22,S,5,0,1
14802,1,female,18.0,0,0,52.9,S,1,1,1
14804,2,female,49.9,2,1,11.95,S,4,0,0
14805,3,female,29.0,4,4,8.74,S,9,0,0
14806,3,male,22.5,2,3,68.63,S,6,0,0
14807,1,male,21.0,4,3,6.9,S,8,0,1
14808,3,female,51.4,0,0,45.24,S,1,1,1
14809,1,female,19.8,2,0,0.74,S,3,0,1
14810,2,female,42.1,5,4,17.41,S,10,0,0
14811,1,male,29.3,1,1,134.23,S,3,0,0
14812,3,male,39.0,1,1,32.15,S,3,0,0
14813,3,male,17.5,0,4,11.9,S,5,0,0
14814,2,male,24.3,4,4,38.5,S,9,0,0
14816,1,male,20.2,2,0,89.41,S,3,0,0
14818,2,male,18.3,4,2,12.34,S,7,0,0
14819,1,male,20.9,2,2,37.35,S,5,0,0
14820,3,male,48.0,4,4,50.76,S,9,0,0
14823,2,female,2.3,2,2,27.24,S,5,0,0
14824,1,male,31.8,0,1,7.92,S,2,0,0
14825,2,female,30.3,0,2,1.89,S,3,0,0
14826,3,female,21.1,0,0,80.69,S,1,1,0
14828,3,female,24.5,2,0,20.94,S,3,0,1
14829,2,male,31.3,1,2,43.7,S,4,0,1
14830,2,male,76.6,2,0,26.27,S,3,0,0
14831,3,male,33.4,2,3,19.38,S,6,0,0
14832,2,male,34.0,3,0,50.65,S,4,0,1
14833,2,male,40.5,3,3,20.62,S,7,0,0
14834,2,male,31.5,5,1,78.04,S,7,0,1
14835,2,male,13.6,2,0,11.7,S,3,0,0
14837,2,male,28.6,3,1,5.17,S,5,0,1
14838,3,male,25.2,3,4,54.73,S,8,0,0
14839,3,female,1.5,2,4,83.41,S,7,0,0
14840,3,female,51.8,4,2,2.5,S,7,0,0
14841,3,male,30.5,3,3,76.6,S,7,0,0
14844,1,female,49.4,2,0,45.81,S,3,0,1
14845,2,female,22.2,4,1,0.05,S,6,0,1
14846,3,male,46.6,1,0,8.06,S,2,0,0
14847,1,female,32.0,0,4,7.73,S,5,0,1
14848,1,female,35.3,0,3,27.87,S,4,0,0
14849,2,male,35.4,2,4,34.23,S,7,0,0
14851,2,male,19.9,0,4,21.42,S,5,0,1
14852,1,female,23.9,0,0,22.25,S,1,1,1
14853,1,male,8.4,2,0,1.79,S,3,0,0
14854,2,male,22.3,0,3,190.9,S,4,0,0
14855,1,female,19.2,5,4,93.16,S,10,0,1
14857,1,female,35.4,1,1,26.1,S,3,0,1
14858,3,male,29.1,3,1,13.68,S,5,0,0
14859,2,female,32.4,3,2,17.89,S,6,0,1
14860,2,male,38.8,1,1,33.75,S,3,0,0
14861,1,female,25.7,5,2,17.42,S,8,0,0
14862,1,male,15.9,4,1,21.9,S,6,0,0
14864,3,male,0.0,2,4,2.75,S,7,0,1
14865,3,female,27.5,3,2,45.03,S,6,0,0
14866,1,male,39.7,0,0,15.21,S,1,1,1
14867,3,male,43.7,1,2,69.66,S,4,0,0
14868,2,male,21.6,4,4,92.8,S,9,0,0
14869,1,male,0.0,2,2,2.96,S,5,0,0
14871,1,male,37.9,0,4,54.9,S,5,0,0
14872,2,female,24.0,3,1,33.32,S,5,0,0
14873,3,male,57.2,0,4,12.75,S,5,0,1
14874,3,male,9.2,4,3,10.71,S,8,0,1
14875,3,male,33.8,5,1,19.85,S,7,0,0
14877,3,male,31.9,3,4,72.34,S,8,0,1
14878,2,male,6.7,0,3,1.61,S,4,0,1
14879,1,male,67.8,5,3,3.83,S,9,0,0
14880,3,female,51.1,4,0,29.85,S,5,0,1
14882,2,female,40.5,4,0,42.62,S,5,0,0
14883,3,male,40.6,4,3,10.32,S,8,0,0
14886,1,male,33.5,2,1,8.55,S,4,0,0
14888,3,male,36.1,0,3,38.2,S,4,0,1
14889,2,male,34.6,2,0,22.09,S,3,0,1
14890,3,male,21.5,3,2,108.78,S,6,0,1
14892,3,female,7.0,5,4,12.75,S,10,0,0
14893,3,female,39.6,2,2,6.42,S,5,0,1
14895,3,male,10.2,5,1,0.52,S,7,0,0
14896,2,male,42.7,5,4,18.68,S,10,0,0
14897,2,female,20.8,3,1,103.02,S,5,0,0
14898,3,female,17.0,0,3,48.06,S,4,0,0
14899,3,female,22.1,0,4,11.45,S,5,0,0
14900,3,male,26.3,1,4,51.31,S,6,0,0
14901,3,male,35.4,1,1,85.91,S,3,0,0
14902,3,male,16.7,0,3,35.74,S,4,0,0
14906,1,male,26.8,0,2,7.91,S,3,0,0
14907,2,male,23.1,2,0,34.84,S,3,0,0
14908,2,male,29.9,0,3,5.38,S,4,0,0
14910,2,female,22.9,3,2,18.36,S,6,0,0
14911,1,male,31.7,1,0,31.69,S,2,0,0
14912,3,female,19.2,3,4,1.71,S,8,0,1
14913,3,male,36.4,4,1,125.52,S,6,0,0
14914,3,female,32.9,0,2,37.47,S,3,0,0
14915,2,male,47.6,1,1,40.93,S,3,0,0
14916,3,male,17.4,1,0,0.52,S,2,0,1
14918,3,female,46.7,1,0,37.25,S,2,0,1
14919,2,male,22.9,0,0,3.72,S,1,1,0
14920,3,male,27.2,0,3,72.23,S,4,0,1
14921,2,female,31.7,5,1,31.09,S,7,0,1
14922,3,male,25.7,2,3,2.36,S,6,0,1
14923,3,male,31.5,3,3,30.43,S,7,0,0
14924,3,female,38.4,3,1,51.94,S,5,0,0
14925,1,female,27.4,0,2,51.65,S,3,0,0
14927,3,female,32.7,5,4,19.72,S,10,0,0
14928,2,male,23.4,1,2,42.63,S,4,0,0
14929,3,male,24.1,0,3,66.32,S,4,0,0
14931,3,male,28.4,0,0,29.01,S,1,1,0
14932,3,male,35.3,1,3,41.3,S,5,0,0
14933,3,female,25.2,1,2,33.81,S,4,0,0
14934,1,male,18.2,5,4,27.54,S,10,0,0
14935,2,female,27.7,0,2,80.7,S,3,0,1
14936,3,male,34.6,2,1,33.4,S,4,0,1
14938,1,female,60.2,5,1,117.23,S,7,0,0
14939,2,female,19.8,2,2,95.67,S,5,0,1
14941,3,female,39.9,0,3,1.07,S,4,0,0
14942,3,male,19.3,1,1,41.73,S,3,0,0
14943,3,male,56.0,3,4,0.97,S,8,0,0
14944,3,male,29.1,2,1,2.45,S,4,0,0
14945,1,male,36.9,4,4,13.91,S,9,0,1
14948,3,female,14.1,1,3,8.95,S,5,0,0
14949,3,male,51.0,3,3,7.11,S,7,0,0
14952,2,male,18.7,0,3,1.74,S,4,0,1
14953,3,female,33.7,1,1,18.69,S,3,0,0
14954,3,male,15.4,0,1,45.5,S,2,0,0
14956,1,male,10.9,0,4,79.19,S,5,0,1
14958,1,female,23.6,5,0,22.96,S,6,0,0
14960,1,male,15.9,2,0,33.32,S,3,0,0
14963,3,male,19.6,3,1,3.34,S,5,0,0
14964,3,male,34.2,2,1,18.82,S,4,0,0
14965,1,male,41.8,3,1,5.09,S,5,0,1
14966,2,male,38.3,4,4,5.94,S,9,0,0
14967,3,male,28.3,5,2,19.98,S,8,0,0
14968,1,male,32.0,0,3,2.16,S,4,0,0
14969,1,male,30.7,3,4,5.2,S,8,0,0
14970,2,female,14.5,4,3,25.1,S,8,0,1
14973,3,male,37.6,4,1,64.28,S,6,0,0
14975,2,male,0.0,4,4,26.31,S,9,0,0
14977,3,female,21.7,0,4,5.87,S,5,0,0
14978,2,male,20.5,1,3,76.62,S,5,0,1
14979,3,male,42.4,4,2,157.85,S,7,0,1
14980,1,female,26.7,0,4,191.3,S,5,0,0
14981,2,male,37.4,5,3,51.57,S,9,0,0
14982,3,male,19.9,5,2,7.13,S,8,0,1
14983,3,female,40.3,0,0,10.78,S,1,1,0
14985,3,female,34.7,2,1,1.78,S,4,0,0
14986,3,female,26.5,1,0,42.21,S,2,0,1
14987,1,female,51.8,3,0,24.88,S,4,0,1
14988,3,male,55.2,4,0,34.58,S,5,0,1
14989,2,male,0.0,4,3,27.77,S,8,0,1
14990,3,male,42.0,0,0,0.38,S,1,1,1
14991,3,female,13.9,0,3,12.33,S,4,0,0
14993,1,male,4.1,5,0,63.19,S,6,0,0
14994,2,female,34.6,2,4,5.37,S,7,0,1
14996,3,male,22.6,5,3,102.12,S,9,0,0
14997,1,male,23.0,0,2,109.4,S,3,0,0
14998,2,male,18.7,1,0,44.37,S,2,0,1
14999,2,female,19.1,0,0,1.95,S,1,1,0
