,Pclass,Sex,Age,SibSp,Parch,Fare,Embarked,FamilySize,IsAlone,Survived
1,3,male,21.4,2,0,157.46,C,3,0,1
2,3,female,47.2,1,4,131.88,S,6,0,1
7,3,male,14.9,5,0,61.47,S,6,0,1
12,3,female,13.4,2,1,0.87,Q,4,0,1
25,3,male,12.9,5,1,78.04,S,7,0,1
33,3,male,8.9,1,4,13.54,S,6,0,1
34,3,female,30.6,4,0,66.72,C,5,0,1
35,3,male,36.0,1,0,10.63,Q,2,0,1
38,3,male,31.3,0,3,12.74,Q,4,0,1
43,3,male,8.7,1,2,104.72,C,4,0,1
45,3,male,20.7,3,2,53.87,S,6,0,1
50,3,male,23.1,1,3,8.31,S,5,0,1
51,3,female,9.3,0,4,20.51,S,5,0,1
53,3,female,45.0,1,4,23.64,S,6,0,1
55,3,female,34.2,4,1,95.25,S,6,0,1
67,3,male,32.5,0,3,13.29,Q,4,0,1
69,3,female,16.5,1,4,13.67,S,6,0,1
70,3,male,28.2,4,0,1.59,S,5,0,1
74,3,male,30.0,2,1,9.45,S,4,0,1
75,3,male,30.2,1,0,157.04,S,2,0,1
80,3,female,15.8,0,3,35.41,S,4,0,1
81,3,female,21.6,1,0,48.45,S,2,0,1
86,3,female,35.5,2,1,82.38,C,4,0,1
88,3,female,16.1,2,4,37.33,C,7,0,1
91,3,female,22.4,4,2,9.0,S,7,0,1
92,3,male,23.1,5,4,4.24,S,10,0,1
94,3,female,30.3,3,3,105.44,S,7,0,1
104,3,female,37.5,1,4,7.25,S,6,0,1
112,3,female,5.5,4,0,1.56,S,5,0,1
115,3,male,41.2,0,1,38.4,S,2,0,1
116,3,male,47.6,0,3,2.92,S,4,0,1
120,3,male,17.6,3,4,21.39,S,8,0,1
126,3,female,18.7,5,2,0.96,S,8,0,1
127,3,male,48.6,0,3,10.32,S,4,0,1
134,3,female,42.0,1,4,21.9,S,6,0,1
139,3,male,27.7,3,2,2.45,Q,6,0,1
140,3,female,27.9,3,0,28.61,S,4,0,1
150,3,male,38.9,5,2,55.71,S,8,0,1
154,3,female,9.3,1,0,50.0,S,2,0,1
157,3,male,47.1,4,1,19.24,S,6,0,1
161,3,male,34.8,0,1,0.64,S,2,0,1
174,3,male,57.8,1,1,2.33,S,3,0,1
178,3,male,20.1,1,1,2.37,S,3,0,1
182,3,male,7.1,3,0,34.31,S,4,0,1
183,3,male,11.3,4,3,16.26,S,8,0,1
185,3,male,14.5,2,4,26.9,S,7,0,1
196,3,male,24.1,5,0,2.67,S,6,0,1
197,3,female,32.8,5,0,23.91,S,6,0,1
199,3,female,49.1,4,0,40.68,S,5,0,1
200,3,female,64.0,4,0,138.31,S,5,0,1
207,3,female,34.1,3,1,126.81,S,5,0,1
211,3,male,31.8,0,4,39.25,S,5,0,1
212,3,male,10.2,5,0,12.08,S,6,0,1
214,3,male,55.0,4,0,4.63,Q,5,0,1
220,3,female,21.6,3,2,102.44,S,6,0,1
228,3,female,37.7,1,1,6.7,S,3,0,1
229,3,male,24.7,5,2,26.06,S,8,0,1
235,3,male,10.8,2,1,17.53,S,4,0,1
240,3,female,14.2,4,0,36.64,Q,5,0,1
241,3,male,26.9,3,1,14.81,S,5,0,1
242,3,female,31.5,3,0,15.38,S,4,0,1
248,3,male,8.7,2,1,37.78,S,4,0,1
256,3,male,39.6,2,2,42.05,S,5,0,1
261,3,male,31.6,5,2,6.78,S,8,0,1
264,3,male,9.4,1,4,47.05,S,6,0,1
267,3,male,56.5,1,0,24.38,S,2,0,1
271,3,male,39.1,2,3,11.22,C,6,0,1
273,3,female,13.4,2,4,32.01,S,7,0,1
277,3,female,24.3,3,3,29.1,S,7,0,1
279,3,male,33.7,2,0,17.28,S,3,0,1
280,3,male,23.8,5,2,13.6,Q,8,0,1
292,3,male,11.7,1,2,11.91,S,4,0,1
296,3,male,7.4,4,1,47.98,S,6,0,1
298,3,male,26.7,4,1,7.96,S,6,0,1
304,3,female,26.1,4,2,23.79,C,7,0,1
308,3,male,14.8,2,4,2.39,S,7,0,1
315,3,male,41.6,1,0,7.57,Q,2,0,1
321,3,female,0.0,3,0,21.4,S,4,0,1
325,3,female,4.2,2,4,49.0,S,7,0,1
331,3,male,31.4,4,2,34.21,C,7,0,1
349,3,female,62.6,2,0,67.57,S,3,0,1
351,3,female,34.1,2,3,17.02,S,6,0,1
352,3,female,12.0,4,0,7.6,S,5,0,1
355,3,female,25.0,5,1,18.73,S,7,0,1
364,3,male,31.4,3,2,45.53,S,6,0,1
366,3,male,28.2,2,4,12.8,C,7,0,1
367,3,female,29.4,5,4,107.45,C,10,0,1
373,3,male,42.2,4,1,10.32,S,6,0,1
376,3,male,17.6,3,4,16.42,C,8,0,1
378,3,male,39.1,1,2,10.1,Q,4,0,1
383,3,female,33.4,3,3,23.49,S,7,0,1
384,3,male,39.2,3,2,58.75,Q,6,0,1
385,3,male,10.5,4,0,6.68,S,5,0,1
388,3,male,20.7,4,4,34.52,S,9,0,1
389,3,female,40.7,0,0,50.84,S,1,1,1
393,3,female,21.6,5,4,6.19,S,10,0,1
398,3,male,25.3,0,3,9.14,S,4,0,1
399,3,female,32.2,5,1,33.61,S,7,0,1
411,3,male,13.4,1,4,8.46,C,6,0,1
412,3,female,25.3,4,0,0.9,C,5,0,1
414,3,male,27.3,5,3,46.46,Q,9,0,1
418,3,female,35.3,5,3,7.26,S,9,0,1
421,3,male,27.3,3,2,43.59,S,6,0,1
431,3,female,22.1,5,0,42.93,Q,6,0,1
438,3,male,34.1,4,3,90.58,S,8,0,1
444,3,male,42.9,0,2,16.22,S,3,0,1
446,3,female,46.1,0,2,13.49,S,3,0,1
450,3,female,22.7,0,3,11.23,S,4,0,1
453,3,female,18.1,1,1,10.74,S,3,0,1
461,3,male,23.2,0,3,32.69,S,4,0,1
464,3,female,41.9,4,4,79.49,S,9,0,1
467,3,male,9.1,2,3,47.62,S,6,0,1
469,3,female,17.5,2,3,12.59,S,6,0,1
471,3,male,10.9,2,2,60.8,S,5,0,1
478,3,male,17.1,0,1,38.71,S,2,0,1
480,3,female,0.0,3,1,4.54,S,5,0,1
483,3,female,55.4,2,1,8.06,S,4,0,1
485,3,male,33.0,0,0,60.65,S,1,1,1
489,3,male,29.0,1,2,56.92,S,4,0,1
499,3,male,38.5,4,1,31.12,S,6,0,1
500,3,female,37.5,1,0,8.24,S,2,0,1
503,3,female,43.9,5,1,107.09,Q,7,0,1
504,3,female,58.8,3,3,9.32,S,7,0,1
506,3,male,35.5,4,0,80.88,S,5,0,1
508,3,male,34.1,3,0,0.31,S,4,0,1
512,3,male,44.7,5,0,56.77,S,6,0,1
513,3,male,56.7,0,1,53.22,S,2,0,1
518,3,male,27.5,3,0,0.43,C,4,0,1
523,3,male,30.7,3,2,0.17,S,6,0,1
524,3,male,8.1,1,2,25.03,S,4,0,1
529,3,male,33.5,5,1,42.41,S,7,0,1
531,3,male,23.6,0,2,18.67,C,3,0,1
532,3,male,9.8,4,1,20.84,S,6,0,1
535,3,male,36.8,2,4,63.11,S,7,0,1
543,3,male,29.7,3,3,65.08,Q,7,0,1
549,3,female,35.5,3,1,7.42,C,5,0,1
558,3,male,0.0,1,2,25.35,Q,4,0,1
559,3,male,25.5,5,1,30.48,S,7,0,1
560,3,male,16.1,1,4,50.07,S,6,0,1
571,3,female,31.0,0,2,86.94,S,3,0,1
575,3,female,45.4,0,3,49.78,C,4,0,1
577,3,male,43.4,4,1,83.08,S,6,0,1
591,3,male,37.5,2,4,3.24,S,7,0,1
609,3,male,0.0,4,4,14.79,S,9,0,1
611,3,male,23.1,3,0,68.16,S,4,0,1
614,3,female,49.7,3,2,50.32,S,6,0,1
618,3,male,24.3,0,3,0.89,S,4,0,1
627,3,male,35.4,2,1,34.14,Q,4,0,1
631,3,male,34.0,2,3,66.62,S,6,0,1
645,3,male,21.5,1,1,27.58,S,3,0,1
647,3,male,29.7,4,4,37.91,S,9,0,1
671,3,male,29.3,1,1,11.8,C,3,0,1
675,3,male,24.7,2,0,75.34,C,3,0,1
678,3,male,60.0,3,1,8.79,S,5,0,1
680,3,female,9.3,0,2,11.61,S,3,0,1
683,3,male,13.5,3,2,9.46,S,6,0,1
684,3,male,4.0,1,3,34.51,S,5,0,1
709,3,male,34.9,1,4,3.97,S,6,0,1
715,3,female,28.9,2,1,69.85,C,4,0,1
717,3,male,18.6,3,3,36.89,C,7,0,1
719,3,female,22.1,0,2,1.94,Q,3,0,1
727,3,male,17.2,0,3,10.11,S,4,0,1
731,3,male,33.5,3,0,30.15,S,4,0,1
732,3,female,21.1,4,1,21.97,C,6,0,1
737,3,male,27.9,5,1,3.15,S,7,0,1
742,3,male,25.8,3,4,130.3,C,8,0,1
745,3,female,50.6,2,1,27.6,S,4,0,1
751,3,male,44.2,2,1,39.07,S,4,0,1
755,3,female,42.5,5,1,83.56,S,7,0,1
756,3,female,58.1,0,1,34.01,S,2,0,1
766,3,male,43.8,0,4,16.88,S,5,0,1
767,3,male,21.6,0,1,15.02,S,2,0,1
774,3,male,50.3,4,0,2.93,C,5,0,1
777,3,female,29.5,4,4,37.67,S,9,0,1
779,3,male,46.7,1,3,156.06,S,5,0,1
789,3,female,40.7,4,0,27.27,S,5,0,1
800,3,female,19.7,0,1,23.15,S,2,0,1
807,3,male,34.8,1,1,1.56,S,3,0,1
813,3,male,35.9,3,2,116.96,S,6,0,1
836,3,female,20.2,0,1,30.48,S,2,0,1
839,3,male,22.2,0,4,56.99,S,5,0,1
841,3,male,50.0,0,3,42.51,S,4,0,1
847,3,male,22.3,5,4,126.8,C,10,0,1
851,3,male,0.0,2,4,14.56,S,7,0,1
853,3,male,23.9,1,3,31.68,S,5,0,1
868,3,male,25.1,0,4,11.28,S,5,0,1
872,3,female,35.1,2,1,2.08,C,4,0,1
881,3,female,18.2,1,3,0.75,C,5,0,1
884,3,male,41.5,4,1,14.87,S,6,0,1
886,3,female,23.9,2,0,14.4,C,3,0,1
891,3,female,32.4,4,0,87.89,S,5,0,1
892,3,male,43.1,1,4,50.74,Q,6,0,1
897,3,male,27.3,2,3,10.37,S,6,0,1
906,3,male,28.5,1,3,8.71,C,5,0,1
912,3,male,23.2,4,0,31.72,S,5,0,1
917,3,male,35.5,0,3,21.25,S,4,0,1
918,3,male,30.0,1,0,62.96,S,2,0,1
920,3,male,20.4,1,1,25.11,C,3,0,1
932,3,female,33.5,5,0,40.89,S,6,0,1
942,3,female,15.7,4,3,72.38,C,8,0,1
947,3,male,27.8,4,4,2.68,S,9,0,1
948,3,male,8.8,0,4,6.68,S,5,0,1
966,3,male,40.7,1,1,2.66,S,3,0,1
970,3,female,23.7,2,2,47.03,S,5,0,1
972,3,male,25.7,2,3,13.34,S,6,0,1
981,3,female,48.6,2,2,37.0,C,5,0,1
984,3,male,43.7,3,1,53.41,S,5,0,1
986,3,male,19.6,5,3,41.48,S,9,0,1
989,3,female,49.5,4,4,20.06,S,9,0,1
990,3,male,34.2,0,2,16.32,S,3,0,1
996,3,female,18.6,3,2,16.51,C,6,0,1
998,3,male,25.8,1,0,37.8,Q,2,0,1
1002,3,female,48.8,1,1,25.22,S,3,0,1
1004,3,female,48.9,2,0,9.18,S,3,0,1
1006,3,male,27.3,4,3,105.81,Q,8,0,1
1015,3,male,31.7,1,3,20.1,S,5,0,1
1018,3,male,12.4,3,0,66.15,C,4,0,1
1020,3,male,21.2,1,4,22.93,S,6,0,1
1024,3,female,33.9,4,4,14.18,S,9,0,1
1026,3,male,34.6,2,3,14.61,S,6,0,1
1027,3,female,23.1,2,3,21.88,S,6,0,1
1029,3,female,13.1,3,2,6.64,S,6,0,1
1035,3,male,0.0,2,3,45.11,S,6,0,1
1037,3,male,20.1,5,4,35.94,S,10,0,1
1041,3,male,23.8,2,0,30.13,Q,3,0,1
1043,3,female,0.0,2,1,3.01,S,4,0,1
1048,3,male,32.4,0,1,66.83,S,2,0,1
1050,3,male,37.4,2,0,19.33,S,3,0,1
1052,3,female,32.5,1,4,2.03,Q,6,0,1
1053,3,male,47.0,0,4,0.37,S,5,0,1
1054,3,male,35.2,2,4,22.74,C,7,0,1
1065,3,female,68.7,1,1,41.86,C,3,0,1
1074,3,male,21.8,0,1,2.03,S,2,0,1
1080,3,female,24.7,3,0,23.64,C,4,0,1
1083,3,male,19.3,4,2,20.99,C,7,0,1
1084,3,male,36.6,2,1,73.07,S,4,0,1
1088,3,male,19.4,3,0,64.04,S,4,0,1
1091,3,female,29.2,5,0,11.47,S,6,0,1
1098,3,male,24.4,4,4,1.08,C,9,0,1
1102,3,male,21.0,3,4,3.14,S,8,0,1
1104,3,male,22.6,2,1,21.99,C,4,0,1
1107,3,male,29.2,3,4,8.03,S,8,0,1
1120,3,female,33.2,2,0,45.9,S,3,0,1
1121,3,female,48.4,3,4,6.01,S,8,0,1
1124,3,female,37.2,4,4,1.73,C,9,0,1
1130,3,male,19.3,1,3,25.93,Q,5,0,1
1140,3,male,33.8,4,3,33.58,S,8,0,1
1142,3,female,34.3,3,4,60.22,S,8,0,1
1146,3,female,30.2,5,0,5.25,S,6,0,1
1147,3,female,37.4,4,0,12.02,S,5,0,1
1149,3,male,17.4,0,0,13.52,C,1,1,1
1150,3,female,36.3,0,0,83.29,S,1,1,1
1151,3,male,6.4,4,3,16.71,S,8,0,1
1152,3,male,36.7,1,0,7.94,S,2,0,1
1160,3,male,40.6,1,1,25.48,S,3,0,1
1165,3,female,19.6,3,2,39.43,S,6,0,1
1166,3,male,12.5,0,2,0.55,S,3,0,1
1171,3,female,28.3,2,2,4.33,Q,5,0,1
1172,3,female,53.3,1,4,1.73,S,6,0,1
1174,3,male,28.3,2,0,60.84,C,3,0,1
1176,3,male,60.2,1,0,2.93,S,2,0,1
1178,3,female,19.1,3,3,45.74,S,7,0,1
1180,3,male,32.4,0,3,64.12,S,4,0,1
1185,3,male,45.3,3,0,11.88,Q,4,0,1
1189,3,male,27.6,1,4,1.41,S,6,0,1
1193,3,female,42.8,1,0,3.97,C,2,0,1
1195,3,female,14.1,1,3,10.03,S,5,0,1
1196,3,female,38.4,4,0,10.18,C,5,0,1
1198,3,male,42.9,4,3,61.54,S,8,0,1
1200,3,female,10.3,5,3,68.86,S,9,0,1
1206,3,male,21.2,0,3,8.23,C,4,0,1
1217,3,male,38.0,0,1,7.95,Q,2,0,1
1218,3,male,31.4,0,2,0.75,S,3,0,1
1220,3,male,49.3,2,1,24.44,S,4,0,1
1223,3,male,21.8,1,1,15.61,S,3,0,1
1225,3,male,39.5,0,0,8.64,C,1,1,1
1234,3,male,50.0,3,1,80.59,Q,5,0,1
1238,3,male,20.7,4,3,25.68,C,8,0,1
1240,3,male,43.2,5,1,50.12,S,7,0,1
1241,3,male,34.2,5,0,47.24,C,6,0,1
1244,3,male,49.5,0,2,14.46,S,3,0,1
1248,3,male,43.1,3,0,19.84,S,4,0,1
1261,3,female,28.7,0,2,1.36,S,3,0,1
1271,3,male,38.7,2,2,28.71,C,5,0,1
1272,3,male,22.8,3,3,36.55,S,7,0,1
1277,3,female,40.4,0,3,9.65,S,4,0,1
1281,3,female,42.2,4,3,72.55,Q,8,0,1
1293,3,female,23.6,1,4,24.33,C,6,0,1
1298,3,male,32.3,5,3,83.95,S,9,0,1
1299,3,male,22.0,1,2,3.29,C,4,0,1
1301,3,female,29.9,4,4,2.09,C,9,0,1
1304,3,male,24.5,5,3,16.89,S,9,0,1
1305,3,male,24.9,5,4,10.05,S,10,0,1
1311,3,female,54.3,0,0,15.45,C,1,1,1
1315,3,female,18.9,4,4,37.6,S,9,0,1
1317,3,female,28.3,2,1,25.56,C,4,0,1
1322,3,male,32.0,3,3,1.77,C,7,0,1
1324,3,female,32.3,2,3,2.1,S,6,0,1
1328,3,male,31.9,3,4,35.7,S,8,0,1
1331,3,female,45.0,4,2,1.91,C,7,0,1
1333,3,male,31.0,0,1,1.61,S,2,0,1
1334,3,female,28.1,3,2,2.04,S,6,0,1
1335,3,male,49.7,0,3,4.36,Q,4,0,1
1342,3,male,34.2,4,4,34.51,S,9,0,1
1343,3,female,21.0,1,1,14.92,S,3,0,1
1348,3,male,32.2,5,0,3.92,S,6,0,1
1353,3,female,40.8,2,0,16.92,Q,3,0,1
1355,3,female,34.4,4,0,75.26,S,5,0,1
1362,3,male,34.2,5,0,17.47,S,6,0,1
1366,3,female,9.2,0,0,45.52,S,1,1,1
1370,3,male,16.4,0,3,16.14,Q,4,0,1
1382,3,female,22.4,1,2,29.95,C,4,0,1
1384,3,male,46.8,0,1,1.16,S,2,0,1
1395,3,female,0.0,5,1,0.68,S,7,0,1
1399,3,female,23.2,2,1,8.42,S,4,0,1
1403,3,male,68.9,0,0,35.86,S,1,1,1
1404,3,female,47.3,5,0,55.47,S,6,0,1
1409,3,male,39.9,0,4,36.73,S,5,0,1
1424,3,male,33.4,3,2,3.86,S,6,0,1
1425,3,male,0.0,2,0,99.12,S,3,0,1
1427,3,male,27.4,5,4,21.41,S,10,0,1
1429,3,male,30.1,5,2,53.46,S,8,0,1
1437,3,male,64.1,4,4,57.59,S,9,0,1
1446,3,male,25.7,3,0,27.51,S,4,0,1
1447,3,female,25.6,5,4,5.41,S,10,0,1
1448,3,male,15.4,2,3,11.25,Q,6,0,1
1455,3,female,15.4,4,1,0.53,S,6,0,1
1456,3,male,25.7,1,4,27.61,S,6,0,1
1457,3,male,16.6,0,2,26.41,S,3,0,1
1459,3,male,22.0,3,1,1.66,S,5,0,1
1461,3,male,49.3,1,2,48.64,S,4,0,1
1463,3,male,33.1,1,3,2.5,S,5,0,1
1466,3,female,22.9,0,3,1.11,C,4,0,1
1468,3,male,54.5,5,0,27.3,S,6,0,1
1471,3,female,39.0,1,4,84.1,S,6,0,1
1487,3,male,29.6,0,3,63.92,S,4,0,1
1499,3,male,30.2,0,0,123.45,Q,1,1,1
1510,3,male,31.1,4,3,5.13,S,8,0,1
1512,3,male,29.0,5,1,44.18,Q,7,0,1
1516,3,female,13.1,5,2,7.34,S,8,0,1
1517,3,male,36.8,1,4,66.07,S,6,0,1
1521,3,male,20.8,2,1,2.64,C,4,0,1
1544,3,male,31.7,2,3,36.99,S,6,0,1
1546,3,male,39.6,3,0,39.81,S,4,0,1
1553,3,female,41.5,1,0,2.38,S,2,0,1
1558,3,male,41.7,2,0,26.98,C,3,0,1
1559,3,male,36.4,0,1,51.19,S,2,0,1
1562,3,male,30.8,2,1,49.23,S,4,0,1
1564,3,female,50.8,5,0,3.01,S,6,0,1
1566,3,male,49.7,4,3,9.28,S,8,0,1
1568,3,female,42.8,0,2,25.12,S,3,0,1
1572,3,female,24.5,4,4,8.85,S,9,0,1
1573,3,male,16.8,4,2,29.53,S,7,0,1
1577,3,male,9.5,1,0,2.77,S,2,0,1
1591,3,female,22.4,0,3,53.39,S,4,0,1
1594,3,female,39.8,2,4,31.63,S,7,0,1
1599,3,female,48.0,2,4,34.44,S,7,0,1
1607,3,male,19.8,3,1,26.21,C,5,0,1
1611,3,male,30.4,1,2,6.81,S,4,0,1
1619,3,male,18.1,2,4,22.23,S,7,0,1
1623,3,female,48.1,0,2,14.15,S,3,0,1
1625,3,male,32.2,4,1,29.72,S,6,0,1
1632,3,male,40.4,5,3,21.58,S,9,0,1
1639,3,male,20.7,4,1,43.83,S,6,0,1
1643,3,female,3.4,2,4,76.25,S,7,0,1
1645,3,male,31.6,2,1,18.9,Q,4,0,1
1655,3,male,25.6,2,4,30.66,S,7,0,1
1662,3,male,23.6,3,1,11.57,C,5,0,1
1667,3,female,7.2,4,3,23.34,C,8,0,1
1672,3,male,14.6,1,2,32.52,S,4,0,1
1673,3,male,32.0,1,3,3.31,C,5,0,1
1674,3,female,20.4,2,3,97.2,S,6,0,1
1681,3,male,5.6,3,4,2.21,S,8,0,1
1683,3,male,52.1,3,4,114.48,S,8,0,1
1689,3,female,42.0,2,2,0.94,S,5,0,1
1698,3,male,34.5,1,3,2.41,Q,5,0,1
1700,3,male,41.5,5,3,50.5,S,9,0,1
1706,3,male,23.4,5,2,29.51,S,8,0,1
1709,3,male,21.6,4,4,17.67,S,9,0,1
1712,3,male,41.7,2,4,6.06,S,7,0,1
1715,3,male,53.3,3,2,77.82,S,6,0,1
1724,3,male,0.0,1,4,18.84,S,6,0,1
1728,3,female,34.0,0,0,46.85,S,1,1,1
1735,3,female,26.4,1,2,8.95,S,4,0,1
1740,3,male,17.7,4,0,30.94,S,5,0,1
1741,3,male,47.4,1,4,10.58,Q,6,0,1
1742,3,male,32.8,4,0,37.66,S,5,0,1
1748,3,female,12.2,0,4,21.97,S,5,0,1
1754,3,male,27.4,5,3,2.48,C,9,0,1
1755,3,male,55.3,2,0,7.05,S,3,0,1
1761,3,female,32.2,3,1,47.62,S,5,0,1
1766,3,male,3.7,0,1,7.62,S,2,0,1
1771,3,male,7.9,1,2,3.19,S,4,0,1
1772,3,male,28.2,3,1,17.24,S,5,0,1
1773,3,male,30.0,1,0,125.63,S,2,0,1
1774,3,female,39.6,0,4,98.8,S,5,0,1
1776,3,male,32.8,4,1,28.94,S,6,0,1
1783,3,male,26.0,5,2,0.88,S,8,0,1
1784,3,male,28.0,5,2,89.6,S,8,0,1
1785,3,female,44.4,4,0,26.39,S,5,0,1
1793,3,male,30.7,0,0,14.95,S,1,1,1
1800,3,male,34.7,1,1,12.29,Q,3,0,1
1801,3,male,41.5,2,0,15.77,S,3,0,1
1805,3,male,18.2,5,2,19.34,S,8,0,1
1810,3,male,27.6,0,1,56.72,S,2,0,1
1811,3,female,47.9,3,4,56.4,S,8,0,1
1818,3,male,13.6,0,3,0.06,S,4,0,1
1824,3,female,25.6,5,1,57.47,S,7,0,1
1830,3,male,11.9,5,2,13.12,C,8,0,1
1833,3,female,20.2,0,1,6.53,C,2,0,1
1834,3,male,11.7,4,4,64.97,S,9,0,1
1844,3,male,40.0,5,0,24.57,Q,6,0,1
1852,3,male,40.0,4,4,37.26,S,9,0,1
1853,3,female,1.3,0,2,35.67,S,3,0,1
1854,3,female,40.1,3,2,40.0,S,6,0,1
1856,3,male,22.2,3,4,0.95,C,8,0,1
1858,3,male,23.6,3,1,50.65,S,5,0,1
1865,3,male,13.8,1,4,0.4,S,6,0,1
1869,3,female,14.8,3,1,9.17,Q,5,0,1
1870,3,male,47.3,4,2,5.85,S,7,0,1
1873,3,male,32.4,4,0,7.05,S,5,0,1
1874,3,male,32.4,5,1,8.8,S,7,0,1
1880,3,male,34.1,5,0,5.84,C,6,0,1
1881,3,male,25.1,0,1,45.06,S,2,0,1
1882,3,male,24.4,5,4,73.97,S,10,0,1
1883,3,female,36.3,2,3,77.65,S,6,0,1
1895,3,male,26.8,2,1,16.05,Q,4,0,1
1899,3,female,24.0,0,4,1.27,S,5,0,1
1904,3,male,41.3,1,2,52.03,C,4,0,1
1911,3,female,33.0,3,0,11.53,S,4,0,1
1912,3,male,38.3,4,1,10.62,S,6,0,1
1915,3,male,3.9,4,0,4.78,C,5,0,1
1916,3,male,25.4,2,2,25.25,S,5,0,1
1920,3,male,22.1,3,1,14.52,S,5,0,1
1935,3,female,24.8,1,3,1.13,S,5,0,1
1943,3,male,11.5,3,0,4.2,S,4,0,1
1953,3,female,31.7,1,0,84.86,S,2,0,1
1954,3,male,28.9,1,1,44.74,C,3,0,1
1955,3,male,17.4,4,0,25.38,S,5,0,1
1958,3,female,35.0,0,2,40.1,S,3,0,1
1959,3,male,59.6,3,0,32.5,S,4,0,1
1962,3,female,17.0,2,0,22.68,S,3,0,1
1971,3,male,39.6,2,0,9.18,S,3,0,1
1975,3,male,20.1,2,4,0.99,C,7,0,1
1979,3,female,29.0,1,2,6.02,S,4,0,1
1989,3,male,37.3,1,4,2.91,S,6,0,1
1996,3,female,21.6,2,3,18.44,S,6,0,1
2002,3,male,41.6,1,3,14.5,S,5,0,1
2005,3,male,62.3,0,4,19.9,S,5,0,1
2012,3,male,10.0,5,1,49.37,S,7,0,1
2019,3,male,38.7,3,4,10.3,S,8,0,1
2022,3,male,19.3,5,1,45.35,C,7,0,1
2026,3,male,19.3,4,3,71.51,C,8,0,1
2027,3,male,37.2,2,2,11.31,C,5,0,1
2033,3,male,25.7,5,0,2.62,C,6,0,1
2040,3,male,12.5,5,3,14.7,S,9,0,1
2045,3,male,41.7,5,4,7.95,S,10,0,1
2047,3,female,35.1,5,1,12.22,S,7,0,1
2054,3,male,36.0,5,1,13.89,S,7,0,1
2058,3,female,29.0,3,1,70.36,S,5,0,1
2062,3,female,24.8,5,2,21.01,S,8,0,1
2065,3,male,34.4,1,1,13.62,C,3,0,1
2074,3,male,12.7,5,2,7.64,S,8,0,1
2078,3,male,27.7,2,0,53.77,S,3,0,1
2079,3,male,30.8,3,1,24.39,S,5,0,1
2083,3,male,19.1,2,1,6.5,S,4,0,1
2088,3,female,34.8,0,3,17.59,C,4,0,1
2091,3,female,31.3,0,0,53.29,S,1,1,1
2095,3,male,33.7,4,1,12.92,S,6,0,1
2100,3,male,44.7,0,3,28.34,S,4,0,1
2106,3,male,3.9,4,3,19.74,C,8,0,1
2107,3,female,35.5,1,0,6.31,S,2,0,1
2109,3,male,57.9,0,4,47.02,S,5,0,1
2113,3,male,39.5,0,3,62.21,S,4,0,1
2114,3,female,29.7,1,1,8.01,C,3,0,1
2124,3,male,21.5,2,1,3.21,S,4,0,1
2125,3,female,5.2,1,2,4.3,S,4,0,1
2134,3,male,44.3,3,1,2.61,Q,5,0,1
2135,3,male,4.9,1,4,44.16,S,6,0,1
2137,3,male,33.2,5,0,8.3,S,6,0,1
2139,3,male,29.6,3,1,0.98,Q,5,0,1
2140,3,female,45.6,2,3,42.08,S,6,0,1
2142,3,male,29.0,5,0,68.55,S,6,0,1
2145,3,male,9.6,2,0,39.32,S,3,0,1
2152,3,female,41.6,0,4,27.75,S,5,0,1
2153,3,female,10.3,1,4,6.48,Q,6,0,1
2160,3,male,29.7,2,2,23.21,C,5,0,1
2161,3,male,25.0,1,3,3.91,S,5,0,1
2163,3,male,22.1,2,3,4.12,C,6,0,1
2165,3,male,16.0,5,1,6.78,S,7,0,1
2166,3,male,14.3,4,0,76.62,S,5,0,1
2168,3,male,34.2,1,1,28.69,C,3,0,1
2175,3,male,37.1,1,1,0.8,S,3,0,1
2178,3,male,29.1,4,4,66.11,S,9,0,1
2187,3,female,40.7,4,2,12.92,Q,7,0,1
2191,3,male,35.3,1,4,16.19,S,6,0,1
2197,3,male,18.0,0,1,29.64,S,2,0,1
2200,3,female,55.4,1,1,6.11,C,3,0,1
2205,3,female,38.9,1,4,8.43,S,6,0,1
2207,3,male,53.6,2,3,3.31,C,6,0,1
2209,3,male,19.5,1,0,2.01,C,2,0,1
2210,3,male,40.6,4,4,5.12,S,9,0,1
2214,3,male,47.8,1,2,8.86,C,4,0,1
2218,3,female,41.5,0,4,9.9,C,5,0,1
2230,3,male,33.4,5,0,111.33,S,6,0,1
2232,3,female,20.8,1,0,0.96,S,2,0,1
2233,3,male,26.9,0,1,29.25,Q,2,0,1
2234,3,male,16.7,5,3,3.38,S,9,0,1
2244,3,male,20.2,5,4,76.03,S,10,0,1
2247,3,female,29.2,1,3,12.28,S,5,0,1
2251,3,male,19.8,3,4,24.48,S,8,0,1
2254,3,male,32.7,4,3,2.75,Q,8,0,1
2260,3,male,11.8,2,0,40.65,S,3,0,1
2262,3,male,21.3,2,1,65.02,S,4,0,1
2267,3,male,49.0,3,3,6.89,C,7,0,1
2276,3,female,39.5,3,0,25.78,Q,4,0,1
2286,3,male,41.6,2,1,40.13,S,4,0,1
2304,3,female,21.3,1,1,0.23,C,3,0,1
2311,3,female,20.0,5,1,20.94,S,7,0,1
2313,3,female,52.9,3,0,22.57,S,4,0,1
2314,3,male,39.9,2,2,82.68,S,5,0,1
2324,3,male,27.1,4,1,60.7,S,6,0,1
2325,3,male,29.7,1,1,26.85,C,3,0,1
2326,3,male,10.5,0,4,1.79,S,5,0,1
2328,3,female,20.3,0,2,17.19,S,3,0,1
2333,3,female,53.8,1,0,23.95,S,2,0,1
2340,3,female,39.2,5,1,26.95,S,7,0,1
2345,3,male,23.9,4,3,72.44,S,8,0,1
2350,3,male,33.8,4,1,2.22,S,6,0,1
2351,3,female,39.3,0,3,48.64,S,4,0,1
2377,3,male,34.0,4,0,31.94,S,5,0,1
2380,3,female,28.1,2,4,9.74,S,7,0,1
2381,3,male,48.7,2,3,73.12,S,6,0,1
2388,3,female,27.0,1,1,79.91,Q,3,0,1
2399,3,male,50.9,5,0,0.91,C,6,0,1
2404,3,female,3.7,4,3,110.15,S,8,0,1
2415,3,male,14.4,3,0,38.82,C,4,0,1
2431,3,male,0.0,1,4,26.63,S,6,0,1
2432,3,male,23.4,0,4,15.09,S,5,0,1
2442,3,male,15.5,1,0,15.66,S,2,0,1
2462,3,male,23.4,1,1,3.46,C,3,0,1
2464,3,male,39.2,4,1,10.53,S,6,0,1
2472,3,female,27.0,4,3,34.93,C,8,0,1
2477,3,male,41.0,0,3,46.55,S,4,0,1
2481,3,female,43.5,3,0,4.31,Q,4,0,1
2482,3,male,40.8,4,0,0.42,S,5,0,1
2487,3,male,14.5,5,1,52.92,Q,7,0,1
2492,3,male,36.8,0,2,29.1,S,3,0,1
2497,3,male,22.7,3,1,7.27,S,5,0,1
2498,3,female,7.4,1,2,4.78,C,4,0,1
2506,3,male,18.9,4,4,36.28,S,9,0,1
2509,3,male,38.6,1,4,4.46,C,6,0,1
2514,3,female,49.8,1,3,48.77,S,5,0,1
2515,3,male,50.4,3,4,106.96,C,8,0,1
2518,3,male,34.9,2,3,56.25,S,6,0,1
2519,3,male,42.0,0,1,16.1,S,2,0,1
2520,3,male,46.4,4,4,20.68,S,9,0,1
2527,3,male,38.3,3,2,37.51,Q,6,0,1
2529,3,male,10.1,0,4,98.81,S,5,0,1
2530,3,female,44.4,3,2,2.09,S,6,0,1
2534,3,female,11.9,4,1,0.16,S,6,0,1
2535,3,male,20.4,5,4,92.94,S,10,0,1
2538,3,female,37.2,5,1,67.51,S,7,0,1
2540,3,female,29.2,2,4,28.03,S,7,0,1
2541,3,male,17.7,1,4,13.02,Q,6,0,1
2542,3,male,38.4,2,0,3.86,S,3,0,1
2553,3,male,54.1,5,2,0.06,S,8,0,1
2560,3,male,28.6,3,2,7.95,S,6,0,1
2561,3,female,46.7,5,3,47.97,S,9,0,1
2568,3,male,30.6,0,4,2.69,S,5,0,1
2569,3,female,6.6,5,3,66.4,S,9,0,1
2571,3,female,29.8,1,3,30.03,S,5,0,1
2575,3,male,14.0,1,4,36.03,S,6,0,1
2579,3,male,47.6,3,2,6.49,C,6,0,1
2587,3,female,45.7,4,1,38.32,C,6,0,1
2589,3,male,12.0,2,1,15.42,C,4,0,1
2591,3,male,15.3,4,0,54.37,S,5,0,1
2595,3,female,27.0,5,1,33.48,S,7,0,1
2618,3,male,28.1,0,0,64.59,C,1,1,1
2621,3,female,62.9,1,1,42.18,S,3,0,1
2623,3,female,29.2,3,3,25.95,C,7,0,1
2625,3,male,39.2,1,1,87.0,S,3,0,1
2627,3,male,24.6,4,4,89.8,S,9,0,1
2630,3,male,17.4,5,2,47.35,Q,8,0,1
2631,3,male,44.4,5,2,78.44,Q,8,0,1
2634,3,male,34.6,5,0,54.61,S,6,0,1
2635,3,male,43.8,4,0,12.74,S,5,0,1
2638,3,female,2.9,4,1,28.44,S,6,0,1
2639,3,female,29.6,3,4,6.42,S,8,0,1
2657,3,male,41.6,2,0,20.43,S,3,0,1
2659,3,male,0.3,4,0,25.99,C,5,0,1
2663,3,male,32.8,5,2,152.92,C,8,0,1
2667,3,female,28.0,3,3,24.08,S,7,0,1
2668,3,male,37.6,0,4,65.29,S,5,0,1
2672,3,male,27.5,4,0,21.25,C,5,0,1
2674,3,male,26.0,2,3,26.12,C,6,0,1
2681,3,female,17.3,1,1,17.75,Q,3,0,1
2698,3,male,0.0,4,0,25.07,S,5,0,1
2699,3,male,31.7,4,2,15.39,S,7,0,1
2705,3,male,40.1,1,2,28.22,C,4,0,1
2720,3,male,24.7,1,1,2.77,S,3,0,1
2730,3,male,24.0,0,0,1.78,S,1,1,1
2733,3,female,19.4,5,1,5.63,S,7,0,1
2734,3,female,52.7,1,1,46.27,S,3,0,1
2736,3,male,34.4,5,3,0.88,S,9,0,1
2757,3,male,36.9,2,4,23.87,S,7,0,1
2769,3,female,22.8,4,2,29.62,S,7,0,1
2781,3,female,35.6,4,1,1.15,S,6,0,1
2790,3,male,29.5,3,4,42.36,S,8,0,1
2791,3,male,32.1,3,4,83.06,S,8,0,1
2797,3,male,8.4,4,1,96.72,S,6,0,1
2800,3,male,15.3,4,3,9.34,S,8,0,1
2801,3,male,27.7,1,3,5.4,S,5,0,1
2805,3,male,49.8,4,3,6.41,S,8,0,1
2820,3,male,36.4,4,4,5.16,S,9,0,1
2822,3,male,26.8,1,0,23.14,S,2,0,1
2825,3,male,25.9,3,3,49.09,S,7,0,1
2838,3,male,11.7,4,1,1.21,S,6,0,1
2842,3,female,14.7,3,2,8.02,Q,6,0,1
2846,3,male,33.7,4,1,66.06,S,6,0,1
2850,3,male,21.2,2,4,82.9,C,7,0,1
2853,3,female,35.7,1,4,0.84,S,6,0,1
2860,3,female,28.6,4,2,29.8,S,7,0,1
2871,3,female,34.3,4,4,0.84,S,9,0,1
2872,3,male,19.9,5,3,16.44,Q,9,0,1
2874,3,male,47.7,4,3,47.64,S,8,0,1
2881,3,male,41.8,0,2,17.04,S,3,0,1
2885,3,female,45.7,3,1,7.16,S,5,0,1
2888,3,male,33.7,5,4,58.62,S,10,0,1
2889,3,male,33.2,1,2,76.98,S,4,0,1
2891,3,male,64.0,2,3,17.75,C,6,0,1
2892,3,female,25.0,5,2,4.2,S,8,0,1
2893,3,female,23.0,4,2,14.63,S,7,0,1
2895,3,male,28.6,3,1,22.8,S,5,0,1
2912,3,male,46.0,5,1,83.03,S,7,0,1
2913,3,male,0.0,0,1,17.04,C,2,0,1
2917,3,female,29.7,2,4,43.48,S,7,0,1
2921,3,female,15.5,5,2,62.86,Q,8,0,1
2922,3,male,22.2,1,4,5.5,S,6,0,1
2925,3,male,31.2,4,2,9.44,Q,7,0,1
2931,3,male,25.3,0,1,61.35,S,2,0,1
2934,3,male,31.6,3,3,17.8,S,7,0,1
2936,3,male,31.1,5,4,61.82,C,10,0,1
2938,3,female,21.2,0,1,25.24,S,2,0,1
2943,3,female,16.6,3,0,95.69,Q,4,0,1
2950,3,male,54.4,3,3,21.69,Q,7,0,1
2951,3,female,15.4,2,2,13.02,Q,5,0,1
2954,3,male,23.4,4,4,6.7,S,9,0,1
2955,3,female,20.6,0,4,53.85,Q,5,0,1
2957,3,male,36.9,2,4,2.8,S,7,0,1
2959,3,female,51.8,3,0,2.78,S,4,0,1
2964,3,female,17.6,5,3,36.4,C,9,0,1
2965,3,female,13.5,2,4,9.42,S,7,0,1
2966,3,male,33.0,4,3,3.16,S,8,0,1
2973,3,male,42.8,5,0,55.89,C,6,0,1
2976,3,male,36.9,5,3,6.3,S,9,0,1
2979,3,male,18.1,0,4,6.51,C,5,0,1
2982,3,female,11.3,3,4,36.43,S,8,0,1
2985,3,male,22.3,1,4,1.13,S,6,0,1
2988,3,male,29.1,1,1,41.24,S,3,0,1
2991,3,female,70.9,5,0,82.6,S,6,0,1
2995,3,female,9.0,2,2,5.35,S,5,0,1
2999,3,male,20.1,1,4,12.45,S,6,0,1
3000,3,male,27.9,1,4,16.04,S,6,0,1
3003,3,male,23.6,4,1,70.68,C,6,0,1
3008,3,male,40.2,1,4,27.09,S,6,0,1
3016,3,male,0.3,0,2,15.91,S,3,0,1
3022,3,male,19.0,2,1,17.59,S,4,0,1
3026,3,female,35.4,0,4,25.71,S,5,0,1
3027,3,male,20.2,3,1,64.5,C,5,0,1
3028,3,male,19.7,5,4,47.61,S,10,0,1
3029,3,female,13.9,4,1,34.31,S,6,0,1
3032,3,female,30.7,0,1,49.51,S,2,0,1
3037,3,male,51.0,3,1,11.13,S,5,0,1
3041,3,male,12.5,0,4,0.54,S,5,0,1
3044,3,female,27.3,0,4,71.34,S,5,0,1
3045,3,male,33.7,3,1,12.39,S,5,0,1
3055,3,female,34.5,5,1,23.16,C,7,0,1
3063,3,male,56.4,0,1,32.75,S,2,0,1
3064,3,female,13.7,5,1,13.31,S,7,0,1
3067,3,male,25.9,4,1,18.83,S,6,0,1
3069,3,male,11.4,0,1,9.75,S,2,0,1
3070,3,male,1.7,4,3,34.32,C,8,0,1
3075,3,male,45.6,4,2,44.89,S,7,0,1
3076,3,male,46.3,2,3,1.88,S,6,0,1
3079,3,female,25.2,3,0,12.32,S,4,0,1
3081,3,female,48.6,3,1,6.23,Q,5,0,1
3084,3,male,38.7,5,4,18.38,C,10,0,1
3085,3,male,45.9,3,3,8.54,S,7,0,1
3091,3,male,12.8,1,4,133.46,Q,6,0,1
3095,3,female,46.0,5,2,63.46,C,8,0,1
3101,3,male,21.7,0,0,26.56,S,1,1,1
3110,3,male,13.6,5,2,6.23,S,8,0,1
3126,3,female,43.8,4,2,39.88,C,7,0,1
3128,3,female,36.1,0,1,22.8,C,2,0,1
3129,3,female,24.8,0,3,19.06,C,4,0,1
3130,3,male,26.8,0,1,15.65,S,2,0,1
3136,3,male,0.9,4,4,12.26,S,9,0,1
3137,3,female,57.5,1,0,1.16,C,2,0,1
3146,3,male,67.4,3,4,31.92,C,8,0,1
3148,3,male,26.5,4,3,41.97,S,8,0,1
3150,3,male,0.0,3,0,44.95,C,4,0,1
3156,3,male,35.7,1,0,27.25,S,2,0,1
3166,3,male,24.7,0,2,4.22,Q,3,0,1
3170,3,female,34.2,1,2,79.89,S,4,0,1
3178,3,female,32.4,4,4,55.41,S,9,0,1
3189,3,male,25.3,4,0,16.65,S,5,0,1
3191,3,female,35.0,1,1,115.77,S,3,0,1
3196,3,male,40.4,1,3,4.09,S,5,0,1
3197,3,male,16.5,3,1,28.53,S,5,0,1
3203,3,female,41.3,1,4,2.32,Q,6,0,1
3206,3,female,38.8,5,1,3.89,S,7,0,1
3207,3,female,47.9,3,2,3.45,S,6,0,1
3213,3,female,8.6,5,4,0.8,S,10,0,1
3219,3,female,24.2,2,3,4.84,S,6,0,1
3225,3,female,28.9,0,1,23.88,S,2,0,1
3264,3,male,22.7,4,1,19.58,S,6,0,1
3269,3,male,32.9,1,0,11.18,C,2,0,1
3272,3,female,18.4,3,0,21.07,S,4,0,1
3274,3,female,43.1,3,2,101.11,S,6,0,1
3275,3,female,17.8,3,3,11.25,S,7,0,1
3279,3,male,49.8,4,3,5.26,Q,8,0,1
3283,3,female,66.9,1,2,51.84,S,4,0,1
3287,3,male,36.8,5,3,6.97,S,9,0,1
3288,3,male,58.8,1,4,30.98,S,6,0,1
3291,3,female,50.7,1,0,23.73,S,2,0,1
3294,3,female,31.7,0,3,12.84,C,4,0,1
3299,3,male,5.6,5,4,22.62,S,10,0,1
3311,3,male,17.1,4,2,13.29,C,7,0,1
3312,3,female,32.2,5,1,70.46,S,7,0,1
3315,3,male,15.6,3,2,20.64,S,6,0,1
3318,3,male,45.3,5,4,10.69,S,10,0,1
3322,3,male,53.5,2,4,49.34,S,7,0,1
3326,3,female,40.2,1,3,39.57,S,5,0,1
3329,3,male,36.3,1,4,31.54,C,6,0,1
3330,3,female,13.8,3,3,40.45,Q,7,0,1
3331,3,female,10.7,5,2,32.67,C,8,0,1
3335,3,male,49.0,4,3,1.23,S,8,0,1
3336,3,male,23.8,1,3,11.79,S,5,0,1
3339,3,male,25.6,1,4,6.46,S,6,0,1
3340,3,male,46.9,0,3,28.63,S,4,0,1
3342,3,male,18.4,3,0,34.25,S,4,0,1
3345,3,female,24.5,5,3,206.66,S,9,0,1
3352,3,female,8.6,2,2,5.07,S,5,0,1
3369,3,male,35.6,5,2,48.84,S,8,0,1
3373,3,male,28.4,5,3,101.04,S,9,0,1
3375,3,female,20.5,0,1,77.17,C,2,0,1
3376,3,female,42.7,2,1,61.35,S,4,0,1
3379,3,male,53.0,4,0,87.01,C,5,0,1
3385,3,male,36.5,1,3,15.37,C,5,0,1
3389,3,female,30.4,5,3,11.08,C,9,0,1
3391,3,female,28.8,2,0,15.02,S,3,0,1
3395,3,female,50.2,3,1,3.98,S,5,0,1
3402,3,male,24.8,5,2,7.73,S,8,0,1
3406,3,male,61.5,1,2,27.09,S,4,0,1
3407,3,female,24.4,4,3,7.69,S,8,0,1
3414,3,male,38.0,3,4,51.66,C,8,0,1
3417,3,female,13.4,4,1,88.15,C,6,0,1
3420,3,female,32.2,4,2,99.47,S,7,0,1
3422,3,female,40.9,3,3,26.1,C,7,0,1
3431,3,female,33.5,5,3,72.33,S,9,0,1
3434,3,female,35.9,3,0,36.38,C,4,0,1
3438,3,female,23.4,2,3,3.36,S,6,0,1
3439,3,male,47.0,4,4,15.26,C,9,0,1
3444,3,male,15.8,2,3,3.89,Q,6,0,1
3451,3,female,27.4,1,0,375.72,S,2,0,1
3452,3,male,30.5,2,4,15.76,S,7,0,1
3454,3,male,65.7,2,2,7.65,S,5,0,1
3457,3,female,18.4,5,4,39.72,Q,10,0,1
3458,3,male,33.7,5,2,35.94,S,8,0,1
3459,3,male,48.9,5,3,1.88,S,9,0,1
3462,3,female,18.1,5,4,8.1,S,10,0,1
3465,3,male,27.0,0,2,30.69,C,3,0,1
3471,3,female,26.5,2,0,11.39,S,3,0,1
3474,3,male,19.9,1,4,34.0,S,6,0,1
3475,3,female,30.3,5,3,5.55,C,9,0,1
3476,3,male,10.3,4,4,2.93,S,9,0,1
3483,3,male,33.3,2,4,65.5,C,7,0,1
3492,3,male,21.6,4,4,2.27,S,9,0,1
3493,3,male,16.4,3,3,25.52,S,7,0,1
3494,3,male,49.6,2,0,11.95,Q,3,0,1
3496,3,female,28.0,4,2,31.53,C,7,0,1
3502,3,female,21.0,0,3,51.72,S,4,0,1
3504,3,female,27.9,2,4,51.07,S,7,0,1
3505,3,male,59.2,4,3,14.91,S,8,0,1
3506,3,male,17.5,0,2,35.81,C,3,0,1
3512,3,male,16.5,3,0,10.22,C,4,0,1
3513,3,male,41.7,1,1,38.81,S,3,0,1
3514,3,male,30.4,1,4,8.85,S,6,0,1
3528,3,male,61.5,1,2,24.15,S,4,0,1
3541,3,male,28.6,3,2,13.82,S,6,0,1
3550,3,male,54.8,4,0,18.98,S,5,0,1
3555,3,male,20.7,2,1,71.8,S,4,0,1
3561,3,female,24.5,2,4,4.3,S,7,0,1
3565,3,male,18.4,0,1,57.4,C,2,0,1
3567,3,male,27.9,2,2,5.24,S,5,0,1
3568,3,female,8.1,0,1,42.16,S,2,0,1
3569,3,male,19.2,2,0,1.83,S,3,0,1
3573,3,male,37.4,3,4,27.91,C,8,0,1
3581,3,male,48.2,0,2,18.68,S,3,0,1
3583,3,male,30.5,2,1,7.56,S,4,0,1
3587,3,female,28.3,2,4,20.73,S,7,0,1
3595,3,male,28.0,2,4,39.0,S,7,0,1
3606,3,male,17.8,4,2,99.45,S,7,0,1
3608,3,male,35.9,5,4,66.92,S,10,0,1
3609,3,male,60.1,2,2,179.64,S,5,0,1
3617,3,male,3.9,3,3,18.31,S,7,0,1
3620,3,male,49.2,1,1,0.07,Q,3,0,1
3623,3,male,19.1,1,2,87.34,S,4,0,1
3628,3,female,33.2,0,0,35.58,C,1,1,1
3629,3,male,18.4,5,4,28.33,S,10,0,1
3630,3,male,12.2,2,0,93.93,C,3,0,1
3636,3,male,30.2,1,0,30.81,S,2,0,1
3641,3,male,34.3,4,4,10.24,C,9,0,1
3644,3,female,23.8,2,3,53.6,C,6,0,1
3649,3,male,40.9,1,2,170.77,Q,4,0,1
3652,3,male,23.5,2,3,4.6,S,6,0,1
3659,3,female,20.4,4,1,112.03,S,6,0,1
3666,3,male,18.5,0,4,8.22,S,5,0,1
3672,3,female,23.3,2,4,42.03,S,7,0,1
3678,3,male,14.8,1,2,94.89,S,4,0,1
3682,3,male,19.0,5,0,74.16,S,6,0,1
3686,3,male,19.5,4,1,11.74,S,6,0,1
3690,3,female,31.6,2,4,82.11,S,7,0,1
3692,3,female,15.8,5,0,34.15,S,6,0,1
3696,3,male,44.1,2,0,27.46,C,3,0,1
3701,3,male,41.3,5,4,11.36,Q,10,0,1
3703,3,female,22.6,1,1,71.04,S,3,0,1
3709,3,female,20.3,5,4,12.91,Q,10,0,1
3711,3,female,32.3,4,0,11.88,S,5,0,1
3712,3,male,15.5,4,4,91.62,Q,9,0,1
3713,3,male,24.7,5,3,44.79,S,9,0,1
3721,3,female,14.4,2,4,19.59,S,7,0,1
3722,3,male,18.1,1,0,23.91,S,2,0,1
3731,3,male,35.7,2,2,37.19,S,5,0,1
3736,3,male,21.9,0,1,19.01,S,2,0,1
3738,3,male,29.0,4,0,29.16,S,5,0,1
3740,3,male,25.1,2,0,9.73,C,3,0,1
3742,3,male,35.2,5,0,58.18,S,6,0,1
3749,3,male,30.2,3,4,74.08,C,8,0,1
3751,3,male,36.4,5,2,16.84,S,8,0,1
3759,3,female,39.4,4,2,11.8,C,7,0,1
3771,3,male,13.2,5,4,39.93,C,10,0,1
3773,3,male,9.7,0,1,15.38,S,2,0,1
3775,3,male,21.8,2,1,7.38,S,4,0,1
3778,3,male,43.3,5,4,3.11,S,10,0,1
3779,3,male,47.4,5,4,17.92,S,10,0,1
3783,3,female,30.8,3,0,49.41,S,4,0,1
3784,3,male,30.7,1,2,40.25,S,4,0,1
3793,3,male,14.9,5,1,14.55,S,7,0,1
3795,3,female,42.7,0,3,16.42,S,4,0,1
3801,3,female,41.0,4,2,9.78,S,7,0,1
3805,3,female,25.7,5,1,32.93,S,7,0,1
3810,3,female,0.0,3,3,77.5,C,7,0,1
3828,3,female,16.2,5,2,16.01,S,8,0,1
3831,3,male,34.7,0,4,39.4,S,5,0,1
3838,3,male,48.5,5,2,6.85,C,8,0,1
3845,3,male,26.1,4,0,8.56,S,5,0,1
3846,3,male,33.2,2,2,68.63,S,5,0,1
3848,3,female,38.4,3,4,58.42,S,8,0,1
3853,3,female,32.0,2,2,81.02,S,5,0,1
3867,3,female,33.5,2,4,25.2,S,7,0,1
3877,3,male,41.3,3,4,34.58,S,8,0,1
3882,3,male,6.8,5,0,56.3,C,6,0,1
3884,3,male,31.1,5,0,110.52,C,6,0,1
3885,3,female,28.5,4,4,15.09,S,9,0,1
3887,3,male,15.6,1,0,1.12,S,2,0,1
3888,3,male,17.3,2,4,39.49,S,7,0,1
3892,3,female,39.4,3,2,40.95,S,6,0,1
3895,3,male,53.8,1,4,95.23,S,6,0,1
3897,3,female,30.7,4,0,77.92,Q,5,0,1
3899,3,male,57.2,2,4,32.49,C,7,0,1
3902,3,female,41.8,0,0,16.56,S,1,1,1
3913,3,female,26.3,2,4,46.42,S,7,0,1
3914,3,male,43.2,2,1,11.65,S,4,0,1
3918,3,female,15.1,2,0,1.36,C,3,0,1
3919,3,male,63.7,2,0,4.97,S,3,0,1
3920,3,female,35.0,0,3,9.45,C,4,0,1
3922,3,female,0.0,0,1,67.1,S,2,0,1
3927,3,female,13.1,1,3,68.37,S,5,0,1
3932,3,female,28.7,3,0,13.58,S,4,0,1
3940,3,male,8.2,4,2,1.76,S,7,0,1
3952,3,female,47.5,4,2,1.03,C,7,0,1
3955,3,male,37.2,3,4,5.02,S,8,0,1
3970,3,male,20.1,3,4,10.64,S,8,0,1
3973,3,male,43.7,3,2,30.17,S,6,0,1
3975,3,female,24.3,5,2,88.93,S,8,0,1
3980,3,female,50.7,5,1,7.83,C,7,0,1
3981,3,male,16.2,3,1,0.6,C,5,0,1
3984,3,male,47.8,0,1,12.36,C,2,0,1
3985,3,female,36.5,2,2,8.74,S,5,0,1
3992,3,female,25.3,0,4,23.25,C,5,0,1
4022,3,male,42.9,0,4,56.91,S,5,0,1
4023,3,male,31.2,3,0,5.75,C,4,0,1
4025,3,male,21.5,4,0,20.87,S,5,0,1
4030,3,male,12.9,5,3,5.84,S,9,0,1
4036,3,male,18.9,4,3,0.85,S,8,0,1
4037,3,male,30.9,0,3,16.95,S,4,0,1
4038,3,male,38.1,4,2,5.6,C,7,0,1
4040,3,female,21.8,3,2,5.67,S,6,0,1
4052,3,male,27.3,0,4,28.47,S,5,0,1
4054,3,female,0.0,2,3,10.66,S,6,0,1
4056,3,male,12.5,1,2,45.36,C,4,0,1
4059,3,female,32.1,5,3,20.92,S,9,0,1
4062,3,male,36.1,0,2,4.24,S,3,0,1
4080,3,female,10.5,2,0,26.68,C,3,0,1
4083,3,female,26.9,1,0,0.66,S,2,0,1
4088,3,male,14.0,5,0,15.98,S,6,0,1
4100,3,male,22.4,5,0,17.26,S,6,0,1
4108,3,male,31.5,2,1,28.55,S,4,0,1
4119,3,female,25.3,1,2,71.45,S,4,0,1
4123,3,male,46.2,5,3,33.01,C,9,0,1
4124,3,male,34.7,2,1,28.65,Q,4,0,1
4125,3,male,43.1,5,0,49.65,S,6,0,1
4126,3,female,16.9,3,3,39.31,Q,7,0,1
4133,3,female,0.0,1,2,19.31,S,4,0,1
4138,3,male,31.7,0,2,21.79,S,3,0,1
4143,3,male,38.8,0,0,40.06,Q,1,1,1
4149,3,male,28.9,4,1,64.6,S,6,0,1
4171,3,male,19.5,0,2,38.24,C,3,0,1
4182,3,female,32.8,4,1,7.69,S,6,0,1
4185,3,female,21.5,0,4,5.77,S,5,0,1
4189,3,female,18.6,3,0,95.66,C,4,0,1
4190,3,female,26.3,4,3,1.29,Q,8,0,1
4191,3,female,14.1,0,0,74.64,S,1,1,1
4214,3,female,33.3,1,3,51.2,S,5,0,1
4218,3,female,40.0,2,0,35.36,S,3,0,1
4222,3,male,23.2,2,1,13.66,C,4,0,1
4223,3,male,32.7,3,1,34.2,S,5,0,1
4227,3,male,27.3,1,1,80.83,S,3,0,1
4233,3,male,23.1,1,3,36.8,S,5,0,1
4238,3,male,6.5,3,2,23.54,S,6,0,1
4240,3,male,41.1,3,0,105.0,Q,4,0,1
4242,3,male,50.7,4,0,35.29,S,5,0,1
4245,3,male,23.4,1,4,21.4,S,6,0,1
4249,3,female,20.3,1,3,22.23,S,5,0,1
4256,3,male,14.1,1,1,23.26,S,3,0,1
4261,3,male,31.5,1,1,111.72,S,3,0,1
4264,3,male,34.6,3,4,55.07,S,8,0,1
4268,3,female,27.0,0,3,16.24,Q,4,0,1
4269,3,male,24.2,5,1,41.94,S,7,0,1
4270,3,male,44.1,5,4,20.64,C,10,0,1
4271,3,male,40.4,0,0,14.29,S,1,1,1
4281,3,male,23.2,3,4,26.53,S,8,0,1
4286,3,female,22.9,2,3,11.88,C,6,0,1
4289,3,female,26.4,2,4,20.56,S,7,0,1
4293,3,female,46.1,4,1,2.16,S,6,0,1
4301,3,male,14.7,0,2,4.47,S,3,0,1
4302,3,male,33.8,2,1,11.6,S,4,0,1
4304,3,female,15.7,0,1,49.68,C,2,0,1
4308,3,male,44.8,0,4,31.29,S,5,0,1
4309,3,male,20.2,2,4,8.66,S,7,0,1
4311,3,male,39.4,2,2,0.02,S,5,0,1
4321,3,male,22.3,1,4,39.56,S,6,0,1
4325,3,male,22.9,4,4,63.59,C,9,0,1
4327,3,female,8.1,4,1,33.57,C,6,0,1
4333,3,male,33.5,3,3,13.33,S,7,0,1
4337,3,female,21.1,4,3,15.51,S,8,0,1
4342,3,male,41.9,3,0,93.76,S,4,0,1
4343,3,male,21.8,0,4,8.48,Q,5,0,1
4348,3,male,35.3,2,2,85.01,C,5,0,1
4349,3,male,25.1,4,4,43.04,S,9,0,1
4357,3,female,37.1,3,4,44.23,S,8,0,1
4362,3,male,28.1,1,1,4.34,S,3,0,1
4377,3,male,21.6,1,2,2.91,S,4,0,1
4384,3,male,37.0,2,2,13.87,S,5,0,1
4394,3,male,23.6,0,4,45.74,S,5,0,1
4395,3,female,27.4,1,3,67.02,S,5,0,1
4404,3,male,34.7,0,2,25.8,Q,3,0,1
4412,3,male,26.1,0,0,1.17,S,1,1,1
4421,3,female,44.8,4,4,90.4,C,9,0,1
4429,3,male,42.8,3,4,1.92,S,8,0,1
4430,3,male,34.3,2,3,47.68,S,6,0,1
4438,3,male,24.8,2,0,0.07,Q,3,0,1
4440,3,male,22.2,4,4,1.77,C,9,0,1
4441,3,male,45.8,1,2,218.47,S,4,0,1
4447,3,male,28.7,5,4,9.51,S,10,0,1
4454,3,male,37.7,1,0,23.4,Q,2,0,1
4462,3,male,10.0,3,4,22.49,S,8,0,1
4464,3,female,23.1,1,1,0.79,S,3,0,1
4471,3,male,25.2,3,1,81.37,S,5,0,1
4488,3,male,23.9,0,1,7.92,S,2,0,1
4491,3,male,33.3,5,3,28.2,S,9,0,1
4506,3,female,35.9,5,4,54.81,S,10,0,1
4509,3,male,37.2,0,2,93.13,S,3,0,1
4513,3,male,25.5,2,3,52.12,C,6,0,1
4520,3,male,44.5,4,1,35.41,S,6,0,1
4524,3,female,49.0,0,2,23.21,Q,3,0,1
4526,3,male,39.3,1,4,5.61,S,6,0,1
4548,3,male,22.3,1,3,49.08,S,5,0,1
4549,3,male,22.6,3,0,18.94,S,4,0,1
4550,3,male,19.3,1,3,96.99,S,5,0,1
4556,3,male,41.9,0,1,47.28,S,2,0,1
4558,3,female,37.2,3,2,6.97,S,6,0,1
4565,3,male,0.0,2,2,96.53,S,5,0,1
4569,3,male,46.2,0,4,0.61,S,5,0,1
4571,3,male,36.4,5,2,34.0,S,8,0,1
4573,3,female,58.6,2,2,31.49,S,5,0,1
4574,3,male,22.7,0,4,89.63,Q,5,0,1
4580,3,female,38.1,5,1,13.89,C,7,0,1
4582,3,male,48.2,0,3,0.03,S,4,0,1
4583,3,female,47.4,5,4,63.61,S,10,0,1
4585,3,male,27.4,5,0,2.9,Q,6,0,1
4588,3,male,0.0,1,4,14.63,S,6,0,1
4589,3,male,41.5,2,0,19.38,S,3,0,1
4595,3,female,40.4,1,2,7.5,S,4,0,1
4596,3,female,29.2,1,4,21.66,S,6,0,1
4602,3,male,37.6,1,1,32.9,S,3,0,1
4604,3,male,49.6,5,4,23.99,C,10,0,1
4606,3,male,16.1,0,4,28.14,S,5,0,1
4608,3,female,21.7,2,0,3.56,S,3,0,1
4616,3,male,28.1,1,3,20.39,S,5,0,1
4619,3,female,6.5,3,3,9.05,S,7,0,1
4620,3,male,51.8,2,2,33.4,C,5,0,1
4621,3,male,25.0,5,2,12.95,S,8,0,1
4623,3,female,39.8,4,2,35.39,S,7,0,1
4628,3,male,15.3,3,1,0.51,S,5,0,1
4632,3,female,40.4,4,2,34.7,S,7,0,1
4633,3,female,34.0,0,1,79.55,S,2,0,1
4635,3,female,43.2,1,2,78.05,Q,4,0,1
4642,3,male,46.6,5,2,12.87,S,8,0,1
4644,3,female,14.4,4,1,33.22,S,6,0,1
4645,3,male,57.3,2,0,3.54,Q,3,0,1
4648,3,female,23.0,0,4,49.92,S,5,0,1
4651,3,female,42.6,4,2,8.7,S,7,0,1
4659,3,male,31.5,2,2,13.33,S,5,0,1
4664,3,male,54.2,4,4,12.0,S,9,0,1
4665,3,male,6.0,2,4,117.32,S,7,0,1
4669,3,female,19.1,4,3,14.25,S,8,0,1
4671,3,male,12.4,2,4,10.21,S,7,0,1
4672,3,male,28.0,2,2,58.37,S,5,0,1
4677,3,male,33.6,0,3,66.53,S,4,0,1
4679,3,male,9.4,5,1,47.68,C,7,0,1
4682,3,male,20.8,1,2,5.1,S,4,0,1
4699,3,female,16.7,5,3,13.91,S,9,0,1
4709,3,male,27.7,0,0,5.76,S,1,1,1
4717,3,female,38.1,0,1,74.26,S,2,0,1
4728,3,female,26.5,1,3,12.44,S,5,0,1
4732,3,male,14.9,5,3,20.52,S,9,0,1
4743,3,male,2.8,5,1,2.76,S,7,0,1
4749,3,male,38.7,4,4,42.58,S,9,0,1
4754,3,male,42.9,4,2,5.69,Q,7,0,1
4757,3,female,18.8,3,4,5.44,S,8,0,1
4761,3,female,26.2,1,2,72.82,S,4,0,1
4762,3,male,4.2,5,4,7.72,S,10,0,1
4768,3,male,32.3,1,1,64.82,S,3,0,1
4773,3,male,42.4,4,4,59.08,S,9,0,1
4775,3,female,29.0,3,2,44.79,S,6,0,1
4791,3,male,58.4,5,0,10.46,S,6,0,1
4802,3,male,43.8,4,1,0.24,S,6,0,1
4809,3,male,41.5,1,2,17.65,S,4,0,1
4811,3,male,6.7,1,2,94.16,C,4,0,1
4814,3,female,30.2,5,4,6.25,S,10,0,1
4816,3,female,6.0,3,1,25.27,S,5,0,1
4817,3,male,22.8,0,4,53.52,S,5,0,1
4830,3,female,53.9,4,3,7.39,S,8,0,1
4832,3,female,17.2,0,2,17.45,S,3,0,1
4840,3,female,33.3,5,0,33.07,S,6,0,1
4841,3,male,30.7,5,4,9.41,S,10,0,1
4857,3,male,37.1,2,2,6.14,S,5,0,1
4858,3,male,21.3,5,4,48.05,C,10,0,1
4859,3,male,32.7,3,1,24.29,S,5,0,1
4860,3,female,30.5,4,2,52.49,S,7,0,1
4861,3,female,43.6,3,0,19.05,Q,4,0,1
4865,3,male,56.5,4,4,28.55,Q,9,0,1
4869,3,male,18.8,0,3,3.07,S,4,0,1
4882,3,female,42.2,1,1,35.81,Q,3,0,1
4885,3,female,50.0,2,3,28.29,Q,6,0,1
4887,3,male,21.6,3,3,0.41,S,7,0,1
4889,3,male,12.6,5,2,14.55,S,8,0,1
4908,3,male,19.0,5,4,11.82,S,10,0,1
4910,3,male,50.8,3,1,17.13,C,5,0,1
4915,3,male,16.5,2,2,23.1,C,5,0,1
4918,3,male,27.6,3,3,1.55,C,7,0,1
4923,3,male,40.2,4,4,25.37,S,9,0,1
4928,3,male,21.1,1,1,22.42,S,3,0,1
4929,3,female,22.4,1,3,9.61,S,5,0,1
4936,3,female,45.7,4,4,116.39,S,9,0,1
4942,3,female,36.4,0,2,3.12,S,3,0,1
4945,3,male,0.0,1,1,12.63,S,3,0,1
4948,3,female,17.5,2,0,10.66,C,3,0,1
4949,3,male,17.4,3,1,42.82,S,5,0,1
4953,3,female,31.4,3,3,3.84,S,7,0,1
4955,3,male,23.9,0,1,22.91,Q,2,0,1
4957,3,male,32.1,0,4,40.5,C,5,0,1
4959,3,female,22.8,2,3,7.68,S,6,0,1
4963,3,female,4.9,4,1,55.37,S,6,0,1
4966,3,female,5.3,2,2,14.94,S,5,0,1
4968,3,female,4.8,5,2,5.06,S,8,0,1
4971,3,male,54.0,3,0,20.37,S,4,0,1
4973,3,male,26.0,5,3,6.03,S,9,0,1
4980,3,male,39.7,4,4,40.7,C,9,0,1
4982,3,female,20.2,5,0,0.3,S,6,0,1
4989,3,male,10.1,0,3,10.04,S,4,0,1
4990,3,male,19.0,3,2,19.88,C,6,0,1
4993,3,male,41.2,4,2,13.0,S,7,0,1
4995,3,male,15.5,2,3,23.03,S,6,0,1
5004,3,female,40.0,2,2,58.61,S,5,0,1
5006,3,female,23.5,4,3,50.45,S,8,0,1
5023,3,male,15.5,3,0,120.63,Q,4,0,1
5024,3,male,38.2,1,0,2.74,S,2,0,1
5038,3,male,37.0,3,1,57.97,S,5,0,1
5051,3,female,31.6,1,3,134.02,S,5,0,1
5055,3,male,44.0,4,1,8.52,C,6,0,1
5061,3,female,52.1,2,2,31.31,C,5,0,1
5064,3,male,36.1,2,1,6.3,S,4,0,1
5074,3,male,40.4,1,1,0.41,S,3,0,1
5092,3,female,33.7,2,2,73.84,S,5,0,1
5108,3,female,27.8,1,2,19.63,C,4,0,1
5109,3,male,31.1,5,3,23.08,S,9,0,1
5110,3,male,26.5,1,1,15.5,S,3,0,1
5111,3,male,51.1,3,1,66.6,Q,5,0,1
5113,3,female,23.6,2,1,16.19,S,4,0,1
5115,3,male,32.9,5,4,7.32,C,10,0,1
5121,3,male,33.5,0,0,2.22,S,1,1,1
5124,3,male,52.9,0,1,49.48,S,2,0,1
5129,3,male,35.5,4,2,11.9,C,7,0,1
5138,3,male,42.7,2,2,39.83,S,5,0,1
5143,3,female,23.0,2,2,41.47,S,5,0,1
5145,3,male,31.7,3,2,1.36,S,6,0,1
5146,3,female,33.4,3,2,24.12,Q,6,0,1
5148,3,male,34.2,5,2,1.45,S,8,0,1
5153,3,male,37.7,0,2,54.72,S,3,0,1
5157,3,male,12.3,3,2,5.03,S,6,0,1
5169,3,female,46.1,0,1,0.23,S,2,0,1
5176,3,female,39.0,0,2,24.05,S,3,0,1
5181,3,male,26.5,1,2,64.07,S,4,0,1
5183,3,female,43.6,0,3,15.23,Q,4,0,1
5184,3,female,27.6,3,4,1.83,S,8,0,1
5188,3,male,30.7,3,2,27.17,S,6,0,1
5191,3,male,48.4,3,0,89.5,S,4,0,1
5192,3,male,4.5,2,3,44.59,S,6,0,1
5193,3,male,31.6,5,1,22.87,S,7,0,1
5195,3,male,47.7,4,0,38.71,S,5,0,1
5196,3,male,26.5,5,4,72.29,S,10,0,1
5202,3,male,12.2,0,1,9.29,S,2,0,1
5204,3,male,7.9,1,2,5.53,S,4,0,1
5206,3,female,22.2,0,2,1.52,S,3,0,1
5208,3,female,26.6,3,2,27.12,S,6,0,1
5230,3,male,21.0,1,0,7.92,S,2,0,1
5232,3,male,43.9,0,2,127.39,S,3,0,1
5237,3,male,26.1,2,1,12.01,C,4,0,1
5243,3,female,32.6,0,2,13.77,C,3,0,1
5244,3,male,27.6,0,2,0.0,S,3,0,1
5246,3,male,15.0,2,0,48.66,S,3,0,1
5252,3,male,31.7,5,3,15.85,S,9,0,1
5259,3,male,25.1,3,2,9.79,S,6,0,1
5261,3,female,31.3,5,1,64.88,Q,7,0,1
5268,3,male,17.5,2,4,51.9,C,7,0,1
5273,3,male,35.0,1,1,55.96,S,3,0,1
5278,3,female,44.7,0,2,1.06,S,3,0,1
5285,3,female,19.1,5,3,137.21,S,9,0,1
5286,3,male,3.8,1,0,0.27,S,2,0,1
5289,3,male,40.5,5,3,14.85,S,9,0,1
5300,3,male,15.8,3,0,14.9,S,4,0,1
5302,3,male,17.6,3,1,37.03,S,5,0,1
5308,3,male,38.9,0,1,12.21,S,2,0,1
5309,3,male,45.0,1,2,50.81,S,4,0,1
5313,3,male,19.7,4,4,2.71,S,9,0,1
5317,3,male,37.1,1,1,25.97,C,3,0,1
5323,3,female,19.2,4,3,25.22,S,8,0,1
5334,3,male,16.4,5,0,87.36,S,6,0,1
5338,3,male,38.4,2,4,17.82,C,7,0,1
5340,3,male,36.1,3,1,15.16,C,5,0,1
5344,3,male,25.9,5,4,8.02,S,10,0,1
5349,3,male,9.4,3,2,40.69,C,6,0,1
5357,3,female,34.0,0,1,17.76,C,2,0,1
5363,3,female,26.5,4,3,83.96,Q,8,0,1
5365,3,male,37.2,5,3,53.82,Q,9,0,1
5375,3,female,43.5,4,2,51.23,C,7,0,1
5384,3,female,47.4,1,4,16.52,S,6,0,1
5387,3,male,24.3,4,3,35.89,Q,8,0,1
5399,3,female,15.9,1,4,40.42,S,6,0,1
5402,3,male,28.3,4,0,14.48,S,5,0,1
5406,3,male,51.6,2,4,1.72,C,7,0,1
5412,3,male,0.0,1,4,51.41,C,6,0,1
5422,3,female,34.4,3,3,0.22,C,7,0,1
5426,3,male,23.4,2,4,25.45,Q,7,0,1
5432,3,female,61.1,4,3,8.82,Q,8,0,1
5435,3,female,41.8,5,0,0.8,Q,6,0,1
5437,3,male,39.7,4,3,20.34,S,8,0,1
5443,3,male,23.5,4,0,115.92,S,5,0,1
5454,3,male,43.2,1,3,42.79,C,5,0,1
5460,3,male,50.0,2,3,24.87,S,6,0,1
5467,3,male,49.1,5,3,33.39,S,9,0,1
5468,3,female,22.4,2,3,40.08,C,6,0,1
5477,3,female,32.8,2,0,9.88,C,3,0,1
5480,3,male,51.8,2,2,9.59,S,5,0,1
5483,3,female,0.0,0,0,3.17,Q,1,1,1
5484,3,male,37.9,2,2,67.89,S,5,0,1
5487,3,male,55.5,2,2,32.95,Q,5,0,1
5511,3,female,51.8,0,3,17.61,S,4,0,1
5512,3,male,29.8,0,0,1.43,C,1,1,1
5513,3,female,30.5,1,2,25.07,Q,4,0,1
5517,3,female,35.9,4,1,72.4,S,6,0,1
5519,3,female,24.0,4,0,51.34,S,5,0,1
5526,3,female,49.1,5,4,26.35,S,10,0,1
5542,3,male,43.7,1,1,41.45,S,3,0,1
5544,3,male,16.7,1,3,133.53,Q,5,0,1
5555,3,female,20.8,5,2,2.54,S,8,0,1
5557,3,male,46.2,5,4,172.82,C,10,0,1
5564,3,male,13.6,0,4,73.71,S,5,0,1
5566,3,male,0.0,5,4,29.3,C,10,0,1
5570,3,female,40.9,3,3,68.64,S,7,0,1
5573,3,male,40.8,1,2,32.22,C,4,0,1
5574,3,male,35.5,0,1,7.94,C,2,0,1
5576,3,female,33.2,1,1,87.9,S,3,0,1
5577,3,male,1.2,4,2,100.42,S,7,0,1
5578,3,male,29.0,4,0,5.84,C,5,0,1
5588,3,female,1.4,3,4,111.62,C,8,0,1
5589,3,male,37.8,0,2,2.9,S,3,0,1
5593,3,male,43.0,0,3,2.13,S,4,0,1
5597,3,female,14.5,0,3,47.31,C,4,0,1
5598,3,male,27.8,5,1,8.8,S,7,0,1
5599,3,female,45.1,0,2,110.85,S,3,0,1
5603,3,female,33.7,5,1,4.17,S,7,0,1
5611,3,male,21.5,4,2,26.96,S,7,0,1
5612,3,male,52.3,0,0,11.82,S,1,1,1
5621,3,female,24.2,2,2,17.16,S,5,0,1
5622,3,male,33.3,1,4,43.08,S,6,0,1
5623,3,male,11.6,5,0,1.0,S,6,0,1
5630,3,male,39.7,2,1,5.8,C,4,0,1
5650,3,male,38.7,2,2,36.65,S,5,0,1
5651,3,male,46.9,3,2,2.5,S,6,0,1
5657,3,male,30.4,1,4,9.26,C,6,0,1
5665,3,male,18.9,3,1,32.91,S,5,0,1
5666,3,male,36.1,2,1,4.54,S,4,0,1
5667,3,male,20.1,2,1,55.93,S,4,0,1
5672,3,female,50.5,5,3,56.7,S,9,0,1
5674,3,male,35.2,0,4,2.63,S,5,0,1
5682,3,male,15.1,5,0,24.67,S,6,0,1
5685,3,male,7.8,1,0,10.49,S,2,0,1
5689,3,male,54.2,4,4,45.42,C,9,0,1
5692,3,male,29.1,2,3,5.24,S,6,0,1
5694,3,male,34.5,4,1,2.18,S,6,0,1
5698,3,female,12.2,3,2,10.29,Q,6,0,1
5704,3,male,35.4,3,4,4.91,S,8,0,1
5706,3,male,48.3,2,1,28.24,S,4,0,1
5708,3,female,26.3,3,3,4.67,C,7,0,1
5709,3,male,9.9,3,1,50.18,S,5,0,1
5713,3,female,20.2,3,3,18.01,S,7,0,1
5722,3,male,27.2,3,0,23.33,S,4,0,1
5725,3,female,36.1,4,2,57.53,S,7,0,1
5729,3,female,34.3,2,3,7.01,C,6,0,1
5730,3,male,41.0,3,1,7.64,S,5,0,1
5732,3,male,24.6,2,0,23.97,S,3,0,1
5735,3,male,48.3,4,2,7.28,S,7,0,1
5736,3,female,20.4,1,0,48.89,S,2,0,1
5740,3,male,25.8,4,2,10.04,S,7,0,1
5742,3,female,37.1,2,1,49.4,S,4,0,1
5743,3,male,33.4,2,4,11.27,S,7,0,1
5745,3,female,51.9,0,4,35.68,C,5,0,1
5749,3,male,18.3,5,4,6.82,S,10,0,1
5751,3,male,9.5,0,4,1.74,S,5,0,1
5753,3,female,18.9,3,0,10.19,S,4,0,1
5754,3,male,33.4,5,3,26.64,S,9,0,1
5756,3,female,28.6,2,1,2.32,S,4,0,1
5762,3,male,35.8,4,2,1.09,S,7,0,1
5778,3,female,38.4,4,2,43.61,S,7,0,1
5780,3,female,18.8,5,2,47.64,Q,8,0,1
5787,3,male,10.2,2,1,8.74,S,4,0,1
5791,3,male,43.3,4,0,55.62,S,5,0,1
5792,3,male,34.1,1,3,18.33,S,5,0,1
5795,3,female,8.6,4,2,2.22,C,7,0,1
5798,3,female,37.1,2,1,23.38,S,4,0,1
5807,3,male,13.9,0,2,4.57,S,3,0,1
5808,3,male,43.1,5,3,17.14,S,9,0,1
5811,3,male,17.5,2,0,48.67,S,3,0,1
5818,3,male,35.0,0,4,28.89,S,5,0,1
5820,3,male,12.6,2,0,109.91,S,3,0,1
5822,3,male,7.5,2,1,8.34,S,4,0,1
5823,3,male,0.0,0,4,18.93,S,5,0,1
5826,3,male,46.5,1,4,10.72,S,6,0,1
5830,3,female,17.4,1,1,24.94,S,3,0,1
5832,3,female,16.7,0,0,6.67,S,1,1,1
5839,3,male,16.5,1,4,6.68,S,6,0,1
5844,3,male,12.0,5,3,11.94,S,9,0,1
5851,3,female,30.2,4,3,0.46,S,8,0,1
5853,3,female,42.8,2,0,9.76,C,3,0,1
5866,3,female,45.0,1,0,107.69,S,2,0,1
5868,3,female,22.7,5,3,4.13,S,9,0,1
5873,3,male,17.5,5,1,30.38,Q,7,0,1
5876,3,male,24.1,1,3,6.12,S,5,0,1
5881,3,male,17.9,5,4,71.18,S,10,0,1
5883,3,male,14.9,1,0,2.51,S,2,0,1
5888,3,male,10.2,5,4,22.24,Q,10,0,1
5890,3,male,25.2,5,1,2.21,S,7,0,1
5896,3,male,1.3,4,0,37.39,Q,5,0,1
5900,3,male,29.5,0,1,0.53,S,2,0,1
5905,3,male,16.3,0,0,13.22,Q,1,1,1
5907,3,male,29.4,4,3,5.95,C,8,0,1
5911,3,male,13.8,4,0,28.65,Q,5,0,1
5912,3,male,13.1,5,0,20.47,S,6,0,1
5916,3,male,41.9,4,4,10.36,S,9,0,1
5917,3,male,40.6,0,4,35.62,S,5,0,1
5921,3,male,51.9,3,3,11.7,S,7,0,1
5925,3,female,22.5,0,4,6.87,C,5,0,1
5933,3,male,19.5,1,2,20.96,S,4,0,1
5943,3,male,35.7,1,2,0.46,S,4,0,1
5944,3,male,35.8,4,0,72.36,C,5,0,1
5952,3,female,14.9,4,2,55.09,S,7,0,1
5955,3,male,41.4,0,1,32.12,S,2,0,1
5963,3,male,31.4,0,4,38.73,S,5,0,1
5966,3,female,24.1,2,1,43.15,S,4,0,1
5968,3,female,29.6,2,4,50.12,S,7,0,1
5969,3,female,38.9,4,2,119.09,C,7,0,1
5970,3,male,12.3,3,1,16.95,S,5,0,1
5973,3,female,46.4,1,2,46.59,S,4,0,1
5980,3,male,13.7,4,4,18.45,S,9,0,1
5987,3,female,36.4,5,4,12.49,Q,10,0,1
5988,3,male,4.2,3,4,50.74,S,8,0,1
5989,3,male,45.8,1,3,8.31,S,5,0,1
6000,3,female,31.2,3,3,8.93,S,7,0,1
6002,3,male,54.7,2,3,18.16,C,6,0,1
6005,3,male,34.9,0,1,29.46,S,2,0,1
6010,3,male,16.8,4,4,62.2,S,9,0,1
6012,3,male,30.0,1,3,10.51,S,5,0,1
6021,3,male,20.4,1,1,40.45,C,3,0,1
6022,3,male,25.1,0,0,8.55,S,1,1,1
6036,3,male,48.1,4,4,3.47,C,9,0,1
6044,3,male,37.4,2,2,36.19,S,5,0,1
6045,3,male,7.3,2,1,70.82,S,4,0,1
6048,3,male,40.6,3,1,36.18,S,5,0,1
6054,3,male,49.7,3,2,10.49,C,6,0,1
6058,3,male,24.3,3,4,68.51,S,8,0,1
6065,3,female,25.5,0,0,2.4,S,1,1,1
6081,3,female,7.7,5,1,31.96,S,7,0,1
6086,3,male,62.5,2,4,1.93,S,7,0,1
6088,3,male,31.8,4,1,30.97,S,6,0,1
6099,3,female,18.9,2,3,21.63,Q,6,0,1
6103,3,male,59.1,3,1,26.6,S,5,0,1
6109,3,female,28.4,3,3,38.05,S,7,0,1
6110,3,male,47.4,4,2,15.72,C,7,0,1
6112,3,female,39.4,2,4,69.08,S,7,0,1
6117,3,female,55.9,4,4,1.95,S,9,0,1
6119,3,female,26.6,1,2,61.46,S,4,0,1
6123,3,female,30.0,1,4,19.52,S,6,0,1
6124,3,male,22.9,0,0,75.8,S,1,1,1
6125,3,female,4.0,5,0,19.71,S,6,0,1
6137,3,female,16.8,4,4,84.84,S,9,0,1
6143,3,male,25.8,0,2,22.34,S,3,0,1
6144,3,male,41.2,1,0,10.11,S,2,0,1
6148,3,female,52.9,1,2,17.21,Q,4,0,1
6156,3,male,12.9,2,4,5.02,C,7,0,1
6157,3,male,22.6,5,3,11.27,C,9,0,1
6171,3,male,24.9,1,0,6.4,S,2,0,1
6186,3,female,45.3,1,3,64.35,S,5,0,1
6192,3,male,19.6,1,4,7.01,S,6,0,1
6193,3,male,37.1,4,4,25.29,C,9,0,1
6194,3,female,0.0,1,4,36.89,Q,6,0,1
6197,3,female,18.4,3,1,48.91,C,5,0,1
6202,3,male,31.4,4,0,6.15,S,5,0,1
6203,3,female,17.1,2,3,9.31,S,6,0,1
6214,3,male,29.6,0,0,57.1,S,1,1,1
6221,3,female,15.7,1,1,5.92,S,3,0,1
6225,3,female,21.5,1,4,8.19,S,6,0,1
6236,3,male,24.4,2,0,14.07,S,3,0,1
6240,3,male,59.1,0,1,5.3,S,2,0,1
6244,3,female,20.7,4,2,1.44,S,7,0,1
6258,3,male,15.8,5,2,3.57,S,8,0,1
6263,3,female,20.8,0,0,1.18,Q,1,1,1
6269,3,male,29.3,2,3,23.47,S,6,0,1
6282,3,male,33.8,2,4,106.92,S,7,0,1
6283,3,male,11.4,5,2,70.94,Q,8,0,1
6286,3,male,32.7,4,1,8.85,S,6,0,1
6294,3,male,19.3,0,0,54.26,S,1,1,1
6300,3,male,27.8,3,3,23.4,S,7,0,1
6303,3,female,29.1,5,4,19.52,S,10,0,1
6309,3,male,4.5,0,3,92.25,S,4,0,1
6312,3,female,24.5,1,0,6.56,S,2,0,1
6315,3,male,8.3,1,4,66.08,S,6,0,1
6318,3,male,31.9,1,4,78.57,S,6,0,1
6326,3,male,48.0,5,3,7.49,C,9,0,1
6335,3,male,59.0,5,3,43.04,S,9,0,1
6341,3,male,17.6,3,2,53.83,S,6,0,1
6342,3,male,38.2,0,1,1.85,S,2,0,1
6343,3,male,21.7,1,4,20.95,S,6,0,1
6347,3,male,34.8,4,1,33.22,Q,6,0,1
6349,3,male,31.5,4,2,13.76,Q,7,0,1
6359,3,male,25.7,2,2,1.71,S,5,0,1
6370,3,male,24.9,0,1,18.82,S,2,0,1
6377,3,male,32.0,5,1,1.84,S,7,0,1
6378,3,male,41.0,0,3,4.28,S,4,0,1
6379,3,female,29.5,2,3,113.06,Q,6,0,1
6392,3,female,35.6,0,0,13.14,S,1,1,1
6393,3,male,11.8,2,0,37.24,C,3,0,1
6394,3,female,55.4,3,2,2.95,Q,6,0,1
6399,3,female,31.1,3,0,57.09,C,4,0,1
6400,3,male,52.2,3,3,10.11,S,7,0,1
6401,3,male,25.7,1,3,69.98,S,5,0,1
6403,3,male,33.1,0,2,37.43,S,3,0,1
6405,3,female,4.1,3,2,119.25,S,6,0,1
6412,3,male,24.9,4,3,0.05,S,8,0,1
6417,3,female,23.0,1,1,33.96,C,3,0,1
6420,3,female,20.5,2,1,17.24,Q,4,0,1
6430,3,female,15.5,4,1,6.67,S,6,0,1
6431,3,male,32.4,2,3,40.69,S,6,0,1
6432,3,male,22.1,1,0,33.08,S,2,0,1
6442,3,male,15.5,3,0,54.74,C,4,0,1
6446,3,male,34.1,1,3,4.26,Q,5,0,1
6450,3,female,17.0,1,1,15.42,S,3,0,1
6451,3,female,51.2,2,2,46.85,S,5,0,1
6454,3,female,30.9,4,3,67.32,Q,8,0,1
6461,3,male,6.5,3,4,8.86,S,8,0,1
6462,3,male,25.8,5,2,82.72,C,8,0,1
6468,3,female,38.9,3,3,44.33,S,7,0,1
6472,3,female,11.0,1,0,71.25,Q,2,0,1
6473,3,male,42.0,5,4,26.68,S,10,0,1
6474,3,male,39.2,0,1,11.47,S,2,0,1
6475,3,female,25.1,5,0,41.16,S,6,0,1
6486,3,male,25.4,3,3,86.35,Q,7,0,1
6494,3,male,49.2,4,3,86.56,S,8,0,1
6499,3,female,35.5,1,3,12.97,S,5,0,1
6506,3,male,27.7,2,4,11.3,S,7,0,1
6507,3,female,31.3,3,2,45.21,S,6,0,1
6508,3,male,14.6,1,4,58.42,C,6,0,1
6511,3,male,35.1,5,4,11.69,S,10,0,1
6527,3,male,46.8,0,1,5.54,C,2,0,1
6529,3,male,43.2,5,1,53.26,S,7,0,1
6536,3,male,29.9,4,1,1.39,S,6,0,1
6541,3,female,42.0,4,1,86.33,S,6,0,1
6542,3,female,55.0,1,3,63.03,S,5,0,1
6558,3,male,42.7,0,2,109.7,S,3,0,1
6566,3,male,18.2,5,4,7.94,S,10,0,1
6575,3,male,34.9,4,0,57.93,S,5,0,1
6576,3,male,4.7,3,4,86.61,S,8,0,1
6580,3,male,45.8,3,3,15.92,S,7,0,1
6581,3,male,20.5,5,1,50.58,C,7,0,1
6593,3,male,9.9,0,4,8.0,S,5,0,1
6594,3,female,23.6,3,2,31.9,S,6,0,1
6598,3,female,29.1,4,3,3.65,S,8,0,1
6610,3,male,39.4,0,4,3.71,S,5,0,1
6611,3,male,28.2,4,0,5.68,S,5,0,1
6619,3,male,51.0,4,3,31.65,S,8,0,1
6624,3,male,39.7,0,4,26.71,S,5,0,1
6626,3,male,54.8,5,0,27.2,S,6,0,1
6627,3,male,52.3,5,3,85.6,S,9,0,1
6629,3,female,24.2,0,1,10.59,Q,2,0,1
6632,3,female,30.9,1,0,32.85,S,2,0,1
6640,3,female,26.6,1,0,13.87,Q,2,0,1
6641,3,female,22.6,2,0,102.9,S,3,0,1
6643,3,male,14.2,5,2,30.32,S,8,0,1
6646,3,male,44.7,4,4,7.21,S,9,0,1
6648,3,male,51.5,0,0,6.0,S,1,1,1
6649,3,male,33.1,5,3,7.53,S,9,0,1
6651,3,female,23.3,1,4,65.11,S,6,0,1
6663,3,male,21.9,1,2,36.97,S,4,0,1
6665,3,male,18.9,3,0,58.04,S,4,0,1
6667,3,female,26.7,5,3,37.66,S,9,0,1
6671,3,male,34.1,4,3,56.98,C,8,0,1
6675,3,male,21.5,3,2,22.59,S,6,0,1
6680,3,male,40.8,2,4,5.01,S,7,0,1
6682,3,female,35.1,1,2,14.17,S,4,0,1
6690,3,male,36.9,4,0,51.79,C,5,0,1
6695,3,male,44.6,4,4,1.54,C,9,0,1
6696,3,male,60.3,0,2,24.04,S,3,0,1
6701,3,male,26.1,2,0,49.41,C,3,0,1
6705,3,male,40.7,3,3,57.02,C,7,0,1
6706,3,male,10.8,2,2,19.01,C,5,0,1
6708,3,male,31.1,3,3,26.72,S,7,0,1
6709,3,male,24.8,0,0,3.69,S,1,1,1
6712,3,male,23.8,5,1,73.18,S,7,0,1
6714,3,male,36.8,0,2,14.04,S,3,0,1
6720,3,female,26.9,5,1,22.6,S,7,0,1
6728,3,female,19.7,0,3,11.46,S,4,0,1
6732,3,male,4.1,1,1,34.24,C,3,0,1
6743,3,male,25.3,5,3,5.48,C,9,0,1
6745,3,male,23.5,3,1,12.15,S,5,0,1
6756,3,male,5.7,1,0,3.98,S,2,0,1
6764,3,female,32.6,2,4,6.0,C,7,0,1
6765,3,male,59.2,1,4,7.97,S,6,0,1
6766,3,male,22.1,3,0,48.19,S,4,0,1
6771,3,female,25.9,3,1,18.6,Q,5,0,1
6772,3,male,46.8,4,0,19.72,C,5,0,1
6776,3,female,16.7,4,0,7.79,S,5,0,1
6784,3,male,43.1,4,3,12.25,S,8,0,1
6785,3,male,13.3,5,1,37.92,S,7,0,1
6786,3,male,19.7,1,1,1.31,S,3,0,1
6787,3,female,32.2,0,4,5.26,S,5,0,1
6788,3,male,34.3,2,4,18.95,S,7,0,1
6790,3,male,55.1,0,2,69.24,S,3,0,1
6817,3,male,39.4,3,2,3.33,S,6,0,1
6818,3,male,27.2,0,3,17.77,C,4,0,1
6819,3,female,0.0,3,1,46.12,S,5,0,1
6828,3,male,23.1,0,1,37.55,C,2,0,1
6833,3,female,15.5,1,1,50.61,S,3,0,1
6834,3,female,59.8,0,0,34.8,Q,1,1,1
6839,3,female,16.6,4,0,8.55,C,5,0,1
6844,3,male,20.5,4,1,14.64,S,6,0,1
6852,3,male,32.3,2,2,121.31,S,5,0,1
6858,3,male,56.2,0,0,13.96,Q,1,1,1
6861,3,male,30.3,3,2,31.32,C,6,0,1
6862,3,female,21.6,2,0,58.56,Q,3,0,1
6872,3,male,49.9,5,0,13.07,S,6,0,1
6874,3,male,36.0,3,2,34.19,C,6,0,1
6878,3,female,15.5,5,3,40.0,Q,9,0,1
6880,3,male,34.7,5,4,69.82,S,10,0,1
6892,3,male,18.9,1,4,54.36,S,6,0,1
6895,3,male,10.1,3,4,21.77,C,8,0,1
6917,3,male,25.7,0,2,4.87,S,3,0,1
6927,3,male,13.5,5,4,4.08,S,10,0,1
6928,3,female,32.0,5,3,4.7,C,9,0,1
6934,3,female,13.5,3,0,16.14,S,4,0,1
6941,3,female,52.8,0,1,28.97,S,2,0,1
6942,3,male,45.9,5,2,8.86,C,8,0,1
6948,3,male,27.1,1,1,44.56,S,3,0,1
6950,3,female,24.4,2,3,32.04,S,6,0,1
6954,3,male,30.1,4,1,12.82,S,6,0,1
6957,3,male,15.1,0,4,23.74,C,5,0,1
6958,3,male,4.6,1,2,35.22,S,4,0,1
6959,3,female,36.0,4,0,18.42,S,5,0,1
6963,3,male,25.0,0,4,38.83,Q,5,0,1
6966,3,female,22.9,5,4,11.68,S,10,0,1
6968,3,female,9.7,4,0,1.04,S,5,0,1
6978,3,male,36.6,5,0,43.47,S,6,0,1
6982,3,male,40.1,2,4,17.48,Q,7,0,1
6983,3,male,31.3,2,3,35.42,S,6,0,1
6990,3,female,27.6,4,0,63.44,S,5,0,1
6996,3,male,26.4,2,0,37.54,C,3,0,1
6997,3,male,24.4,2,1,44.08,S,4,0,1
7002,3,male,33.9,0,3,11.85,C,4,0,1
7003,3,female,15.6,4,0,6.58,S,5,0,1
7011,3,male,48.5,4,4,25.73,S,9,0,1
7015,3,male,15.3,3,2,92.24,C,6,0,1
7022,3,male,55.4,5,3,39.58,C,9,0,1
7023,3,male,50.1,4,1,111.17,S,6,0,1
7027,3,male,23.0,3,1,17.81,S,5,0,1
7035,3,female,37.0,0,4,2.93,S,5,0,1
7039,3,female,35.6,1,2,41.91,C,4,0,1
7040,3,female,41.0,3,0,56.05,C,4,0,1
7042,3,female,32.9,5,0,36.86,S,6,0,1
7044,3,male,36.1,5,3,14.13,S,9,0,1
7050,3,male,38.8,0,4,4.96,S,5,0,1
7052,3,female,46.8,5,2,4.27,S,8,0,1
7059,3,male,5.5,4,3,156.22,S,8,0,1
7060,3,female,16.8,2,2,4.22,S,5,0,1
7063,3,female,32.2,3,1,25.86,S,5,0,1
7081,3,male,37.8,2,1,15.83,S,4,0,1
7091,3,male,27.5,0,3,5.2,S,4,0,1
7096,3,female,29.6,1,3,0.56,C,5,0,1
7108,3,female,41.6,0,4,10.59,S,5,0,1
7111,3,male,34.2,3,4,10.3,C,8,0,1
7115,3,male,11.1,3,0,77.08,Q,4,0,1
7116,3,female,0.6,1,0,29.35,C,2,0,1
7118,3,male,27.2,3,3,26.7,S,7,0,1
7120,3,male,16.9,1,4,3.12,S,6,0,1
7123,3,male,26.5,1,3,10.03,S,5,0,1
7138,3,male,45.0,4,1,28.21,S,6,0,1
7140,3,male,45.8,5,4,4.11,S,10,0,1
7144,3,male,45.1,5,0,33.12,S,6,0,1
7150,3,male,28.7,0,2,27.49,C,3,0,1
7152,3,female,50.3,5,4,2.29,S,10,0,1
7162,3,female,42.0,0,0,14.32,S,1,1,1
7163,3,male,20.5,5,1,40.49,S,7,0,1
7171,3,female,31.1,1,2,5.03,S,4,0,1
7183,3,male,49.1,4,3,10.11,C,8,0,1
7198,3,male,0.0,5,4,19.04,C,10,0,1
7204,3,male,15.2,1,2,66.35,Q,4,0,1
7209,3,male,63.5,5,3,7.0,C,9,0,1
7217,3,male,23.7,3,4,64.26,S,8,0,1
7218,3,male,33.3,3,0,0.09,C,4,0,1
7219,3,male,1.9,5,2,19.25,S,8,0,1
7225,3,female,40.8,2,1,229.42,S,4,0,1
7226,3,male,50.4,0,0,73.14,S,1,1,1
7228,3,male,61.7,4,2,5.14,S,7,0,1
7237,3,female,17.2,1,1,9.75,S,3,0,1
7238,3,female,49.6,0,3,22.41,S,4,0,1
7240,3,female,7.2,3,4,13.65,C,8,0,1
7246,3,female,13.2,5,4,5.92,S,10,0,1
7247,3,male,52.0,3,2,10.49,S,6,0,1
7250,3,male,45.3,1,3,9.84,S,5,0,1
7253,3,female,26.6,1,1,38.91,S,3,0,1
7264,3,male,26.0,5,2,28.79,Q,8,0,1
7271,3,male,16.8,4,0,49.06,S,5,0,1
7272,3,female,22.3,2,3,5.1,S,6,0,1
7275,3,male,39.0,4,3,13.71,S,8,0,1
7278,3,male,23.4,5,4,89.87,S,10,0,1
7283,3,male,44.4,4,4,43.68,S,9,0,1
7288,3,female,45.8,4,1,48.58,S,6,0,1
7299,3,male,10.5,2,3,9.93,S,6,0,1
7303,3,male,27.9,3,0,1.09,C,4,0,1
7306,3,male,24.5,5,2,7.11,S,8,0,1
7308,3,female,28.5,4,2,88.22,C,7,0,1
7323,3,female,32.9,2,3,77.48,S,6,0,1
7327,3,male,5.9,1,1,67.13,S,3,0,1
7338,3,female,20.4,5,1,21.48,S,7,0,1
7342,3,male,35.6,1,1,27.2,S,3,0,1
7349,3,male,34.1,3,0,32.12,S,4,0,1
7360,3,male,2.3,2,4,5.85,S,7,0,1
7363,3,male,48.9,4,4,30.5,S,9,0,1
7369,3,female,37.6,1,3,26.1,S,5,0,1
7371,3,male,31.5,0,3,10.59,C,4,0,1
7392,3,male,25.3,2,4,97.65,S,7,0,1
7398,3,male,31.2,0,4,77.55,C,5,0,1
7406,3,female,35.1,2,2,4.72,S,5,0,1
7407,3,female,29.3,3,1,22.29,S,5,0,1
7413,3,female,15.5,1,3,90.96,S,5,0,1
7419,3,male,20.0,0,2,29.85,Q,3,0,1
7421,3,female,13.7,5,4,69.73,S,10,0,1
7428,3,male,35.3,1,0,9.35,S,2,0,1
7435,3,male,34.2,5,2,40.88,S,8,0,1
7440,3,male,36.9,0,0,91.2,S,1,1,1
7443,3,female,24.7,5,4,4.4,S,10,0,1
7448,3,male,35.8,3,1,25.82,S,5,0,1
7454,3,female,33.6,5,4,33.84,S,10,0,1
7455,3,female,14.1,0,1,45.37,S,2,0,1
7462,3,female,28.3,2,4,30.44,S,7,0,1
7466,3,male,35.8,1,0,5.29,S,2,0,1
7467,3,male,22.3,2,2,23.55,C,5,0,1
7470,3,female,35.1,5,2,6.06,S,8,0,1
7472,3,female,27.7,1,3,20.71,S,5,0,1
7478,3,male,35.3,1,0,23.14,Q,2,0,1
7485,3,male,41.9,2,0,21.72,S,3,0,1
7487,3,female,30.0,5,3,51.92,C,9,0,1
7489,3,female,27.4,5,0,33.7,S,6,0,1
7497,3,male,10.0,5,3,9.53,S,9,0,1
7505,3,male,46.6,0,4,0.1,S,5,0,1
7515,3,male,14.0,1,3,37.38,S,5,0,1
7528,3,male,38.1,1,2,127.6,S,4,0,1
7534,3,male,9.2,2,1,0.05,Q,4,0,1
7535,3,male,25.0,5,1,13.65,S,7,0,1
7543,3,male,17.4,4,2,68.48,S,7,0,1
7546,3,male,35.5,4,1,44.24,S,6,0,1
7548,3,female,34.6,5,4,44.59,S,10,0,1
7552,3,female,28.7,4,1,26.72,C,6,0,1
7554,3,male,33.7,3,3,14.9,S,7,0,1
7559,3,male,50.0,5,0,5.32,S,6,0,1
7560,3,male,46.2,0,2,114.65,C,3,0,1
7561,3,male,13.3,0,1,18.97,S,2,0,1
7563,3,male,52.6,3,3,33.26,S,7,0,1
7565,3,female,16.5,4,4,25.09,S,9,0,1
7573,3,male,30.5,3,0,41.89,S,4,0,1
7577,3,male,40.6,4,3,29.93,S,8,0,1
7578,3,male,31.6,2,4,35.31,S,7,0,1
7579,3,male,0.2,3,0,4.5,C,4,0,1
7580,3,female,48.5,5,2,6.07,C,8,0,1
7585,3,male,61.6,0,0,10.9,S,1,1,1
7591,3,female,27.4,3,2,15.52,Q,6,0,1
7592,3,male,21.7,1,4,9.58,S,6,0,1
7598,3,male,22.6,0,4,38.68,S,5,0,1
7600,3,male,36.7,1,3,0.44,S,5,0,1
7603,3,female,30.7,5,0,7.73,S,6,0,1
7605,3,female,24.0,2,4,13.16,S,7,0,1
7607,3,male,28.3,5,3,5.68,S,9,0,1
7612,3,female,24.6,4,2,42.15,S,7,0,1
7618,3,male,11.7,4,0,38.01,S,5,0,1
7625,3,female,18.9,5,3,4.02,Q,9,0,1
7626,3,male,17.4,5,0,10.01,S,6,0,1
7628,3,male,36.7,0,2,4.09,S,3,0,1
7633,3,male,23.3,1,1,19.58,S,3,0,1
7653,3,male,34.0,2,3,14.4,S,6,0,1
7654,3,male,56.9,4,0,7.82,C,5,0,1
7659,3,male,0.0,2,1,18.32,S,4,0,1
7661,3,female,16.5,0,1,86.45,C,2,0,1
7662,3,male,37.4,3,0,33.69,S,4,0,1
7666,3,male,0.0,1,1,8.77,S,3,0,1
7667,3,male,37.3,0,1,1.51,S,2,0,1
7670,3,female,10.2,0,2,6.56,S,3,0,1
7680,3,female,37.6,3,2,32.22,S,6,0,1
7685,3,male,31.4,0,3,13.55,S,4,0,1
7686,3,male,27.6,4,1,15.35,S,6,0,1
7689,3,male,45.0,3,4,72.05,Q,8,0,1
7691,3,female,29.6,3,4,0.9,S,8,0,1
7694,3,female,42.7,1,1,10.66,S,3,0,1
7695,3,male,53.1,3,3,11.23,C,7,0,1
7697,3,female,26.7,3,4,100.45,S,8,0,1
7701,3,male,42.9,4,1,30.7,S,6,0,1
7702,3,female,10.3,0,2,17.61,C,3,0,1
7721,3,male,21.6,0,2,7.6,S,3,0,1
7724,3,male,19.9,4,1,9.46,S,6,0,1
7736,3,male,27.1,1,4,64.01,S,6,0,1
7742,3,male,41.1,4,4,14.54,C,9,0,1
7751,3,male,22.3,1,4,54.44,S,6,0,1
7755,3,male,40.5,5,2,11.45,S,8,0,1
7757,3,male,18.1,0,3,10.34,C,4,0,1
7763,3,male,13.0,4,4,83.83,S,9,0,1
7764,3,female,24.2,2,4,3.26,Q,7,0,1
7765,3,male,33.9,5,3,12.92,S,9,0,1
7778,3,female,7.3,5,0,2.48,S,6,0,1
7787,3,male,28.7,3,3,101.71,S,7,0,1
7794,3,female,23.0,2,4,11.05,S,7,0,1
7796,3,male,18.7,5,1,48.66,C,7,0,1
7802,3,female,27.1,2,2,24.59,S,5,0,1
7806,3,female,32.0,2,3,56.27,S,6,0,1
7818,3,male,19.1,0,2,1.96,C,3,0,1
7823,3,male,28.0,1,0,57.25,S,2,0,1
7825,3,male,63.2,2,1,40.49,S,4,0,1
7826,3,male,33.5,2,0,14.12,S,3,0,1
7833,3,male,41.5,3,2,24.67,S,6,0,1
7844,3,male,32.6,4,3,2.18,S,8,0,1
7846,3,male,55.9,5,0,56.27,S,6,0,1
7865,3,female,7.4,4,4,16.79,S,9,0,1
7872,3,female,24.1,2,3,9.59,S,6,0,1
7873,3,male,7.1,3,0,11.71,S,4,0,1
7878,3,male,2.8,0,3,58.27,S,4,0,1
7883,3,male,44.4,2,3,5.51,S,6,0,1
7885,3,male,5.0,4,1,86.72,C,6,0,1
7892,3,female,29.2,0,3,31.48,C,4,0,1
7896,3,male,37.3,4,4,68.06,S,9,0,1
7899,3,male,26.4,0,2,12.44,S,3,0,1
7903,3,male,22.1,5,3,33.56,S,9,0,1
7905,3,male,46.3,1,0,14.7,S,2,0,1
7907,3,male,10.9,0,0,14.33,Q,1,1,1
7916,3,male,19.4,4,0,21.88,C,5,0,1
7920,3,male,10.9,1,1,17.35,S,3,0,1
7921,3,male,14.7,1,4,9.53,C,6,0,1
7927,3,male,43.3,1,2,51.0,C,4,0,1
7928,3,female,38.0,1,2,24.47,Q,4,0,1
7930,3,male,42.7,5,1,45.6,S,7,0,1
7941,3,male,14.6,2,3,15.47,S,6,0,1
7946,3,male,26.1,3,3,1.91,S,7,0,1
7970,3,male,40.4,3,0,17.75,S,4,0,1
7971,3,male,28.4,0,3,73.61,S,4,0,1
7973,3,female,32.3,2,4,0.62,Q,7,0,1
7976,3,female,28.1,3,1,36.82,S,5,0,1
7978,3,male,18.0,5,0,6.19,S,6,0,1
7979,3,male,70.1,0,1,96.24,Q,2,0,1
7982,3,male,55.7,2,0,84.04,Q,3,0,1
7985,3,female,29.3,5,4,8.22,S,10,0,1
7989,3,male,28.3,3,1,21.31,S,5,0,1
7998,3,female,20.9,4,4,18.96,S,9,0,1
8000,3,male,28.3,5,1,9.26,C,7,0,1
8003,3,male,46.9,3,2,1.32,S,6,0,1
8010,3,male,22.7,1,2,25.53,C,4,0,1
8019,3,male,15.3,2,1,7.76,Q,4,0,1
8026,3,male,24.5,4,4,4.26,C,9,0,1
8037,3,female,26.4,3,3,2.63,S,7,0,1
8039,3,female,38.3,0,0,15.15,C,1,1,1
8040,3,female,46.2,5,0,4.04,S,6,0,1
8043,3,male,55.8,0,4,49.55,S,5,0,1
8046,3,female,0.2,4,2,12.55,S,7,0,1
8052,3,male,27.8,3,1,2.38,S,5,0,1
8053,3,male,12.0,4,2,9.75,Q,7,0,1
8060,3,male,31.2,5,2,10.73,S,8,0,1
8073,3,male,29.6,2,1,24.95,S,4,0,1
8074,3,male,30.2,5,3,18.27,S,9,0,1
8084,3,female,9.3,3,4,62.18,C,8,0,1
8089,3,female,21.7,0,2,14.42,S,3,0,1
8090,3,male,8.4,2,1,12.2,S,4,0,1
8093,3,male,31.7,3,2,37.42,S,6,0,1
8100,3,female,27.5,5,2,10.91,S,8,0,1
8108,3,male,36.1,2,3,28.86,S,6,0,1
8112,3,male,31.8,4,3,1.09,S,8,0,1
8113,3,male,23.6,1,2,91.09,S,4,0,1
8116,3,female,26.6,0,0,35.6,C,1,1,1
8128,3,female,23.4,3,3,20.76,S,7,0,1
8130,3,male,36.4,4,0,25.78,S,5,0,1
8134,3,female,42.2,4,4,8.41,S,9,0,1
8137,3,female,24.6,2,4,10.55,S,7,0,1
8142,3,female,49.5,3,2,4.02,S,6,0,1
8144,3,female,33.6,0,1,36.35,S,2,0,1
8154,3,male,31.0,2,0,11.98,Q,3,0,1
8156,3,male,25.9,1,1,20.15,C,3,0,1
8160,3,female,39.9,5,2,19.71,S,8,0,1
8167,3,male,7.2,1,2,6.99,S,4,0,1
8170,3,male,29.6,0,4,59.99,S,5,0,1
8174,3,male,33.1,0,2,7.96,S,3,0,1
8190,3,female,19.8,5,0,1.39,S,6,0,1
8202,3,male,42.2,3,2,9.43,S,6,0,1
8204,3,female,37.4,0,4,30.53,S,5,0,1
8219,3,male,17.6,2,1,44.94,C,4,0,1
8232,3,male,21.9,2,4,30.9,S,7,0,1
8236,3,male,26.5,5,1,96.84,S,7,0,1
8237,3,male,21.2,1,0,1.29,S,2,0,1
8240,3,male,8.9,1,2,30.02,S,4,0,1
8245,3,female,7.8,1,2,52.96,C,4,0,1
8248,3,female,23.9,4,0,6.84,S,5,0,1
8250,3,male,27.2,5,3,2.56,S,9,0,1
8255,3,female,9.6,5,3,69.26,S,9,0,1
8259,3,female,24.8,3,0,19.21,S,4,0,1
8262,3,female,18.5,2,2,0.13,S,5,0,1
8264,3,female,31.4,0,4,47.43,C,5,0,1
8269,3,male,15.1,3,4,20.77,S,8,0,1
8282,3,male,36.6,5,1,7.4,S,7,0,1
8285,3,female,2.3,0,3,13.87,C,4,0,1
8290,3,male,28.4,3,3,1.1,S,7,0,1
8294,3,male,44.5,1,3,3.2,Q,5,0,1
8295,3,female,15.6,5,4,23.14,S,10,0,1
8316,3,male,33.6,2,1,6.25,S,4,0,1
8317,3,male,31.5,2,0,15.78,S,3,0,1
8318,3,male,23.0,4,1,11.17,S,6,0,1
8327,3,male,20.8,0,0,38.94,Q,1,1,1
8328,3,male,41.0,3,2,27.32,S,6,0,1
8332,3,female,15.5,3,3,53.22,C,7,0,1
8334,3,female,32.1,4,0,65.57,C,5,0,1
8339,3,male,32.5,1,4,142.0,S,6,0,1
8344,3,male,63.5,3,0,29.45,S,4,0,1
8349,3,male,23.2,4,3,0.55,Q,8,0,1
8360,3,male,25.3,3,1,15.78,S,5,0,1
8365,3,male,22.7,0,1,15.21,S,2,0,1
8373,3,female,40.1,1,3,37.24,S,5,0,1
8382,3,male,22.6,0,3,4.76,S,4,0,1
8383,3,male,41.4,0,2,12.32,S,3,0,1
8392,3,male,49.1,5,3,23.27,S,9,0,1
8393,3,male,50.2,2,0,23.08,S,3,0,1
8394,3,male,4.0,4,1,1.93,C,6,0,1
8398,3,male,17.6,3,4,0.59,S,8,0,1
8401,3,female,12.6,2,3,50.42,S,6,0,1
8416,3,female,26.5,1,2,3.07,S,4,0,1
8418,3,male,29.4,2,0,0.58,S,3,0,1
8427,3,female,23.7,1,1,9.88,S,3,0,1
8442,3,male,24.9,4,1,16.43,C,6,0,1
8445,3,female,18.6,3,0,24.35,S,4,0,1
8454,3,female,39.7,1,1,55.79,S,3,0,1
8456,3,male,2.8,0,4,14.57,Q,5,0,1
8460,3,male,54.6,1,3,75.93,C,5,0,1
8475,3,female,34.5,1,2,19.79,S,4,0,1
8479,3,male,54.3,5,3,13.68,S,9,0,1
8482,3,female,46.4,0,1,0.85,S,2,0,1
8483,3,female,36.8,5,3,24.34,S,9,0,1
8490,3,male,21.5,4,4,118.38,S,9,0,1
8496,3,male,0.0,4,0,53.63,C,5,0,1
8503,3,male,27.4,1,4,25.14,C,6,0,1
8508,3,male,21.1,0,2,18.23,S,3,0,1
8512,3,male,26.1,2,4,45.86,S,7,0,1
8516,3,male,16.9,3,2,14.52,Q,6,0,1
8519,3,male,42.0,3,3,118.12,Q,7,0,1
8529,3,male,36.6,4,3,4.76,S,8,0,1
8533,3,male,31.6,2,4,65.11,C,7,0,1
8537,3,male,16.5,1,4,31.8,S,6,0,1
8539,3,female,17.6,0,3,5.03,Q,4,0,1
8541,3,male,28.2,3,2,12.13,S,6,0,1
8543,3,male,39.2,5,1,39.31,S,7,0,1
8546,3,female,40.7,0,4,12.22,S,5,0,1
8550,3,male,37.1,4,3,16.18,S,8,0,1
8555,3,male,50.3,1,2,1.33,S,4,0,1
8561,3,male,12.0,0,3,102.06,C,4,0,1
8563,3,female,16.4,1,0,52.07,S,2,0,1
8566,3,male,27.5,2,2,111.55,S,5,0,1
8574,3,female,42.3,0,4,110.21,Q,5,0,1
8581,3,male,23.0,3,0,1.41,S,4,0,1
8582,3,female,45.1,0,0,21.21,S,1,1,1
8586,3,male,30.2,5,1,28.95,S,7,0,1
8587,3,male,45.8,3,4,10.44,Q,8,0,1
8590,3,male,17.6,0,3,11.83,S,4,0,1
8594,3,male,33.2,2,2,7.32,C,5,0,1
8606,3,female,19.8,2,2,47.8,S,5,0,1
8608,3,male,11.4,3,4,26.15,Q,8,0,1
8611,3,male,18.3,4,3,11.51,Q,8,0,1
8612,3,male,7.2,4,1,19.2,C,6,0,1
8615,3,male,39.3,1,0,30.04,S,2,0,1
8620,3,female,11.2,3,1,27.9,S,5,0,1
8627,3,male,42.9,4,0,8.44,S,5,0,1
8629,3,male,31.5,5,0,10.01,S,6,0,1
8630,3,male,20.3,5,0,49.54,S,6,0,1
8636,3,male,33.8,0,4,86.86,C,5,0,1
8648,3,male,15.6,4,0,22.61,S,5,0,1
8659,3,male,22.4,1,1,12.36,C,3,0,1
8666,3,male,64.5,5,0,49.46,S,6,0,1
8669,3,male,45.0,4,2,4.72,S,7,0,1
8670,3,male,3.0,1,2,145.27,S,4,0,1
8677,3,male,23.2,4,0,5.88,S,5,0,1
8681,3,female,37.3,1,2,17.72,C,4,0,1
8696,3,male,39.9,4,2,73.09,S,7,0,1
8700,3,male,27.9,5,2,1.71,S,8,0,1
8712,3,female,19.6,1,4,0.6,Q,6,0,1
8714,3,male,26.1,5,2,84.74,C,8,0,1
8715,3,female,20.0,2,4,5.19,S,7,0,1
8725,3,female,23.5,5,4,44.3,S,10,0,1
8735,3,female,23.8,2,0,6.22,S,3,0,1
8765,3,female,2.4,4,0,23.57,S,5,0,1
8766,3,male,22.7,1,1,19.18,S,3,0,1
8774,3,male,37.5,1,0,2.43,S,2,0,1
8776,3,female,19.6,0,3,19.75,S,4,0,1
8778,3,male,37.0,3,0,17.97,C,4,0,1
8783,3,male,10.0,5,4,52.29,S,10,0,1
8787,3,female,53.1,1,1,54.83,C,3,0,1
8789,3,male,42.3,2,3,6.39,S,6,0,1
8793,3,male,11.0,5,1,41.21,C,7,0,1
8803,3,female,4.6,4,1,10.05,S,6,0,1
8805,3,male,36.4,5,1,35.88,S,7,0,1
8812,3,female,27.8,3,1,37.49,S,5,0,1
8815,3,female,6.0,3,1,61.59,S,5,0,1
8821,3,male,18.1,5,2,24.49,S,8,0,1
8826,3,male,33.2,5,0,30.68,S,6,0,1
8832,3,male,21.8,4,1,92.76,S,6,0,1
8838,3,male,47.3,2,3,40.77,C,6,0,1
8843,3,male,26.9,2,3,15.39,C,6,0,1
8847,3,male,3.5,0,4,31.66,S,5,0,1
8850,3,male,34.9,2,0,19.48,S,3,0,1
8853,3,female,34.7,0,3,44.56,S,4,0,1
8861,3,male,45.2,4,1,12.62,S,6,0,1
8862,3,male,30.5,3,4,6.64,S,8,0,1
8872,3,female,31.2,0,1,12.61,S,2,0,1
8874,3,male,39.6,3,1,25.52,S,5,0,1
8885,3,male,27.4,1,1,39.33,Q,3,0,1
8892,3,male,29.8,5,2,44.9,S,8,0,1
8899,3,male,21.9,5,4,80.36,S,10,0,1
8901,3,male,23.1,3,4,3.54,S,8,0,1
8906,3,male,19.5,2,4,4.16,S,7,0,1
8907,3,male,22.0,4,0,35.88,C,5,0,1
8909,3,male,24.1,3,3,65.97,S,7,0,1
8910,3,female,31.4,4,2,16.56,Q,7,0,1
8911,3,male,32.9,5,1,34.12,S,7,0,1
8917,3,male,40.4,5,0,130.02,S,6,0,1
8923,3,female,24.9,1,4,3.03,C,6,0,1
8929,3,male,35.9,0,2,23.18,Q,3,0,1
8933,3,male,25.7,4,3,71.94,C,8,0,1
8945,3,male,26.7,1,1,51.0,C,3,0,1
8946,3,male,42.4,5,0,17.18,S,6,0,1
8947,3,male,19.1,5,4,5.66,S,10,0,1
8951,3,female,40.6,5,3,36.6,Q,9,0,1
8956,3,male,42.3,4,4,25.48,Q,9,0,1
8959,3,female,33.5,5,3,25.12,S,9,0,1
8965,3,female,17.4,5,4,21.26,C,10,0,1
8977,3,female,26.2,2,3,2.64,C,6,0,1
8978,3,female,21.9,1,3,34.94,C,5,0,1
8982,3,male,29.4,2,4,43.27,Q,7,0,1
8987,3,male,53.7,3,0,26.93,S,4,0,1
8999,3,female,37.3,2,4,25.56,S,7,0,1
9000,3,male,24.2,1,1,42.28,S,3,0,1
9004,3,male,17.9,3,4,17.8,S,8,0,1
9017,3,female,42.1,0,1,15.62,C,2,0,1
9035,3,male,32.6,2,2,23.75,S,5,0,1
9038,3,female,41.1,4,2,23.61,S,7,0,1
9042,3,male,25.1,3,4,2.27,S,8,0,1
9055,3,female,53.0,0,0,5.13,S,1,1,1
9056,3,female,27.9,1,0,33.68,S,2,0,1
9060,3,male,43.5,5,0,85.55,S,6,0,1
9061,3,male,19.4,1,0,64.77,C,2,0,1
9062,3,male,43.8,1,3,65.25,S,5,0,1
9070,3,male,23.8,4,4,25.52,C,9,0,1
9078,3,male,27.8,0,3,9.86,S,4,0,1
9087,3,male,10.5,4,1,3.09,S,6,0,1
9093,3,male,43.9,2,4,72.36,S,7,0,1
9095,3,female,25.1,3,1,35.31,S,5,0,1
9101,3,female,23.2,0,1,25.96,S,2,0,1
9103,3,male,25.1,1,1,14.86,S,3,0,1
9107,3,male,21.5,2,1,36.92,S,4,0,1
9109,3,female,43.9,4,2,4.48,S,7,0,1
9110,3,female,49.8,1,0,19.25,S,2,0,1
9117,3,male,42.7,4,0,31.96,C,5,0,1
9118,3,female,17.4,1,4,16.38,S,6,0,1
9119,3,male,33.5,0,4,40.82,S,5,0,1
9122,3,male,32.3,0,4,59.04,S,5,0,1
9123,3,male,27.1,2,1,93.73,S,4,0,1
9125,3,male,43.9,0,0,12.53,C,1,1,1
9128,3,male,2.9,3,1,7.96,S,5,0,1
9129,3,female,0.0,4,0,14.4,C,5,0,1
9131,3,female,12.5,1,3,0.12,C,5,0,1
9136,3,female,39.1,5,1,38.47,S,7,0,1
9142,3,male,3.5,3,0,55.31,S,4,0,1
9156,3,male,20.0,2,0,43.13,C,3,0,1
9158,3,female,34.8,4,1,16.27,S,6,0,1
9160,3,male,15.8,5,2,41.59,S,8,0,1
9161,3,male,51.8,1,3,14.87,Q,5,0,1
9162,3,female,23.2,4,3,22.76,S,8,0,1
9164,3,male,11.2,0,0,2.71,C,1,1,1
9166,3,male,9.4,1,2,159.78,S,4,0,1
9171,3,male,26.0,5,3,6.31,S,9,0,1
9177,3,male,12.3,2,4,8.82,S,7,0,1
9185,3,male,9.1,0,1,14.13,S,2,0,1
9188,3,female,26.9,5,4,2.05,S,10,0,1
9189,3,male,37.8,5,0,51.53,S,6,0,1
9190,3,female,15.5,1,0,7.74,S,2,0,1
9194,3,male,48.9,5,0,57.44,S,6,0,1
9196,3,male,19.2,1,4,10.03,S,6,0,1
9197,3,male,33.0,4,1,6.58,S,6,0,1
9200,3,female,29.7,5,0,4.1,Q,6,0,1
9204,3,male,45.5,2,3,9.86,S,6,0,1
9207,3,male,43.3,2,1,97.88,S,4,0,1
9210,3,female,21.1,5,2,2.42,C,8,0,1
9211,3,male,24.1,5,4,7.23,S,10,0,1
9218,3,male,6.7,2,4,37.09,S,7,0,1
9224,3,female,3.6,2,3,30.68,S,6,0,1
9227,3,female,22.6,2,0,7.38,S,3,0,1
9239,3,male,30.4,2,4,23.39,S,7,0,1
9241,3,female,15.7,2,2,63.99,Q,5,0,1
9245,3,male,45.0,1,1,10.01,S,3,0,1
9251,3,female,45.0,0,3,2.08,S,4,0,1
9254,3,male,35.3,2,3,6.48,S,6,0,1
9258,3,male,15.6,5,1,4.57,S,7,0,1
9263,3,male,36.9,2,1,37.92,S,4,0,1
9264,3,female,3.7,3,4,67.7,S,8,0,1
9272,3,female,12.3,2,3,8.23,S,6,0,1
9281,3,male,22.1,2,0,66.48,S,3,0,1
9282,3,female,14.6,0,0,36.96,Q,1,1,1
9287,3,male,51.6,2,0,22.69,Q,3,0,1
9295,3,male,16.4,3,4,49.25,S,8,0,1
9296,3,male,41.1,2,0,1.68,S,3,0,1
9297,3,female,22.0,0,2,8.55,S,3,0,1
9298,3,female,34.8,5,4,8.08,S,10,0,1
9302,3,male,0.0,4,3,76.98,S,8,0,1
9304,3,male,7.0,2,0,34.71,S,3,0,1
9307,3,male,24.9,4,0,44.78,S,5,0,1
9316,3,male,41.8,5,1,3.83,S,7,0,1
9319,3,male,39.6,4,1,51.79,Q,6,0,1
9325,3,female,32.4,0,1,70.96,S,2,0,1
9326,3,female,32.4,4,1,9.0,S,6,0,1
9333,3,female,34.4,4,3,62.33,S,8,0,1
9340,3,male,34.2,4,1,13.67,C,6,0,1
9342,3,female,45.1,1,2,3.26,S,4,0,1
9345,3,female,21.0,1,4,1.15,S,6,0,1
9346,3,male,41.6,0,4,12.0,S,5,0,1
9348,3,female,28.9,3,3,1.91,S,7,0,1
9349,3,female,26.2,4,3,0.65,S,8,0,1
9352,3,male,12.4,2,0,14.41,C,3,0,1
9355,3,male,20.0,0,3,5.37,S,4,0,1
9356,3,male,0.0,0,4,0.97,C,5,0,1
9358,3,male,25.1,3,2,75.72,S,6,0,1
9359,3,male,23.4,3,0,23.63,S,4,0,1
9361,3,female,0.0,4,2,4.66,Q,7,0,1
9367,3,female,35.2,3,0,3.81,C,4,0,1
9370,3,female,35.7,1,1,2.67,C,3,0,1
9373,3,male,30.3,4,4,6.54,S,9,0,1
9376,3,male,46.2,5,0,44.61,S,6,0,1
9385,3,male,27.7,2,0,19.74,S,3,0,1
9386,3,male,30.8,3,3,21.49,S,7,0,1
9390,3,male,24.1,5,3,58.26,S,9,0,1
9391,3,male,27.9,1,3,12.48,S,5,0,1
9400,3,male,36.9,3,1,14.07,S,5,0,1
9412,3,male,39.5,3,2,18.73,C,6,0,1
9420,3,male,11.9,4,0,106.01,S,5,0,1
9424,3,male,21.9,3,1,1.48,S,5,0,1
9427,3,female,15.6,0,0,18.46,S,1,1,1
9430,3,male,28.9,4,3,84.68,S,8,0,1
9436,3,female,20.2,4,4,110.98,S,9,0,1
9454,3,male,42.7,3,3,6.81,Q,7,0,1
9460,3,male,28.6,0,4,30.17,S,5,0,1
9465,3,female,19.6,4,1,149.34,S,6,0,1
9466,3,female,41.9,4,2,9.31,S,7,0,1
9471,3,male,23.3,1,2,35.24,S,4,0,1
9472,3,male,40.4,0,1,7.38,S,2,0,1
9474,3,male,23.3,5,4,65.83,S,10,0,1
9476,3,male,44.5,3,3,32.43,Q,7,0,1
9477,3,male,19.5,4,3,24.68,S,8,0,1
9484,3,male,21.5,3,2,4.32,C,6,0,1
9485,3,female,18.8,2,0,68.57,Q,3,0,1
9498,3,male,41.3,2,1,46.45,S,4,0,1
9501,3,male,16.6,1,3,11.84,C,5,0,1
9503,3,male,0.0,0,4,18.24,S,5,0,1
9514,3,female,30.3,3,2,26.75,S,6,0,1
9517,3,female,35.4,2,0,1.56,S,3,0,1
9522,3,female,20.1,3,3,33.14,S,7,0,1
9523,3,female,30.4,2,2,68.75,Q,5,0,1
9529,3,male,29.1,0,1,4.79,Q,2,0,1
9531,3,male,20.6,0,1,76.13,S,2,0,1
9533,3,male,17.6,3,0,95.88,S,4,0,1
9537,3,male,41.0,4,4,23.79,C,9,0,1
9551,3,female,39.9,1,1,12.76,C,3,0,1
9552,3,male,45.3,1,4,23.45,S,6,0,1
9554,3,female,11.1,4,1,13.96,S,6,0,1
9558,3,female,15.8,5,1,6.2,C,7,0,1
9560,3,female,39.1,5,4,121.65,S,10,0,1
9567,3,male,22.6,2,0,8.62,S,3,0,1
9577,3,female,22.6,4,4,45.51,C,9,0,1
9585,3,female,16.3,2,2,5.1,S,5,0,1
9589,3,female,17.7,0,1,31.53,S,2,0,1
9592,3,male,20.5,0,4,7.79,S,5,0,1
9601,3,male,33.8,3,2,0.57,S,6,0,1
9604,3,male,63.5,2,1,33.87,S,4,0,1
9605,3,male,0.0,3,3,34.58,S,7,0,1
9606,3,male,22.0,5,1,38.16,S,7,0,1
9609,3,male,9.6,4,1,14.59,S,6,0,1
9610,3,male,20.1,3,4,74.36,S,8,0,1
9612,3,male,19.9,2,4,60.54,C,7,0,1
9614,3,female,9.0,1,4,34.5,S,6,0,1
9615,3,female,25.4,5,0,1.81,S,6,0,1
9623,3,female,29.2,2,2,65.65,S,5,0,1
9631,3,male,20.4,1,0,9.66,S,2,0,1
9645,3,female,10.8,3,1,22.94,S,5,0,1
9646,3,male,31.5,0,3,41.9,S,4,0,1
9656,3,male,35.9,3,1,3.94,S,5,0,1
9669,3,male,43.2,4,1,67.36,S,6,0,1
9676,3,male,37.1,3,0,14.99,S,4,0,1
9689,3,male,40.5,5,3,93.17,S,9,0,1
9697,3,male,37.6,4,1,58.54,C,6,0,1
9700,3,female,43.3,4,3,110.28,S,8,0,1
9702,3,female,25.8,1,4,51.09,S,6,0,1
9703,3,male,54.1,0,3,37.15,S,4,0,1
9720,3,male,14.2,0,4,0.3,C,5,0,1
9722,3,male,34.4,4,2,32.76,S,7,0,1
9726,3,female,21.7,2,2,6.66,S,5,0,1
9734,3,male,15.4,2,2,14.47,S,5,0,1
9736,3,male,66.6,1,1,31.44,S,3,0,1
9739,3,female,21.7,1,4,60.43,S,6,0,1
9743,3,female,32.8,0,3,22.03,S,4,0,1
9745,3,male,31.9,0,4,65.25,S,5,0,1
9749,3,male,54.2,2,4,35.22,S,7,0,1
9764,3,female,19.3,0,2,47.26,S,3,0,1
9767,3,female,37.0,3,4,82.41,S,8,0,1
9777,3,male,12.8,2,0,44.32,S,3,0,1
9782,3,male,39.1,5,1,35.29,Q,7,0,1
9796,3,male,2.5,3,1,1.21,S,5,0,1
9797,3,female,28.8,1,3,19.48,Q,5,0,1
9799,3,female,29.2,2,0,25.23,S,3,0,1
9800,3,female,23.7,5,4,15.17,S,10,0,1
9803,3,male,33.4,5,0,44.53,S,6,0,1
9805,3,male,35.6,1,4,41.21,S,6,0,1
9806,3,male,26.0,4,1,11.52,C,6,0,1
9811,3,female,26.9,3,1,13.7,S,5,0,1
9814,3,female,40.6,5,4,27.42,S,10,0,1
9815,3,female,30.2,4,4,50.31,S,9,0,1
9822,3,male,48.9,0,2,8.27,S,3,0,1
9828,3,female,12.4,3,1,5.78,S,5,0,1
9829,3,male,27.5,0,2,68.31,S,3,0,1
9831,3,male,44.3,4,3,8.22,C,8,0,1
9833,3,male,41.7,3,3,83.77,S,7,0,1
9836,3,female,22.2,5,1,80.55,S,7,0,1
9838,3,male,28.8,4,0,1.75,S,5,0,1
9839,3,female,50.1,2,1,7.45,S,4,0,1
9843,3,male,18.6,2,4,1.31,S,7,0,1
9846,3,male,6.9,1,3,20.32,S,5,0,1
9850,3,female,29.7,1,0,22.46,S,2,0,1
9851,3,male,23.6,3,3,19.53,S,7,0,1
9862,3,female,29.1,1,0,113.71,S,2,0,1
9863,3,male,26.0,0,0,73.85,S,1,1,1
9878,3,female,34.3,0,1,23.84,S,2,0,1
9890,3,female,16.5,3,1,21.59,S,5,0,1
9893,3,female,30.6,2,2,1.99,S,5,0,1
9896,3,female,31.6,1,3,2.51,S,5,0,1
9897,3,male,26.6,2,1,17.38,S,4,0,1
9904,3,male,28.8,1,2,3.95,S,4,0,1
9906,3,female,14.0,2,4,45.59,S,7,0,1
9915,3,male,36.6,3,2,53.32,S,6,0,1
9921,3,male,30.5,3,3,27.29,C,7,0,1
9927,3,male,28.8,1,3,24.36,S,5,0,1
9928,3,male,33.2,5,1,19.61,S,7,0,1
9930,3,male,12.2,0,0,1.66,S,1,1,1
9937,3,male,21.9,4,1,136.34,C,6,0,1
9943,3,female,45.3,3,1,60.76,S,5,0,1
9951,3,female,33.4,5,0,15.97,S,6,0,1
9956,3,female,34.3,1,4,9.07,S,6,0,1
9957,3,male,23.9,2,2,72.01,C,5,0,1
9958,3,male,29.4,5,4,28.68,S,10,0,1
9972,3,male,53.5,0,2,51.71,S,3,0,1
9977,3,female,42.5,5,2,10.47,S,8,0,1
9978,3,female,23.9,4,2,21.58,S,7,0,1
9979,3,male,39.6,4,0,0.29,C,5,0,1
9983,3,male,34.4,2,1,34.63,C,4,0,1
9989,3,female,36.2,5,0,14.91,S,6,0,1
9996,3,female,29.5,4,2,27.1,S,7,0,1
9997,3,male,1.0,4,4,11.38,S,9,0,1
10010,3,female,29.2,4,2,23.12,S,7,0,1
10011,3,male,17.4,2,1,12.52,S,4,0,1
10012,3,female,8.7,3,1,119.96,S,5,0,1
10022,3,female,15.3,0,3,69.08,S,4,0,1
10027,3,male,32.1,5,2,7.87,S,8,0,1
10031,3,female,32.4,5,4,25.97,S,10,0,1
10032,3,male,27.7,1,3,7.15,C,5,0,1
10033,3,male,27.0,5,1,1.51,Q,7,0,1
10034,3,male,44.1,5,3,47.32,S,9,0,1
10040,3,male,21.6,0,1,21.16,S,2,0,1
10049,3,male,2.0,0,0,15.84,C,1,1,1
10050,3,male,33.1,4,0,10.69,C,5,0,1
10052,3,female,51.4,4,4,31.46,Q,9,0,1
10067,3,male,43.2,5,0,79.05,S,6,0,1
10069,3,female,42.6,3,0,15.61,S,4,0,1
10072,3,female,39.6,5,3,33.41,S,9,0,1
10074,3,female,35.3,0,4,2.66,S,5,0,1
10079,3,female,40.6,5,3,34.17,S,9,0,1
10082,3,female,29.3,1,0,114.06,S,2,0,1
10086,3,male,39.5,2,4,112.62,S,7,0,1
10088,3,male,21.6,2,4,45.05,S,7,0,1
10094,3,male,19.1,5,0,24.47,S,6,0,1
10097,3,male,11.6,2,3,51.51,C,6,0,1
10102,3,female,34.3,1,0,4.54,S,2,0,1
10104,3,female,28.4,5,3,3.3,C,9,0,1
10122,3,male,22.7,1,2,3.33,S,4,0,1
10123,3,female,39.1,2,2,21.16,C,5,0,1
10125,3,male,25.8,2,0,4.01,S,3,0,1
10130,3,male,18.6,0,3,2.88,C,4,0,1
10132,3,female,31.3,5,1,5.14,S,7,0,1
10137,3,female,41.0,2,2,4.2,Q,5,0,1
10142,3,female,0.0,0,1,29.82,Q,2,0,1
10150,3,male,26.8,2,3,4.37,S,6,0,1
10154,3,female,16.3,5,4,4.17,S,10,0,1
10158,3,male,11.6,2,2,27.83,S,5,0,1
10159,3,male,20.2,0,0,7.4,S,1,1,1
10164,3,female,0.0,0,2,16.1,S,3,0,1
10176,3,male,21.6,2,1,37.4,S,4,0,1
10178,3,male,45.1,2,0,2.0,S,3,0,1
10179,3,male,47.0,2,2,32.94,S,5,0,1
10180,3,male,29.8,5,3,1.7,S,9,0,1
10186,3,male,31.8,4,3,10.96,S,8,0,1
10187,3,female,22.1,5,4,21.18,S,10,0,1
10190,3,male,44.7,0,4,29.49,C,5,0,1
10206,3,male,31.8,0,4,10.88,S,5,0,1
10209,3,male,30.5,3,3,128.23,S,7,0,1
10216,3,male,22.4,0,2,33.97,S,3,0,1
10220,3,male,3.3,3,4,75.54,S,8,0,1
10221,3,female,34.8,5,3,9.54,S,9,0,1
10226,3,male,36.6,4,3,32.95,S,8,0,1
10227,3,male,40.5,1,1,66.85,S,3,0,1
10234,3,female,15.0,5,3,28.14,C,9,0,1
10236,3,male,40.2,3,3,17.5,S,7,0,1
10247,3,female,25.9,3,0,62.11,C,4,0,1
10250,3,male,25.5,0,4,11.94,C,5,0,1
10260,3,male,34.8,3,2,74.06,S,6,0,1
10263,3,male,37.1,4,2,21.4,S,7,0,1
10264,3,male,13.0,4,0,18.25,S,5,0,1
10274,3,female,35.6,2,4,47.56,S,7,0,1
10277,3,male,40.2,0,2,69.47,S,3,0,1
10282,3,male,2.3,4,0,1.56,S,5,0,1
10293,3,female,27.0,3,1,5.67,C,5,0,1
10296,3,male,22.3,1,4,55.22,S,6,0,1
10299,3,male,28.3,2,3,34.33,S,6,0,1
10300,3,male,9.1,4,3,63.89,S,8,0,1
10301,3,female,36.2,3,1,13.37,C,5,0,1
10306,3,male,45.6,3,1,92.12,S,5,0,1
10308,3,female,43.0,5,0,30.23,S,6,0,1
10310,3,female,36.9,3,4,13.68,S,8,0,1
10312,3,male,55.7,4,3,23.5,S,8,0,1
10314,3,male,35.3,2,3,33.81,S,6,0,1
10333,3,female,27.5,3,2,63.59,S,6,0,1
10339,3,male,7.4,0,1,89.16,C,2,0,1
10343,3,female,12.3,3,3,7.69,S,7,0,1
10351,3,male,23.4,1,1,38.46,S,3,0,1
10353,3,female,19.4,1,4,19.7,S,6,0,1
10360,3,male,34.4,5,0,43.18,C,6,0,1
10361,3,male,41.4,3,0,34.19,C,4,0,1
10363,3,female,36.5,4,4,3.09,S,9,0,1
10366,3,male,35.4,0,3,8.85,S,4,0,1
10371,3,male,27.6,2,3,54.02,S,6,0,1
10378,3,male,27.6,4,4,11.2,Q,9,0,1
10381,3,male,23.0,1,0,17.76,C,2,0,1
10384,3,male,39.3,3,4,18.82,S,8,0,1
10387,3,male,56.5,0,3,7.42,S,4,0,1
10388,3,male,30.9,2,4,80.78,C,7,0,1
10389,3,male,25.4,2,4,14.17,S,7,0,1
10404,3,female,15.3,5,1,9.72,S,7,0,1
10414,3,male,26.2,0,1,115.12,S,2,0,1
10424,3,male,59.8,3,1,8.8,Q,5,0,1
10429,3,female,25.0,4,0,92.63,S,5,0,1
10432,3,male,22.6,0,0,30.54,S,1,1,1
10434,3,male,17.5,0,0,29.92,S,1,1,1
10440,3,male,59.4,4,2,19.25,S,7,0,1
10447,3,male,46.9,3,4,61.8,S,8,0,1
10449,3,male,41.7,3,1,18.63,C,5,0,1
10450,3,male,48.9,1,4,43.15,Q,6,0,1
10451,3,female,0.0,0,3,4.31,S,4,0,1
10453,3,male,27.5,3,4,3.72,S,8,0,1
10468,3,female,30.1,4,0,2.01,C,5,0,1
10471,3,female,14.2,5,0,13.78,Q,6,0,1
10472,3,female,37.7,1,1,25.26,S,3,0,1
10485,3,female,46.2,4,0,162.31,Q,5,0,1
10487,3,male,43.9,5,4,2.27,S,10,0,1
10502,3,male,12.0,3,2,35.01,S,6,0,1
10504,3,female,22.9,5,4,35.09,S,10,0,1
10516,3,female,18.9,2,2,37.35,S,5,0,1
10519,3,female,18.9,1,2,17.12,S,4,0,1
10531,3,male,8.9,1,2,30.01,S,4,0,1
10542,3,male,43.9,2,3,17.63,S,6,0,1
10543,3,female,36.6,2,4,17.77,S,7,0,1
10547,3,female,52.0,2,2,26.44,S,5,0,1
10559,3,male,21.7,3,3,25.88,C,7,0,1
10565,3,male,51.1,0,1,34.81,S,2,0,1
10570,3,male,21.0,4,3,96.78,S,8,0,1
10571,3,male,46.7,1,0,6.05,S,2,0,1
10579,3,male,32.7,3,0,27.73,S,4,0,1
10581,3,male,36.3,3,0,10.17,S,4,0,1
10590,3,male,28.3,5,4,36.95,C,10,0,1
10591,3,male,38.6,0,3,5.56,S,4,0,1
10594,3,female,11.5,0,3,18.21,C,4,0,1
10602,3,male,52.3,4,1,24.81,S,6,0,1
10606,3,male,33.1,5,1,9.13,C,7,0,1
10607,3,male,60.5,5,1,122.32,S,7,0,1
10608,3,male,36.1,3,1,13.53,S,5,0,1
10609,3,male,17.5,2,3,5.0,S,6,0,1
10626,3,male,26.9,2,1,18.53,C,4,0,1
10631,3,male,20.7,4,0,66.16,C,5,0,1
10635,3,male,31.0,3,1,35.96,C,5,0,1
10637,3,male,24.3,0,3,11.43,C,4,0,1
10643,3,female,39.6,3,2,27.51,Q,6,0,1
10646,3,male,37.2,1,0,22.66,S,2,0,1
10648,3,male,43.4,3,2,124.86,S,6,0,1
10649,3,female,21.3,4,0,19.44,S,5,0,1
10650,3,female,20.4,4,3,6.63,C,8,0,1
10651,3,male,12.2,1,0,26.49,S,2,0,1
10655,3,female,28.1,1,0,0.79,Q,2,0,1
10662,3,male,28.6,5,0,99.82,C,6,0,1
10668,3,male,42.4,1,3,33.59,S,5,0,1
10670,3,male,14.4,0,0,45.18,S,1,1,1
10675,3,female,30.0,5,2,39.79,C,8,0,1
10690,3,male,29.4,4,0,12.46,S,5,0,1
10692,3,male,16.4,4,2,27.41,S,7,0,1
10696,3,male,40.2,4,3,34.48,Q,8,0,1
10698,3,male,40.4,4,3,103.17,S,8,0,1
10703,3,female,40.0,3,4,73.3,S,8,0,1
10706,3,male,17.4,1,3,48.22,S,5,0,1
10723,3,male,24.6,1,0,30.65,C,2,0,1
10724,3,female,18.4,5,2,59.99,C,8,0,1
10729,3,male,32.7,3,1,33.81,S,5,0,1
10731,3,male,27.3,4,4,135.56,S,9,0,1
10736,3,male,37.0,3,0,12.56,S,4,0,1
10741,3,male,31.5,5,0,12.29,Q,6,0,1
10747,3,male,21.8,3,1,4.28,C,5,0,1
10757,3,male,29.4,1,4,8.77,Q,6,0,1
10764,3,male,15.1,1,0,50.99,Q,2,0,1
10771,3,male,18.7,1,4,26.35,S,6,0,1
10778,3,female,42.4,5,3,79.68,S,9,0,1
10780,3,male,0.0,5,0,9.4,S,6,0,1
10783,3,male,42.5,3,0,13.42,C,4,0,1
10788,3,male,22.3,5,4,135.43,S,10,0,1
10790,3,male,31.2,4,2,19.44,S,7,0,1
10801,3,male,14.0,4,2,13.48,C,7,0,1
10803,3,male,29.6,4,3,20.7,C,8,0,1
10804,3,male,2.0,3,0,10.47,Q,4,0,1
10808,3,female,0.0,0,2,3.74,S,3,0,1
10810,3,male,16.5,5,4,20.51,Q,10,0,1
10811,3,female,22.4,0,0,3.93,S,1,1,1
10814,3,male,1.4,0,2,17.82,C,3,0,1
10816,3,male,40.2,1,1,5.24,S,3,0,1
10822,3,male,38.1,3,1,34.01,S,5,0,1
10824,3,female,43.3,1,0,27.18,Q,2,0,1
10827,3,male,6.7,1,3,0.44,S,5,0,1
10838,3,male,10.4,2,2,21.41,S,5,0,1
10840,3,male,13.0,5,0,58.77,Q,6,0,1
10842,3,female,44.8,5,1,1.32,C,7,0,1
10845,3,male,12.2,5,4,18.25,S,10,0,1
10848,3,female,29.6,0,2,97.88,S,3,0,1
10852,3,male,38.5,5,2,37.73,S,8,0,1
10853,3,male,53.9,3,2,4.83,S,6,0,1
10856,3,female,31.8,3,3,2.96,C,7,0,1
10858,3,female,35.1,3,1,73.71,S,5,0,1
10860,3,male,26.6,4,2,79.07,Q,7,0,1
10867,3,female,37.4,2,0,98.19,S,3,0,1
10871,3,male,44.5,3,1,26.63,C,5,0,1
10874,3,female,31.9,0,1,69.05,S,2,0,1
10879,3,male,27.9,1,2,7.83,C,4,0,1
10885,3,male,43.7,2,1,70.89,S,4,0,1
10890,3,male,40.6,1,0,26.75,C,2,0,1
10892,3,male,31.4,0,1,133.92,S,2,0,1
10902,3,male,41.4,5,1,7.76,S,7,0,1
10908,3,male,30.8,1,3,8.18,S,5,0,1
10913,3,male,42.6,1,4,87.24,S,6,0,1
10914,3,male,16.8,1,4,49.54,C,6,0,1
10924,3,male,24.7,4,1,64.94,S,6,0,1
10929,3,male,31.6,3,4,0.79,S,8,0,1
10933,3,male,39.4,2,2,55.75,C,5,0,1
10945,3,female,37.5,5,0,39.73,S,6,0,1
10947,3,male,37.0,5,1,0.45,S,7,0,1
10949,3,male,21.4,5,2,11.32,C,8,0,1
10951,3,female,32.9,2,3,43.86,S,6,0,1
10957,3,male,44.8,2,2,43.96,S,5,0,1
10959,3,male,52.5,3,2,12.67,S,6,0,1
10971,3,male,23.2,5,2,47.4,S,8,0,1
10974,3,female,0.0,1,1,13.91,S,3,0,1
10976,3,female,24.2,0,3,7.44,S,4,0,1
10977,3,male,34.5,2,4,7.72,S,7,0,1
10988,3,male,11.0,3,0,67.22,S,4,0,1
10990,3,female,27.3,3,0,24.24,S,4,0,1
10996,3,male,14.0,3,4,29.51,S,8,0,1
10997,3,female,17.8,4,3,19.64,S,8,0,1
11005,3,female,37.8,2,2,11.3,S,5,0,1
11007,3,female,46.1,1,1,6.13,C,3,0,1
11011,3,male,34.6,2,2,0.32,S,5,0,1
11014,3,male,25.4,5,2,18.41,C,8,0,1
11016,3,female,10.1,0,4,54.5,S,5,0,1
11017,3,male,29.9,5,4,25.76,S,10,0,1
11020,3,male,22.6,3,1,4.28,S,5,0,1
11034,3,male,24.6,2,2,4.65,S,5,0,1
11035,3,female,19.3,1,0,65.77,S,2,0,1
11043,3,male,16.9,5,3,5.33,S,9,0,1
11045,3,female,30.9,0,0,29.8,S,1,1,1
11052,3,female,24.0,2,0,55.08,S,3,0,1
11060,3,male,43.8,2,4,10.18,S,7,0,1
11062,3,female,19.6,3,3,6.89,S,7,0,1
11063,3,male,9.5,2,4,16.71,S,7,0,1
11071,3,male,20.0,0,0,64.1,Q,1,1,1
11079,3,female,24.3,1,2,8.63,S,4,0,1
11084,3,male,52.3,2,0,19.29,S,3,0,1
11091,3,female,18.5,1,2,9.49,C,4,0,1
11096,3,female,22.9,5,4,5.66,S,10,0,1
11097,3,male,35.0,0,1,13.08,C,2,0,1
11101,3,female,35.7,5,1,0.88,S,7,0,1
11102,3,male,9.7,1,2,8.31,S,4,0,1
11104,3,male,16.0,2,3,0.97,Q,6,0,1
11109,3,female,32.8,4,3,19.42,C,8,0,1
11110,3,male,32.0,5,4,30.44,C,10,0,1
11120,3,male,45.7,2,3,6.75,S,6,0,1
11129,3,female,47.5,4,2,56.18,S,7,0,1
11137,3,female,47.9,5,4,34.05,C,10,0,1
11138,3,male,25.3,1,0,4.22,S,2,0,1
11143,3,male,37.8,0,0,26.77,S,1,1,1
11149,3,female,32.3,3,4,52.15,S,8,0,1
11156,3,male,42.0,2,2,55.1,S,5,0,1
11158,3,male,17.7,0,1,38.38,S,2,0,1
11159,3,male,36.5,0,0,6.04,S,1,1,1
11162,3,male,9.4,0,4,1.57,S,5,0,1
11163,3,female,36.9,3,0,32.54,S,4,0,1
11173,3,male,36.1,2,4,27.68,S,7,0,1
11178,3,male,23.5,1,0,21.31,S,2,0,1
11180,3,male,41.2,3,1,11.48,S,5,0,1
11181,3,male,6.9,4,1,88.67,Q,6,0,1
11182,3,male,38.1,1,0,10.58,Q,2,0,1
11184,3,male,28.3,2,3,53.77,S,6,0,1
11189,3,female,35.4,2,2,100.82,S,5,0,1
11193,3,female,56.2,0,2,1.36,C,3,0,1
11196,3,male,45.9,4,2,1.87,C,7,0,1
11204,3,female,13.1,3,0,45.63,S,4,0,1
11205,3,male,20.9,3,1,101.03,S,5,0,1
11206,3,female,36.2,1,3,183.97,S,5,0,1
11214,3,male,23.3,3,3,28.42,C,7,0,1
11222,3,male,0.0,4,1,38.42,S,6,0,1
11223,3,female,9.6,1,3,0.66,S,5,0,1
11226,3,male,36.0,5,0,29.84,S,6,0,1
11227,3,female,18.1,0,0,41.03,S,1,1,1
11230,3,male,6.1,3,2,29.12,S,6,0,1
11233,3,male,11.1,5,1,54.3,C,7,0,1
11237,3,male,61.9,1,2,7.69,S,4,0,1
11241,3,female,34.4,2,0,56.92,S,3,0,1
11251,3,female,18.3,4,3,13.57,S,8,0,1
11252,3,male,33.7,1,3,0.75,S,5,0,1
11253,3,female,52.2,5,0,1.83,S,6,0,1
11258,3,female,43.8,5,1,91.22,C,7,0,1
11264,3,male,41.3,1,2,0.9,C,4,0,1
11278,3,female,12.7,5,2,7.06,S,8,0,1
11282,3,male,8.4,5,2,17.79,S,8,0,1
11289,3,female,27.4,0,3,15.4,S,4,0,1
11293,3,male,32.6,5,4,13.54,S,10,0,1
11298,3,male,38.7,3,1,19.85,S,5,0,1
11314,3,female,28.0,3,3,2.87,Q,7,0,1
11315,3,male,22.1,2,0,17.45,S,3,0,1
11319,3,male,18.1,4,0,8.18,S,5,0,1
11324,3,female,26.8,1,2,13.59,S,4,0,1
11330,3,female,8.0,4,2,18.04,S,7,0,1
11338,3,female,4.2,0,0,38.33,C,1,1,1
11354,3,male,23.7,5,2,18.7,S,8,0,1
11362,3,male,54.0,5,0,9.16,S,6,0,1
11365,3,male,23.0,4,3,23.04,S,8,0,1
11369,3,male,54.9,5,3,10.94,S,9,0,1
11376,3,male,8.3,5,1,7.51,C,7,0,1
11381,3,male,19.4,2,4,96.32,S,7,0,1
11388,3,female,26.0,3,3,6.65,S,7,0,1
11394,3,male,34.0,0,0,15.14,S,1,1,1
11397,3,male,11.0,5,1,70.1,S,7,0,1
11402,3,male,34.7,0,1,18.57,S,2,0,1
11404,3,female,11.4,0,0,11.9,Q,1,1,1
11424,3,male,35.4,2,2,27.4,S,5,0,1
11427,3,male,52.4,4,2,9.32,S,7,0,1
11434,3,male,22.6,0,3,61.09,S,4,0,1
11437,3,male,28.6,4,3,8.45,S,8,0,1
11438,3,male,33.7,2,3,43.12,S,6,0,1
11439,3,male,10.5,2,1,61.88,S,4,0,1
11445,3,female,30.5,5,4,7.74,S,10,0,1
11446,3,female,6.7,0,0,28.09,S,1,1,1
11449,3,male,22.9,3,4,81.17,S,8,0,1
11454,3,female,28.9,5,2,19.69,S,8,0,1
11459,3,female,14.0,2,3,22.95,S,6,0,1
11462,3,female,37.6,3,2,41.4,Q,6,0,1
11467,3,female,19.2,3,2,48.1,S,6,0,1
11474,3,female,25.7,4,3,15.55,Q,8,0,1
11477,3,male,38.3,3,2,58.69,C,6,0,1
11479,3,male,29.7,0,2,20.47,Q,3,0,1
11488,3,male,56.5,1,4,26.04,S,6,0,1
11490,3,male,22.1,2,0,8.34,C,3,0,1
11493,3,female,18.6,2,4,37.73,C,7,0,1
11499,3,male,37.0,0,0,2.96,C,1,1,1
11501,3,male,41.5,4,1,22.81,S,6,0,1
11506,3,female,27.4,5,4,2.9,S,10,0,1
11515,3,female,31.1,1,1,1.41,S,3,0,1
11518,3,male,40.9,4,3,20.57,S,8,0,1
11525,3,female,24.3,4,2,74.8,C,7,0,1
11527,3,male,24.6,0,4,6.01,S,5,0,1
11532,3,male,24.6,1,0,13.16,S,2,0,1
11540,3,male,39.5,2,2,2.57,Q,5,0,1
11542,3,female,32.1,3,3,14.14,S,7,0,1
11547,3,male,26.5,4,3,1.68,C,8,0,1
11556,3,male,30.4,4,3,36.4,S,8,0,1
11557,3,female,24.5,0,2,94.23,S,3,0,1
11559,3,female,40.1,1,3,81.46,S,5,0,1
11562,3,male,2.9,2,4,4.24,S,7,0,1
11564,3,female,42.8,1,3,36.06,S,5,0,1
11569,3,female,16.7,3,1,62.25,S,5,0,1
11574,3,male,49.5,0,0,113.05,S,1,1,1
11576,3,female,38.6,2,3,4.17,S,6,0,1
11578,3,male,30.3,4,3,75.07,S,8,0,1
11579,3,male,58.1,3,0,24.03,S,4,0,1
11584,3,male,33.0,2,2,5.16,S,5,0,1
11588,3,male,18.5,5,1,19.73,Q,7,0,1
11601,3,male,8.4,4,0,0.47,C,5,0,1
11602,3,male,37.3,3,3,18.7,C,7,0,1
11603,3,female,19.1,0,4,86.38,S,5,0,1
11610,3,male,22.3,3,1,32.51,S,5,0,1
11613,3,male,13.6,4,0,14.17,S,5,0,1
11615,3,male,0.0,3,0,54.3,S,4,0,1
11618,3,male,52.2,4,0,8.26,C,5,0,1
11626,3,male,15.7,3,0,65.68,S,4,0,1
11632,3,male,12.2,5,0,1.72,S,6,0,1
11633,3,female,0.0,3,2,5.81,S,6,0,1
11640,3,male,34.7,2,1,13.6,C,4,0,1
11641,3,male,54.2,0,0,10.3,C,1,1,1
11643,3,female,57.0,3,0,3.17,C,4,0,1
11649,3,male,36.6,1,0,11.07,S,2,0,1
11654,3,male,33.4,4,0,9.64,C,5,0,1
11656,3,female,50.1,2,2,34.97,C,5,0,1
11657,3,female,35.1,4,0,3.29,S,5,0,1
11660,3,female,42.7,4,2,20.49,C,7,0,1
11662,3,female,14.0,2,0,36.41,S,3,0,1
11663,3,male,62.5,1,3,28.06,S,5,0,1
11667,3,female,22.8,0,3,10.02,C,4,0,1
11668,3,male,24.0,1,3,14.17,C,5,0,1
11673,3,male,21.6,1,1,12.92,S,3,0,1
11684,3,male,45.7,1,3,4.99,C,5,0,1
11689,3,male,21.6,5,1,4.87,C,7,0,1
11692,3,female,11.7,2,1,28.59,S,4,0,1
11710,3,male,26.2,1,0,66.21,S,2,0,1
11712,3,male,42.5,0,1,58.55,S,2,0,1
11717,3,female,40.4,3,2,19.15,S,6,0,1
11721,3,female,56.2,0,2,18.98,Q,3,0,1
11727,3,male,41.9,1,3,7.94,C,5,0,1
11730,3,female,29.7,4,3,4.93,S,8,0,1
11735,3,male,16.2,0,2,22.31,S,3,0,1
11736,3,female,46.7,1,4,51.74,S,6,0,1
11737,3,male,36.2,0,3,34.52,S,4,0,1
11743,3,male,33.8,4,0,19.79,S,5,0,1
11744,3,male,10.1,5,3,28.38,S,9,0,1
11751,3,male,27.0,2,1,2.0,C,4,0,1
11756,3,male,32.5,2,2,9.16,S,5,0,1
11757,3,female,24.5,1,2,16.87,S,4,0,1
11758,3,male,20.0,0,4,5.19,S,5,0,1
11760,3,male,40.4,5,4,5.84,S,10,0,1
11782,3,male,42.6,4,1,29.01,S,6,0,1
11784,3,male,42.1,4,1,52.14,C,6,0,1
11790,3,male,8.7,5,4,18.23,S,10,0,1
11804,3,male,21.4,2,4,180.36,S,7,0,1
11810,3,female,11.3,4,1,6.66,Q,6,0,1
11821,3,male,15.2,1,3,0.95,S,5,0,1
11824,3,female,1.5,0,3,74.14,S,4,0,1
11831,3,female,45.2,2,3,105.43,S,6,0,1
11833,3,female,24.3,1,0,58.6,S,2,0,1
11842,3,female,3.6,2,0,63.05,S,3,0,1
11844,3,female,45.3,5,1,43.08,S,7,0,1
11846,3,male,21.3,3,4,8.06,S,8,0,1
11847,3,female,67.7,5,2,11.11,S,8,0,1
11853,3,female,0.0,1,3,51.59,S,5,0,1
11859,3,female,26.1,3,1,17.0,C,5,0,1
11860,3,male,28.0,0,3,31.05,S,4,0,1
11864,3,female,35.5,1,3,13.06,S,5,0,1
11868,3,male,9.9,3,3,9.5,S,7,0,1
11869,3,male,5.0,3,3,3.51,S,7,0,1
11873,3,female,12.5,1,3,15.24,S,5,0,1
11875,3,female,53.0,2,2,9.17,S,5,0,1
11876,3,male,28.7,0,1,23.18,C,2,0,1
11878,3,male,0.0,4,2,11.83,S,7,0,1
11879,3,male,22.9,2,1,18.22,S,4,0,1
11884,3,female,8.6,5,3,11.85,Q,9,0,1
11890,3,male,42.7,4,3,16.59,S,8,0,1
11897,3,male,42.4,0,4,36.8,S,5,0,1
11905,3,female,25.2,3,1,4.59,S,5,0,1
11910,3,female,39.0,5,4,22.85,S,10,0,1
11913,3,female,30.2,0,2,4.67,C,3,0,1
11914,3,male,17.9,5,4,1.4,Q,10,0,1
11915,3,female,35.7,2,0,56.47,C,3,0,1
11916,3,female,34.1,3,3,1.11,S,7,0,1
11919,3,male,27.3,0,3,13.22,S,4,0,1
11920,3,male,0.0,5,2,10.33,S,8,0,1
11930,3,female,29.5,1,4,3.43,S,6,0,1
11936,3,female,50.2,4,2,2.45,S,7,0,1
11943,3,female,0.9,2,4,10.89,S,7,0,1
11955,3,female,16.1,0,2,4.29,S,3,0,1
11956,3,female,8.6,0,2,52.55,S,3,0,1
11957,3,female,31.4,1,4,2.58,S,6,0,1
11960,3,male,27.8,4,2,6.46,S,7,0,1
11961,3,female,22.1,4,0,43.54,S,5,0,1
11966,3,female,13.4,0,2,18.66,C,3,0,1
11973,3,female,27.7,5,3,9.08,Q,9,0,1
11975,3,female,29.7,1,1,36.82,S,3,0,1
11977,3,female,44.5,1,0,68.93,C,2,0,1
11988,3,male,35.6,3,0,50.57,C,4,0,1
11989,3,female,37.3,3,2,9.57,S,6,0,1
11992,3,female,41.4,3,0,3.14,S,4,0,1
11996,3,female,3.5,0,1,19.23,Q,2,0,1
12000,3,female,46.0,2,0,5.75,S,3,0,1
12007,3,female,14.9,1,3,14.76,S,5,0,1
12009,3,male,27.0,0,3,39.48,S,4,0,1
12012,3,male,0.0,3,1,60.52,C,5,0,1
12013,3,male,26.5,4,1,17.98,S,6,0,1
12017,3,male,43.3,3,3,82.98,S,7,0,1
12026,3,male,19.0,4,4,84.45,Q,9,0,1
12042,3,female,17.5,2,1,25.66,S,4,0,1
12044,3,male,22.4,2,0,26.38,S,3,0,1
12048,3,female,18.3,0,2,17.81,S,3,0,1
12054,3,male,4.0,3,0,15.53,S,4,0,1
12060,3,female,36.5,4,0,3.06,S,5,0,1
12061,3,male,18.9,5,1,58.57,S,7,0,1
12063,3,male,17.8,3,1,32.07,S,5,0,1
12067,3,male,4.4,4,2,83.23,S,7,0,1
12068,3,male,24.2,1,1,34.26,S,3,0,1
12073,3,female,14.3,2,4,50.38,C,7,0,1
12079,3,male,40.8,2,1,1.75,S,4,0,1
12081,3,male,26.6,5,3,1.95,S,9,0,1
12086,3,female,43.8,0,4,2.92,S,5,0,1
12093,3,female,25.0,3,1,4.0,S,5,0,1
12098,3,female,52.3,0,4,44.29,S,5,0,1
12099,3,female,39.4,2,2,14.83,Q,5,0,1
12103,3,male,29.3,4,4,12.64,S,9,0,1
12105,3,male,27.9,2,0,117.84,S,3,0,1
12106,3,female,48.2,4,1,28.39,S,6,0,1
12111,3,female,4.1,4,0,31.78,S,5,0,1
12113,3,male,33.9,2,3,9.09,S,6,0,1
12114,3,female,28.5,1,3,6.74,S,5,0,1
12117,3,male,23.1,0,3,16.17,C,4,0,1
12118,3,female,21.7,0,4,1.13,S,5,0,1
12119,3,male,43.2,5,4,9.48,S,10,0,1
12123,3,male,37.0,1,2,11.19,S,4,0,1
12125,3,female,25.8,3,2,1.63,S,6,0,1
12127,3,female,45.0,5,2,4.65,S,8,0,1
12128,3,female,50.7,2,0,9.36,S,3,0,1
12136,3,male,11.0,0,3,53.6,S,4,0,1
12142,3,male,45.7,3,4,31.3,S,8,0,1
12145,3,male,27.2,5,1,54.79,S,7,0,1
12153,3,female,44.9,5,3,4.37,S,9,0,1
12161,3,male,22.2,0,4,33.37,C,5,0,1
12166,3,female,32.6,1,3,20.06,S,5,0,1
12167,3,male,26.2,0,1,11.87,S,2,0,1
12171,3,female,35.9,0,2,11.19,S,3,0,1
12173,3,male,36.1,5,3,2.77,S,9,0,1
12174,3,male,44.0,3,1,16.23,S,5,0,1
12175,3,male,27.4,4,2,9.07,S,7,0,1
12181,3,female,26.5,2,4,27.19,S,7,0,1
12185,3,female,36.9,2,0,95.66,S,3,0,1
12192,3,male,12.2,2,2,10.51,Q,5,0,1
12196,3,female,30.9,3,3,17.91,S,7,0,1
12199,3,female,24.0,1,0,29.1,S,2,0,1
12203,3,male,35.0,3,3,33.98,S,7,0,1
12206,3,male,21.7,4,1,12.49,S,6,0,1
12212,3,female,26.6,3,0,11.56,C,4,0,1
12213,3,female,48.9,5,2,29.38,S,8,0,1
12236,3,female,59.3,3,2,5.48,S,6,0,1
12243,3,female,17.0,4,0,40.22,S,5,0,1
12249,3,female,9.6,2,0,67.64,C,3,0,1
12251,3,male,30.0,4,4,59.41,S,9,0,1
12262,3,male,25.5,1,2,32.24,S,4,0,1
12272,3,male,49.8,0,4,4.73,Q,5,0,1
12278,3,female,36.7,5,4,45.69,C,10,0,1
12285,3,female,33.1,0,1,11.24,S,2,0,1
12292,3,female,23.5,1,0,13.87,S,2,0,1
12295,3,male,32.4,1,0,32.54,S,2,0,1
12303,3,male,17.9,0,2,60.17,S,3,0,1
12304,3,male,33.5,5,4,14.37,S,10,0,1
12307,3,male,23.7,3,3,41.23,S,7,0,1
12309,3,female,29.7,1,1,20.25,S,3,0,1
12319,3,male,12.2,2,1,41.27,C,4,0,1
12326,3,male,25.5,4,3,5.31,S,8,0,1
12331,3,female,41.8,5,4,60.6,S,10,0,1
12332,3,male,51.3,5,0,42.48,C,6,0,1
12333,3,female,28.5,3,2,22.48,C,6,0,1
12338,3,male,59.6,4,1,21.95,S,6,0,1
12340,3,female,29.2,3,3,49.38,S,7,0,1
12343,3,male,44.5,4,4,69.72,S,9,0,1
12345,3,male,44.0,4,0,128.67,C,5,0,1
12351,3,male,9.5,0,3,81.48,C,4,0,1
12356,3,male,31.0,0,2,17.37,S,3,0,1
12366,3,female,32.0,3,1,42.23,C,5,0,1
12369,3,female,38.3,5,0,16.91,S,6,0,1
12386,3,male,32.6,5,0,22.2,S,6,0,1
12391,3,female,38.6,5,2,4.41,C,8,0,1
12392,3,female,21.8,0,2,41.14,S,3,0,1
12393,3,male,21.8,0,4,24.03,S,5,0,1
12400,3,male,13.6,3,3,28.26,S,7,0,1
12404,3,female,26.5,3,1,44.55,S,5,0,1
12410,3,female,21.8,2,3,68.53,S,6,0,1
12413,3,female,49.2,4,1,4.51,C,6,0,1
12424,3,male,27.8,5,2,131.39,C,8,0,1
12440,3,male,27.9,5,4,1.6,S,10,0,1
12442,3,male,34.1,4,4,30.74,S,9,0,1
12453,3,male,35.9,1,3,12.56,C,5,0,1
12463,3,male,12.9,1,1,23.33,S,3,0,1
12470,3,male,15.4,1,2,0.22,C,4,0,1
12471,3,male,0.0,2,1,53.67,S,4,0,1
12484,3,female,53.6,1,1,0.1,C,3,0,1
12489,3,male,18.2,2,3,7.38,S,6,0,1
12490,3,male,40.9,2,1,103.38,C,4,0,1
12495,3,female,21.2,1,4,12.42,S,6,0,1
12498,3,male,27.4,1,4,5.01,S,6,0,1
12499,3,male,38.3,0,3,8.8,S,4,0,1
12500,3,male,44.7,1,0,19.08,C,2,0,1
12506,3,male,37.1,5,3,9.5,S,9,0,1
12509,3,male,23.0,5,3,38.47,S,9,0,1
12517,3,male,27.2,3,2,41.83,Q,6,0,1
12521,3,female,46.9,3,4,16.36,Q,8,0,1
12531,3,female,29.4,4,3,36.15,C,8,0,1
12536,3,male,22.0,4,3,14.93,S,8,0,1
12542,3,male,54.7,2,4,35.43,C,7,0,1
12547,3,male,38.4,3,2,36.59,S,6,0,1
12548,3,male,21.6,5,3,125.26,S,9,0,1
12549,3,male,0.0,0,4,56.24,C,5,0,1
12556,3,female,44.5,5,2,27.21,S,8,0,1
12557,3,male,25.4,3,4,59.47,S,8,0,1
12562,3,male,21.0,3,3,15.83,C,7,0,1
12563,3,male,17.3,3,2,25.45,C,6,0,1
12566,3,female,22.1,5,4,24.34,S,10,0,1
12570,3,male,31.2,5,1,65.48,Q,7,0,1
12580,3,female,31.8,5,0,4.45,S,6,0,1
12581,3,female,41.8,1,0,15.99,S,2,0,1
12583,3,female,10.4,4,0,13.58,S,5,0,1
12587,3,male,17.0,1,0,9.11,S,2,0,1
12588,3,male,12.2,2,0,5.85,S,3,0,1
12589,3,male,24.4,3,0,16.85,S,4,0,1
12590,3,male,22.1,1,1,1.9,C,3,0,1
12604,3,male,13.0,5,1,23.48,C,7,0,1
12607,3,female,14.3,1,2,24.14,C,4,0,1
12609,3,male,12.9,3,2,160.23,S,6,0,1
12620,3,female,42.9,3,3,11.31,C,7,0,1
12621,3,female,25.5,4,2,51.35,S,7,0,1
12627,3,male,25.8,3,2,31.22,S,6,0,1
12634,3,male,37.5,4,2,1.52,S,7,0,1
12639,3,male,31.0,3,2,22.72,S,6,0,1
12642,3,female,24.2,1,2,18.91,S,4,0,1
12648,3,male,30.3,5,3,45.13,S,9,0,1
12649,3,male,38.7,3,3,14.43,C,7,0,1
12659,3,male,40.9,4,1,104.25,S,6,0,1
12686,3,male,15.0,2,3,43.12,S,6,0,1
12691,3,male,18.6,5,4,137.84,S,10,0,1
12697,3,male,27.8,5,3,0.4,S,9,0,1
12702,3,male,16.7,2,4,16.74,S,7,0,1
12705,3,male,13.7,0,4,15.74,S,5,0,1
12707,3,female,25.0,1,1,7.08,S,3,0,1
12724,3,female,27.3,0,0,6.13,S,1,1,1
12732,3,male,41.8,1,3,5.01,S,5,0,1
12740,3,female,42.3,0,1,4.43,S,2,0,1
12747,3,male,36.5,0,3,7.2,S,4,0,1
12764,3,male,52.4,4,4,10.18,C,9,0,1
12770,3,male,42.8,2,1,0.03,C,4,0,1
12777,3,female,31.9,4,1,6.92,S,6,0,1
12778,3,male,46.8,0,2,0.11,Q,3,0,1
12780,3,female,36.9,5,0,81.73,S,6,0,1
12785,3,female,19.9,1,1,14.65,S,3,0,1
12787,3,female,53.5,2,1,62.55,S,4,0,1
12795,3,female,15.5,4,3,22.11,S,8,0,1
12796,3,female,22.5,1,1,14.95,S,3,0,1
12798,3,male,19.9,1,0,0.33,C,2,0,1
12824,3,male,30.2,0,0,9.0,S,1,1,1
12826,3,female,40.4,4,3,0.2,Q,8,0,1
12835,3,female,44.5,4,0,115.14,Q,5,0,1
12840,3,male,19.8,5,4,0.19,S,10,0,1
12852,3,male,29.6,4,2,8.45,S,7,0,1
12856,3,male,9.2,1,4,20.75,S,6,0,1
12857,3,male,38.5,4,0,12.05,S,5,0,1
12861,3,male,44.9,0,1,252.79,C,2,0,1
12869,3,male,46.4,5,0,51.25,S,6,0,1
12871,3,female,27.7,5,1,20.17,S,7,0,1
12874,3,male,33.7,3,1,1.63,S,5,0,1
12876,3,male,35.1,2,2,10.82,S,5,0,1
12877,3,male,35.4,5,4,127.0,Q,10,0,1
12881,3,male,0.0,0,0,107.38,S,1,1,1
12889,3,male,50.1,2,4,5.85,S,7,0,1
12890,3,male,17.4,0,3,7.71,S,4,0,1
12898,3,male,23.9,3,3,27.89,S,7,0,1
12900,3,male,5.0,5,2,25.71,Q,8,0,1
12903,3,male,31.3,2,0,121.43,C,3,0,1
12908,3,male,3.1,0,0,32.42,S,1,1,1
12909,3,female,25.8,0,2,60.99,S,3,0,1
12912,3,female,16.2,3,0,30.0,C,4,0,1
12914,3,male,15.4,3,0,13.51,S,4,0,1
12928,3,male,25.9,2,0,46.55,S,3,0,1
12935,3,male,21.7,2,4,18.17,S,7,0,1
12941,3,male,38.9,4,2,27.3,C,7,0,1
12948,3,male,37.1,4,1,4.36,S,6,0,1
12951,3,male,44.3,5,3,32.73,S,9,0,1
12956,3,male,20.2,2,4,115.96,C,7,0,1
12968,3,male,18.5,4,3,132.88,S,8,0,1
12971,3,male,3.5,3,0,29.22,S,4,0,1
12972,3,male,6.5,2,0,45.12,S,3,0,1
12975,3,male,42.9,2,0,9.89,C,3,0,1
12979,3,female,14.8,0,3,23.63,C,4,0,1
12985,3,male,18.1,1,0,22.25,C,2,0,1
12986,3,female,36.8,1,3,42.66,S,5,0,1
12996,3,male,31.1,4,2,2.4,S,7,0,1
13000,3,male,8.9,2,2,30.19,Q,5,0,1
13002,3,male,27.1,1,4,18.13,C,6,0,1
13005,3,female,48.9,0,0,17.25,S,1,1,1
13007,3,male,7.0,1,0,109.46,C,2,0,1
13011,3,male,25.4,5,1,44.81,S,7,0,1
13012,3,male,36.8,2,4,51.53,C,7,0,1
13014,3,female,5.0,4,4,87.14,C,9,0,1
13016,3,female,17.9,5,0,24.42,Q,6,0,1
13021,3,male,12.4,1,3,45.78,S,5,0,1
13023,3,male,41.6,5,1,6.61,S,7,0,1
13038,3,female,28.1,5,0,3.32,S,6,0,1
13039,3,male,52.6,5,1,30.08,S,7,0,1
13041,3,male,0.0,4,0,24.95,S,5,0,1
13043,3,male,23.7,0,4,25.07,S,5,0,1
13068,3,female,21.5,0,1,17.01,S,2,0,1
13069,3,male,37.2,2,2,47.94,C,5,0,1
13071,3,female,20.2,2,4,61.72,S,7,0,1
13074,3,male,14.7,4,1,10.57,S,6,0,1
13075,3,male,31.8,1,1,79.61,S,3,0,1
13079,3,male,5.9,3,3,0.6,S,7,0,1
13083,3,male,7.1,4,1,9.63,S,6,0,1
13087,3,female,45.7,2,0,1.48,S,3,0,1
13088,3,male,44.8,4,2,10.13,S,7,0,1
13095,3,male,12.4,4,0,2.99,S,5,0,1
13103,3,female,30.2,4,4,2.82,C,9,0,1
13105,3,female,18.0,4,1,22.2,Q,6,0,1
13118,3,female,20.9,1,4,65.35,S,6,0,1
13136,3,female,25.0,0,3,47.29,S,4,0,1
13146,3,male,28.5,1,1,5.57,S,3,0,1
13149,3,female,17.8,5,1,13.6,S,7,0,1
13173,3,female,40.3,5,3,11.08,S,9,0,1
13175,3,male,25.8,2,3,45.1,S,6,0,1
13176,3,male,30.2,5,0,52.58,C,6,0,1
13187,3,female,32.0,3,2,16.58,S,6,0,1
13188,3,female,33.9,4,4,20.55,S,9,0,1
13189,3,female,28.6,5,1,26.68,S,7,0,1
13196,3,male,38.0,2,2,100.38,S,5,0,1
13203,3,female,33.9,4,1,3.06,S,6,0,1
13205,3,male,23.1,0,3,116.8,S,4,0,1
13209,3,female,55.6,2,2,74.57,S,5,0,1
13217,3,male,30.4,5,4,16.51,C,10,0,1
13227,3,male,37.4,3,4,91.36,S,8,0,1
13232,3,male,5.1,3,0,6.86,C,4,0,1
13234,3,male,36.6,1,4,8.94,Q,6,0,1
13238,3,male,16.1,4,3,9.81,C,8,0,1
13244,3,male,60.7,0,1,19.26,S,2,0,1
13245,3,female,18.6,2,1,30.28,S,4,0,1
13262,3,female,41.4,1,4,32.5,S,6,0,1
13268,3,male,36.2,3,1,2.51,S,5,0,1
13269,3,male,22.1,0,4,36.01,S,5,0,1
13274,3,female,36.1,3,0,52.09,S,4,0,1
13277,3,male,40.8,0,2,12.71,S,3,0,1
13279,3,male,52.7,3,4,4.2,S,8,0,1
13285,3,male,19.7,5,4,54.08,S,10,0,1
13286,3,male,40.6,2,1,67.58,S,4,0,1
13305,3,male,16.8,1,4,37.32,S,6,0,1
13308,3,male,27.8,3,0,55.8,S,4,0,1
13320,3,male,14.8,1,1,64.34,S,3,0,1
13324,3,male,16.5,0,2,48.16,S,3,0,1
13335,3,male,32.5,4,1,53.34,S,6,0,1
13336,3,male,41.5,0,2,18.42,S,3,0,1
13343,3,male,25.6,4,0,78.8,S,5,0,1
13350,3,female,26.5,3,1,70.95,C,5,0,1
13352,3,male,20.4,0,2,77.36,Q,3,0,1
13365,3,male,49.8,3,1,48.86,S,5,0,1
13367,3,male,42.9,4,1,18.08,S,6,0,1
13376,3,female,49.5,3,3,6.55,S,7,0,1
13377,3,male,37.1,0,0,122.5,S,1,1,1
13378,3,male,23.5,1,4,3.44,S,6,0,1
13379,3,male,22.1,3,4,32.46,S,8,0,1
13401,3,male,31.0,0,3,3.67,S,4,0,1
13406,3,male,31.5,4,3,3.83,S,8,0,1
13409,3,male,0.0,5,1,45.97,S,7,0,1
13419,3,male,18.8,2,4,30.01,S,7,0,1
13420,3,male,43.9,0,3,4.15,S,4,0,1
13423,3,male,38.7,0,0,10.23,S,1,1,1
13424,3,male,45.2,3,2,32.78,S,6,0,1
13425,3,female,6.2,3,2,44.83,S,6,0,1
13427,3,female,17.1,0,3,146.77,S,4,0,1
13435,3,female,16.5,4,3,10.7,S,8,0,1
13437,3,female,0.0,4,4,38.98,S,9,0,1
13441,3,male,32.0,0,3,12.69,S,4,0,1
13442,3,male,43.2,5,0,40.53,S,6,0,1
13443,3,male,32.8,2,1,28.73,S,4,0,1
13448,3,male,30.4,5,0,29.61,S,6,0,1
13452,3,male,26.7,0,3,62.11,S,4,0,1
13455,3,female,31.0,4,0,10.01,S,5,0,1
13458,3,female,28.7,2,2,31.42,Q,5,0,1
13464,3,male,15.0,2,2,109.12,C,5,0,1
13467,3,male,34.5,5,2,10.91,Q,8,0,1
13477,3,male,32.5,2,1,71.76,S,4,0,1
13484,3,female,26.5,3,2,56.04,S,6,0,1
13487,3,male,48.2,0,1,24.2,C,2,0,1
13490,3,male,25.6,0,4,27.32,S,5,0,1
13501,3,male,28.3,4,3,27.94,S,8,0,1
13512,3,female,31.9,0,3,5.87,S,4,0,1
13517,3,male,41.7,4,0,34.68,C,5,0,1
13525,3,female,28.4,5,0,24.87,Q,6,0,1
13530,3,female,40.9,5,2,15.98,S,8,0,1
13537,3,female,42.8,4,2,33.96,S,7,0,1
13538,3,male,18.6,3,4,8.12,S,8,0,1
13548,3,male,54.4,2,3,53.32,S,6,0,1
13554,3,male,36.5,3,4,60.91,S,8,0,1
13557,3,male,31.2,3,2,10.97,S,6,0,1
13568,3,female,60.1,4,1,91.04,S,6,0,1
13572,3,male,17.9,2,1,37.83,S,4,0,1
13575,3,male,24.3,4,1,21.97,C,6,0,1
13578,3,male,61.2,3,1,0.71,S,5,0,1
13583,3,male,27.1,5,4,119.76,S,10,0,1
13586,3,male,15.8,2,2,15.11,C,5,0,1
13593,3,male,7.6,3,2,6.01,S,6,0,1
13599,3,female,31.1,1,1,6.45,S,3,0,1
13607,3,male,58.9,4,3,2.45,S,8,0,1
13611,3,male,42.8,1,4,3.81,S,6,0,1
13622,3,female,9.4,2,1,33.15,Q,4,0,1
13628,3,male,37.1,4,1,53.74,S,6,0,1
13635,3,female,20.1,5,0,1.3,S,6,0,1
13636,3,female,36.6,5,0,5.98,S,6,0,1
13642,3,male,30.6,2,3,14.43,S,6,0,1
13644,3,male,6.1,4,2,1.61,C,7,0,1
13646,3,male,52.9,3,1,155.2,S,5,0,1
13647,3,female,47.0,4,4,122.58,S,9,0,1
13655,3,male,27.7,4,3,18.98,S,8,0,1
13660,3,male,37.8,4,3,3.62,C,8,0,1
13663,3,female,44.2,5,3,1.15,S,9,0,1
13669,3,male,40.8,3,1,8.32,S,5,0,1
13674,3,male,43.0,1,4,111.89,S,6,0,1
13680,3,male,39.5,3,0,51.47,S,4,0,1
13684,3,female,20.7,0,2,6.9,C,3,0,1
13687,3,male,23.4,2,0,3.9,S,3,0,1
13694,3,male,42.6,3,0,0.78,S,4,0,1
13696,3,male,33.2,5,2,8.5,S,8,0,1
13702,3,male,41.7,1,3,44.67,S,5,0,1
13708,3,female,4.3,1,3,15.08,S,5,0,1
13709,3,female,40.3,0,1,8.22,S,2,0,1
13712,3,male,53.6,4,2,113.26,S,7,0,1
13717,3,female,47.4,2,4,3.39,S,7,0,1
13724,3,male,6.1,1,4,107.72,S,6,0,1
13725,3,female,17.9,4,4,23.86,S,9,0,1
13726,3,female,34.2,5,0,10.58,S,6,0,1
13736,3,male,23.3,1,2,18.46,C,4,0,1
13737,3,male,41.8,2,3,5.3,S,6,0,1
13739,3,male,30.0,4,2,4.83,S,7,0,1
13742,3,male,26.6,0,4,1.39,S,5,0,1
13743,3,female,39.6,3,4,0.06,S,8,0,1
13746,3,male,29.8,5,1,47.07,C,7,0,1
13757,3,male,27.5,2,4,24.53,Q,7,0,1
13763,3,female,8.3,0,0,36.64,S,1,1,1
13768,3,male,38.1,3,4,3.67,S,8,0,1
13775,3,male,46.4,2,4,11.27,S,7,0,1
13778,3,female,30.3,3,1,55.67,S,5,0,1
13779,3,male,47.7,1,2,61.45,S,4,0,1
13780,3,female,22.7,3,2,4.5,S,6,0,1
13786,3,male,19.7,5,2,41.35,C,8,0,1
13788,3,male,69.3,5,2,64.63,Q,8,0,1
13789,3,female,36.3,2,3,7.73,Q,6,0,1
13792,3,male,35.4,0,4,36.51,C,5,0,1
13793,3,male,36.6,3,2,37.15,C,6,0,1
13794,3,male,43.5,0,4,0.13,S,5,0,1
13799,3,male,30.9,1,0,1.32,S,2,0,1
13802,3,male,37.6,4,4,28.83,S,9,0,1
13804,3,male,36.9,2,4,19.17,S,7,0,1
13810,3,male,23.1,4,2,9.38,S,7,0,1
13833,3,male,25.0,0,1,3.62,S,2,0,1
13837,3,female,37.4,5,0,31.27,C,6,0,1
13846,3,female,13.9,1,2,22.58,C,4,0,1
13855,3,female,30.8,2,0,36.4,S,3,0,1
13864,3,male,20.3,4,2,155.14,S,7,0,1
13865,3,male,32.1,5,3,33.35,S,9,0,1
13870,3,male,15.7,5,4,14.73,S,10,0,1
13872,3,female,45.9,4,1,3.68,S,6,0,1
13879,3,female,27.5,4,0,1.95,S,5,0,1
13882,3,male,20.9,5,3,80.64,C,9,0,1
13886,3,female,12.0,2,2,101.69,S,5,0,1
13891,3,female,30.3,4,0,29.05,S,5,0,1
13895,3,male,37.7,4,4,129.93,S,9,0,1
13901,3,male,12.3,0,4,41.85,S,5,0,1
13906,3,female,26.8,1,1,42.65,S,3,0,1
13908,3,male,20.7,0,0,61.13,S,1,1,1
13913,3,male,40.7,1,2,4.26,C,4,0,1
13915,3,male,43.5,2,1,17.07,C,4,0,1
13928,3,male,22.7,0,3,57.66,C,4,0,1
13936,3,male,32.2,5,0,5.3,S,6,0,1
13945,3,female,39.8,1,2,73.49,S,4,0,1
13949,3,female,49.3,1,2,76.58,S,4,0,1
13950,3,female,5.0,4,2,14.29,S,7,0,1
13951,3,male,28.2,2,0,7.68,S,3,0,1
13952,3,male,27.6,0,4,36.11,C,5,0,1
13953,3,male,25.9,0,4,25.07,S,5,0,1
13954,3,male,36.0,2,2,54.33,S,5,0,1
13962,3,male,30.1,4,0,19.47,S,5,0,1
13965,3,female,37.1,4,3,47.14,S,8,0,1
13966,3,female,0.0,2,2,7.97,C,5,0,1
13967,3,male,24.4,1,3,15.5,S,5,0,1
13972,3,male,36.8,1,0,0.97,S,2,0,1
13973,3,male,30.2,0,1,17.61,S,2,0,1
13984,3,female,16.3,3,1,1.68,Q,5,0,1
13994,3,female,25.5,1,1,4.15,S,3,0,1
13999,3,male,20.1,5,3,40.31,C,9,0,1
14004,3,male,9.9,4,0,24.78,S,5,0,1
14005,3,male,35.9,5,4,2.4,Q,10,0,1
14010,3,male,30.4,2,1,81.55,S,4,0,1
14011,3,male,31.8,2,1,18.77,C,4,0,1
14016,3,male,39.9,2,1,25.45,S,4,0,1
14020,3,male,50.2,2,4,12.32,S,7,0,1
14026,3,male,29.9,2,3,56.51,C,6,0,1
14032,3,male,49.0,3,4,1.27,S,8,0,1
14035,3,male,39.9,4,3,63.89,S,8,0,1
14048,3,male,0.0,4,2,7.21,C,7,0,1
14052,3,male,41.9,1,0,51.16,C,2,0,1
14059,3,male,24.9,3,1,113.83,S,5,0,1
14060,3,male,36.9,2,0,70.56,S,3,0,1
14065,3,male,43.0,1,3,18.75,S,5,0,1
14068,3,female,23.7,3,0,21.67,C,4,0,1
14081,3,male,30.3,4,1,31.96,S,6,0,1
14082,3,male,38.3,3,2,75.12,C,6,0,1
14086,3,female,15.1,1,2,24.56,C,4,0,1
14090,3,male,34.2,5,2,32.77,S,8,0,1
14093,3,male,23.5,1,3,52.29,S,5,0,1
14097,3,female,33.1,2,2,9.58,S,5,0,1
14099,3,female,9.8,2,0,5.46,C,3,0,1
14100,3,female,43.8,4,3,6.53,S,8,0,1
14101,3,female,19.8,5,1,38.41,C,7,0,1
14104,3,male,23.4,4,1,46.8,C,6,0,1
14120,3,male,53.0,4,3,67.01,S,8,0,1
14125,3,female,35.3,0,1,61.06,S,2,0,1
14134,3,male,20.4,5,0,15.83,C,6,0,1
14141,3,male,28.6,4,3,5.06,S,8,0,1
14145,3,male,29.7,0,3,24.17,S,4,0,1
14150,3,male,63.8,3,2,2.76,S,6,0,1
14155,3,female,2.4,3,0,7.41,S,4,0,1
14162,3,male,61.5,4,3,45.82,S,8,0,1
14167,3,male,24.2,1,2,1.37,Q,4,0,1
14172,3,female,34.1,0,0,35.3,Q,1,1,1
14173,3,male,27.4,0,3,22.06,S,4,0,1
14182,3,female,33.3,1,0,38.21,S,2,0,1
14187,3,male,46.3,0,2,21.28,C,3,0,1
14193,3,female,13.1,0,2,12.01,S,3,0,1
14201,3,female,11.1,3,1,13.5,C,5,0,1
14205,3,female,21.8,3,2,31.76,S,6,0,1
14207,3,male,33.0,3,1,1.54,S,5,0,1
14211,3,male,27.6,1,1,31.06,S,3,0,1
14213,3,male,33.5,4,2,23.16,C,7,0,1
14221,3,male,39.0,3,3,31.03,S,7,0,1
14233,3,female,36.3,4,2,58.01,C,7,0,1
14234,3,male,30.0,2,1,82.42,S,4,0,1
14236,3,female,31.3,5,1,69.69,Q,7,0,1
14240,3,male,35.9,3,2,27.02,S,6,0,1
14242,3,female,14.2,4,0,33.42,S,5,0,1
14249,3,male,7.3,5,3,50.78,C,9,0,1
14251,3,male,34.6,5,2,6.03,Q,8,0,1
14254,3,female,35.1,5,1,18.82,S,7,0,1
14255,3,female,35.1,5,3,10.57,S,9,0,1
14257,3,female,56.4,5,1,39.82,S,7,0,1
14266,3,female,39.9,2,4,5.42,C,7,0,1
14268,3,male,37.2,4,2,0.03,S,7,0,1
14278,3,male,31.2,0,2,38.19,S,3,0,1
14282,3,male,40.8,0,2,32.93,S,3,0,1
14285,3,male,33.3,5,2,4.37,C,8,0,1
14288,3,female,17.4,4,4,29.27,C,9,0,1
14295,3,male,46.1,0,2,6.91,S,3,0,1
14305,3,male,48.2,0,0,28.63,S,1,1,1
14312,3,male,21.0,4,1,9.3,S,6,0,1
14314,3,male,19.0,5,2,22.2,S,8,0,1
14324,3,male,35.4,2,1,40.55,C,4,0,1
14358,3,male,34.1,5,1,41.6,Q,7,0,1
14359,3,female,28.6,3,0,54.45,S,4,0,1
14361,3,male,19.5,0,4,4.84,S,5,0,1
14363,3,male,15.8,0,1,28.19,Q,2,0,1
14369,3,male,0.0,5,0,2.45,S,6,0,1
14370,3,male,10.2,0,3,31.37,S,4,0,1
14372,3,female,30.0,4,2,39.77,S,7,0,1
14377,3,male,8.7,4,2,15.21,S,7,0,1
14380,3,male,15.8,0,3,54.57,S,4,0,1
14384,3,male,38.4,4,2,10.62,S,7,0,1
14385,3,male,42.5,1,4,53.45,S,6,0,1
14387,3,male,42.2,3,1,2.04,C,5,0,1
14393,3,male,32.4,1,2,33.45,S,4,0,1
14403,3,female,0.0,5,1,13.91,C,7,0,1
14415,3,male,37.3,0,3,13.05,S,4,0,1
14417,3,male,27.8,4,4,14.31,C,9,0,1
14420,3,male,4.6,5,3,74.16,C,9,0,1
14425,3,male,16.5,4,2,14.22,S,7,0,1
14431,3,male,0.0,2,3,6.58,S,6,0,1
14433,3,female,34.3,2,0,3.06,S,3,0,1
14436,3,female,31.2,4,0,40.6,S,5,0,1
14438,3,male,25.3,1,3,67.72,S,5,0,1
14443,3,male,32.8,3,0,78.75,Q,4,0,1
14446,3,male,25.8,3,4,22.81,S,8,0,1
14458,3,male,29.1,3,2,3.67,S,6,0,1
14460,3,male,15.2,3,2,39.44,S,6,0,1
14467,3,female,20.6,5,0,42.8,S,6,0,1
14471,3,male,44.5,3,3,18.0,C,7,0,1
14476,3,male,7.4,1,0,29.32,S,2,0,1
14477,3,male,46.8,3,2,162.25,S,6,0,1
14487,3,female,44.0,1,0,6.05,S,2,0,1
14490,3,male,22.8,2,4,31.49,C,7,0,1
14491,3,male,16.8,5,3,18.5,S,9,0,1
14500,3,female,18.4,3,4,24.16,S,8,0,1
14506,3,male,28.0,0,4,26.72,S,5,0,1
14508,3,male,29.4,1,4,21.15,S,6,0,1
14509,3,male,27.1,0,0,19.79,S,1,1,1
14510,3,female,33.9,2,2,17.75,S,5,0,1
14518,3,female,31.0,3,0,56.46,S,4,0,1
14520,3,male,27.0,5,4,16.97,S,10,0,1
14521,3,male,9.5,0,1,15.81,S,2,0,1
14522,3,male,12.1,5,4,7.42,C,10,0,1
14528,3,male,39.7,3,0,11.32,S,4,0,1
14538,3,male,48.3,3,2,3.49,S,6,0,1
14549,3,male,41.7,0,3,21.55,S,4,0,1
14553,3,female,39.4,4,2,7.64,S,7,0,1
14558,3,male,34.7,0,4,37.09,S,5,0,1
14560,3,female,41.0,0,2,110.26,S,3,0,1
14563,3,female,33.4,0,1,67.32,S,2,0,1
14571,3,male,69.8,0,4,2.52,Q,5,0,1
14573,3,female,49.3,2,4,56.1,Q,7,0,1
14576,3,male,20.3,3,2,55.28,S,6,0,1
14591,3,male,29.7,0,1,41.02,S,2,0,1
14604,3,male,37.8,0,1,2.55,S,2,0,1
14605,3,female,33.4,4,4,11.28,S,9,0,1
14607,3,male,10.6,3,1,15.76,S,5,0,1
14609,3,female,12.8,0,4,32.55,S,5,0,1
14611,3,female,26.3,2,2,4.56,S,5,0,1
14612,3,male,50.4,2,4,25.06,C,7,0,1
14613,3,male,0.0,3,2,7.45,S,6,0,1
14623,3,male,37.1,0,4,10.37,S,5,0,1
14630,3,female,28.7,2,4,21.36,C,7,0,1
14631,3,female,36.0,4,1,33.35,S,6,0,1
14633,3,male,50.2,4,0,6.45,S,5,0,1
14639,3,female,43.2,0,4,61.31,S,5,0,1
14641,3,male,30.8,1,0,16.3,S,2,0,1
14648,3,male,17.2,1,4,43.27,S,6,0,1
14656,3,male,26.6,2,1,1.18,S,4,0,1
14657,3,male,18.7,0,1,40.12,S,2,0,1
14659,3,male,16.5,3,3,33.87,S,7,0,1
14661,3,male,18.3,3,1,75.42,S,5,0,1
14668,3,female,26.9,2,4,7.34,S,7,0,1
14671,3,male,38.2,0,3,36.77,S,4,0,1
14673,3,female,40.4,1,1,21.89,C,3,0,1
14677,3,male,38.9,4,2,98.5,S,7,0,1
14679,3,female,15.2,0,2,13.79,S,3,0,1
14682,3,female,53.1,0,3,39.48,S,4,0,1
14684,3,male,6.1,3,2,20.02,C,6,0,1
14687,3,male,19.3,5,4,94.21,S,10,0,1
14688,3,female,18.1,1,1,10.94,S,3,0,1
14690,3,male,22.7,3,3,7.91,S,7,0,1
14692,3,female,14.6,3,0,3.06,S,4,0,1
14693,3,female,50.6,3,2,124.97,S,6,0,1
14699,3,female,37.3,1,2,16.88,S,4,0,1
14704,3,male,40.6,1,1,20.88,S,3,0,1
14724,3,female,18.7,3,3,34.01,S,7,0,1
14725,3,male,35.6,2,1,19.67,S,4,0,1
14729,3,male,51.3,0,0,12.08,S,1,1,1
14730,3,male,3.5,0,3,0.68,S,4,0,1
14737,3,male,41.3,5,0,7.82,C,6,0,1
14738,3,male,36.8,1,3,30.42,S,5,0,1
14740,3,male,13.8,0,0,13.04,S,1,1,1
14742,3,female,26.2,3,0,44.26,S,4,0,1
14761,3,female,16.5,1,3,111.57,C,5,0,1
14764,3,female,23.9,2,4,26.39,Q,7,0,1
14767,3,female,5.0,3,1,133.11,S,5,0,1
14774,3,male,38.8,4,2,4.87,S,7,0,1
14775,3,male,27.5,4,4,53.08,S,9,0,1
14780,3,female,28.2,2,3,18.99,S,6,0,1
14781,3,male,17.2,0,1,10.56,S,2,0,1
14786,3,male,14.7,5,4,7.75,C,10,0,1
14789,3,male,57.0,0,3,9.05,Q,4,0,1
14792,3,female,6.8,5,3,4.12,C,9,0,1
14793,3,male,25.9,4,2,10.94,Q,7,0,1
14795,3,male,45.6,3,1,101.97,S,5,0,1
14799,3,male,7.7,4,4,18.21,C,9,0,1
14800,3,female,19.1,5,0,4.82,S,6,0,1
14801,3,female,37.8,0,4,30.22,S,5,0,1
14808,3,female,51.4,0,0,45.24,S,1,1,1
14828,3,female,24.5,2,0,20.94,S,3,0,1
14864,3,male,0.0,2,4,2.75,S,7,0,1
14873,3,male,57.2,0,4,12.75,S,5,0,1
14874,3,male,9.2,4,3,10.71,S,8,0,1
14877,3,male,31.9,3,4,72.34,S,8,0,1
14880,3,female,51.1,4,0,29.85,S,5,0,1
14888,3,male,36.1,0,3,38.2,S,4,0,1
14890,3,male,21.5,3,2,108.78,S,6,0,1
14893,3,female,39.6,2,2,6.42,S,5,0,1
14904,3,male,35.8,1,0,4.67,C,2,0,1
14912,3,female,19.2,3,4,1.71,S,8,0,1
14916,3,male,17.4,1,0,0.52,S,2,0,1
14918,3,female,46.7,1,0,37.25,S,2,0,1
14920,3,male,27.2,0,3,72.23,S,4,0,1
14922,3,male,25.7,2,3,2.36,S,6,0,1
14936,3,male,34.6,2,1,33.4,S,4,0,1
14937,3,male,30.8,3,4,15.4,Q,8,0,1
14955,3,male,45.5,0,3,2.21,C,4,0,1
14957,3,male,31.2,1,2,20.71,C,4,0,1
14979,3,male,42.4,4,2,157.85,S,7,0,1
14982,3,male,19.9,5,2,7.13,S,8,0,1
14986,3,female,26.5,1,0,42.21,S,2,0,1
14988,3,male,55.2,4,0,34.58,S,5,0,1
14990,3,male,42.0,0,0,0.38,S,1,1,1
14995,3,male,17.3,5,3,4.02,C,9,0,1
